scope,metric,valid_date,n_vintages,first_lead,last_lead,flip_flop_index
consecutive_le24h,tmin,2022-01-02,4,1,1,0.0
consecutive_le24h,tmin,2022-01-03,8,2,1,0.0
consecutive_le24h,tmin,2022-01-04,11,3,1,0.0
consecutive_le24h,tmin,2022-01-05,14,4,1,0.0
consecutive_le24h,tmin,2022-01-06,18,5,1,0.0
consecutive_le24h,tmin,2022-01-07,22,6,1,0.0
consecutive_le24h,tmin,2022-01-08,26,7,1,0.0
consecutive_le24h,tmin,2022-01-09,30,8,1,0.03571428571428571
consecutive_le24h,tmin,2022-01-10,32,9,1,0.03333333333333333
consecutive_le24h,tmin,2022-01-11,32,9,1,0.0
consecutive_le24h,tmin,2022-01-12,33,9,1,0.03225806451612903
consecutive_le24h,tmin,2022-01-13,34,9,1,0.03125
consecutive_le24h,tmin,2022-01-14,34,9,1,0.0
consecutive_le24h,tmin,2022-01-15,34,9,1,0.09375
consecutive_le24h,tmin,2022-01-16,33,9,1,0.0
consecutive_le24h,tmin,2022-01-17,33,9,1,0.0
consecutive_le24h,tmin,2022-01-18,33,9,1,0.0
consecutive_le24h,tmin,2022-01-19,33,9,1,0.03225806451612903
consecutive_le24h,tmin,2022-01-20,33,9,1,0.06451612903225806
consecutive_le24h,tmin,2022-01-21,33,9,1,0.0967741935483871
consecutive_le24h,tmin,2022-01-22,33,9,1,0.03225806451612903
consecutive_le24h,tmin,2022-01-23,33,9,1,0.03225806451612903
consecutive_le24h,tmin,2022-01-24,33,9,1,0.0967741935483871
consecutive_le24h,tmin,2022-01-25,33,9,1,0.06451612903225806
consecutive_le24h,tmin,2022-01-26,33,9,1,0.0
consecutive_le24h,tmin,2022-01-27,33,9,1,0.0
consecutive_le24h,tmin,2022-01-28,33,9,1,0.03225806451612903
consecutive_le24h,tmin,2022-01-29,33,9,1,0.0
consecutive_le24h,tmin,2022-01-30,33,9,1,0.0
consecutive_le24h,tmin,2022-01-31,33,9,1,0.0
consecutive_le24h,tmin,2022-02-01,34,9,1,0.0
consecutive_le24h,tmin,2022-02-02,34,9,1,0.0625
consecutive_le24h,tmin,2022-02-03,34,9,1,0.09375
consecutive_le24h,tmin,2022-02-04,34,9,1,0.0
consecutive_le24h,tmin,2022-02-05,34,9,1,0.0
consecutive_le24h,tmin,2022-02-06,34,9,1,0.0
consecutive_le24h,tmin,2022-02-07,34,9,1,0.09375
consecutive_le24h,tmin,2022-02-08,34,9,1,0.0625
consecutive_le24h,tmin,2022-02-09,34,9,1,0.0
consecutive_le24h,tmin,2022-02-10,34,9,1,0.03125
consecutive_le24h,tmin,2022-02-11,34,9,1,0.03125
consecutive_le24h,tmin,2022-02-12,34,9,1,0.0
consecutive_le24h,tmin,2022-02-13,33,9,1,0.03225806451612903
consecutive_le24h,tmin,2022-02-14,33,9,1,0.0
consecutive_le24h,tmin,2022-02-15,33,9,1,0.0
consecutive_le24h,tmin,2022-02-16,33,9,1,0.0
consecutive_le24h,tmin,2022-02-17,33,9,1,0.0967741935483871
consecutive_le24h,tmin,2022-02-18,33,9,1,0.03225806451612903
consecutive_le24h,tmin,2022-02-19,33,9,1,0.0
consecutive_le24h,tmin,2022-02-20,33,9,1,0.0
consecutive_le24h,tmin,2022-02-21,33,9,1,0.0
consecutive_le24h,tmin,2022-02-22,33,9,1,0.0
consecutive_le24h,tmin,2022-02-23,33,9,1,0.0
consecutive_le24h,tmin,2022-02-24,33,9,1,0.0
consecutive_le24h,tmin,2022-02-25,33,9,1,0.03225806451612903
consecutive_le24h,tmin,2022-02-26,33,9,1,0.0
consecutive_le24h,tmin,2022-02-27,32,9,1,0.0
consecutive_le24h,tmin,2022-02-28,32,9,1,0.0
consecutive_le24h,tmin,2022-03-01,33,9,1,0.06451612903225806
consecutive_le24h,tmin,2022-03-02,33,9,1,0.0
consecutive_le24h,tmin,2022-03-03,33,9,1,0.0
consecutive_le24h,tmin,2022-03-04,32,9,1,0.0
consecutive_le24h,tmin,2022-03-05,32,9,1,0.0
consecutive_le24h,tmin,2022-03-06,32,9,1,0.0
consecutive_le24h,tmin,2022-03-07,33,9,1,0.0
consecutive_le24h,tmin,2022-03-08,33,9,1,0.06451612903225806
consecutive_le24h,tmin,2022-03-09,33,9,1,0.0
consecutive_le24h,tmin,2022-03-10,33,9,1,0.0
consecutive_le24h,tmin,2022-03-11,33,9,1,0.0
consecutive_le24h,tmin,2022-03-12,34,9,1,0.0
consecutive_le24h,tmin,2022-03-13,34,9,1,0.0
consecutive_le24h,tmin,2022-03-14,34,9,1,0.0
consecutive_le24h,tmin,2022-03-15,34,9,1,0.0
consecutive_le24h,tmin,2022-03-16,34,9,1,0.03125
consecutive_le24h,tmin,2022-03-17,33,9,1,0.0
consecutive_le24h,tmin,2022-03-18,33,9,1,0.0
consecutive_le24h,tmin,2022-03-19,33,9,1,0.06451612903225806
consecutive_le24h,tmin,2022-03-20,33,9,1,0.0
consecutive_le24h,tmin,2022-03-21,33,9,1,0.06451612903225806
consecutive_le24h,tmin,2022-03-22,33,9,1,0.06451612903225806
consecutive_le24h,tmin,2022-03-23,33,9,1,0.0
consecutive_le24h,tmin,2022-03-24,33,9,1,0.03225806451612903
consecutive_le24h,tmin,2022-03-25,34,9,1,0.0625
consecutive_le24h,tmin,2022-03-26,34,9,1,0.125
consecutive_le24h,tmin,2022-03-27,34,9,1,0.09375
consecutive_le24h,tmin,2022-03-28,34,9,1,0.0
consecutive_le24h,tmin,2022-03-29,34,9,1,0.0625
consecutive_le24h,tmin,2022-03-30,34,9,1,0.09375
consecutive_le24h,tmin,2022-03-31,34,9,1,0.0
consecutive_le24h,tmin,2022-04-01,34,9,1,0.0
consecutive_le24h,tmin,2022-04-02,34,9,1,0.0
consecutive_le24h,tmin,2022-04-03,35,9,1,0.0
consecutive_le24h,tmin,2022-04-04,35,9,1,0.030303030303030304
consecutive_le24h,tmin,2022-04-05,34,9,1,0.03125
consecutive_le24h,tmin,2022-04-06,34,9,1,0.0
consecutive_le24h,tmin,2022-04-07,34,9,1,0.0
consecutive_le24h,tmin,2022-04-08,33,9,1,0.0
consecutive_le24h,tmin,2022-04-09,33,9,1,0.06451612903225806
consecutive_le24h,tmin,2022-04-10,33,9,1,0.0
consecutive_le24h,tmin,2022-04-11,32,9,1,0.0
consecutive_le24h,tmin,2022-04-12,32,9,1,0.0
consecutive_le24h,tmin,2022-04-13,32,9,1,0.0
consecutive_le24h,tmin,2022-04-14,33,9,1,0.03225806451612903
consecutive_le24h,tmin,2022-04-15,33,9,1,0.0
consecutive_le24h,tmin,2022-04-16,33,9,1,0.03225806451612903
consecutive_le24h,tmin,2022-04-17,33,9,1,0.06451612903225806
consecutive_le24h,tmin,2022-04-18,33,9,1,0.0967741935483871
consecutive_le24h,tmin,2022-04-19,34,9,1,0.0
consecutive_le24h,tmin,2022-04-20,34,9,1,0.0
consecutive_le24h,tmin,2022-04-21,34,9,1,0.0
consecutive_le24h,tmin,2022-04-22,34,9,1,0.0
consecutive_le24h,tmin,2022-04-23,33,9,1,0.0
consecutive_le24h,tmin,2022-04-24,33,9,1,0.0
consecutive_le24h,tmin,2022-04-25,33,9,1,0.0
consecutive_le24h,tmin,2022-04-26,33,9,1,0.0
consecutive_le24h,tmin,2022-04-27,32,9,1,0.0
consecutive_le24h,tmin,2022-04-28,32,9,1,0.0
consecutive_le24h,tmin,2022-04-29,32,9,1,0.0
consecutive_le24h,tmin,2022-04-30,33,9,1,0.0
consecutive_le24h,tmin,2022-05-01,33,9,1,0.0
consecutive_le24h,tmin,2022-05-02,33,9,1,0.0
consecutive_le24h,tmin,2022-05-03,34,9,1,0.0625
consecutive_le24h,tmin,2022-05-04,33,9,1,0.06451612903225806
consecutive_le24h,tmin,2022-05-05,34,9,1,0.0625
consecutive_le24h,tmin,2022-05-06,33,9,1,0.03225806451612903
consecutive_le24h,tmin,2022-05-07,33,9,1,0.03225806451612903
consecutive_le24h,tmin,2022-05-08,32,9,1,0.0
consecutive_le24h,tmin,2022-05-09,32,9,1,0.0
consecutive_le24h,tmin,2022-05-10,32,9,1,0.0
consecutive_le24h,tmin,2022-05-11,33,9,1,0.0
consecutive_le24h,tmin,2022-05-12,32,9,1,0.06666666666666667
consecutive_le24h,tmin,2022-05-13,32,9,1,0.03333333333333333
consecutive_le24h,tmin,2022-05-14,33,9,1,0.06451612903225806
consecutive_le24h,tmin,2022-05-15,33,9,1,0.0
consecutive_le24h,tmin,2022-05-16,34,9,1,0.0
consecutive_le24h,tmin,2022-05-17,34,9,1,0.0
consecutive_le24h,tmin,2022-05-18,34,9,1,0.0625
consecutive_le24h,tmin,2022-05-19,34,9,1,0.125
consecutive_le24h,tmin,2022-05-20,34,9,1,0.0625
consecutive_le24h,tmin,2022-05-21,34,9,1,0.0625
consecutive_le24h,tmin,2022-05-22,34,9,1,0.0625
consecutive_le24h,tmin,2022-05-23,34,9,1,0.03125
consecutive_le24h,tmin,2022-05-24,34,9,1,0.03125
consecutive_le24h,tmin,2022-05-25,33,9,1,0.03225806451612903
consecutive_le24h,tmin,2022-05-26,33,9,1,0.03225806451612903
consecutive_le24h,tmin,2022-05-27,33,9,1,0.0
consecutive_le24h,tmin,2022-05-28,33,9,1,0.0
consecutive_le24h,tmin,2022-05-29,33,9,1,0.0
consecutive_le24h,tmin,2022-05-30,33,9,1,0.0
consecutive_le24h,tmin,2022-05-31,33,9,1,0.0
consecutive_le24h,tmin,2022-06-01,32,9,1,0.0
consecutive_le24h,tmin,2022-06-02,32,9,1,0.0
consecutive_le24h,tmin,2022-06-03,32,9,1,0.03333333333333333
consecutive_le24h,tmin,2022-06-04,32,9,1,0.0
consecutive_le24h,tmin,2022-06-05,32,9,1,0.0
consecutive_le24h,tmin,2022-06-06,32,9,1,0.03333333333333333
consecutive_le24h,tmin,2022-06-07,32,9,1,0.0
consecutive_le24h,tmin,2022-06-08,31,9,1,0.0
consecutive_le24h,tmin,2022-06-09,32,9,1,0.0
consecutive_le24h,tmin,2022-06-10,33,9,1,0.0
consecutive_le24h,tmin,2022-06-11,33,9,1,0.0
consecutive_le24h,tmin,2022-06-12,32,9,1,0.03333333333333333
consecutive_le24h,tmin,2022-06-13,32,9,1,0.0
consecutive_le24h,tmin,2022-06-14,32,9,1,0.0
consecutive_le24h,tmin,2022-06-15,32,9,1,0.0
consecutive_le24h,tmin,2022-06-16,33,9,1,0.0
consecutive_le24h,tmin,2022-06-17,33,9,1,0.0
consecutive_le24h,tmin,2022-06-18,33,9,1,0.03225806451612903
consecutive_le24h,tmin,2022-06-19,33,9,1,0.0
consecutive_le24h,tmin,2022-06-20,34,9,1,0.0
consecutive_le24h,tmin,2022-06-21,34,9,1,0.0
consecutive_le24h,tmin,2022-06-22,33,9,1,0.0
consecutive_le24h,tmin,2022-06-23,33,9,1,0.0
consecutive_le24h,tmin,2022-06-24,33,9,1,0.0
consecutive_le24h,tmin,2022-06-25,33,9,1,0.0
consecutive_le24h,tmin,2022-06-26,33,9,1,0.0
consecutive_le24h,tmin,2022-06-27,33,9,1,0.0
consecutive_le24h,tmin,2022-06-28,32,9,1,0.0
consecutive_le24h,tmin,2022-06-29,32,9,1,0.0
consecutive_le24h,tmin,2022-06-30,33,9,1,0.0
consecutive_le24h,tmin,2022-07-01,33,9,1,0.0
consecutive_le24h,tmin,2022-07-02,33,9,1,0.0
consecutive_le24h,tmin,2022-07-03,33,9,1,0.0
consecutive_le24h,tmin,2022-07-04,33,9,1,0.03225806451612903
consecutive_le24h,tmin,2022-07-05,33,9,1,0.03225806451612903
consecutive_le24h,tmin,2022-07-06,34,9,1,0.0
consecutive_le24h,tmin,2022-07-07,34,9,1,0.0
consecutive_le24h,tmin,2022-07-08,34,9,1,0.03125
consecutive_le24h,tmin,2022-07-09,34,9,1,0.0
consecutive_le24h,tmin,2022-07-10,33,9,1,0.0
consecutive_le24h,tmin,2022-07-11,32,9,1,0.0
consecutive_le24h,tmin,2022-07-12,31,9,1,0.0
consecutive_le24h,tmin,2022-07-13,30,9,1,0.0
consecutive_le24h,tmin,2022-07-14,28,9,1,0.0
consecutive_le24h,tmin,2022-07-15,28,9,1,0.0
consecutive_le24h,tmin,2022-07-16,28,9,1,0.0
consecutive_le24h,tmin,2022-07-17,29,9,1,0.0
consecutive_le24h,tmin,2022-07-18,29,9,1,0.07407407407407407
consecutive_le24h,tmin,2022-07-19,30,9,1,0.07142857142857142
consecutive_le24h,tmin,2022-07-20,31,9,1,0.0
consecutive_le24h,tmin,2022-07-21,32,9,1,0.06666666666666667
consecutive_le24h,tmin,2022-07-22,33,9,1,0.03225806451612903
consecutive_le24h,tmin,2022-07-23,32,9,1,0.03333333333333333
consecutive_le24h,tmin,2022-07-24,31,9,1,0.06896551724137931
consecutive_le24h,tmin,2022-07-25,29,9,1,0.07407407407407407
consecutive_le24h,tmin,2022-07-26,27,9,1,0.08
consecutive_le24h,tmin,2022-07-27,26,9,1,0.08333333333333333
consecutive_le24h,tmin,2022-07-28,24,9,1,0.045454545454545456
consecutive_le24h,tmin,2022-07-29,24,9,1,0.045454545454545456
consecutive_le24h,tmin,2022-07-30,24,9,1,0.0
consecutive_le24h,tmin,2022-07-31,25,9,1,0.043478260869565216
consecutive_le24h,tmin,2022-08-01,26,9,1,0.041666666666666664
consecutive_le24h,tmin,2022-08-02,28,9,1,0.0
consecutive_le24h,tmin,2022-08-03,29,9,1,0.0
consecutive_le24h,tmin,2022-08-04,30,9,1,0.0
consecutive_le24h,tmin,2022-08-05,32,9,1,0.0
consecutive_le24h,tmin,2022-08-06,33,9,1,0.0
consecutive_le24h,tmin,2022-08-07,33,9,1,0.0
consecutive_le24h,tmin,2022-08-08,33,9,1,0.0
consecutive_le24h,tmin,2022-08-09,33,9,1,0.0
consecutive_le24h,tmin,2022-08-10,33,9,1,0.06451612903225806
consecutive_le24h,tmin,2022-08-11,34,9,1,0.0
consecutive_le24h,tmin,2022-08-12,34,9,1,0.0
consecutive_le24h,tmin,2022-08-13,34,9,1,0.0
consecutive_le24h,tmin,2022-08-14,34,9,1,0.03125
consecutive_le24h,tmin,2022-08-15,34,9,1,0.0625
consecutive_le24h,tmin,2022-08-16,34,9,1,0.0
consecutive_le24h,tmin,2022-08-17,34,9,1,0.0
consecutive_le24h,tmin,2022-08-18,34,9,1,0.0625
consecutive_le24h,tmin,2022-08-19,34,9,1,0.0625
consecutive_le24h,tmin,2022-08-20,34,9,1,0.0
consecutive_le24h,tmin,2022-08-21,34,9,1,0.0
consecutive_le24h,tmin,2022-08-22,34,9,1,0.0
consecutive_le24h,tmin,2022-08-23,33,9,1,0.0
consecutive_le24h,tmin,2022-08-24,33,9,1,0.0
consecutive_le24h,tmin,2022-08-25,33,9,1,0.0
consecutive_le24h,tmin,2022-08-26,33,9,1,0.03225806451612903
consecutive_le24h,tmin,2022-08-27,33,9,1,0.0
consecutive_le24h,tmin,2022-08-28,32,9,1,0.0
consecutive_le24h,tmin,2022-08-29,32,9,1,0.0
consecutive_le24h,tmin,2022-08-30,32,9,1,0.0
consecutive_le24h,tmin,2022-08-31,33,9,1,0.0
consecutive_le24h,tmin,2022-09-01,33,9,1,0.0
consecutive_le24h,tmin,2022-09-02,33,9,1,0.06451612903225806
consecutive_le24h,tmin,2022-09-03,33,9,1,0.06451612903225806
consecutive_le24h,tmin,2022-09-04,33,9,1,0.06451612903225806
consecutive_le24h,tmin,2022-09-05,34,9,1,0.0625
consecutive_le24h,tmin,2022-09-06,33,9,1,0.06451612903225806
consecutive_le24h,tmin,2022-09-07,33,9,1,0.06451612903225806
consecutive_le24h,tmin,2022-09-08,32,9,1,0.03333333333333333
consecutive_le24h,tmin,2022-09-09,32,9,1,0.0
consecutive_le24h,tmin,2022-09-10,32,9,1,0.0
consecutive_le24h,tmin,2022-09-11,31,9,1,0.0
consecutive_le24h,tmin,2022-09-12,31,9,1,0.0
consecutive_le24h,tmin,2022-09-13,31,9,1,0.0
consecutive_le24h,tmin,2022-09-14,32,9,1,0.0
consecutive_le24h,tmin,2022-09-15,32,9,1,0.0
consecutive_le24h,tmin,2022-09-16,33,9,1,0.0
consecutive_le24h,tmin,2022-09-17,33,9,1,0.0
consecutive_le24h,tmin,2022-09-18,33,9,1,0.0
consecutive_le24h,tmin,2022-09-19,34,9,1,0.0
consecutive_le24h,tmin,2022-09-20,34,9,1,0.0
consecutive_le24h,tmin,2022-09-21,34,9,1,0.09375
consecutive_le24h,tmin,2022-09-22,34,9,1,0.0
consecutive_le24h,tmin,2022-09-23,34,9,1,0.0
consecutive_le24h,tmin,2022-09-24,34,9,1,0.0
consecutive_le24h,tmin,2022-09-25,34,9,1,0.0
consecutive_le24h,tmin,2022-09-26,34,9,1,0.03125
consecutive_le24h,tmin,2022-09-27,34,9,1,0.03125
consecutive_le24h,tmin,2022-09-28,34,9,1,0.03125
consecutive_le24h,tmin,2022-09-29,35,9,1,0.030303030303030304
consecutive_le24h,tmin,2022-09-30,34,9,1,0.0
consecutive_le24h,tmin,2022-10-01,34,9,1,0.0625
consecutive_le24h,tmin,2022-10-02,34,9,1,0.03125
consecutive_le24h,tmin,2022-10-03,34,9,1,0.0
consecutive_le24h,tmin,2022-10-04,34,9,1,0.0
consecutive_le24h,tmin,2022-10-05,33,9,1,0.06451612903225806
consecutive_le24h,tmin,2022-10-06,33,9,1,0.03225806451612903
consecutive_le24h,tmin,2022-10-07,33,9,1,0.0
consecutive_le24h,tmin,2022-10-08,33,9,1,0.0
consecutive_le24h,tmin,2022-10-09,33,9,1,0.0
consecutive_le24h,tmin,2022-10-10,33,9,1,0.0
consecutive_le24h,tmin,2022-10-11,33,9,1,0.0
consecutive_le24h,tmin,2022-10-12,33,9,1,0.0
consecutive_le24h,tmin,2022-10-13,33,9,1,0.0
consecutive_le24h,tmin,2022-10-14,33,9,1,0.0
consecutive_le24h,tmin,2022-10-15,33,9,1,0.03225806451612903
consecutive_le24h,tmin,2022-10-16,33,9,1,0.03225806451612903
consecutive_le24h,tmin,2022-10-17,32,9,1,0.03333333333333333
consecutive_le24h,tmin,2022-10-18,32,9,1,0.0
consecutive_le24h,tmin,2022-10-19,32,9,1,0.0
consecutive_le24h,tmin,2022-10-20,32,9,1,0.13333333333333333
consecutive_le24h,tmin,2022-10-21,33,9,1,0.03225806451612903
consecutive_le24h,tmin,2022-10-22,33,9,1,0.03225806451612903
consecutive_le24h,tmin,2022-10-23,33,9,1,0.0
consecutive_le24h,tmin,2022-10-24,33,9,1,0.03225806451612903
consecutive_le24h,tmin,2022-10-25,34,9,1,0.03125
consecutive_le24h,tmin,2022-10-26,34,9,1,0.0
consecutive_le24h,tmin,2022-10-27,34,9,1,0.0
consecutive_le24h,tmin,2022-10-28,34,9,1,0.0
consecutive_le24h,tmin,2022-10-29,34,9,1,0.09375
consecutive_le24h,tmin,2022-10-30,34,9,1,0.03125
consecutive_le24h,tmin,2022-10-31,34,9,1,0.03125
consecutive_le24h,tmin,2022-11-01,34,9,1,0.03125
consecutive_le24h,tmin,2022-11-02,33,9,1,0.0
consecutive_le24h,tmin,2022-11-03,33,9,1,0.06451612903225806
consecutive_le24h,tmin,2022-11-04,33,9,1,0.0
consecutive_le24h,tmin,2022-11-05,33,9,1,0.0
consecutive_le24h,tmin,2022-11-06,33,9,1,0.0
consecutive_le24h,tmin,2022-11-07,33,9,1,0.0
consecutive_le24h,tmin,2022-11-08,33,9,1,0.03225806451612903
consecutive_le24h,tmin,2022-11-09,33,9,1,0.0
consecutive_le24h,tmin,2022-11-10,34,9,1,0.0
consecutive_le24h,tmin,2022-11-11,34,9,1,0.0
consecutive_le24h,tmin,2022-11-12,33,9,1,0.0
consecutive_le24h,tmin,2022-11-13,33,9,1,0.03225806451612903
consecutive_le24h,tmin,2022-11-14,33,9,1,0.0
consecutive_le24h,tmin,2022-11-15,33,9,1,0.0
consecutive_le24h,tmin,2022-11-16,32,9,1,0.06666666666666667
consecutive_le24h,tmin,2022-11-17,32,9,1,0.0
consecutive_le24h,tmin,2022-11-18,31,9,1,0.0
consecutive_le24h,tmin,2022-11-19,31,9,1,0.0
consecutive_le24h,tmin,2022-11-20,32,9,1,0.06666666666666667
consecutive_le24h,tmin,2022-11-21,32,9,1,0.0
consecutive_le24h,tmin,2022-11-22,32,9,1,0.06666666666666667
consecutive_le24h,tmin,2022-11-23,32,9,1,0.03333333333333333
consecutive_le24h,tmin,2022-11-24,32,9,1,0.0
consecutive_le24h,tmin,2022-11-25,32,9,1,0.03333333333333333
consecutive_le24h,tmin,2022-11-26,33,9,1,0.03225806451612903
consecutive_le24h,tmin,2022-11-27,33,9,1,0.0
consecutive_le24h,tmin,2022-11-28,33,9,1,0.03225806451612903
consecutive_le24h,tmin,2022-11-29,32,9,1,0.0
consecutive_le24h,tmin,2022-11-30,32,9,1,0.0
consecutive_le24h,tmin,2022-12-01,32,9,1,0.03333333333333333
consecutive_le24h,tmin,2022-12-02,34,9,1,0.0
consecutive_le24h,tmin,2022-12-03,33,9,1,0.06451612903225806
consecutive_le24h,tmin,2022-12-04,33,9,1,0.03225806451612903
consecutive_le24h,tmin,2022-12-05,33,9,1,0.03225806451612903
consecutive_le24h,tmin,2022-12-06,33,9,1,0.0
consecutive_le24h,tmin,2022-12-07,35,9,1,0.0
consecutive_le24h,tmin,2022-12-08,34,9,1,0.0625
consecutive_le24h,tmin,2022-12-09,33,9,1,0.06451612903225806
consecutive_le24h,tmin,2022-12-10,33,9,1,0.06451612903225806
consecutive_le24h,tmin,2022-12-11,33,9,1,0.03225806451612903
consecutive_le24h,tmin,2022-12-12,33,9,1,0.0
consecutive_le24h,tmin,2022-12-13,33,9,1,0.0
consecutive_le24h,tmin,2022-12-14,33,9,1,0.0
consecutive_le24h,tmin,2022-12-15,33,9,1,0.06451612903225806
consecutive_le24h,tmin,2022-12-16,32,9,1,0.03333333333333333
consecutive_le24h,tmin,2022-12-17,33,9,1,0.0
consecutive_le24h,tmin,2022-12-18,32,9,1,0.0
consecutive_le24h,tmin,2022-12-19,31,9,1,0.0
consecutive_le24h,tmin,2022-12-20,31,9,1,0.0
consecutive_le24h,tmin,2022-12-21,32,9,1,0.0
consecutive_le24h,tmin,2022-12-22,32,9,1,0.0
consecutive_le24h,tmin,2022-12-23,30,9,1,0.0
consecutive_le24h,tmin,2022-12-24,30,9,1,0.03571428571428571
consecutive_le24h,tmin,2022-12-25,31,9,1,0.034482758620689655
consecutive_le24h,tmin,2022-12-26,31,9,1,0.0
consecutive_le24h,tmin,2022-12-27,32,9,1,0.06666666666666667
consecutive_le24h,tmin,2022-12-28,32,9,1,0.1
consecutive_le24h,tmin,2022-12-29,32,9,1,0.0
consecutive_le24h,tmin,2022-12-30,32,9,1,0.0
consecutive_le24h,tmin,2022-12-31,33,9,1,0.03225806451612903
consecutive_le24h,tmin,2023-01-01,34,9,1,0.03125
consecutive_le24h,tmin,2023-01-02,34,9,1,0.0
consecutive_le24h,tmin,2023-01-03,33,9,1,0.0
consecutive_le24h,tmin,2023-01-04,33,9,1,0.0
consecutive_le24h,tmin,2023-01-05,33,9,1,0.0
consecutive_le24h,tmin,2023-01-06,32,9,1,0.0
consecutive_le24h,tmin,2023-01-07,32,9,1,0.0
consecutive_le24h,tmin,2023-01-08,32,9,1,0.0
consecutive_le24h,tmin,2023-01-09,32,9,1,0.0
consecutive_le24h,tmin,2023-01-10,32,9,1,0.0
consecutive_le24h,tmin,2023-01-11,32,9,1,0.1
consecutive_le24h,tmin,2023-01-12,32,9,1,0.0
consecutive_le24h,tmin,2023-01-13,32,9,1,0.03333333333333333
consecutive_le24h,tmin,2023-01-14,33,9,1,0.0
consecutive_le24h,tmin,2023-01-15,32,9,1,0.0
consecutive_le24h,tmin,2023-01-16,32,9,1,0.0
consecutive_le24h,tmin,2023-01-17,31,9,1,0.0
consecutive_le24h,tmin,2023-01-18,31,9,1,0.0
consecutive_le24h,tmin,2023-01-19,32,9,1,0.06666666666666667
consecutive_le24h,tmin,2023-01-20,32,9,1,0.0
consecutive_le24h,tmin,2023-01-21,32,9,1,0.0
consecutive_le24h,tmin,2023-01-22,30,9,1,0.07142857142857142
consecutive_le24h,tmin,2023-01-23,31,9,1,0.10344827586206896
consecutive_le24h,tmin,2023-01-24,30,9,1,0.03571428571428571
consecutive_le24h,tmin,2023-01-25,31,9,1,0.0
consecutive_le24h,tmin,2023-01-26,31,9,1,0.0
consecutive_le24h,tmin,2023-01-27,31,9,1,0.0
consecutive_le24h,tmin,2023-01-28,31,9,1,0.0
consecutive_le24h,tmin,2023-01-29,31,9,1,0.0
consecutive_le24h,tmin,2023-01-30,33,9,1,0.0
consecutive_le24h,tmin,2023-01-31,33,9,1,0.0
consecutive_le24h,tmin,2023-02-01,34,9,1,0.0
consecutive_le24h,tmin,2023-02-02,34,9,1,0.0625
consecutive_le24h,tmin,2023-02-03,34,9,1,0.0
consecutive_le24h,tmin,2023-02-04,34,9,1,0.0
consecutive_le24h,tmin,2023-02-05,34,9,1,0.03125
consecutive_le24h,tmin,2023-02-06,34,9,1,0.0
consecutive_le24h,tmin,2023-02-07,34,9,1,0.0625
consecutive_le24h,tmin,2023-02-08,34,9,1,0.0
consecutive_le24h,tmin,2023-02-09,34,9,1,0.03125
consecutive_le24h,tmin,2023-02-10,34,9,1,0.0
consecutive_le24h,tmin,2023-02-11,34,9,1,0.0
consecutive_le24h,tmin,2023-02-12,34,9,1,0.03125
consecutive_le24h,tmin,2023-02-13,33,9,1,0.03225806451612903
consecutive_le24h,tmin,2023-02-14,33,9,1,0.06451612903225806
consecutive_le24h,tmin,2023-02-15,33,9,1,0.0
consecutive_le24h,tmin,2023-02-16,33,9,1,0.0
consecutive_le24h,tmin,2023-02-17,33,9,1,0.03225806451612903
consecutive_le24h,tmin,2023-02-18,33,9,1,0.0
consecutive_le24h,tmin,2023-02-19,33,9,1,0.0
consecutive_le24h,tmin,2023-02-20,33,9,1,0.0
consecutive_le24h,tmin,2023-02-21,34,9,1,0.03125
consecutive_le24h,tmin,2023-02-22,34,9,1,0.0
consecutive_le24h,tmin,2023-02-23,34,9,1,0.03125
consecutive_le24h,tmin,2023-02-24,34,9,1,0.03125
consecutive_le24h,tmin,2023-02-25,35,9,1,0.06060606060606061
consecutive_le24h,tmin,2023-02-26,34,9,1,0.0625
consecutive_le24h,tmin,2023-02-27,34,9,1,0.0
consecutive_le24h,tmin,2023-02-28,34,9,1,0.0
consecutive_le24h,tmin,2023-03-01,34,9,1,0.0
consecutive_le24h,tmin,2023-03-02,34,9,1,0.0
consecutive_le24h,tmin,2023-03-03,34,9,1,0.03125
consecutive_le24h,tmin,2023-03-04,33,9,1,0.03225806451612903
consecutive_le24h,tmin,2023-03-05,33,9,1,0.0
consecutive_le24h,tmin,2023-03-06,33,9,1,0.03225806451612903
consecutive_le24h,tmin,2023-03-07,33,9,1,0.0
consecutive_le24h,tmin,2023-03-08,33,9,1,0.0
consecutive_le24h,tmin,2023-03-09,31,9,1,0.0
consecutive_le24h,tmin,2023-03-10,31,9,1,0.0
consecutive_le24h,tmin,2023-03-11,31,9,1,0.0
consecutive_le24h,tmin,2023-03-12,32,9,1,0.0
consecutive_le24h,tmin,2023-03-13,32,9,1,0.03333333333333333
consecutive_le24h,tmin,2023-03-14,32,9,1,0.0
consecutive_le24h,tmin,2023-03-15,32,9,1,0.0
consecutive_le24h,tmin,2023-03-16,32,9,1,0.03333333333333333
consecutive_le24h,tmin,2023-03-17,33,9,1,0.03225806451612903
consecutive_le24h,tmin,2023-03-18,33,9,1,0.0
consecutive_le24h,tmin,2023-03-19,33,9,1,0.03225806451612903
consecutive_le24h,tmin,2023-03-20,33,9,1,0.03225806451612903
consecutive_le24h,tmin,2023-03-21,32,9,1,0.0
consecutive_le24h,tmin,2023-03-22,32,9,1,0.0
consecutive_le24h,tmin,2023-03-23,32,9,1,0.0
consecutive_le24h,tmin,2023-03-24,33,9,1,0.0967741935483871
consecutive_le24h,tmin,2023-03-25,33,9,1,0.06451612903225806
consecutive_le24h,tmin,2023-03-26,33,9,1,0.0
consecutive_le24h,tmin,2023-03-27,33,9,1,0.0
consecutive_le24h,tmin,2023-03-28,33,9,1,0.06451612903225806
consecutive_le24h,tmin,2023-03-29,34,9,1,0.09375
consecutive_le24h,tmin,2023-03-30,34,9,1,0.03125
consecutive_le24h,tmin,2023-03-31,34,9,1,0.0625
consecutive_le24h,tmin,2023-04-01,34,9,1,0.03125
consecutive_le24h,tmin,2023-04-02,34,9,1,0.0
consecutive_le24h,tmin,2023-04-03,34,9,1,0.0
consecutive_le24h,tmin,2023-04-04,34,9,1,0.0625
consecutive_le24h,tmin,2023-04-05,34,9,1,0.0625
consecutive_le24h,tmin,2023-04-06,34,9,1,0.0
consecutive_le24h,tmin,2023-04-07,34,9,1,0.0
consecutive_le24h,tmin,2023-04-08,35,9,1,0.0
consecutive_le24h,tmin,2023-04-09,34,9,1,0.0
consecutive_le24h,tmin,2023-04-10,34,9,1,0.0
consecutive_le24h,tmin,2023-04-11,34,9,1,0.0
consecutive_le24h,tmin,2023-04-12,34,9,1,0.0
consecutive_le24h,tmin,2023-04-13,34,9,1,0.0
consecutive_le24h,tmin,2023-04-14,34,9,1,0.03125
consecutive_le24h,tmin,2023-04-15,34,9,1,0.03125
consecutive_le24h,tmin,2023-04-16,34,9,1,0.03125
consecutive_le24h,tmin,2023-04-17,34,9,1,0.0
consecutive_le24h,tmin,2023-04-18,34,9,1,0.0
consecutive_le24h,tmin,2023-04-19,34,9,1,0.0
consecutive_le24h,tmin,2023-04-20,34,9,1,0.0
consecutive_le24h,tmin,2023-04-21,34,9,1,0.03125
consecutive_le24h,tmin,2023-04-22,34,9,1,0.03125
consecutive_le24h,tmin,2023-04-23,34,9,1,0.0625
consecutive_le24h,tmin,2023-04-24,34,9,1,0.03125
consecutive_le24h,tmin,2023-04-25,34,9,1,0.03125
consecutive_le24h,tmin,2023-04-26,34,9,1,0.0625
consecutive_le24h,tmin,2023-04-27,34,9,1,0.0
consecutive_le24h,tmin,2023-04-28,34,9,1,0.0
consecutive_le24h,tmin,2023-04-29,34,9,1,0.0
consecutive_le24h,tmin,2023-04-30,34,9,1,0.0
consecutive_le24h,tmin,2023-05-01,34,9,1,0.0
consecutive_le24h,tmin,2023-05-02,34,9,1,0.03125
consecutive_le24h,tmin,2023-05-03,34,9,1,0.03125
consecutive_le24h,tmin,2023-05-04,34,9,1,0.03125
consecutive_le24h,tmin,2023-05-05,34,9,1,0.0625
consecutive_le24h,tmin,2023-05-06,34,9,1,0.03125
consecutive_le24h,tmin,2023-05-07,34,9,1,0.03125
consecutive_le24h,tmin,2023-05-08,34,9,1,0.0
consecutive_le24h,tmin,2023-05-09,34,9,1,0.0
consecutive_le24h,tmin,2023-05-10,33,9,1,0.03225806451612903
consecutive_le24h,tmin,2023-05-11,33,9,1,0.0
consecutive_le24h,tmin,2023-05-12,33,9,1,0.03225806451612903
consecutive_le24h,tmin,2023-05-13,33,9,1,0.03225806451612903
consecutive_le24h,tmin,2023-05-14,33,9,1,0.0
consecutive_le24h,tmin,2023-05-15,33,9,1,0.0
consecutive_le24h,tmin,2023-05-16,33,9,1,0.0
consecutive_le24h,tmin,2023-05-17,34,9,1,0.0
consecutive_le24h,tmin,2023-05-18,34,9,1,0.0
consecutive_le24h,tmin,2023-05-19,34,9,1,0.0625
consecutive_le24h,tmin,2023-05-20,34,9,1,0.0625
consecutive_le24h,tmin,2023-05-21,34,9,1,0.0
consecutive_le24h,tmin,2023-05-22,34,9,1,0.0
consecutive_le24h,tmin,2023-05-23,33,9,1,0.0
consecutive_le24h,tmin,2023-05-24,33,9,1,0.0967741935483871
consecutive_le24h,tmin,2023-05-25,33,9,1,0.12903225806451613
consecutive_le24h,tmin,2023-05-26,33,9,1,0.0967741935483871
consecutive_le24h,tmin,2023-05-27,33,9,1,0.03225806451612903
consecutive_le24h,tmin,2023-05-28,33,9,1,0.03225806451612903
consecutive_le24h,tmin,2023-05-29,33,9,1,0.0
consecutive_le24h,tmin,2023-05-30,33,9,1,0.03225806451612903
consecutive_le24h,tmin,2023-05-31,34,9,1,0.0
consecutive_le24h,tmin,2023-06-01,34,9,1,0.0
consecutive_le24h,tmin,2023-06-02,34,9,1,0.03125
consecutive_le24h,tmin,2023-06-03,34,9,1,0.0625
consecutive_le24h,tmin,2023-06-04,34,9,1,0.03125
consecutive_le24h,tmin,2023-06-05,33,9,1,0.0
consecutive_le24h,tmin,2023-06-06,33,9,1,0.0
consecutive_le24h,tmin,2023-06-07,33,9,1,0.0
consecutive_le24h,tmin,2023-06-08,33,9,1,0.0
consecutive_le24h,tmin,2023-06-09,33,9,1,0.0
consecutive_le24h,tmin,2023-06-10,34,9,1,0.03125
consecutive_le24h,tmin,2023-06-11,32,9,1,0.0
consecutive_le24h,tmin,2023-06-12,32,9,1,0.0
consecutive_le24h,tmin,2023-06-13,33,9,1,0.0
consecutive_le24h,tmin,2023-06-14,33,9,1,0.03225806451612903
consecutive_le24h,tmin,2023-06-15,33,9,1,0.0967741935483871
consecutive_le24h,tmin,2023-06-16,33,9,1,0.06451612903225806
consecutive_le24h,tmin,2023-06-17,32,9,1,0.0
consecutive_le24h,tmin,2023-06-18,32,9,1,0.0
consecutive_le24h,tmin,2023-06-19,33,9,1,0.0
consecutive_le24h,tmin,2023-06-20,33,9,1,0.0
consecutive_le24h,tmin,2023-06-21,33,9,1,0.03225806451612903
consecutive_le24h,tmin,2023-06-22,33,9,1,0.0
consecutive_le24h,tmin,2023-06-23,33,9,1,0.0
consecutive_le24h,tmin,2023-06-24,32,9,1,0.0
consecutive_le24h,tmin,2023-06-25,33,9,1,0.03225806451612903
consecutive_le24h,tmin,2023-06-26,33,9,1,0.0
consecutive_le24h,tmin,2023-06-27,33,9,1,0.0
consecutive_le24h,tmin,2023-06-28,33,9,1,0.0
consecutive_le24h,tmin,2023-06-29,33,9,1,0.0
consecutive_le24h,tmin,2023-06-30,33,9,1,0.0
consecutive_le24h,tmin,2023-07-01,33,9,1,0.0
consecutive_le24h,tmin,2023-07-02,33,9,1,0.0
consecutive_le24h,tmin,2023-07-03,32,9,1,0.0
consecutive_le24h,tmin,2023-07-04,33,9,1,0.03225806451612903
consecutive_le24h,tmin,2023-07-05,32,9,1,0.03333333333333333
consecutive_le24h,tmin,2023-07-06,31,9,1,0.0
consecutive_le24h,tmin,2023-07-07,30,9,1,0.03571428571428571
consecutive_le24h,tmin,2023-07-08,29,9,1,0.0
consecutive_le24h,tmin,2023-07-09,28,9,1,0.0
consecutive_le24h,tmin,2023-07-10,28,9,1,0.0
consecutive_le24h,tmin,2023-07-11,28,9,1,0.038461538461538464
consecutive_le24h,tmin,2023-07-12,27,9,1,0.04
consecutive_le24h,tmin,2023-07-13,27,9,1,0.04
consecutive_le24h,tmin,2023-07-14,27,9,1,0.0
consecutive_le24h,tmin,2023-07-15,28,9,1,0.0
consecutive_le24h,tmin,2023-07-16,29,9,1,0.037037037037037035
consecutive_le24h,tmin,2023-07-17,30,9,1,0.0
consecutive_le24h,tmin,2023-07-18,31,9,1,0.034482758620689655
consecutive_le24h,tmin,2023-07-19,32,9,1,0.0
consecutive_le24h,tmin,2023-07-20,33,9,1,0.0
consecutive_le24h,tmin,2023-07-21,32,9,1,0.0
consecutive_le24h,tmin,2023-07-22,32,9,1,0.03333333333333333
consecutive_le24h,tmin,2023-07-23,32,9,1,0.0
consecutive_le24h,tmin,2023-07-24,32,9,1,0.03333333333333333
consecutive_le24h,tmin,2023-07-25,32,9,1,0.03333333333333333
consecutive_le24h,tmin,2023-07-26,32,9,1,0.06666666666666667
consecutive_le24h,tmin,2023-07-27,32,9,1,0.0
consecutive_le24h,tmin,2023-07-28,32,9,1,0.03333333333333333
consecutive_le24h,tmin,2023-07-29,33,9,1,0.03225806451612903
consecutive_le24h,tmin,2023-07-30,34,9,1,0.0
consecutive_le24h,tmin,2023-07-31,34,9,1,0.0
consecutive_le24h,tmin,2023-08-01,34,9,1,0.0
consecutive_le24h,tmin,2023-08-02,34,9,1,0.0
consecutive_le24h,tmin,2023-08-03,34,9,1,0.0
consecutive_le24h,tmin,2023-08-04,34,9,1,0.0
consecutive_le24h,tmin,2023-08-05,34,9,1,0.0
consecutive_le24h,tmin,2023-08-06,34,9,1,0.0
consecutive_le24h,tmin,2023-08-07,33,9,1,0.0
consecutive_le24h,tmin,2023-08-08,33,9,1,0.0
consecutive_le24h,tmin,2023-08-09,33,9,1,0.0
consecutive_le24h,tmin,2023-08-10,33,9,1,0.0
consecutive_le24h,tmin,2023-08-11,33,9,1,0.0
consecutive_le24h,tmin,2023-08-12,33,9,1,0.0
consecutive_le24h,tmin,2023-08-13,32,9,1,0.0
consecutive_le24h,tmin,2023-08-14,32,9,1,0.0
consecutive_le24h,tmin,2023-08-15,33,9,1,0.0
consecutive_le24h,tmin,2023-08-16,33,9,1,0.03225806451612903
consecutive_le24h,tmin,2023-08-17,33,9,1,0.03225806451612903
consecutive_le24h,tmin,2023-08-18,33,9,1,0.0
consecutive_le24h,tmin,2023-08-19,33,9,1,0.0
consecutive_le24h,tmin,2023-08-20,32,9,1,0.03333333333333333
consecutive_le24h,tmin,2023-08-21,33,9,1,0.03225806451612903
consecutive_le24h,tmin,2023-08-22,33,9,1,0.0
consecutive_le24h,tmin,2023-08-23,33,9,1,0.0
consecutive_le24h,tmin,2023-08-24,33,9,1,0.0
consecutive_le24h,tmin,2023-08-25,33,9,1,0.03225806451612903
consecutive_le24h,tmin,2023-08-26,33,9,1,0.0
consecutive_le24h,tmin,2023-08-27,33,9,1,0.0
consecutive_le24h,tmin,2023-08-28,34,9,1,0.0
consecutive_le24h,tmin,2023-08-29,34,9,1,0.03125
consecutive_le24h,tmin,2023-08-30,34,9,1,0.0
consecutive_le24h,tmin,2023-08-31,34,9,1,0.0
consecutive_le24h,tmin,2023-09-01,34,9,1,0.0
consecutive_le24h,tmin,2023-09-02,34,9,1,0.03125
consecutive_le24h,tmin,2023-09-03,34,9,1,0.0
consecutive_le24h,tmin,2023-09-04,34,9,1,0.0
consecutive_le24h,tmin,2023-09-05,34,9,1,0.03125
consecutive_le24h,tmin,2023-09-06,34,9,1,0.0
consecutive_le24h,tmin,2023-09-07,34,9,1,0.0
consecutive_le24h,tmin,2023-09-08,34,9,1,0.0
consecutive_le24h,tmin,2023-09-09,34,9,1,0.0625
consecutive_le24h,tmin,2023-09-10,34,9,1,0.0625
consecutive_le24h,tmin,2023-09-11,34,9,1,0.03125
consecutive_le24h,tmin,2023-09-12,34,9,1,0.03125
consecutive_le24h,tmin,2023-09-13,34,9,1,0.0
consecutive_le24h,tmin,2023-09-14,34,9,1,0.03125
consecutive_le24h,tmin,2023-09-15,34,9,1,0.03125
consecutive_le24h,tmin,2023-09-16,34,9,1,0.03125
consecutive_le24h,tmin,2023-09-17,34,9,1,0.0
consecutive_le24h,tmin,2023-09-18,34,9,1,0.0
consecutive_le24h,tmin,2023-09-19,34,9,1,0.0
consecutive_le24h,tmin,2023-09-20,34,9,1,0.0
consecutive_le24h,tmin,2023-09-21,33,9,1,0.0
consecutive_le24h,tmin,2023-09-22,32,9,1,0.0
consecutive_le24h,tmin,2023-09-23,32,9,1,0.0
consecutive_le24h,tmin,2023-09-24,31,9,1,0.0
consecutive_le24h,tmin,2023-09-25,31,9,1,0.0
consecutive_le24h,tmin,2023-09-26,31,9,1,0.0
consecutive_le24h,tmin,2023-09-27,31,9,1,0.0
consecutive_le24h,tmin,2023-09-28,31,9,1,0.0
consecutive_le24h,tmin,2023-09-29,32,9,1,0.06666666666666667
consecutive_le24h,tmin,2023-09-30,33,9,1,0.0
consecutive_le24h,tmin,2023-10-01,32,9,1,0.0
consecutive_le24h,tmin,2023-10-02,32,9,1,0.0
consecutive_le24h,tmin,2023-10-03,32,9,1,0.0
consecutive_le24h,tmin,2023-10-04,32,9,1,0.0
consecutive_le24h,tmin,2023-10-05,31,9,1,0.0
consecutive_le24h,tmin,2023-10-06,31,9,1,0.06896551724137931
consecutive_le24h,tmin,2023-10-07,31,9,1,0.06896551724137931
consecutive_le24h,tmin,2023-10-08,31,9,1,0.0
consecutive_le24h,tmin,2023-10-09,32,9,1,0.1
consecutive_le24h,tmin,2023-10-10,33,9,1,0.0
consecutive_le24h,tmin,2023-10-11,34,9,1,0.03125
consecutive_le24h,tmin,2023-10-12,33,9,1,0.06451612903225806
consecutive_le24h,tmin,2023-10-13,34,9,1,0.09375
consecutive_le24h,tmin,2023-10-14,34,9,1,0.03125
consecutive_le24h,tmin,2023-10-15,34,9,1,0.03125
consecutive_le24h,tmin,2023-10-16,34,9,1,0.03125
consecutive_le24h,tmin,2023-10-17,34,9,1,0.0
consecutive_le24h,tmin,2023-10-18,34,9,1,0.0
consecutive_le24h,tmin,2023-10-19,34,9,1,0.0
consecutive_le24h,tmin,2023-10-20,34,9,1,0.125
consecutive_le24h,tmin,2023-10-21,34,9,1,0.125
consecutive_le24h,tmin,2023-10-22,34,9,1,0.03125
consecutive_le24h,tmin,2023-10-23,34,9,1,0.0
consecutive_le24h,tmin,2023-10-24,34,9,1,0.0
consecutive_le24h,tmin,2023-10-25,34,9,1,0.0
consecutive_le24h,tmin,2023-10-26,34,9,1,0.0625
consecutive_le24h,tmin,2023-10-27,34,9,1,0.0
consecutive_le24h,tmin,2023-10-28,34,9,1,0.0625
consecutive_le24h,tmin,2023-10-29,34,9,1,0.03125
consecutive_le24h,tmin,2023-10-30,34,9,1,0.03125
consecutive_le24h,tmin,2023-10-31,33,9,1,0.06451612903225806
consecutive_le24h,tmin,2023-11-01,33,9,1,0.0
consecutive_le24h,tmin,2023-11-02,33,9,1,0.0
consecutive_le24h,tmin,2023-11-03,32,9,1,0.03333333333333333
consecutive_le24h,tmin,2023-11-04,32,9,1,0.0
consecutive_le24h,tmin,2023-11-05,31,9,1,0.034482758620689655
consecutive_le24h,tmin,2023-11-06,31,9,1,0.034482758620689655
consecutive_le24h,tmin,2023-11-07,31,9,1,0.06896551724137931
consecutive_le24h,tmin,2023-11-08,32,9,1,0.0
consecutive_le24h,tmin,2023-11-09,32,9,1,0.03333333333333333
consecutive_le24h,tmin,2023-11-10,32,9,1,0.03333333333333333
consecutive_le24h,tmin,2023-11-11,33,9,1,0.03225806451612903
consecutive_le24h,tmin,2023-11-12,33,9,1,0.0
consecutive_le24h,tmin,2023-11-13,34,9,1,0.03125
consecutive_le24h,tmin,2023-11-14,34,9,1,0.0
consecutive_le24h,tmin,2023-11-15,34,9,1,0.0
consecutive_le24h,tmin,2023-11-16,34,9,1,0.03125
consecutive_le24h,tmin,2023-11-17,34,9,1,0.0
consecutive_le24h,tmin,2023-11-18,34,9,1,0.0
consecutive_le24h,tmin,2023-11-19,34,9,1,0.0
consecutive_le24h,tmin,2023-11-20,34,9,1,0.0
consecutive_le24h,tmin,2023-11-21,34,9,1,0.0
consecutive_le24h,tmin,2023-11-22,34,9,1,0.03125
consecutive_le24h,tmin,2023-11-23,33,9,1,0.03225806451612903
consecutive_le24h,tmin,2023-11-24,33,9,1,0.0
consecutive_le24h,tmin,2023-11-25,33,9,1,0.0
consecutive_le24h,tmin,2023-11-26,33,9,1,0.0
consecutive_le24h,tmin,2023-11-27,32,9,1,0.0
consecutive_le24h,tmin,2023-11-28,32,9,1,0.0
consecutive_le24h,tmin,2023-11-29,31,9,1,0.0
consecutive_le24h,tmin,2023-11-30,31,9,1,0.06896551724137931
consecutive_le24h,tmin,2023-12-01,32,9,1,0.0
consecutive_le24h,tmin,2023-12-02,32,9,1,0.0
consecutive_le24h,tmin,2023-12-03,32,9,1,0.03333333333333333
consecutive_le24h,tmin,2023-12-04,32,9,1,0.0
consecutive_le24h,tmin,2023-12-05,33,9,1,0.06451612903225806
consecutive_le24h,tmin,2023-12-06,33,9,1,0.06451612903225806
consecutive_le24h,tmin,2023-12-07,34,9,1,0.0625
consecutive_le24h,tmin,2023-12-08,34,9,1,0.0
consecutive_le24h,tmin,2023-12-09,34,9,1,0.0
consecutive_le24h,tmin,2023-12-10,34,9,1,0.0
consecutive_le24h,tmin,2023-12-11,34,9,1,0.0
consecutive_le24h,tmin,2023-12-12,34,9,1,0.09375
consecutive_le24h,tmin,2023-12-13,34,9,1,0.0
consecutive_le24h,tmin,2023-12-14,34,9,1,0.0
consecutive_le24h,tmin,2023-12-15,33,9,1,0.0
consecutive_le24h,tmin,2023-12-16,34,9,1,0.0
consecutive_le24h,tmin,2023-12-17,33,9,1,0.0
consecutive_le24h,tmin,2023-12-18,33,9,1,0.0
consecutive_le24h,tmin,2023-12-19,33,9,1,0.03225806451612903
consecutive_le24h,tmin,2023-12-20,33,9,1,0.0
consecutive_le24h,tmin,2023-12-21,33,9,1,0.0
consecutive_le24h,tmin,2023-12-22,32,9,1,0.0
consecutive_le24h,tmin,2023-12-23,32,9,1,0.0
consecutive_le24h,tmin,2023-12-24,32,9,1,0.0
consecutive_le24h,tmin,2023-12-25,32,9,1,0.0
consecutive_le24h,tmin,2023-12-26,32,9,1,0.0
consecutive_le24h,tmin,2023-12-27,32,9,1,0.0
consecutive_le24h,tmin,2023-12-28,32,9,1,0.03333333333333333
consecutive_le24h,tmin,2023-12-29,33,9,1,0.0
consecutive_le24h,tmin,2023-12-30,33,9,1,0.0
consecutive_le24h,tmin,2023-12-31,34,9,1,0.0
consecutive_le24h,tmin,2024-01-01,34,9,1,0.0625
consecutive_le24h,tmin,2024-01-02,34,9,1,0.03125
consecutive_le24h,tmin,2024-01-03,34,9,1,0.03125
consecutive_le24h,tmin,2024-01-04,35,9,1,0.06060606060606061
consecutive_le24h,tmin,2024-01-05,35,9,1,0.030303030303030304
consecutive_le24h,tmin,2024-01-06,34,9,1,0.03125
consecutive_le24h,tmin,2024-01-07,34,9,1,0.0
consecutive_le24h,tmin,2024-01-08,34,9,1,0.0
consecutive_le24h,tmin,2024-01-09,34,9,1,0.0
consecutive_le24h,tmin,2024-01-10,34,9,1,0.03125
consecutive_le24h,tmin,2024-01-11,34,9,1,0.03125
consecutive_le24h,tmin,2024-01-12,34,9,1,0.03125
consecutive_le24h,tmin,2024-01-13,33,9,1,0.03225806451612903
consecutive_le24h,tmin,2024-01-14,33,9,1,0.03225806451612903
consecutive_le24h,tmin,2024-01-15,33,9,1,0.0
consecutive_le24h,tmin,2024-01-16,33,9,1,0.0
consecutive_le24h,tmin,2024-01-17,33,9,1,0.12903225806451613
consecutive_le24h,tmin,2024-01-18,33,9,1,0.06451612903225806
consecutive_le24h,tmin,2024-01-19,33,9,1,0.0
consecutive_le24h,tmin,2024-01-20,33,9,1,0.0
consecutive_le24h,tmin,2024-01-21,34,9,1,0.0
consecutive_le24h,tmin,2024-01-22,34,9,1,0.0
consecutive_le24h,tmin,2024-01-23,34,9,1,0.0
consecutive_le24h,tmin,2024-01-24,33,9,1,0.0
consecutive_le24h,tmin,2024-01-25,33,9,1,0.0
consecutive_le24h,tmin,2024-01-26,33,9,1,0.0
consecutive_le24h,tmin,2024-01-27,33,9,1,0.0
consecutive_le24h,tmin,2024-01-28,33,9,1,0.03225806451612903
consecutive_le24h,tmin,2024-01-29,33,9,1,0.0
consecutive_le24h,tmin,2024-01-30,32,9,1,0.0
consecutive_le24h,tmin,2024-01-31,32,9,1,0.03333333333333333
consecutive_le24h,tmin,2024-02-01,32,9,1,0.03333333333333333
consecutive_le24h,tmin,2024-02-02,31,9,1,0.034482758620689655
consecutive_le24h,tmin,2024-02-03,31,9,1,0.034482758620689655
consecutive_le24h,tmin,2024-02-04,31,9,1,0.0
consecutive_le24h,tmin,2024-02-05,31,9,1,0.06896551724137931
consecutive_le24h,tmin,2024-02-06,31,9,1,0.10344827586206896
consecutive_le24h,tmin,2024-02-07,32,9,1,0.03333333333333333
consecutive_le24h,tmin,2024-02-08,32,9,1,0.0
consecutive_le24h,tmin,2024-02-09,33,9,1,0.0
consecutive_le24h,tmin,2024-02-10,34,9,1,0.0
consecutive_le24h,tmin,2024-02-11,34,9,1,0.03125
consecutive_le24h,tmin,2024-02-12,34,9,1,0.0625
consecutive_le24h,tmin,2024-02-13,34,9,1,0.03125
consecutive_le24h,tmin,2024-02-14,34,9,1,0.0
consecutive_le24h,tmin,2024-02-15,34,9,1,0.0
consecutive_le24h,tmin,2024-02-16,34,9,1,0.03125
consecutive_le24h,tmin,2024-02-17,34,9,1,0.0
consecutive_le24h,tmin,2024-02-18,34,9,1,0.0
consecutive_le24h,tmin,2024-02-19,34,9,1,0.0
consecutive_le24h,tmin,2024-02-20,34,9,1,0.0
consecutive_le24h,tmin,2024-02-21,34,9,1,0.0
consecutive_le24h,tmin,2024-02-22,34,9,1,0.0625
consecutive_le24h,tmin,2024-02-23,34,9,1,0.0625
consecutive_le24h,tmin,2024-02-24,35,9,1,0.030303030303030304
consecutive_le24h,tmin,2024-02-25,34,9,1,0.0625
consecutive_le24h,tmin,2024-02-26,34,9,1,0.0625
consecutive_le24h,tmin,2024-02-27,34,9,1,0.0625
consecutive_le24h,tmin,2024-02-28,34,9,1,0.03125
consecutive_le24h,tmin,2024-02-29,34,9,1,0.125
consecutive_le24h,tmin,2024-03-01,34,9,1,0.03125
consecutive_le24h,tmin,2024-03-02,34,9,1,0.0
consecutive_le24h,tmin,2024-03-03,33,9,1,0.0
consecutive_le24h,tmin,2024-03-04,33,9,1,0.0
consecutive_le24h,tmin,2024-03-05,33,9,1,0.0
consecutive_le24h,tmin,2024-03-06,33,9,1,0.03225806451612903
consecutive_le24h,tmin,2024-03-07,33,9,1,0.0
consecutive_le24h,tmin,2024-03-08,33,9,1,0.03225806451612903
consecutive_le24h,tmin,2024-03-09,33,9,1,0.0
consecutive_le24h,tmin,2024-03-10,33,9,1,0.0
consecutive_le24h,tmin,2024-03-11,34,9,1,0.0
consecutive_le24h,tmin,2024-03-12,34,9,1,0.03125
consecutive_le24h,tmin,2024-03-13,34,9,1,0.0
consecutive_le24h,tmin,2024-03-14,34,9,1,0.0
consecutive_le24h,tmin,2024-03-15,34,9,1,0.0
consecutive_le24h,tmin,2024-03-16,34,9,1,0.03125
consecutive_le24h,tmin,2024-03-17,34,9,1,0.0
consecutive_le24h,tmin,2024-03-18,34,9,1,0.0
consecutive_le24h,tmin,2024-03-19,34,9,1,0.0625
consecutive_le24h,tmin,2024-03-20,34,9,1,0.0625
consecutive_le24h,tmin,2024-03-21,34,9,1,0.03125
consecutive_le24h,tmin,2024-03-22,33,9,1,0.0
consecutive_le24h,tmin,2024-03-23,33,9,1,0.06451612903225806
consecutive_le24h,tmin,2024-03-24,33,9,1,0.03225806451612903
consecutive_le24h,tmin,2024-03-25,33,9,1,0.0
consecutive_le24h,tmin,2024-03-26,32,9,1,0.0
consecutive_le24h,tmin,2024-03-27,32,9,1,0.0
consecutive_le24h,tmin,2024-03-28,32,9,1,0.0
consecutive_le24h,tmin,2024-03-29,32,9,1,0.0
consecutive_le24h,tmin,2024-03-30,33,9,1,0.0
consecutive_le24h,tmin,2024-03-31,32,9,1,0.0
consecutive_le24h,tmin,2024-04-01,33,9,1,0.0
consecutive_le24h,tmin,2024-04-02,32,9,1,0.0
consecutive_le24h,tmin,2024-04-03,33,9,1,0.0
consecutive_le24h,tmin,2024-04-04,33,9,1,0.0
consecutive_le24h,tmin,2024-04-05,33,9,1,0.0
consecutive_le24h,tmin,2024-04-06,33,9,1,0.0
consecutive_le24h,tmin,2024-04-07,33,9,1,0.06451612903225806
consecutive_le24h,tmin,2024-04-08,34,9,1,0.0625
consecutive_le24h,tmin,2024-04-09,34,9,1,0.125
consecutive_le24h,tmin,2024-04-10,34,9,1,0.03125
consecutive_le24h,tmin,2024-04-11,34,9,1,0.03125
consecutive_le24h,tmin,2024-04-12,34,9,1,0.03125
consecutive_le24h,tmin,2024-04-13,34,9,1,0.0
consecutive_le24h,tmin,2024-04-14,34,9,1,0.0
consecutive_le24h,tmin,2024-04-15,34,9,1,0.0
consecutive_le24h,tmin,2024-04-16,34,9,1,0.03125
consecutive_le24h,tmin,2024-04-17,34,9,1,0.0
consecutive_le24h,tmin,2024-04-18,34,9,1,0.0
consecutive_le24h,tmin,2024-04-19,34,9,1,0.03125
consecutive_le24h,tmin,2024-04-20,33,9,1,0.03225806451612903
consecutive_le24h,tmin,2024-04-21,33,9,1,0.06451612903225806
consecutive_le24h,tmin,2024-04-22,33,9,1,0.0
consecutive_le24h,tmin,2024-04-23,33,9,1,0.0
consecutive_le24h,tmin,2024-04-24,33,9,1,0.0
consecutive_le24h,tmin,2024-04-25,33,9,1,0.03225806451612903
consecutive_le24h,tmin,2024-04-26,33,9,1,0.0
consecutive_le24h,tmin,2024-04-27,33,9,1,0.0
consecutive_le24h,tmin,2024-04-28,34,9,1,0.03125
consecutive_le24h,tmin,2024-04-29,34,9,1,0.0625
consecutive_le24h,tmin,2024-04-30,34,9,1,0.0
consecutive_le24h,tmin,2024-05-01,34,9,1,0.0
consecutive_le24h,tmin,2024-05-02,34,9,1,0.0
consecutive_le24h,tmin,2024-05-03,34,9,1,0.0
consecutive_le24h,tmin,2024-05-04,33,9,1,0.0
consecutive_le24h,tmin,2024-05-05,33,9,1,0.03225806451612903
consecutive_le24h,tmin,2024-05-06,33,9,1,0.0
consecutive_le24h,tmin,2024-05-07,33,9,1,0.0
consecutive_le24h,tmin,2024-05-08,33,9,1,0.0
consecutive_le24h,tmin,2024-05-09,33,9,1,0.0
consecutive_le24h,tmin,2024-05-10,33,9,1,0.03225806451612903
consecutive_le24h,tmin,2024-05-11,33,9,1,0.03225806451612903
consecutive_le24h,tmin,2024-05-12,34,9,1,0.0
consecutive_le24h,tmin,2024-05-13,34,9,1,0.0
consecutive_le24h,tmin,2024-05-14,34,9,1,0.03125
consecutive_le24h,tmin,2024-05-15,34,9,1,0.0
consecutive_le24h,tmin,2024-05-16,34,9,1,0.03125
consecutive_le24h,tmin,2024-05-17,34,9,1,0.03125
consecutive_le24h,tmin,2024-05-18,33,9,1,0.03225806451612903
consecutive_le24h,tmin,2024-05-19,33,9,1,0.0967741935483871
consecutive_le24h,tmin,2024-05-20,33,9,1,0.03225806451612903
consecutive_le24h,tmin,2024-05-21,33,9,1,0.03225806451612903
consecutive_le24h,tmin,2024-05-22,33,9,1,0.03225806451612903
consecutive_le24h,tmin,2024-05-23,33,9,1,0.0
consecutive_le24h,tmin,2024-05-24,33,9,1,0.0
consecutive_le24h,tmin,2024-05-25,33,9,1,0.06451612903225806
consecutive_le24h,tmin,2024-05-26,34,9,1,0.03125
consecutive_le24h,tmin,2024-05-27,34,9,1,0.0
consecutive_le24h,tmin,2024-05-28,34,9,1,0.0
consecutive_le24h,tmin,2024-05-29,34,9,1,0.03125
consecutive_le24h,tmin,2024-05-30,34,9,1,0.0
consecutive_le24h,tmin,2024-05-31,34,9,1,0.0
consecutive_le24h,tmin,2024-06-01,34,9,1,0.0
consecutive_le24h,tmin,2024-06-02,34,9,1,0.0
consecutive_le24h,tmin,2024-06-03,34,9,1,0.0
consecutive_le24h,tmin,2024-06-04,34,9,1,0.03125
consecutive_le24h,tmin,2024-06-05,33,9,1,0.03225806451612903
consecutive_le24h,tmin,2024-06-06,33,9,1,0.06451612903225806
consecutive_le24h,tmin,2024-06-07,33,9,1,0.06451612903225806
consecutive_le24h,tmin,2024-06-08,33,9,1,0.0
consecutive_le24h,tmin,2024-06-09,33,9,1,0.03225806451612903
consecutive_le24h,tmin,2024-06-10,33,9,1,0.03225806451612903
consecutive_le24h,tmin,2024-06-11,33,9,1,0.0
consecutive_le24h,tmin,2024-06-12,33,9,1,0.0
consecutive_le24h,tmin,2024-06-13,33,9,1,0.0
consecutive_le24h,tmin,2024-06-14,33,9,1,0.0
consecutive_le24h,tmin,2024-06-15,33,9,1,0.03225806451612903
consecutive_le24h,tmin,2024-06-16,33,9,1,0.03225806451612903
consecutive_le24h,tmin,2024-06-17,33,9,1,0.03225806451612903
consecutive_le24h,tmin,2024-06-18,33,9,1,0.03225806451612903
consecutive_le24h,tmin,2024-06-19,33,9,1,0.0
consecutive_le24h,tmin,2024-06-20,33,9,1,0.0
consecutive_le24h,tmin,2024-06-21,34,9,1,0.03125
consecutive_le24h,tmin,2024-06-22,34,9,1,0.0
consecutive_le24h,tmin,2024-06-23,33,9,1,0.03225806451612903
consecutive_le24h,tmin,2024-06-24,33,9,1,0.03225806451612903
consecutive_le24h,tmin,2024-06-25,32,9,1,0.06666666666666667
consecutive_le24h,tmin,2024-06-26,32,9,1,0.03333333333333333
consecutive_le24h,tmin,2024-06-27,32,9,1,0.0
consecutive_le24h,tmin,2024-06-28,32,9,1,0.0
consecutive_le24h,tmin,2024-06-29,32,9,1,0.0
consecutive_le24h,tmin,2024-06-30,32,9,1,0.0
consecutive_le24h,tmin,2024-07-01,32,9,1,0.0
consecutive_le24h,tmin,2024-07-02,32,9,1,0.0
consecutive_le24h,tmin,2024-07-03,33,9,1,0.0
consecutive_le24h,tmin,2024-07-04,33,9,1,0.06451612903225806
consecutive_le24h,tmin,2024-07-05,33,9,1,0.03225806451612903
consecutive_le24h,tmin,2024-07-06,33,9,1,0.0
consecutive_le24h,tmin,2024-07-07,33,9,1,0.03225806451612903
consecutive_le24h,tmin,2024-07-08,33,9,1,0.03225806451612903
consecutive_le24h,tmin,2024-07-09,33,9,1,0.03225806451612903
consecutive_le24h,tmin,2024-07-10,33,9,1,0.03225806451612903
consecutive_le24h,tmin,2024-07-11,33,9,1,0.0
consecutive_le24h,tmin,2024-07-12,33,9,1,0.0
consecutive_le24h,tmin,2024-07-13,33,9,1,0.06451612903225806
consecutive_le24h,tmin,2024-07-14,33,9,1,0.03225806451612903
consecutive_le24h,tmin,2024-07-15,33,9,1,0.0
consecutive_le24h,tmin,2024-07-16,33,9,1,0.0
consecutive_le24h,tmin,2024-07-17,34,9,1,0.0
consecutive_le24h,tmin,2024-07-18,34,9,1,0.0625
consecutive_le24h,tmin,2024-07-19,34,9,1,0.03125
consecutive_le24h,tmin,2024-07-20,34,9,1,0.03125
consecutive_le24h,tmin,2024-07-21,34,9,1,0.03125
consecutive_le24h,tmin,2024-07-22,34,9,1,0.03125
consecutive_le24h,tmin,2024-07-23,34,9,1,0.03125
consecutive_le24h,tmin,2024-07-24,34,9,1,0.0
consecutive_le24h,tmin,2024-07-25,34,9,1,0.0
consecutive_le24h,tmin,2024-07-26,34,9,1,0.0
consecutive_le24h,tmin,2024-07-27,34,9,1,0.0
consecutive_le24h,tmin,2024-07-28,34,9,1,0.0
consecutive_le24h,tmin,2024-07-29,34,9,1,0.0
consecutive_le24h,tmin,2024-07-30,34,9,1,0.0
consecutive_le24h,tmin,2024-07-31,34,9,1,0.0
consecutive_le24h,tmin,2024-08-01,34,9,1,0.0
consecutive_le24h,tmin,2024-08-02,34,9,1,0.0
consecutive_le24h,tmin,2024-08-03,32,9,1,0.0
consecutive_le24h,tmin,2024-08-04,30,9,1,0.0
consecutive_le24h,tmin,2024-08-05,30,9,1,0.0
consecutive_le24h,tmin,2024-08-06,30,9,1,0.0
consecutive_le24h,tmin,2024-08-07,31,9,1,0.0
consecutive_le24h,tmin,2024-08-08,30,9,1,0.0
consecutive_le24h,tmin,2024-08-09,30,9,1,0.0
consecutive_le24h,tmin,2024-08-10,30,9,1,0.0
consecutive_le24h,tmin,2024-08-11,32,9,1,0.0
consecutive_le24h,tmin,2024-08-12,34,9,1,0.0
consecutive_le24h,tmin,2024-08-13,34,9,1,0.0
consecutive_le24h,tmin,2024-08-14,34,9,1,0.03125
consecutive_le24h,tmin,2024-08-15,33,9,1,0.0
consecutive_le24h,tmin,2024-08-16,33,9,1,0.0
consecutive_le24h,tmin,2024-08-17,33,9,1,0.0
consecutive_le24h,tmin,2024-08-18,33,9,1,0.0
consecutive_le24h,tmin,2024-08-19,33,9,1,0.0
consecutive_le24h,tmin,2024-08-20,33,9,1,0.0
consecutive_le24h,tmin,2024-08-21,32,9,1,0.03333333333333333
consecutive_le24h,tmin,2024-08-22,32,9,1,0.03333333333333333
consecutive_le24h,tmin,2024-08-23,33,9,1,0.03225806451612903
consecutive_le24h,tmin,2024-08-24,33,9,1,0.0
consecutive_le24h,tmin,2024-08-25,33,9,1,0.0
consecutive_le24h,tmin,2024-08-26,33,9,1,0.0
consecutive_le24h,tmin,2024-08-27,33,9,1,0.03225806451612903
consecutive_le24h,tmin,2024-08-28,32,9,1,0.06666666666666667
consecutive_le24h,tmin,2024-08-29,33,9,1,0.0
consecutive_le24h,tmin,2024-08-30,33,9,1,0.0
consecutive_le24h,tmin,2024-08-31,33,9,1,0.0
consecutive_le24h,tmin,2024-09-01,33,9,1,0.0
consecutive_le24h,tmin,2024-09-02,33,9,1,0.0
consecutive_le24h,tmin,2024-09-03,33,9,1,0.0
consecutive_le24h,tmin,2024-09-04,33,9,1,0.03225806451612903
consecutive_le24h,tmin,2024-09-05,34,9,1,0.0
consecutive_le24h,tmin,2024-09-06,34,9,1,0.0
consecutive_le24h,tmin,2024-09-07,34,9,1,0.0
consecutive_le24h,tmin,2024-09-08,34,9,1,0.0
consecutive_le24h,tmin,2024-09-09,34,9,1,0.03125
consecutive_le24h,tmin,2024-09-10,34,9,1,0.03125
consecutive_le24h,tmin,2024-09-11,34,9,1,0.0
consecutive_le24h,tmin,2024-09-12,34,9,1,0.03125
consecutive_le24h,tmin,2024-09-13,34,9,1,0.0
consecutive_le24h,tmin,2024-09-14,34,9,1,0.0
consecutive_le24h,tmin,2024-09-15,33,9,1,0.03225806451612903
consecutive_le24h,tmin,2024-09-16,33,9,1,0.03225806451612903
consecutive_le24h,tmin,2024-09-17,33,9,1,0.06451612903225806
consecutive_le24h,tmin,2024-09-18,33,9,1,0.06451612903225806
consecutive_le24h,tmin,2024-09-19,33,9,1,0.03225806451612903
consecutive_le24h,tmin,2024-09-20,33,9,1,0.0
consecutive_le24h,tmin,2024-09-21,33,9,1,0.0
consecutive_le24h,tmin,2024-09-22,33,9,1,0.0
consecutive_le24h,tmin,2024-09-23,34,9,1,0.0
consecutive_le24h,tmin,2024-09-24,34,9,1,0.0625
consecutive_le24h,tmin,2024-09-25,34,9,1,0.03125
consecutive_le24h,tmin,2024-09-26,34,9,1,0.0
consecutive_le24h,tmin,2024-09-27,34,9,1,0.0
consecutive_le24h,tmin,2024-09-28,33,9,1,0.06451612903225806
consecutive_le24h,tmin,2024-09-29,33,9,1,0.03225806451612903
consecutive_le24h,tmin,2024-09-30,33,9,1,0.03225806451612903
consecutive_le24h,tmin,2024-10-01,33,9,1,0.0967741935483871
consecutive_le24h,tmin,2024-10-02,33,9,1,0.03225806451612903
consecutive_le24h,tmin,2024-10-03,33,9,1,0.03225806451612903
consecutive_le24h,tmin,2024-10-04,33,9,1,0.0
consecutive_le24h,tmin,2024-10-05,33,9,1,0.06451612903225806
consecutive_le24h,tmin,2024-10-06,33,9,1,0.06451612903225806
consecutive_le24h,tmin,2024-10-07,33,9,1,0.03225806451612903
consecutive_le24h,tmin,2024-10-08,33,9,1,0.0
consecutive_le24h,tmin,2024-10-09,33,9,1,0.12903225806451613
consecutive_le24h,tmin,2024-10-10,33,9,1,0.03225806451612903
consecutive_le24h,tmin,2024-10-11,33,9,1,0.06451612903225806
consecutive_le24h,tmin,2024-10-12,33,9,1,0.03225806451612903
consecutive_le24h,tmin,2024-10-13,33,9,1,0.03225806451612903
consecutive_le24h,tmin,2024-10-14,34,9,1,0.0
consecutive_le24h,tmin,2024-10-15,34,9,1,0.0
consecutive_le24h,tmin,2024-10-16,34,9,1,0.03125
consecutive_le24h,tmin,2024-10-17,34,9,1,0.03125
consecutive_le24h,tmin,2024-10-18,34,9,1,0.0
consecutive_le24h,tmin,2024-10-19,34,9,1,0.03125
consecutive_le24h,tmin,2024-10-20,34,9,1,0.0625
consecutive_le24h,tmin,2024-10-21,34,9,1,0.0625
consecutive_le24h,tmin,2024-10-22,34,9,1,0.03125
consecutive_le24h,tmin,2024-10-23,34,9,1,0.0625
consecutive_le24h,tmin,2024-10-24,34,9,1,0.0
consecutive_le24h,tmin,2024-10-25,34,9,1,0.1875
consecutive_le24h,tmin,2024-10-26,33,9,1,0.0967741935483871
consecutive_le24h,tmin,2024-10-27,33,9,1,0.0967741935483871
consecutive_le24h,tmin,2024-10-28,33,9,1,0.06451612903225806
consecutive_le24h,tmin,2024-10-29,33,9,1,0.12903225806451613
consecutive_le24h,tmin,2024-10-30,33,9,1,0.06451612903225806
consecutive_le24h,tmin,2024-10-31,33,9,1,0.0
consecutive_le24h,tmin,2024-11-01,33,9,1,0.03225806451612903
consecutive_le24h,tmin,2024-11-02,33,9,1,0.0
consecutive_le24h,tmin,2024-11-03,34,9,1,0.03125
consecutive_le24h,tmin,2024-11-04,34,9,1,0.0
consecutive_le24h,tmin,2024-11-05,34,9,1,0.0
consecutive_le24h,tmin,2024-11-06,34,9,1,0.0
consecutive_le24h,tmin,2024-11-07,34,9,1,0.0
consecutive_le24h,tmin,2024-11-08,34,9,1,0.03125
consecutive_le24h,tmin,2024-11-09,33,9,1,0.03225806451612903
consecutive_le24h,tmin,2024-11-10,33,9,1,0.06451612903225806
consecutive_le24h,tmin,2024-11-11,33,9,1,0.06451612903225806
consecutive_le24h,tmin,2024-11-12,33,9,1,0.03225806451612903
consecutive_le24h,tmin,2024-11-13,33,9,1,0.03225806451612903
consecutive_le24h,tmin,2024-11-14,33,9,1,0.0
consecutive_le24h,tmin,2024-11-15,33,9,1,0.03225806451612903
consecutive_le24h,tmin,2024-11-16,33,9,1,0.03225806451612903
consecutive_le24h,tmin,2024-11-17,34,9,1,0.0
consecutive_le24h,tmin,2024-11-18,34,9,1,0.0
consecutive_le24h,tmin,2024-11-19,34,9,1,0.0
consecutive_le24h,tmin,2024-11-20,34,9,1,0.0
consecutive_le24h,tmin,2024-11-21,34,9,1,0.0
consecutive_le24h,tmin,2024-11-22,34,9,1,0.0
consecutive_le24h,tmin,2024-11-23,34,9,1,0.0
consecutive_le24h,tmin,2024-11-24,34,9,1,0.0625
consecutive_le24h,tmin,2024-11-25,34,9,1,0.0
consecutive_le24h,tmin,2024-11-26,34,9,1,0.03125
consecutive_le24h,tmin,2024-11-27,34,9,1,0.03125
consecutive_le24h,tmin,2024-11-28,33,9,1,0.06451612903225806
consecutive_le24h,tmin,2024-11-29,33,9,1,0.06451612903225806
consecutive_le24h,tmin,2024-11-30,32,9,1,0.1
consecutive_le24h,tmin,2024-12-01,32,9,1,0.03333333333333333
consecutive_le24h,tmin,2024-12-02,32,9,1,0.0
consecutive_le24h,tmin,2024-12-03,30,9,1,0.03571428571428571
consecutive_le24h,tmin,2024-12-04,29,9,1,0.0
consecutive_le24h,tmin,2024-12-05,28,9,1,0.038461538461538464
consecutive_le24h,tmin,2024-12-06,29,9,1,0.1111111111111111
consecutive_le24h,tmin,2024-12-07,29,9,1,0.0
consecutive_le24h,tmin,2024-12-08,30,9,1,0.0
consecutive_le24h,tmin,2024-12-09,30,9,1,0.0
consecutive_le24h,tmin,2024-12-10,30,9,1,0.10714285714285714
consecutive_le24h,tmin,2024-12-11,32,9,1,0.03333333333333333
consecutive_le24h,tmin,2024-12-12,33,9,1,0.03225806451612903
consecutive_le24h,tmin,2024-12-13,34,9,1,0.03125
consecutive_le24h,tmin,2024-12-14,34,9,1,0.0
consecutive_le24h,tmin,2024-12-15,33,9,1,0.0
consecutive_le24h,tmin,2024-12-16,33,9,1,0.0
consecutive_le24h,tmin,2024-12-17,33,9,1,0.0
consecutive_le24h,tmin,2024-12-18,33,9,1,0.0
consecutive_le24h,tmin,2024-12-19,30,9,1,0.0
consecutive_le24h,tmin,2024-12-20,26,9,2,0.08333333333333333
consecutive_le24h,tmin,2024-12-21,22,9,3,0.05
consecutive_le24h,tmin,2024-12-21,4,2,1,0.0
consecutive_le24h,tmin,2024-12-22,18,9,4,0.0625
consecutive_le24h,tmin,2024-12-22,8,3,1,0.0
consecutive_le24h,tmin,2024-12-23,15,9,5,0.0
consecutive_le24h,tmin,2024-12-23,11,4,1,0.0
consecutive_le24h,tmin,2024-12-24,11,9,6,0.0
consecutive_le24h,tmin,2024-12-24,15,5,1,0.07692307692307693
consecutive_le24h,tmin,2024-12-25,7,9,7,0.0
consecutive_le24h,tmin,2024-12-25,19,6,1,0.0
consecutive_le24h,tmin,2024-12-26,3,9,8,0.0
consecutive_le24h,tmin,2024-12-26,23,7,1,0.0
consecutive_le24h,tmin,2024-12-27,27,8,1,0.0
consecutive_le24h,tmin,2024-12-28,32,9,1,0.03333333333333333
consecutive_le24h,tmin,2024-12-29,33,9,1,0.0
consecutive_le24h,tmin,2024-12-30,33,9,1,0.12903225806451613
consecutive_le24h,tmin,2024-12-31,34,9,1,0.0625
consecutive_le24h,tmin,2025-01-01,34,9,1,0.0
consecutive_le24h,tmin,2025-01-02,34,9,1,0.03125
consecutive_le24h,tmin,2025-01-03,34,9,1,0.0
consecutive_le24h,tmin,2025-01-04,34,9,1,0.0
consecutive_le24h,tmin,2025-01-05,34,9,1,0.03125
consecutive_le24h,tmin,2025-01-06,34,9,1,0.03125
consecutive_le24h,tmin,2025-01-07,34,9,1,0.0
consecutive_le24h,tmin,2025-01-08,34,9,1,0.03125
consecutive_le24h,tmin,2025-01-09,34,9,1,0.03125
consecutive_le24h,tmin,2025-01-10,34,9,1,0.0
consecutive_le24h,tmin,2025-01-11,34,9,1,0.0
consecutive_le24h,tmin,2025-01-12,33,9,1,0.0
consecutive_le24h,tmin,2025-01-13,33,9,1,0.0
consecutive_le24h,tmin,2025-01-14,33,9,1,0.03225806451612903
consecutive_le24h,tmin,2025-01-15,33,9,1,0.06451612903225806
consecutive_le24h,tmin,2025-01-16,33,9,1,0.0
consecutive_le24h,tmin,2025-01-17,33,9,1,0.0
consecutive_le24h,tmin,2025-01-18,33,9,1,0.0
consecutive_le24h,tmin,2025-01-19,33,9,1,0.0
consecutive_le24h,tmin,2025-01-20,34,9,1,0.09375
consecutive_le24h,tmin,2025-01-21,33,9,1,0.0
consecutive_le24h,tmin,2025-01-22,33,9,1,0.0
consecutive_le24h,tmin,2025-01-23,33,9,1,0.03225806451612903
consecutive_le24h,tmin,2025-01-24,33,9,1,0.0
consecutive_le24h,tmin,2025-01-25,33,9,1,0.0
consecutive_le24h,tmin,2025-01-26,33,9,1,0.03225806451612903
consecutive_le24h,tmin,2025-01-27,33,9,1,0.0
consecutive_le24h,tmin,2025-01-28,33,9,1,0.03225806451612903
consecutive_le24h,tmin,2025-01-29,34,9,1,0.0
consecutive_le24h,tmin,2025-01-30,34,9,1,0.0
consecutive_le24h,tmin,2025-01-31,34,9,1,0.03125
consecutive_le24h,tmin,2025-02-01,34,9,1,0.03125
consecutive_le24h,tmin,2025-02-02,34,9,1,0.0
consecutive_le24h,tmin,2025-02-03,34,9,1,0.0625
consecutive_le24h,tmin,2025-02-04,34,9,1,0.0625
consecutive_le24h,tmin,2025-02-05,34,9,1,0.0
consecutive_le24h,tmin,2025-02-06,34,9,1,0.0625
consecutive_le24h,tmin,2025-02-07,34,9,1,0.09375
consecutive_le24h,tmin,2025-02-08,34,9,1,0.03125
consecutive_le24h,tmin,2025-02-09,34,9,1,0.0
consecutive_le24h,tmin,2025-02-10,34,9,1,0.03125
consecutive_le24h,tmin,2025-02-11,34,9,1,0.0
consecutive_le24h,tmin,2025-02-12,34,9,1,0.0
consecutive_le24h,tmin,2025-02-13,34,9,1,0.09375
consecutive_le24h,tmin,2025-02-14,34,9,1,0.0
consecutive_le24h,tmin,2025-02-15,34,9,1,0.03125
consecutive_le24h,tmin,2025-02-16,34,9,1,0.0625
consecutive_le24h,tmin,2025-02-17,34,9,1,0.03125
consecutive_le24h,tmin,2025-02-18,34,9,1,0.0
consecutive_le24h,tmin,2025-02-19,33,9,1,0.0
consecutive_le24h,tmin,2025-02-20,32,9,1,0.03333333333333333
consecutive_le24h,tmin,2025-02-21,32,9,1,0.03333333333333333
consecutive_le24h,tmin,2025-02-22,32,9,1,0.0
consecutive_le24h,tmin,2025-02-23,32,9,1,0.0
consecutive_le24h,tmin,2025-02-24,32,9,1,0.0
consecutive_le24h,tmin,2025-02-25,32,9,1,0.0
consecutive_le24h,tmin,2025-02-26,32,9,1,0.0
consecutive_le24h,tmin,2025-02-27,33,9,1,0.0
consecutive_le24h,tmin,2025-02-28,34,9,1,0.0
consecutive_le24h,tmin,2025-03-01,34,9,1,0.0
consecutive_le24h,tmin,2025-03-02,34,9,1,0.0
consecutive_le24h,tmin,2025-03-03,33,9,1,0.0
consecutive_le24h,tmin,2025-03-04,33,9,1,0.06451612903225806
consecutive_le24h,tmin,2025-03-05,33,9,1,0.0
consecutive_le24h,tmin,2025-03-06,33,9,1,0.06451612903225806
consecutive_le24h,tmin,2025-03-07,33,9,1,0.0
consecutive_le24h,tmin,2025-03-08,32,9,1,0.0
consecutive_le24h,tmin,2025-03-09,32,9,1,0.0
consecutive_le24h,tmin,2025-03-10,32,9,1,0.03333333333333333
consecutive_le24h,tmin,2025-03-11,33,9,1,0.03225806451612903
consecutive_le24h,tmin,2025-03-12,33,9,1,0.03225806451612903
consecutive_le24h,tmin,2025-03-13,33,9,1,0.06451612903225806
consecutive_le24h,tmin,2025-03-14,33,9,1,0.0
consecutive_le24h,tmin,2025-03-15,33,9,1,0.0
consecutive_le24h,tmin,2025-03-16,34,9,1,0.0
consecutive_le24h,tmin,2025-03-17,34,9,1,0.0
consecutive_le24h,tmin,2025-03-18,34,9,1,0.0
consecutive_le24h,tmin,2025-03-19,34,9,1,0.0
consecutive_le24h,tmin,2025-03-20,34,9,1,0.0
consecutive_le24h,tmin,2025-03-21,34,9,1,0.0
consecutive_le24h,tmin,2025-03-22,34,9,1,0.0
consecutive_le24h,tmin,2025-03-23,34,9,1,0.0
consecutive_le24h,tmin,2025-03-24,33,9,1,0.03225806451612903
consecutive_le24h,tmin,2025-03-25,32,9,1,0.03333333333333333
consecutive_le24h,tmin,2025-03-26,32,9,1,0.03333333333333333
consecutive_le24h,tmin,2025-03-27,32,9,1,0.03333333333333333
consecutive_le24h,tmin,2025-03-28,32,9,1,0.03333333333333333
consecutive_le24h,tmin,2025-03-29,32,9,1,0.1
consecutive_le24h,tmin,2025-03-30,32,9,1,0.06666666666666667
consecutive_le24h,tmin,2025-03-31,32,9,1,0.0
consecutive_le24h,tmin,2025-04-01,33,9,1,0.0
consecutive_le24h,tmin,2025-04-02,34,9,1,0.0
consecutive_le24h,tmin,2025-04-03,34,9,1,0.0
consecutive_le24h,tmin,2025-04-04,33,9,1,0.0
consecutive_le24h,tmin,2025-04-05,33,9,1,0.03225806451612903
consecutive_le24h,tmin,2025-04-06,33,9,1,0.0
consecutive_le24h,tmin,2025-04-07,33,9,1,0.0
consecutive_le24h,tmin,2025-04-08,32,9,1,0.0
consecutive_le24h,tmin,2025-04-09,32,9,1,0.1
consecutive_le24h,tmin,2025-04-10,32,9,1,0.03333333333333333
consecutive_le24h,tmin,2025-04-11,32,9,1,0.03333333333333333
consecutive_le24h,tmin,2025-04-12,33,9,1,0.0
consecutive_le24h,tmin,2025-04-13,33,9,1,0.0
consecutive_le24h,tmin,2025-04-14,33,9,1,0.06451612903225806
consecutive_le24h,tmin,2025-04-15,33,9,1,0.0
consecutive_le24h,tmin,2025-04-16,34,9,1,0.0
consecutive_le24h,tmin,2025-04-17,34,9,1,0.0
consecutive_le24h,tmin,2025-04-18,34,9,1,0.0
consecutive_le24h,tmin,2025-04-19,34,9,1,0.0
consecutive_le24h,tmin,2025-04-20,34,9,1,0.0
consecutive_le24h,tmin,2025-04-21,34,9,1,0.0
consecutive_le24h,tmin,2025-04-22,34,9,1,0.0
consecutive_le24h,tmin,2025-04-23,34,9,1,0.03125
consecutive_le24h,tmin,2025-04-24,34,9,1,0.0
consecutive_le24h,tmin,2025-04-25,34,9,1,0.0
consecutive_le24h,tmin,2025-04-26,34,9,1,0.03125
consecutive_le24h,tmin,2025-04-27,34,9,1,0.0625
consecutive_le24h,tmin,2025-04-28,34,9,1,0.0625
consecutive_le24h,tmin,2025-04-29,34,9,1,0.03125
consecutive_le24h,tmin,2025-04-30,34,9,1,0.0
consecutive_le24h,tmin,2025-05-01,33,9,1,0.03225806451612903
consecutive_le24h,tmin,2025-05-02,33,9,1,0.03225806451612903
consecutive_le24h,tmin,2025-05-03,33,9,1,0.03225806451612903
consecutive_le24h,tmin,2025-05-04,33,9,1,0.0
consecutive_le24h,tmin,2025-05-05,33,9,1,0.0
consecutive_le24h,tmin,2025-05-06,33,9,1,0.0
consecutive_le24h,tmin,2025-05-07,33,9,1,0.0
consecutive_le24h,tmin,2025-05-08,33,9,1,0.0967741935483871
consecutive_le24h,tmin,2025-05-09,34,9,1,0.03125
consecutive_le24h,tmin,2025-05-10,34,9,1,0.0
consecutive_le24h,tmin,2025-05-11,34,9,1,0.0
consecutive_le24h,tmin,2025-05-12,34,9,1,0.09375
consecutive_le24h,tmin,2025-05-13,34,9,1,0.0625
consecutive_le24h,tmin,2025-05-14,34,9,1,0.0
consecutive_le24h,tmin,2025-05-15,34,9,1,0.03125
consecutive_le24h,tmin,2025-05-16,34,9,1,0.0
consecutive_le24h,tmin,2025-05-17,33,9,1,0.03225806451612903
consecutive_le24h,tmin,2025-05-18,31,9,1,0.0
consecutive_le24h,tmin,2025-05-19,31,9,1,0.0
consecutive_le24h,tmin,2025-05-20,30,9,1,0.0
consecutive_le24h,tmin,2025-05-21,30,9,1,0.0
consecutive_le24h,tmin,2025-05-22,30,9,1,0.0
consecutive_le24h,tmin,2025-05-23,30,9,1,0.0
consecutive_le24h,tmin,2025-05-24,30,9,1,0.0
consecutive_le24h,tmin,2025-05-25,31,9,1,0.0
consecutive_le24h,tmin,2025-05-26,33,9,1,0.06451612903225806
consecutive_le24h,tmin,2025-05-27,33,9,1,0.0
consecutive_le24h,tmin,2025-05-28,34,9,1,0.0625
consecutive_le24h,tmin,2025-05-29,34,9,1,0.0
consecutive_le24h,tmin,2025-05-30,34,9,1,0.0
consecutive_le24h,tmin,2025-05-31,34,9,1,0.0
consecutive_le24h,tmin,2025-06-01,34,9,1,0.0
consecutive_le24h,tmin,2025-06-02,34,9,1,0.0
consecutive_le24h,tmin,2025-06-03,34,9,1,0.0
consecutive_le24h,tmin,2025-06-04,34,9,1,0.0
consecutive_le24h,tmin,2025-06-05,34,9,1,0.0
consecutive_le24h,tmin,2025-06-06,34,9,1,0.0625
consecutive_le24h,tmin,2025-06-07,35,9,1,0.030303030303030304
consecutive_le24h,tmin,2025-06-08,34,9,1,0.0
consecutive_le24h,tmin,2025-06-09,34,9,1,0.0
consecutive_le24h,tmin,2025-06-10,34,9,1,0.0
consecutive_le24h,tmin,2025-06-11,34,9,1,0.0
consecutive_le24h,tmin,2025-06-12,34,9,1,0.0
consecutive_le24h,tmin,2025-06-13,34,9,1,0.0
consecutive_le24h,tmin,2025-06-14,34,9,1,0.0
consecutive_le24h,tmin,2025-06-15,34,9,1,0.0
consecutive_le24h,tmin,2025-06-16,34,9,1,0.0
consecutive_le24h,tmin,2025-06-17,34,9,1,0.03125
consecutive_le24h,tmin,2025-06-18,34,9,1,0.0
consecutive_le24h,tmin,2025-06-19,34,9,1,0.09375
consecutive_le24h,tmin,2025-06-20,34,9,1,0.0
consecutive_le24h,tmin,2025-06-21,34,9,1,0.0
consecutive_le24h,tmin,2025-06-22,34,9,1,0.0
consecutive_le24h,tmin,2025-06-23,34,9,1,0.0
consecutive_le24h,tmin,2025-06-24,34,9,1,0.0
consecutive_le24h,tmin,2025-06-25,34,9,1,0.0
consecutive_le24h,tmin,2025-06-26,34,9,1,0.0
consecutive_le24h,tmin,2025-06-27,34,9,1,0.0
consecutive_le24h,tmin,2025-06-28,34,9,1,0.0
consecutive_le24h,tmin,2025-06-29,34,9,1,0.0
consecutive_le24h,tmin,2025-06-30,34,9,1,0.0
consecutive_le24h,tmin,2025-07-01,34,9,1,0.0
consecutive_le24h,tmin,2025-07-02,34,9,1,0.0
consecutive_le24h,tmin,2025-07-03,34,9,1,0.0625
consecutive_le24h,tmin,2025-07-04,34,9,1,0.09375
consecutive_le24h,tmin,2025-07-05,33,9,1,0.03225806451612903
consecutive_le24h,tmin,2025-07-06,33,9,1,0.03225806451612903
consecutive_le24h,tmin,2025-07-07,33,9,1,0.03225806451612903
consecutive_le24h,tmin,2025-07-08,33,9,1,0.0
consecutive_le24h,tmin,2025-07-09,33,9,1,0.0
consecutive_le24h,tmin,2025-07-10,33,9,1,0.06451612903225806
consecutive_le24h,tmin,2025-07-11,33,9,1,0.0
consecutive_le24h,tmin,2025-07-12,33,9,1,0.0
consecutive_le24h,tmin,2025-07-13,34,9,1,0.0
consecutive_le24h,tmin,2025-07-14,34,9,1,0.0
consecutive_le24h,tmin,2025-07-15,34,9,1,0.0
consecutive_le24h,tmin,2025-07-16,34,9,1,0.0
consecutive_le24h,tmin,2025-07-17,34,9,1,0.0625
consecutive_le24h,tmin,2025-07-18,33,9,1,0.0
consecutive_le24h,tmin,2025-07-19,33,9,1,0.0
consecutive_le24h,tmin,2025-07-20,33,9,1,0.0
consecutive_le24h,tmin,2025-07-21,33,9,1,0.03225806451612903
consecutive_le24h,tmin,2025-07-22,33,9,1,0.03225806451612903
consecutive_le24h,tmin,2025-07-23,33,9,1,0.0
consecutive_le24h,tmin,2025-07-24,33,9,1,0.03225806451612903
consecutive_le24h,tmin,2025-07-25,33,9,1,0.06451612903225806
consecutive_le24h,tmin,2025-07-26,34,9,1,0.03125
consecutive_le24h,tmin,2025-07-27,34,9,1,0.0
consecutive_le24h,tmin,2025-07-28,34,9,1,0.0
consecutive_le24h,tmin,2025-07-29,34,9,1,0.0
consecutive_le24h,tmin,2025-07-30,34,9,1,0.0625
consecutive_le24h,tmin,2025-07-31,34,9,1,0.09375
consecutive_le24h,tmin,2025-08-01,34,9,1,0.0625
consecutive_le24h,tmin,2025-08-02,34,9,1,0.0
consecutive_le24h,tmin,2025-08-03,34,9,1,0.0
consecutive_le24h,tmin,2025-08-04,34,9,1,0.0
consecutive_le24h,tmin,2025-08-05,34,9,1,0.0
consecutive_le24h,tmin,2025-08-06,34,9,1,0.0
consecutive_le24h,tmin,2025-08-07,34,9,1,0.0
consecutive_le24h,tmin,2025-08-08,34,9,1,0.0
consecutive_le24h,tmin,2025-08-09,34,9,1,0.0625
consecutive_le24h,tmin,2025-08-10,33,9,1,0.06451612903225806
consecutive_le24h,tmin,2025-08-11,32,9,1,0.0
consecutive_le24h,tmin,2025-08-12,32,9,1,0.0
consecutive_le24h,tmin,2025-08-13,32,9,1,0.0
consecutive_le24h,tmin,2025-08-14,32,9,1,0.0
consecutive_le24h,tmin,2025-08-15,32,9,1,0.03333333333333333
consecutive_le24h,tmin,2025-08-16,32,9,1,0.06666666666666667
consecutive_le24h,tmin,2025-08-17,32,9,1,0.03333333333333333
consecutive_le24h,tmin,2025-08-18,33,9,1,0.0
consecutive_le24h,tmin,2025-08-19,34,9,1,0.0
consecutive_le24h,tmin,2025-08-20,34,9,1,0.0
consecutive_le24h,tmin,2025-08-21,34,9,1,0.0
consecutive_le24h,tmin,2025-08-22,34,9,1,0.0
consecutive_le24h,tmin,2025-08-23,34,9,1,0.03125
consecutive_le24h,tmin,2025-08-24,34,9,1,0.0
consecutive_le24h,tmin,2025-08-25,34,9,1,0.125
consecutive_le24h,tmin,2025-08-26,34,9,1,0.03125
consecutive_le24h,tmin,2025-08-27,34,9,1,0.03125
consecutive_le24h,tmin,2025-08-28,34,9,1,0.0
consecutive_le24h,tmin,2025-08-29,34,9,1,0.0
consecutive_le24h,tmin,2025-08-30,34,9,1,0.03125
consecutive_le24h,tmin,2025-08-31,34,9,1,0.03125
consecutive_le24h,tmin,2025-09-01,34,9,1,0.0
consecutive_le24h,tmin,2025-09-02,34,9,1,0.0
consecutive_le24h,tmin,2025-09-03,34,9,1,0.0
consecutive_le24h,tmin,2025-09-04,34,9,1,0.0
consecutive_le24h,tmin,2025-09-05,34,9,1,0.0
consecutive_le24h,tmin,2025-09-06,34,9,1,0.0
consecutive_le24h,tmin,2025-09-07,34,9,1,0.0
consecutive_le24h,tmin,2025-09-08,34,9,1,0.0
consecutive_le24h,tmin,2025-09-09,34,9,1,0.0
consecutive_le24h,tmin,2025-09-10,34,9,1,0.03125
consecutive_le24h,tmin,2025-09-11,34,9,1,0.0
consecutive_le24h,tmin,2025-09-12,34,9,1,0.0
consecutive_le24h,tmin,2025-09-13,33,9,1,0.0
consecutive_le24h,tmin,2025-09-14,32,9,1,0.0
consecutive_le24h,tmin,2025-09-15,31,9,1,0.0
consecutive_le24h,tmin,2025-09-16,31,9,1,0.10344827586206896
consecutive_le24h,tmin,2025-09-17,31,9,1,0.034482758620689655
consecutive_le24h,tmin,2025-09-18,31,9,1,0.06896551724137931
consecutive_le24h,tmin,2025-09-19,31,9,1,0.034482758620689655
consecutive_le24h,tmin,2025-09-20,30,9,1,0.03571428571428571
consecutive_le24h,tmin,2025-09-21,31,9,1,0.0
consecutive_le24h,tmin,2025-09-22,32,9,1,0.0
consecutive_le24h,tmin,2025-09-23,33,9,1,0.0
consecutive_le24h,tmin,2025-09-24,33,9,1,0.0
consecutive_le24h,tmin,2025-09-25,33,9,1,0.0
consecutive_le24h,tmin,2025-09-26,33,9,1,0.0
consecutive_le24h,tmin,2025-09-27,33,9,1,0.06451612903225806
consecutive_le24h,tmin,2025-09-28,33,9,1,0.0
consecutive_le24h,tmin,2025-09-29,34,9,1,0.0
consecutive_le24h,tmin,2025-09-30,34,9,1,0.0
consecutive_le24h,tmin,2025-10-01,34,9,1,0.0
consecutive_le24h,tmin,2025-10-02,34,9,1,0.0
consecutive_le24h,tmin,2025-10-03,34,9,1,0.0
consecutive_le24h,tmin,2025-10-04,33,9,1,0.0
consecutive_le24h,tmin,2025-10-05,33,9,1,0.03225806451612903
consecutive_le24h,tmin,2025-10-06,33,9,1,0.0
consecutive_le24h,tmin,2025-10-07,33,9,1,0.03225806451612903
consecutive_le24h,tmin,2025-10-08,33,9,1,0.03225806451612903
consecutive_le24h,tmin,2025-10-09,33,9,1,0.03225806451612903
consecutive_le24h,tmin,2025-10-10,33,9,1,0.06451612903225806
consecutive_le24h,tmin,2025-10-11,33,9,1,0.03225806451612903
consecutive_le24h,tmin,2025-10-12,34,9,1,0.0
consecutive_le24h,tmin,2025-10-13,34,9,1,0.0625
consecutive_le24h,tmin,2025-10-14,35,9,1,0.030303030303030304
consecutive_le24h,tmin,2025-10-15,34,9,1,0.0625
consecutive_le24h,tmin,2025-10-16,33,9,1,0.03225806451612903
consecutive_le24h,tmin,2025-10-17,33,9,1,0.0
consecutive_le24h,tmin,2025-10-18,33,9,1,0.0
consecutive_le24h,tmin,2025-10-19,33,9,1,0.0
consecutive_le24h,tmin,2025-10-20,33,9,1,0.0
consecutive_le24h,tmin,2025-10-21,33,9,1,0.0
consecutive_le24h,tmin,2025-10-22,33,9,1,0.0
consecutive_le24h,tmin,2025-10-23,33,9,1,0.06451612903225806
consecutive_le24h,tmin,2025-10-24,34,9,1,0.0
consecutive_le24h,tmin,2025-10-25,34,9,1,0.03125
consecutive_le24h,tmin,2025-10-26,34,9,1,0.09375
consecutive_le24h,tmin,2025-10-27,34,9,1,0.0625
consecutive_le24h,tmin,2025-10-28,34,9,1,0.0625
consecutive_le24h,tmin,2025-10-29,34,9,1,0.03125
consecutive_le24h,tmin,2025-10-30,34,9,1,0.0625
consecutive_le24h,tmin,2025-10-31,34,9,1,0.0
consecutive_le24h,tmin,2025-11-01,34,9,1,0.0
consecutive_le24h,tmin,2025-11-02,34,9,1,0.0
consecutive_le24h,tmin,2025-11-03,34,9,1,0.03125
consecutive_le24h,tmin,2025-11-04,34,9,1,0.03125
consecutive_le24h,tmin,2025-11-05,34,9,1,0.03125
consecutive_le24h,tmin,2025-11-06,34,9,1,0.03125
consecutive_le24h,tmin,2025-11-07,34,9,1,0.0
consecutive_le24h,tmin,2025-11-08,34,9,1,0.03125
consecutive_le24h,tmin,2025-11-09,34,9,1,0.03125
consecutive_le24h,tmin,2025-11-10,34,9,1,0.0
consecutive_le24h,tmin,2025-11-11,34,9,1,0.03125
consecutive_le24h,tmin,2025-11-12,34,9,1,0.0
consecutive_le24h,tmin,2025-11-13,34,9,1,0.0
consecutive_le24h,tmin,2025-11-14,34,9,1,0.03125
consecutive_le24h,tmin,2025-11-15,34,9,1,0.03125
consecutive_le24h,tmin,2025-11-16,34,9,1,0.0
consecutive_le24h,tmin,2025-11-17,34,9,1,0.03125
consecutive_le24h,tmin,2025-11-18,34,9,1,0.0
consecutive_le24h,tmin,2025-11-19,34,9,1,0.03125
consecutive_le24h,tmin,2025-11-20,34,9,1,0.0625
consecutive_le24h,tmin,2025-11-21,34,9,1,0.0
consecutive_le24h,tmin,2025-11-22,34,9,1,0.03125
consecutive_le24h,tmin,2025-11-23,34,9,1,0.0
consecutive_le24h,tmin,2025-11-24,33,9,1,0.0
consecutive_le24h,tmin,2025-11-25,33,9,1,0.06451612903225806
consecutive_le24h,tmin,2025-11-26,33,9,1,0.0
consecutive_le24h,tmin,2025-11-27,32,9,1,0.0
consecutive_le24h,tmin,2025-11-28,32,9,1,0.0
consecutive_le24h,tmin,2025-11-29,32,9,1,0.03333333333333333
consecutive_le24h,tmin,2025-11-30,32,9,1,0.0
consecutive_le24h,tmin,2025-12-01,32,9,1,0.0
consecutive_le24h,tmin,2025-12-02,33,9,1,0.0
consecutive_le24h,tmin,2025-12-03,33,9,1,0.0967741935483871
consecutive_le24h,tmin,2025-12-04,33,9,1,0.0967741935483871
consecutive_le24h,tmin,2025-12-05,34,9,1,0.125
consecutive_le24h,tmin,2025-12-06,34,9,1,0.0625
consecutive_le24h,tmin,2025-12-07,34,9,1,0.0
consecutive_le24h,tmin,2025-12-08,33,9,1,0.03225806451612903
consecutive_le24h,tmin,2025-12-09,33,9,1,0.0
consecutive_le24h,tmin,2025-12-10,33,9,1,0.16129032258064516
consecutive_le24h,tmin,2025-12-11,33,9,1,0.03225806451612903
consecutive_le24h,tmin,2025-12-12,33,9,1,0.0
consecutive_le24h,tmin,2025-12-13,33,9,1,0.0967741935483871
consecutive_le24h,tmin,2025-12-14,33,9,1,0.0
consecutive_le24h,tmin,2025-12-15,33,9,1,0.0
consecutive_le24h,tmin,2025-12-16,34,9,1,0.03125
consecutive_le24h,tmin,2025-12-17,34,9,1,0.0
consecutive_le24h,tmin,2025-12-18,34,9,1,0.03125
consecutive_le24h,tmin,2025-12-19,34,9,1,0.0
consecutive_le24h,tmin,2025-12-20,34,9,1,0.0
consecutive_le24h,tmin,2025-12-21,34,9,1,0.0
consecutive_le24h,tmin,2025-12-22,34,9,1,0.0
consecutive_le24h,tmin,2025-12-23,34,9,1,0.0
consecutive_le24h,tmin,2025-12-24,34,9,1,0.0
consecutive_le24h,tmin,2025-12-25,34,9,1,0.0
consecutive_le24h,tmin,2025-12-26,34,9,1,0.0
consecutive_le24h,tmin,2025-12-27,34,9,1,0.0
consecutive_le24h,tmin,2025-12-28,34,9,1,0.0
consecutive_le24h,tmin,2025-12-29,34,9,1,0.0
consecutive_le24h,tmin,2025-12-30,33,9,1,0.06451612903225806
consecutive_le24h,tmin,2025-12-31,33,9,1,0.03225806451612903
consecutive_le24h,tmax,2022-01-02,4,1,1,0.0
consecutive_le24h,tmax,2022-01-03,8,2,1,0.0
consecutive_le24h,tmax,2022-01-04,11,3,1,0.0
consecutive_le24h,tmax,2022-01-05,14,4,1,0.0
consecutive_le24h,tmax,2022-01-06,18,5,1,0.0625
consecutive_le24h,tmax,2022-01-07,22,6,1,0.0
consecutive_le24h,tmax,2022-01-08,26,7,1,0.041666666666666664
consecutive_le24h,tmax,2022-01-09,30,8,1,0.07142857142857142
consecutive_le24h,tmax,2022-01-10,32,9,1,0.0
consecutive_le24h,tmax,2022-01-11,32,9,1,0.03333333333333333
consecutive_le24h,tmax,2022-01-12,33,9,1,0.0
consecutive_le24h,tmax,2022-01-13,34,9,1,0.03125
consecutive_le24h,tmax,2022-01-14,34,9,1,0.0
consecutive_le24h,tmax,2022-01-15,34,9,1,0.09375
consecutive_le24h,tmax,2022-01-16,33,9,1,0.03225806451612903
consecutive_le24h,tmax,2022-01-17,33,9,1,0.0967741935483871
consecutive_le24h,tmax,2022-01-18,33,9,1,0.0
consecutive_le24h,tmax,2022-01-19,33,9,1,0.03225806451612903
consecutive_le24h,tmax,2022-01-20,33,9,1,0.03225806451612903
consecutive_le24h,tmax,2022-01-21,33,9,1,0.03225806451612903
consecutive_le24h,tmax,2022-01-22,33,9,1,0.0
consecutive_le24h,tmax,2022-01-23,33,9,1,0.03225806451612903
consecutive_le24h,tmax,2022-01-24,33,9,1,0.03225806451612903
consecutive_le24h,tmax,2022-01-25,33,9,1,0.06451612903225806
consecutive_le24h,tmax,2022-01-26,33,9,1,0.0
consecutive_le24h,tmax,2022-01-27,33,9,1,0.0
consecutive_le24h,tmax,2022-01-28,33,9,1,0.0
consecutive_le24h,tmax,2022-01-29,33,9,1,0.0
consecutive_le24h,tmax,2022-01-30,33,9,1,0.0
consecutive_le24h,tmax,2022-01-31,33,9,1,0.03225806451612903
consecutive_le24h,tmax,2022-02-01,34,9,1,0.0
consecutive_le24h,tmax,2022-02-02,34,9,1,0.09375
consecutive_le24h,tmax,2022-02-03,34,9,1,0.09375
consecutive_le24h,tmax,2022-02-04,34,9,1,0.0625
consecutive_le24h,tmax,2022-02-05,34,9,1,0.03125
consecutive_le24h,tmax,2022-02-06,34,9,1,0.0
consecutive_le24h,tmax,2022-02-07,34,9,1,0.03125
consecutive_le24h,tmax,2022-02-08,34,9,1,0.0
consecutive_le24h,tmax,2022-02-09,34,9,1,0.03125
consecutive_le24h,tmax,2022-02-10,34,9,1,0.0625
consecutive_le24h,tmax,2022-02-11,34,9,1,0.0
consecutive_le24h,tmax,2022-02-12,34,9,1,0.0
consecutive_le24h,tmax,2022-02-13,33,9,1,0.12903225806451613
consecutive_le24h,tmax,2022-02-14,33,9,1,0.0
consecutive_le24h,tmax,2022-02-15,33,9,1,0.0
consecutive_le24h,tmax,2022-02-16,33,9,1,0.06451612903225806
consecutive_le24h,tmax,2022-02-17,33,9,1,0.0967741935483871
consecutive_le24h,tmax,2022-02-18,33,9,1,0.03225806451612903
consecutive_le24h,tmax,2022-02-19,33,9,1,0.0
consecutive_le24h,tmax,2022-02-20,33,9,1,0.0
consecutive_le24h,tmax,2022-02-21,33,9,1,0.0
consecutive_le24h,tmax,2022-02-22,33,9,1,0.0
consecutive_le24h,tmax,2022-02-23,33,9,1,0.06451612903225806
consecutive_le24h,tmax,2022-02-24,33,9,1,0.03225806451612903
consecutive_le24h,tmax,2022-02-25,33,9,1,0.03225806451612903
consecutive_le24h,tmax,2022-02-26,33,9,1,0.0
consecutive_le24h,tmax,2022-02-27,32,9,1,0.03333333333333333
consecutive_le24h,tmax,2022-02-28,32,9,1,0.03333333333333333
consecutive_le24h,tmax,2022-03-01,33,9,1,0.0
consecutive_le24h,tmax,2022-03-02,33,9,1,0.03225806451612903
consecutive_le24h,tmax,2022-03-03,33,9,1,0.0967741935483871
consecutive_le24h,tmax,2022-03-04,32,9,1,0.03333333333333333
consecutive_le24h,tmax,2022-03-05,32,9,1,0.0
consecutive_le24h,tmax,2022-03-06,32,9,1,0.03333333333333333
consecutive_le24h,tmax,2022-03-07,33,9,1,0.0
consecutive_le24h,tmax,2022-03-08,33,9,1,0.0
consecutive_le24h,tmax,2022-03-09,33,9,1,0.03225806451612903
consecutive_le24h,tmax,2022-03-10,33,9,1,0.06451612903225806
consecutive_le24h,tmax,2022-03-11,33,9,1,0.0
consecutive_le24h,tmax,2022-03-12,34,9,1,0.0
consecutive_le24h,tmax,2022-03-13,34,9,1,0.0
consecutive_le24h,tmax,2022-03-14,34,9,1,0.03125
consecutive_le24h,tmax,2022-03-15,34,9,1,0.0
consecutive_le24h,tmax,2022-03-16,34,9,1,0.03125
consecutive_le24h,tmax,2022-03-17,33,9,1,0.06451612903225806
consecutive_le24h,tmax,2022-03-18,33,9,1,0.0
consecutive_le24h,tmax,2022-03-19,33,9,1,0.03225806451612903
consecutive_le24h,tmax,2022-03-20,33,9,1,0.06451612903225806
consecutive_le24h,tmax,2022-03-21,33,9,1,0.06451612903225806
consecutive_le24h,tmax,2022-03-22,33,9,1,0.0967741935483871
consecutive_le24h,tmax,2022-03-23,33,9,1,0.0967741935483871
consecutive_le24h,tmax,2022-03-24,33,9,1,0.0967741935483871
consecutive_le24h,tmax,2022-03-25,34,9,1,0.0625
consecutive_le24h,tmax,2022-03-26,34,9,1,0.125
consecutive_le24h,tmax,2022-03-27,34,9,1,0.09375
consecutive_le24h,tmax,2022-03-28,34,9,1,0.0625
consecutive_le24h,tmax,2022-03-29,34,9,1,0.09375
consecutive_le24h,tmax,2022-03-30,34,9,1,0.09375
consecutive_le24h,tmax,2022-03-31,34,9,1,0.0
consecutive_le24h,tmax,2022-04-01,34,9,1,0.03125
consecutive_le24h,tmax,2022-04-02,34,9,1,0.0
consecutive_le24h,tmax,2022-04-03,35,9,1,0.030303030303030304
consecutive_le24h,tmax,2022-04-04,35,9,1,0.030303030303030304
consecutive_le24h,tmax,2022-04-05,34,9,1,0.03125
consecutive_le24h,tmax,2022-04-06,34,9,1,0.0625
consecutive_le24h,tmax,2022-04-07,34,9,1,0.0
consecutive_le24h,tmax,2022-04-08,33,9,1,0.0
consecutive_le24h,tmax,2022-04-09,33,9,1,0.03225806451612903
consecutive_le24h,tmax,2022-04-10,33,9,1,0.03225806451612903
consecutive_le24h,tmax,2022-04-11,32,9,1,0.06666666666666667
consecutive_le24h,tmax,2022-04-12,32,9,1,0.0
consecutive_le24h,tmax,2022-04-13,32,9,1,0.0
consecutive_le24h,tmax,2022-04-14,33,9,1,0.03225806451612903
consecutive_le24h,tmax,2022-04-15,33,9,1,0.0967741935483871
consecutive_le24h,tmax,2022-04-16,33,9,1,0.06451612903225806
consecutive_le24h,tmax,2022-04-17,33,9,1,0.06451612903225806
consecutive_le24h,tmax,2022-04-18,33,9,1,0.12903225806451613
consecutive_le24h,tmax,2022-04-19,34,9,1,0.03125
consecutive_le24h,tmax,2022-04-20,34,9,1,0.0
consecutive_le24h,tmax,2022-04-21,34,9,1,0.09375
consecutive_le24h,tmax,2022-04-22,34,9,1,0.03125
consecutive_le24h,tmax,2022-04-23,33,9,1,0.03225806451612903
consecutive_le24h,tmax,2022-04-24,33,9,1,0.0967741935483871
consecutive_le24h,tmax,2022-04-25,33,9,1,0.0
consecutive_le24h,tmax,2022-04-26,33,9,1,0.0
consecutive_le24h,tmax,2022-04-27,32,9,1,0.0
consecutive_le24h,tmax,2022-04-28,32,9,1,0.03333333333333333
consecutive_le24h,tmax,2022-04-29,32,9,1,0.0
consecutive_le24h,tmax,2022-04-30,33,9,1,0.06451612903225806
consecutive_le24h,tmax,2022-05-01,33,9,1,0.0
consecutive_le24h,tmax,2022-05-02,33,9,1,0.0
consecutive_le24h,tmax,2022-05-03,34,9,1,0.125
consecutive_le24h,tmax,2022-05-04,33,9,1,0.0967741935483871
consecutive_le24h,tmax,2022-05-05,34,9,1,0.0625
consecutive_le24h,tmax,2022-05-06,33,9,1,0.0
consecutive_le24h,tmax,2022-05-07,33,9,1,0.03225806451612903
consecutive_le24h,tmax,2022-05-08,32,9,1,0.0
consecutive_le24h,tmax,2022-05-09,32,9,1,0.0
consecutive_le24h,tmax,2022-05-10,32,9,1,0.0
consecutive_le24h,tmax,2022-05-11,33,9,1,0.06451612903225806
consecutive_le24h,tmax,2022-05-12,32,9,1,0.1
consecutive_le24h,tmax,2022-05-13,32,9,1,0.1
consecutive_le24h,tmax,2022-05-14,33,9,1,0.12903225806451613
consecutive_le24h,tmax,2022-05-15,33,9,1,0.0967741935483871
consecutive_le24h,tmax,2022-05-16,34,9,1,0.0
consecutive_le24h,tmax,2022-05-17,34,9,1,0.0625
consecutive_le24h,tmax,2022-05-18,34,9,1,0.0
consecutive_le24h,tmax,2022-05-19,34,9,1,0.03125
consecutive_le24h,tmax,2022-05-20,34,9,1,0.03125
consecutive_le24h,tmax,2022-05-21,34,9,1,0.03125
consecutive_le24h,tmax,2022-05-22,34,9,1,0.03125
consecutive_le24h,tmax,2022-05-23,34,9,1,0.09375
consecutive_le24h,tmax,2022-05-24,34,9,1,0.03125
consecutive_le24h,tmax,2022-05-25,33,9,1,0.03225806451612903
consecutive_le24h,tmax,2022-05-26,33,9,1,0.03225806451612903
consecutive_le24h,tmax,2022-05-27,33,9,1,0.03225806451612903
consecutive_le24h,tmax,2022-05-28,33,9,1,0.03225806451612903
consecutive_le24h,tmax,2022-05-29,33,9,1,0.0
consecutive_le24h,tmax,2022-05-30,33,9,1,0.03225806451612903
consecutive_le24h,tmax,2022-05-31,33,9,1,0.0
consecutive_le24h,tmax,2022-06-01,32,9,1,0.03333333333333333
consecutive_le24h,tmax,2022-06-02,32,9,1,0.0
consecutive_le24h,tmax,2022-06-03,32,9,1,0.03333333333333333
consecutive_le24h,tmax,2022-06-04,32,9,1,0.03333333333333333
consecutive_le24h,tmax,2022-06-05,32,9,1,0.0
consecutive_le24h,tmax,2022-06-06,32,9,1,0.06666666666666667
consecutive_le24h,tmax,2022-06-07,32,9,1,0.0
consecutive_le24h,tmax,2022-06-08,31,9,1,0.034482758620689655
consecutive_le24h,tmax,2022-06-09,32,9,1,0.0
consecutive_le24h,tmax,2022-06-10,33,9,1,0.0
consecutive_le24h,tmax,2022-06-11,33,9,1,0.03225806451612903
consecutive_le24h,tmax,2022-06-12,32,9,1,0.1
consecutive_le24h,tmax,2022-06-13,32,9,1,0.0
consecutive_le24h,tmax,2022-06-14,32,9,1,0.06666666666666667
consecutive_le24h,tmax,2022-06-15,32,9,1,0.0
consecutive_le24h,tmax,2022-06-16,33,9,1,0.0967741935483871
consecutive_le24h,tmax,2022-06-17,33,9,1,0.0
consecutive_le24h,tmax,2022-06-18,33,9,1,0.03225806451612903
consecutive_le24h,tmax,2022-06-19,33,9,1,0.03225806451612903
consecutive_le24h,tmax,2022-06-20,34,9,1,0.03125
consecutive_le24h,tmax,2022-06-21,34,9,1,0.03125
consecutive_le24h,tmax,2022-06-22,33,9,1,0.0
consecutive_le24h,tmax,2022-06-23,33,9,1,0.0
consecutive_le24h,tmax,2022-06-24,33,9,1,0.0
consecutive_le24h,tmax,2022-06-25,33,9,1,0.0
consecutive_le24h,tmax,2022-06-26,33,9,1,0.0
consecutive_le24h,tmax,2022-06-27,33,9,1,0.0
consecutive_le24h,tmax,2022-06-28,32,9,1,0.0
consecutive_le24h,tmax,2022-06-29,32,9,1,0.0
consecutive_le24h,tmax,2022-06-30,33,9,1,0.0
consecutive_le24h,tmax,2022-07-01,33,9,1,0.0
consecutive_le24h,tmax,2022-07-02,33,9,1,0.0
consecutive_le24h,tmax,2022-07-03,33,9,1,0.03225806451612903
consecutive_le24h,tmax,2022-07-04,33,9,1,0.06451612903225806
consecutive_le24h,tmax,2022-07-05,33,9,1,0.03225806451612903
consecutive_le24h,tmax,2022-07-06,34,9,1,0.0
consecutive_le24h,tmax,2022-07-07,34,9,1,0.03125
consecutive_le24h,tmax,2022-07-08,34,9,1,0.0
consecutive_le24h,tmax,2022-07-09,34,9,1,0.0
consecutive_le24h,tmax,2022-07-10,33,9,1,0.0
consecutive_le24h,tmax,2022-07-11,32,9,1,0.0
consecutive_le24h,tmax,2022-07-12,31,9,1,0.0
consecutive_le24h,tmax,2022-07-13,30,9,1,0.03571428571428571
consecutive_le24h,tmax,2022-07-14,28,9,1,0.038461538461538464
consecutive_le24h,tmax,2022-07-15,28,9,1,0.0
consecutive_le24h,tmax,2022-07-16,28,9,1,0.0
consecutive_le24h,tmax,2022-07-17,29,9,1,0.0
consecutive_le24h,tmax,2022-07-18,29,9,1,0.037037037037037035
consecutive_le24h,tmax,2022-07-19,30,9,1,0.03571428571428571
consecutive_le24h,tmax,2022-07-20,31,9,1,0.0
consecutive_le24h,tmax,2022-07-21,32,9,1,0.0
consecutive_le24h,tmax,2022-07-22,33,9,1,0.0
consecutive_le24h,tmax,2022-07-23,32,9,1,0.0
consecutive_le24h,tmax,2022-07-24,31,9,1,0.0
consecutive_le24h,tmax,2022-07-25,29,9,1,0.0
consecutive_le24h,tmax,2022-07-26,27,9,1,0.0
consecutive_le24h,tmax,2022-07-27,26,9,1,0.0
consecutive_le24h,tmax,2022-07-28,24,9,1,0.0
consecutive_le24h,tmax,2022-07-29,24,9,1,0.0
consecutive_le24h,tmax,2022-07-30,24,9,1,0.0
consecutive_le24h,tmax,2022-07-31,25,9,1,0.043478260869565216
consecutive_le24h,tmax,2022-08-01,26,9,1,0.08333333333333333
consecutive_le24h,tmax,2022-08-02,28,9,1,0.0
consecutive_le24h,tmax,2022-08-03,29,9,1,0.037037037037037035
consecutive_le24h,tmax,2022-08-04,30,9,1,0.03571428571428571
consecutive_le24h,tmax,2022-08-05,32,9,1,0.03333333333333333
consecutive_le24h,tmax,2022-08-06,33,9,1,0.0
consecutive_le24h,tmax,2022-08-07,33,9,1,0.0
consecutive_le24h,tmax,2022-08-08,33,9,1,0.0
consecutive_le24h,tmax,2022-08-09,33,9,1,0.0
consecutive_le24h,tmax,2022-08-10,33,9,1,0.06451612903225806
consecutive_le24h,tmax,2022-08-11,34,9,1,0.09375
consecutive_le24h,tmax,2022-08-12,34,9,1,0.0
consecutive_le24h,tmax,2022-08-13,34,9,1,0.0625
consecutive_le24h,tmax,2022-08-14,34,9,1,0.03125
consecutive_le24h,tmax,2022-08-15,34,9,1,0.0625
consecutive_le24h,tmax,2022-08-16,34,9,1,0.125
consecutive_le24h,tmax,2022-08-17,34,9,1,0.0
consecutive_le24h,tmax,2022-08-18,34,9,1,0.0
consecutive_le24h,tmax,2022-08-19,34,9,1,0.0625
consecutive_le24h,tmax,2022-08-20,34,9,1,0.0625
consecutive_le24h,tmax,2022-08-21,34,9,1,0.03125
consecutive_le24h,tmax,2022-08-22,34,9,1,0.0
consecutive_le24h,tmax,2022-08-23,33,9,1,0.0
consecutive_le24h,tmax,2022-08-24,33,9,1,0.0967741935483871
consecutive_le24h,tmax,2022-08-25,33,9,1,0.03225806451612903
consecutive_le24h,tmax,2022-08-26,33,9,1,0.06451612903225806
consecutive_le24h,tmax,2022-08-27,33,9,1,0.0
consecutive_le24h,tmax,2022-08-28,32,9,1,0.0
consecutive_le24h,tmax,2022-08-29,32,9,1,0.0
consecutive_le24h,tmax,2022-08-30,32,9,1,0.06666666666666667
consecutive_le24h,tmax,2022-08-31,33,9,1,0.06451612903225806
consecutive_le24h,tmax,2022-09-01,33,9,1,0.06451612903225806
consecutive_le24h,tmax,2022-09-02,33,9,1,0.0967741935483871
consecutive_le24h,tmax,2022-09-03,33,9,1,0.06451612903225806
consecutive_le24h,tmax,2022-09-04,33,9,1,0.03225806451612903
consecutive_le24h,tmax,2022-09-05,34,9,1,0.0
consecutive_le24h,tmax,2022-09-06,33,9,1,0.0
consecutive_le24h,tmax,2022-09-07,33,9,1,0.03225806451612903
consecutive_le24h,tmax,2022-09-08,32,9,1,0.06666666666666667
consecutive_le24h,tmax,2022-09-09,32,9,1,0.0
consecutive_le24h,tmax,2022-09-10,32,9,1,0.06666666666666667
consecutive_le24h,tmax,2022-09-11,31,9,1,0.06896551724137931
consecutive_le24h,tmax,2022-09-12,31,9,1,0.10344827586206896
consecutive_le24h,tmax,2022-09-13,31,9,1,0.0
consecutive_le24h,tmax,2022-09-14,32,9,1,0.0
consecutive_le24h,tmax,2022-09-15,32,9,1,0.0
consecutive_le24h,tmax,2022-09-16,33,9,1,0.0
consecutive_le24h,tmax,2022-09-17,33,9,1,0.0
consecutive_le24h,tmax,2022-09-18,33,9,1,0.03225806451612903
consecutive_le24h,tmax,2022-09-19,34,9,1,0.0
consecutive_le24h,tmax,2022-09-20,34,9,1,0.0
consecutive_le24h,tmax,2022-09-21,34,9,1,0.09375
consecutive_le24h,tmax,2022-09-22,34,9,1,0.0625
consecutive_le24h,tmax,2022-09-23,34,9,1,0.03125
consecutive_le24h,tmax,2022-09-24,34,9,1,0.0
consecutive_le24h,tmax,2022-09-25,34,9,1,0.03125
consecutive_le24h,tmax,2022-09-26,34,9,1,0.09375
consecutive_le24h,tmax,2022-09-27,34,9,1,0.09375
consecutive_le24h,tmax,2022-09-28,34,9,1,0.0625
consecutive_le24h,tmax,2022-09-29,35,9,1,0.06060606060606061
consecutive_le24h,tmax,2022-09-30,34,9,1,0.15625
consecutive_le24h,tmax,2022-10-01,34,9,1,0.09375
consecutive_le24h,tmax,2022-10-02,34,9,1,0.0
consecutive_le24h,tmax,2022-10-03,34,9,1,0.0
consecutive_le24h,tmax,2022-10-04,34,9,1,0.0
consecutive_le24h,tmax,2022-10-05,33,9,1,0.06451612903225806
consecutive_le24h,tmax,2022-10-06,33,9,1,0.06451612903225806
consecutive_le24h,tmax,2022-10-07,33,9,1,0.03225806451612903
consecutive_le24h,tmax,2022-10-08,33,9,1,0.0
consecutive_le24h,tmax,2022-10-09,33,9,1,0.0
consecutive_le24h,tmax,2022-10-10,33,9,1,0.0
consecutive_le24h,tmax,2022-10-11,33,9,1,0.0
consecutive_le24h,tmax,2022-10-12,33,9,1,0.06451612903225806
consecutive_le24h,tmax,2022-10-13,33,9,1,0.03225806451612903
consecutive_le24h,tmax,2022-10-14,33,9,1,0.06451612903225806
consecutive_le24h,tmax,2022-10-15,33,9,1,0.0
consecutive_le24h,tmax,2022-10-16,33,9,1,0.03225806451612903
consecutive_le24h,tmax,2022-10-17,32,9,1,0.0
consecutive_le24h,tmax,2022-10-18,32,9,1,0.0
consecutive_le24h,tmax,2022-10-19,32,9,1,0.03333333333333333
consecutive_le24h,tmax,2022-10-20,32,9,1,0.03333333333333333
consecutive_le24h,tmax,2022-10-21,33,9,1,0.03225806451612903
consecutive_le24h,tmax,2022-10-22,33,9,1,0.03225806451612903
consecutive_le24h,tmax,2022-10-23,33,9,1,0.03225806451612903
consecutive_le24h,tmax,2022-10-24,33,9,1,0.0
consecutive_le24h,tmax,2022-10-25,34,9,1,0.03125
consecutive_le24h,tmax,2022-10-26,34,9,1,0.0
consecutive_le24h,tmax,2022-10-27,34,9,1,0.0
consecutive_le24h,tmax,2022-10-28,34,9,1,0.09375
consecutive_le24h,tmax,2022-10-29,34,9,1,0.0
consecutive_le24h,tmax,2022-10-30,34,9,1,0.0
consecutive_le24h,tmax,2022-10-31,34,9,1,0.0625
consecutive_le24h,tmax,2022-11-01,34,9,1,0.0625
consecutive_le24h,tmax,2022-11-02,33,9,1,0.0
consecutive_le24h,tmax,2022-11-03,33,9,1,0.0
consecutive_le24h,tmax,2022-11-04,33,9,1,0.06451612903225806
consecutive_le24h,tmax,2022-11-05,33,9,1,0.06451612903225806
consecutive_le24h,tmax,2022-11-06,33,9,1,0.12903225806451613
consecutive_le24h,tmax,2022-11-07,33,9,1,0.12903225806451613
consecutive_le24h,tmax,2022-11-08,33,9,1,0.03225806451612903
consecutive_le24h,tmax,2022-11-09,33,9,1,0.0967741935483871
consecutive_le24h,tmax,2022-11-10,34,9,1,0.03125
consecutive_le24h,tmax,2022-11-11,34,9,1,0.03125
consecutive_le24h,tmax,2022-11-12,33,9,1,0.06451612903225806
consecutive_le24h,tmax,2022-11-13,33,9,1,0.0
consecutive_le24h,tmax,2022-11-14,33,9,1,0.03225806451612903
consecutive_le24h,tmax,2022-11-15,33,9,1,0.0
consecutive_le24h,tmax,2022-11-16,32,9,1,0.03333333333333333
consecutive_le24h,tmax,2022-11-17,32,9,1,0.06666666666666667
consecutive_le24h,tmax,2022-11-18,31,9,1,0.06896551724137931
consecutive_le24h,tmax,2022-11-19,31,9,1,0.0
consecutive_le24h,tmax,2022-11-20,32,9,1,0.03333333333333333
consecutive_le24h,tmax,2022-11-21,32,9,1,0.0
consecutive_le24h,tmax,2022-11-22,32,9,1,0.06666666666666667
consecutive_le24h,tmax,2022-11-23,32,9,1,0.03333333333333333
consecutive_le24h,tmax,2022-11-24,32,9,1,0.0
consecutive_le24h,tmax,2022-11-25,32,9,1,0.03333333333333333
consecutive_le24h,tmax,2022-11-26,33,9,1,0.06451612903225806
consecutive_le24h,tmax,2022-11-27,33,9,1,0.06451612903225806
consecutive_le24h,tmax,2022-11-28,33,9,1,0.03225806451612903
consecutive_le24h,tmax,2022-11-29,32,9,1,0.0
consecutive_le24h,tmax,2022-11-30,32,9,1,0.03333333333333333
consecutive_le24h,tmax,2022-12-01,32,9,1,0.03333333333333333
consecutive_le24h,tmax,2022-12-02,34,9,1,0.03125
consecutive_le24h,tmax,2022-12-03,33,9,1,0.06451612903225806
consecutive_le24h,tmax,2022-12-04,33,9,1,0.06451612903225806
consecutive_le24h,tmax,2022-12-05,33,9,1,0.06451612903225806
consecutive_le24h,tmax,2022-12-06,33,9,1,0.12903225806451613
consecutive_le24h,tmax,2022-12-07,35,9,1,0.030303030303030304
consecutive_le24h,tmax,2022-12-08,34,9,1,0.0
consecutive_le24h,tmax,2022-12-09,33,9,1,0.0
consecutive_le24h,tmax,2022-12-10,33,9,1,0.0
consecutive_le24h,tmax,2022-12-11,33,9,1,0.03225806451612903
consecutive_le24h,tmax,2022-12-12,33,9,1,0.06451612903225806
consecutive_le24h,tmax,2022-12-13,33,9,1,0.03225806451612903
consecutive_le24h,tmax,2022-12-14,33,9,1,0.0
consecutive_le24h,tmax,2022-12-15,33,9,1,0.03225806451612903
consecutive_le24h,tmax,2022-12-16,32,9,1,0.0
consecutive_le24h,tmax,2022-12-17,33,9,1,0.03225806451612903
consecutive_le24h,tmax,2022-12-18,32,9,1,0.0
consecutive_le24h,tmax,2022-12-19,31,9,1,0.0
consecutive_le24h,tmax,2022-12-20,31,9,1,0.06896551724137931
consecutive_le24h,tmax,2022-12-21,32,9,1,0.0
consecutive_le24h,tmax,2022-12-22,32,9,1,0.03333333333333333
consecutive_le24h,tmax,2022-12-23,30,9,1,0.03571428571428571
consecutive_le24h,tmax,2022-12-24,30,9,1,0.07142857142857142
consecutive_le24h,tmax,2022-12-25,31,9,1,0.0
consecutive_le24h,tmax,2022-12-26,31,9,1,0.0
consecutive_le24h,tmax,2022-12-27,32,9,1,0.06666666666666667
consecutive_le24h,tmax,2022-12-28,32,9,1,0.03333333333333333
consecutive_le24h,tmax,2022-12-29,32,9,1,0.0
consecutive_le24h,tmax,2022-12-30,32,9,1,0.0
consecutive_le24h,tmax,2022-12-31,33,9,1,0.03225806451612903
consecutive_le24h,tmax,2023-01-01,34,9,1,0.125
consecutive_le24h,tmax,2023-01-02,34,9,1,0.03125
consecutive_le24h,tmax,2023-01-03,33,9,1,0.06451612903225806
consecutive_le24h,tmax,2023-01-04,33,9,1,0.0
consecutive_le24h,tmax,2023-01-05,33,9,1,0.0
consecutive_le24h,tmax,2023-01-06,32,9,1,0.03333333333333333
consecutive_le24h,tmax,2023-01-07,32,9,1,0.0
consecutive_le24h,tmax,2023-01-08,32,9,1,0.0
consecutive_le24h,tmax,2023-01-09,32,9,1,0.06666666666666667
consecutive_le24h,tmax,2023-01-10,32,9,1,0.0
consecutive_le24h,tmax,2023-01-11,32,9,1,0.1
consecutive_le24h,tmax,2023-01-12,32,9,1,0.0
consecutive_le24h,tmax,2023-01-13,32,9,1,0.03333333333333333
consecutive_le24h,tmax,2023-01-14,33,9,1,0.0
consecutive_le24h,tmax,2023-01-15,32,9,1,0.0
consecutive_le24h,tmax,2023-01-16,32,9,1,0.0
consecutive_le24h,tmax,2023-01-17,31,9,1,0.034482758620689655
consecutive_le24h,tmax,2023-01-18,31,9,1,0.034482758620689655
consecutive_le24h,tmax,2023-01-19,32,9,1,0.0
consecutive_le24h,tmax,2023-01-20,32,9,1,0.0
consecutive_le24h,tmax,2023-01-21,32,9,1,0.0
consecutive_le24h,tmax,2023-01-22,30,9,1,0.10714285714285714
consecutive_le24h,tmax,2023-01-23,31,9,1,0.0
consecutive_le24h,tmax,2023-01-24,30,9,1,0.10714285714285714
consecutive_le24h,tmax,2023-01-25,31,9,1,0.0
consecutive_le24h,tmax,2023-01-26,31,9,1,0.0
consecutive_le24h,tmax,2023-01-27,31,9,1,0.0
consecutive_le24h,tmax,2023-01-28,31,9,1,0.06896551724137931
consecutive_le24h,tmax,2023-01-29,31,9,1,0.034482758620689655
consecutive_le24h,tmax,2023-01-30,33,9,1,0.03225806451612903
consecutive_le24h,tmax,2023-01-31,33,9,1,0.06451612903225806
consecutive_le24h,tmax,2023-02-01,34,9,1,0.0625
consecutive_le24h,tmax,2023-02-02,34,9,1,0.09375
consecutive_le24h,tmax,2023-02-03,34,9,1,0.03125
consecutive_le24h,tmax,2023-02-04,34,9,1,0.0625
consecutive_le24h,tmax,2023-02-05,34,9,1,0.03125
consecutive_le24h,tmax,2023-02-06,34,9,1,0.03125
consecutive_le24h,tmax,2023-02-07,34,9,1,0.0
consecutive_le24h,tmax,2023-02-08,34,9,1,0.0
consecutive_le24h,tmax,2023-02-09,34,9,1,0.09375
consecutive_le24h,tmax,2023-02-10,34,9,1,0.0
consecutive_le24h,tmax,2023-02-11,34,9,1,0.0
consecutive_le24h,tmax,2023-02-12,34,9,1,0.03125
consecutive_le24h,tmax,2023-02-13,33,9,1,0.0
consecutive_le24h,tmax,2023-02-14,33,9,1,0.12903225806451613
consecutive_le24h,tmax,2023-02-15,33,9,1,0.03225806451612903
consecutive_le24h,tmax,2023-02-16,33,9,1,0.03225806451612903
consecutive_le24h,tmax,2023-02-17,33,9,1,0.06451612903225806
consecutive_le24h,tmax,2023-02-18,33,9,1,0.0
consecutive_le24h,tmax,2023-02-19,33,9,1,0.0
consecutive_le24h,tmax,2023-02-20,33,9,1,0.0
consecutive_le24h,tmax,2023-02-21,34,9,1,0.03125
consecutive_le24h,tmax,2023-02-22,34,9,1,0.03125
consecutive_le24h,tmax,2023-02-23,34,9,1,0.0
consecutive_le24h,tmax,2023-02-24,34,9,1,0.0
consecutive_le24h,tmax,2023-02-25,35,9,1,0.06060606060606061
consecutive_le24h,tmax,2023-02-26,34,9,1,0.0
consecutive_le24h,tmax,2023-02-27,34,9,1,0.03125
consecutive_le24h,tmax,2023-02-28,34,9,1,0.125
consecutive_le24h,tmax,2023-03-01,34,9,1,0.0625
consecutive_le24h,tmax,2023-03-02,34,9,1,0.03125
consecutive_le24h,tmax,2023-03-03,34,9,1,0.03125
consecutive_le24h,tmax,2023-03-04,33,9,1,0.0
consecutive_le24h,tmax,2023-03-05,33,9,1,0.0
consecutive_le24h,tmax,2023-03-06,33,9,1,0.0
consecutive_le24h,tmax,2023-03-07,33,9,1,0.0
consecutive_le24h,tmax,2023-03-08,33,9,1,0.0
consecutive_le24h,tmax,2023-03-09,31,9,1,0.06896551724137931
consecutive_le24h,tmax,2023-03-10,31,9,1,0.0
consecutive_le24h,tmax,2023-03-11,31,9,1,0.034482758620689655
consecutive_le24h,tmax,2023-03-12,32,9,1,0.0
consecutive_le24h,tmax,2023-03-13,32,9,1,0.0
consecutive_le24h,tmax,2023-03-14,32,9,1,0.0
consecutive_le24h,tmax,2023-03-15,32,9,1,0.0
consecutive_le24h,tmax,2023-03-16,32,9,1,0.03333333333333333
consecutive_le24h,tmax,2023-03-17,33,9,1,0.03225806451612903
consecutive_le24h,tmax,2023-03-18,33,9,1,0.03225806451612903
consecutive_le24h,tmax,2023-03-19,33,9,1,0.06451612903225806
consecutive_le24h,tmax,2023-03-20,33,9,1,0.06451612903225806
consecutive_le24h,tmax,2023-03-21,32,9,1,0.0
consecutive_le24h,tmax,2023-03-22,32,9,1,0.06666666666666667
consecutive_le24h,tmax,2023-03-23,32,9,1,0.0
consecutive_le24h,tmax,2023-03-24,33,9,1,0.03225806451612903
consecutive_le24h,tmax,2023-03-25,33,9,1,0.0967741935483871
consecutive_le24h,tmax,2023-03-26,33,9,1,0.0
consecutive_le24h,tmax,2023-03-27,33,9,1,0.0
consecutive_le24h,tmax,2023-03-28,33,9,1,0.06451612903225806
consecutive_le24h,tmax,2023-03-29,34,9,1,0.0625
consecutive_le24h,tmax,2023-03-30,34,9,1,0.0625
consecutive_le24h,tmax,2023-03-31,34,9,1,0.0625
consecutive_le24h,tmax,2023-04-01,34,9,1,0.03125
consecutive_le24h,tmax,2023-04-02,34,9,1,0.03125
consecutive_le24h,tmax,2023-04-03,34,9,1,0.0
consecutive_le24h,tmax,2023-04-04,34,9,1,0.0625
consecutive_le24h,tmax,2023-04-05,34,9,1,0.15625
consecutive_le24h,tmax,2023-04-06,34,9,1,0.03125
consecutive_le24h,tmax,2023-04-07,34,9,1,0.03125
consecutive_le24h,tmax,2023-04-08,35,9,1,0.06060606060606061
consecutive_le24h,tmax,2023-04-09,34,9,1,0.03125
consecutive_le24h,tmax,2023-04-10,34,9,1,0.0625
consecutive_le24h,tmax,2023-04-11,34,9,1,0.03125
consecutive_le24h,tmax,2023-04-12,34,9,1,0.0
consecutive_le24h,tmax,2023-04-13,34,9,1,0.03125
consecutive_le24h,tmax,2023-04-14,34,9,1,0.0
consecutive_le24h,tmax,2023-04-15,34,9,1,0.0
consecutive_le24h,tmax,2023-04-16,34,9,1,0.0625
consecutive_le24h,tmax,2023-04-17,34,9,1,0.0
consecutive_le24h,tmax,2023-04-18,34,9,1,0.0
consecutive_le24h,tmax,2023-04-19,34,9,1,0.0
consecutive_le24h,tmax,2023-04-20,34,9,1,0.0
consecutive_le24h,tmax,2023-04-21,34,9,1,0.0625
consecutive_le24h,tmax,2023-04-22,34,9,1,0.0625
consecutive_le24h,tmax,2023-04-23,34,9,1,0.0625
consecutive_le24h,tmax,2023-04-24,34,9,1,0.0625
consecutive_le24h,tmax,2023-04-25,34,9,1,0.09375
consecutive_le24h,tmax,2023-04-26,34,9,1,0.0625
consecutive_le24h,tmax,2023-04-27,34,9,1,0.0
consecutive_le24h,tmax,2023-04-28,34,9,1,0.0
consecutive_le24h,tmax,2023-04-29,34,9,1,0.03125
consecutive_le24h,tmax,2023-04-30,34,9,1,0.03125
consecutive_le24h,tmax,2023-05-01,34,9,1,0.03125
consecutive_le24h,tmax,2023-05-02,34,9,1,0.0
consecutive_le24h,tmax,2023-05-03,34,9,1,0.125
consecutive_le24h,tmax,2023-05-04,34,9,1,0.0625
consecutive_le24h,tmax,2023-05-05,34,9,1,0.0625
consecutive_le24h,tmax,2023-05-06,34,9,1,0.03125
consecutive_le24h,tmax,2023-05-07,34,9,1,0.03125
consecutive_le24h,tmax,2023-05-08,34,9,1,0.0625
consecutive_le24h,tmax,2023-05-09,34,9,1,0.0625
consecutive_le24h,tmax,2023-05-10,33,9,1,0.0
consecutive_le24h,tmax,2023-05-11,33,9,1,0.0
consecutive_le24h,tmax,2023-05-12,33,9,1,0.06451612903225806
consecutive_le24h,tmax,2023-05-13,33,9,1,0.03225806451612903
consecutive_le24h,tmax,2023-05-14,33,9,1,0.0
consecutive_le24h,tmax,2023-05-15,33,9,1,0.0
consecutive_le24h,tmax,2023-05-16,33,9,1,0.0
consecutive_le24h,tmax,2023-05-17,34,9,1,0.0
consecutive_le24h,tmax,2023-05-18,34,9,1,0.03125
consecutive_le24h,tmax,2023-05-19,34,9,1,0.03125
consecutive_le24h,tmax,2023-05-20,34,9,1,0.03125
consecutive_le24h,tmax,2023-05-21,34,9,1,0.0
consecutive_le24h,tmax,2023-05-22,34,9,1,0.0
consecutive_le24h,tmax,2023-05-23,33,9,1,0.03225806451612903
consecutive_le24h,tmax,2023-05-24,33,9,1,0.0967741935483871
consecutive_le24h,tmax,2023-05-25,33,9,1,0.0967741935483871
consecutive_le24h,tmax,2023-05-26,33,9,1,0.0967741935483871
consecutive_le24h,tmax,2023-05-27,33,9,1,0.06451612903225806
consecutive_le24h,tmax,2023-05-28,33,9,1,0.0
consecutive_le24h,tmax,2023-05-29,33,9,1,0.0
consecutive_le24h,tmax,2023-05-30,33,9,1,0.0
consecutive_le24h,tmax,2023-05-31,34,9,1,0.0
consecutive_le24h,tmax,2023-06-01,34,9,1,0.0
consecutive_le24h,tmax,2023-06-02,34,9,1,0.0
consecutive_le24h,tmax,2023-06-03,34,9,1,0.0
consecutive_le24h,tmax,2023-06-04,34,9,1,0.03125
consecutive_le24h,tmax,2023-06-05,33,9,1,0.0
consecutive_le24h,tmax,2023-06-06,33,9,1,0.03225806451612903
consecutive_le24h,tmax,2023-06-07,33,9,1,0.03225806451612903
consecutive_le24h,tmax,2023-06-08,33,9,1,0.0
consecutive_le24h,tmax,2023-06-09,33,9,1,0.0
consecutive_le24h,tmax,2023-06-10,34,9,1,0.0625
consecutive_le24h,tmax,2023-06-11,32,9,1,0.06666666666666667
consecutive_le24h,tmax,2023-06-12,32,9,1,0.0
consecutive_le24h,tmax,2023-06-13,33,9,1,0.03225806451612903
consecutive_le24h,tmax,2023-06-14,33,9,1,0.0967741935483871
consecutive_le24h,tmax,2023-06-15,33,9,1,0.0
consecutive_le24h,tmax,2023-06-16,33,9,1,0.0
consecutive_le24h,tmax,2023-06-17,32,9,1,0.06666666666666667
consecutive_le24h,tmax,2023-06-18,32,9,1,0.0
consecutive_le24h,tmax,2023-06-19,33,9,1,0.03225806451612903
consecutive_le24h,tmax,2023-06-20,33,9,1,0.03225806451612903
consecutive_le24h,tmax,2023-06-21,33,9,1,0.06451612903225806
consecutive_le24h,tmax,2023-06-22,33,9,1,0.0
consecutive_le24h,tmax,2023-06-23,33,9,1,0.0967741935483871
consecutive_le24h,tmax,2023-06-24,32,9,1,0.0
consecutive_le24h,tmax,2023-06-25,33,9,1,0.03225806451612903
consecutive_le24h,tmax,2023-06-26,33,9,1,0.0
consecutive_le24h,tmax,2023-06-27,33,9,1,0.0
consecutive_le24h,tmax,2023-06-28,33,9,1,0.0
consecutive_le24h,tmax,2023-06-29,33,9,1,0.06451612903225806
consecutive_le24h,tmax,2023-06-30,33,9,1,0.0
consecutive_le24h,tmax,2023-07-01,33,9,1,0.03225806451612903
consecutive_le24h,tmax,2023-07-02,33,9,1,0.0
consecutive_le24h,tmax,2023-07-03,32,9,1,0.0
consecutive_le24h,tmax,2023-07-04,33,9,1,0.12903225806451613
consecutive_le24h,tmax,2023-07-05,32,9,1,0.0
consecutive_le24h,tmax,2023-07-06,31,9,1,0.0
consecutive_le24h,tmax,2023-07-07,30,9,1,0.07142857142857142
consecutive_le24h,tmax,2023-07-08,29,9,1,0.0
consecutive_le24h,tmax,2023-07-09,28,9,1,0.0
consecutive_le24h,tmax,2023-07-10,28,9,1,0.0
consecutive_le24h,tmax,2023-07-11,28,9,1,0.0
consecutive_le24h,tmax,2023-07-12,27,9,1,0.0
consecutive_le24h,tmax,2023-07-13,27,9,1,0.0
consecutive_le24h,tmax,2023-07-14,27,9,1,0.08
consecutive_le24h,tmax,2023-07-15,28,9,1,0.0
consecutive_le24h,tmax,2023-07-16,29,9,1,0.0
consecutive_le24h,tmax,2023-07-17,30,9,1,0.0
consecutive_le24h,tmax,2023-07-18,31,9,1,0.034482758620689655
consecutive_le24h,tmax,2023-07-19,32,9,1,0.03333333333333333
consecutive_le24h,tmax,2023-07-20,33,9,1,0.03225806451612903
consecutive_le24h,tmax,2023-07-21,32,9,1,0.0
consecutive_le24h,tmax,2023-07-22,32,9,1,0.0
consecutive_le24h,tmax,2023-07-23,32,9,1,0.06666666666666667
consecutive_le24h,tmax,2023-07-24,32,9,1,0.0
consecutive_le24h,tmax,2023-07-25,32,9,1,0.06666666666666667
consecutive_le24h,tmax,2023-07-26,32,9,1,0.0
consecutive_le24h,tmax,2023-07-27,32,9,1,0.0
consecutive_le24h,tmax,2023-07-28,32,9,1,0.06666666666666667
consecutive_le24h,tmax,2023-07-29,33,9,1,0.06451612903225806
consecutive_le24h,tmax,2023-07-30,34,9,1,0.0
consecutive_le24h,tmax,2023-07-31,34,9,1,0.0
consecutive_le24h,tmax,2023-08-01,34,9,1,0.03125
consecutive_le24h,tmax,2023-08-02,34,9,1,0.03125
consecutive_le24h,tmax,2023-08-03,34,9,1,0.0625
consecutive_le24h,tmax,2023-08-04,34,9,1,0.03125
consecutive_le24h,tmax,2023-08-05,34,9,1,0.03125
consecutive_le24h,tmax,2023-08-06,34,9,1,0.03125
consecutive_le24h,tmax,2023-08-07,33,9,1,0.0
consecutive_le24h,tmax,2023-08-08,33,9,1,0.0
consecutive_le24h,tmax,2023-08-09,33,9,1,0.0
consecutive_le24h,tmax,2023-08-10,33,9,1,0.0
consecutive_le24h,tmax,2023-08-11,33,9,1,0.0
consecutive_le24h,tmax,2023-08-12,33,9,1,0.0
consecutive_le24h,tmax,2023-08-13,32,9,1,0.0
consecutive_le24h,tmax,2023-08-14,32,9,1,0.0
consecutive_le24h,tmax,2023-08-15,33,9,1,0.06451612903225806
consecutive_le24h,tmax,2023-08-16,33,9,1,0.03225806451612903
consecutive_le24h,tmax,2023-08-17,33,9,1,0.0967741935483871
consecutive_le24h,tmax,2023-08-18,33,9,1,0.06451612903225806
consecutive_le24h,tmax,2023-08-19,33,9,1,0.03225806451612903
consecutive_le24h,tmax,2023-08-20,32,9,1,0.03333333333333333
consecutive_le24h,tmax,2023-08-21,33,9,1,0.03225806451612903
consecutive_le24h,tmax,2023-08-22,33,9,1,0.03225806451612903
consecutive_le24h,tmax,2023-08-23,33,9,1,0.03225806451612903
consecutive_le24h,tmax,2023-08-24,33,9,1,0.03225806451612903
consecutive_le24h,tmax,2023-08-25,33,9,1,0.03225806451612903
consecutive_le24h,tmax,2023-08-26,33,9,1,0.03225806451612903
consecutive_le24h,tmax,2023-08-27,33,9,1,0.0
consecutive_le24h,tmax,2023-08-28,34,9,1,0.03125
consecutive_le24h,tmax,2023-08-29,34,9,1,0.0625
consecutive_le24h,tmax,2023-08-30,34,9,1,0.03125
consecutive_le24h,tmax,2023-08-31,34,9,1,0.0625
consecutive_le24h,tmax,2023-09-01,34,9,1,0.0625
consecutive_le24h,tmax,2023-09-02,34,9,1,0.03125
consecutive_le24h,tmax,2023-09-03,34,9,1,0.0625
consecutive_le24h,tmax,2023-09-04,34,9,1,0.03125
consecutive_le24h,tmax,2023-09-05,34,9,1,0.03125
consecutive_le24h,tmax,2023-09-06,34,9,1,0.0625
consecutive_le24h,tmax,2023-09-07,34,9,1,0.09375
consecutive_le24h,tmax,2023-09-08,34,9,1,0.0
consecutive_le24h,tmax,2023-09-09,34,9,1,0.0
consecutive_le24h,tmax,2023-09-10,34,9,1,0.0
consecutive_le24h,tmax,2023-09-11,34,9,1,0.0
consecutive_le24h,tmax,2023-09-12,34,9,1,0.0
consecutive_le24h,tmax,2023-09-13,34,9,1,0.0
consecutive_le24h,tmax,2023-09-14,34,9,1,0.03125
consecutive_le24h,tmax,2023-09-15,34,9,1,0.0625
consecutive_le24h,tmax,2023-09-16,34,9,1,0.09375
consecutive_le24h,tmax,2023-09-17,34,9,1,0.09375
consecutive_le24h,tmax,2023-09-18,34,9,1,0.0625
consecutive_le24h,tmax,2023-09-19,34,9,1,0.0625
consecutive_le24h,tmax,2023-09-20,34,9,1,0.0
consecutive_le24h,tmax,2023-09-21,33,9,1,0.0
consecutive_le24h,tmax,2023-09-22,32,9,1,0.0
consecutive_le24h,tmax,2023-09-23,32,9,1,0.0
consecutive_le24h,tmax,2023-09-24,31,9,1,0.0
consecutive_le24h,tmax,2023-09-25,31,9,1,0.0
consecutive_le24h,tmax,2023-09-26,31,9,1,0.0
consecutive_le24h,tmax,2023-09-27,31,9,1,0.0
consecutive_le24h,tmax,2023-09-28,31,9,1,0.0
consecutive_le24h,tmax,2023-09-29,32,9,1,0.1
consecutive_le24h,tmax,2023-09-30,33,9,1,0.06451612903225806
consecutive_le24h,tmax,2023-10-01,32,9,1,0.0
consecutive_le24h,tmax,2023-10-02,32,9,1,0.0
consecutive_le24h,tmax,2023-10-03,32,9,1,0.0
consecutive_le24h,tmax,2023-10-04,32,9,1,0.1
consecutive_le24h,tmax,2023-10-05,31,9,1,0.0
consecutive_le24h,tmax,2023-10-06,31,9,1,0.0
consecutive_le24h,tmax,2023-10-07,31,9,1,0.06896551724137931
consecutive_le24h,tmax,2023-10-08,31,9,1,0.0
consecutive_le24h,tmax,2023-10-09,32,9,1,0.03333333333333333
consecutive_le24h,tmax,2023-10-10,33,9,1,0.03225806451612903
consecutive_le24h,tmax,2023-10-11,34,9,1,0.0
consecutive_le24h,tmax,2023-10-12,33,9,1,0.0
consecutive_le24h,tmax,2023-10-13,34,9,1,0.15625
consecutive_le24h,tmax,2023-10-14,34,9,1,0.09375
consecutive_le24h,tmax,2023-10-15,34,9,1,0.0
consecutive_le24h,tmax,2023-10-16,34,9,1,0.03125
consecutive_le24h,tmax,2023-10-17,34,9,1,0.0
consecutive_le24h,tmax,2023-10-18,34,9,1,0.0
consecutive_le24h,tmax,2023-10-19,34,9,1,0.0
consecutive_le24h,tmax,2023-10-20,34,9,1,0.0
consecutive_le24h,tmax,2023-10-21,34,9,1,0.125
consecutive_le24h,tmax,2023-10-22,34,9,1,0.0625
consecutive_le24h,tmax,2023-10-23,34,9,1,0.0625
consecutive_le24h,tmax,2023-10-24,34,9,1,0.0625
consecutive_le24h,tmax,2023-10-25,34,9,1,0.0
consecutive_le24h,tmax,2023-10-26,34,9,1,0.0
consecutive_le24h,tmax,2023-10-27,34,9,1,0.09375
consecutive_le24h,tmax,2023-10-28,34,9,1,0.0625
consecutive_le24h,tmax,2023-10-29,34,9,1,0.03125
consecutive_le24h,tmax,2023-10-30,34,9,1,0.03125
consecutive_le24h,tmax,2023-10-31,33,9,1,0.06451612903225806
consecutive_le24h,tmax,2023-11-01,33,9,1,0.0
consecutive_le24h,tmax,2023-11-02,33,9,1,0.0
consecutive_le24h,tmax,2023-11-03,32,9,1,0.03333333333333333
consecutive_le24h,tmax,2023-11-04,32,9,1,0.03333333333333333
consecutive_le24h,tmax,2023-11-05,31,9,1,0.0
consecutive_le24h,tmax,2023-11-06,31,9,1,0.06896551724137931
consecutive_le24h,tmax,2023-11-07,31,9,1,0.10344827586206896
consecutive_le24h,tmax,2023-11-08,32,9,1,0.03333333333333333
consecutive_le24h,tmax,2023-11-09,32,9,1,0.03333333333333333
consecutive_le24h,tmax,2023-11-10,32,9,1,0.1
consecutive_le24h,tmax,2023-11-11,33,9,1,0.0967741935483871
consecutive_le24h,tmax,2023-11-12,33,9,1,0.06451612903225806
consecutive_le24h,tmax,2023-11-13,34,9,1,0.03125
consecutive_le24h,tmax,2023-11-14,34,9,1,0.0
consecutive_le24h,tmax,2023-11-15,34,9,1,0.03125
consecutive_le24h,tmax,2023-11-16,34,9,1,0.03125
consecutive_le24h,tmax,2023-11-17,34,9,1,0.0
consecutive_le24h,tmax,2023-11-18,34,9,1,0.0
consecutive_le24h,tmax,2023-11-19,34,9,1,0.0625
consecutive_le24h,tmax,2023-11-20,34,9,1,0.0
consecutive_le24h,tmax,2023-11-21,34,9,1,0.0
consecutive_le24h,tmax,2023-11-22,34,9,1,0.0
consecutive_le24h,tmax,2023-11-23,33,9,1,0.03225806451612903
consecutive_le24h,tmax,2023-11-24,33,9,1,0.0
consecutive_le24h,tmax,2023-11-25,33,9,1,0.06451612903225806
consecutive_le24h,tmax,2023-11-26,33,9,1,0.03225806451612903
consecutive_le24h,tmax,2023-11-27,32,9,1,0.0
consecutive_le24h,tmax,2023-11-28,32,9,1,0.0
consecutive_le24h,tmax,2023-11-29,31,9,1,0.0
consecutive_le24h,tmax,2023-11-30,31,9,1,0.06896551724137931
consecutive_le24h,tmax,2023-12-01,32,9,1,0.0
consecutive_le24h,tmax,2023-12-02,32,9,1,0.0
consecutive_le24h,tmax,2023-12-03,32,9,1,0.03333333333333333
consecutive_le24h,tmax,2023-12-04,32,9,1,0.0
consecutive_le24h,tmax,2023-12-05,33,9,1,0.06451612903225806
consecutive_le24h,tmax,2023-12-06,33,9,1,0.06451612903225806
consecutive_le24h,tmax,2023-12-07,34,9,1,0.03125
consecutive_le24h,tmax,2023-12-08,34,9,1,0.09375
consecutive_le24h,tmax,2023-12-09,34,9,1,0.0
consecutive_le24h,tmax,2023-12-10,34,9,1,0.0
consecutive_le24h,tmax,2023-12-11,34,9,1,0.0
consecutive_le24h,tmax,2023-12-12,34,9,1,0.0625
consecutive_le24h,tmax,2023-12-13,34,9,1,0.0
consecutive_le24h,tmax,2023-12-14,34,9,1,0.0
consecutive_le24h,tmax,2023-12-15,33,9,1,0.0
consecutive_le24h,tmax,2023-12-16,34,9,1,0.03125
consecutive_le24h,tmax,2023-12-17,33,9,1,0.03225806451612903
consecutive_le24h,tmax,2023-12-18,33,9,1,0.03225806451612903
consecutive_le24h,tmax,2023-12-19,33,9,1,0.0967741935483871
consecutive_le24h,tmax,2023-12-20,33,9,1,0.0
consecutive_le24h,tmax,2023-12-21,33,9,1,0.0
consecutive_le24h,tmax,2023-12-22,32,9,1,0.0
consecutive_le24h,tmax,2023-12-23,32,9,1,0.0
consecutive_le24h,tmax,2023-12-24,32,9,1,0.0
consecutive_le24h,tmax,2023-12-25,32,9,1,0.0
consecutive_le24h,tmax,2023-12-26,32,9,1,0.03333333333333333
consecutive_le24h,tmax,2023-12-27,32,9,1,0.03333333333333333
consecutive_le24h,tmax,2023-12-28,32,9,1,0.06666666666666667
consecutive_le24h,tmax,2023-12-29,33,9,1,0.06451612903225806
consecutive_le24h,tmax,2023-12-30,33,9,1,0.0967741935483871
consecutive_le24h,tmax,2023-12-31,34,9,1,0.0
consecutive_le24h,tmax,2024-01-01,34,9,1,0.03125
consecutive_le24h,tmax,2024-01-02,34,9,1,0.0
consecutive_le24h,tmax,2024-01-03,34,9,1,0.03125
consecutive_le24h,tmax,2024-01-04,35,9,1,0.030303030303030304
consecutive_le24h,tmax,2024-01-05,35,9,1,0.030303030303030304
consecutive_le24h,tmax,2024-01-06,34,9,1,0.03125
consecutive_le24h,tmax,2024-01-07,34,9,1,0.0
consecutive_le24h,tmax,2024-01-08,34,9,1,0.0
consecutive_le24h,tmax,2024-01-09,34,9,1,0.0625
consecutive_le24h,tmax,2024-01-10,34,9,1,0.0625
consecutive_le24h,tmax,2024-01-11,34,9,1,0.0625
consecutive_le24h,tmax,2024-01-12,34,9,1,0.0
consecutive_le24h,tmax,2024-01-13,33,9,1,0.03225806451612903
consecutive_le24h,tmax,2024-01-14,33,9,1,0.0
consecutive_le24h,tmax,2024-01-15,33,9,1,0.0
consecutive_le24h,tmax,2024-01-16,33,9,1,0.03225806451612903
consecutive_le24h,tmax,2024-01-17,33,9,1,0.12903225806451613
consecutive_le24h,tmax,2024-01-18,33,9,1,0.06451612903225806
consecutive_le24h,tmax,2024-01-19,33,9,1,0.0
consecutive_le24h,tmax,2024-01-20,33,9,1,0.03225806451612903
consecutive_le24h,tmax,2024-01-21,34,9,1,0.03125
consecutive_le24h,tmax,2024-01-22,34,9,1,0.09375
consecutive_le24h,tmax,2024-01-23,34,9,1,0.0
consecutive_le24h,tmax,2024-01-24,33,9,1,0.0
consecutive_le24h,tmax,2024-01-25,33,9,1,0.06451612903225806
consecutive_le24h,tmax,2024-01-26,33,9,1,0.06451612903225806
consecutive_le24h,tmax,2024-01-27,33,9,1,0.03225806451612903
consecutive_le24h,tmax,2024-01-28,33,9,1,0.03225806451612903
consecutive_le24h,tmax,2024-01-29,33,9,1,0.0
consecutive_le24h,tmax,2024-01-30,32,9,1,0.0
consecutive_le24h,tmax,2024-01-31,32,9,1,0.03333333333333333
consecutive_le24h,tmax,2024-02-01,32,9,1,0.1
consecutive_le24h,tmax,2024-02-02,31,9,1,0.0
consecutive_le24h,tmax,2024-02-03,31,9,1,0.034482758620689655
consecutive_le24h,tmax,2024-02-04,31,9,1,0.06896551724137931
consecutive_le24h,tmax,2024-02-05,31,9,1,0.06896551724137931
consecutive_le24h,tmax,2024-02-06,31,9,1,0.06896551724137931
consecutive_le24h,tmax,2024-02-07,32,9,1,0.06666666666666667
consecutive_le24h,tmax,2024-02-08,32,9,1,0.0
consecutive_le24h,tmax,2024-02-09,33,9,1,0.06451612903225806
consecutive_le24h,tmax,2024-02-10,34,9,1,0.09375
consecutive_le24h,tmax,2024-02-11,34,9,1,0.0
consecutive_le24h,tmax,2024-02-12,34,9,1,0.09375
consecutive_le24h,tmax,2024-02-13,34,9,1,0.0625
consecutive_le24h,tmax,2024-02-14,34,9,1,0.0
consecutive_le24h,tmax,2024-02-15,34,9,1,0.0
consecutive_le24h,tmax,2024-02-16,34,9,1,0.03125
consecutive_le24h,tmax,2024-02-17,34,9,1,0.03125
consecutive_le24h,tmax,2024-02-18,34,9,1,0.0
consecutive_le24h,tmax,2024-02-19,34,9,1,0.03125
consecutive_le24h,tmax,2024-02-20,34,9,1,0.0
consecutive_le24h,tmax,2024-02-21,34,9,1,0.0
consecutive_le24h,tmax,2024-02-22,34,9,1,0.0625
consecutive_le24h,tmax,2024-02-23,34,9,1,0.03125
consecutive_le24h,tmax,2024-02-24,35,9,1,0.030303030303030304
consecutive_le24h,tmax,2024-02-25,34,9,1,0.09375
consecutive_le24h,tmax,2024-02-26,34,9,1,0.0625
consecutive_le24h,tmax,2024-02-27,34,9,1,0.0
consecutive_le24h,tmax,2024-02-28,34,9,1,0.03125
consecutive_le24h,tmax,2024-02-29,34,9,1,0.0625
consecutive_le24h,tmax,2024-03-01,34,9,1,0.0625
consecutive_le24h,tmax,2024-03-02,34,9,1,0.0
consecutive_le24h,tmax,2024-03-03,33,9,1,0.0
consecutive_le24h,tmax,2024-03-04,33,9,1,0.06451612903225806
consecutive_le24h,tmax,2024-03-05,33,9,1,0.0
consecutive_le24h,tmax,2024-03-06,33,9,1,0.03225806451612903
consecutive_le24h,tmax,2024-03-07,33,9,1,0.0
consecutive_le24h,tmax,2024-03-08,33,9,1,0.03225806451612903
consecutive_le24h,tmax,2024-03-09,33,9,1,0.0
consecutive_le24h,tmax,2024-03-10,33,9,1,0.0
consecutive_le24h,tmax,2024-03-11,34,9,1,0.0
consecutive_le24h,tmax,2024-03-12,34,9,1,0.03125
consecutive_le24h,tmax,2024-03-13,34,9,1,0.0
consecutive_le24h,tmax,2024-03-14,34,9,1,0.0
consecutive_le24h,tmax,2024-03-15,34,9,1,0.0625
consecutive_le24h,tmax,2024-03-16,34,9,1,0.03125
consecutive_le24h,tmax,2024-03-17,34,9,1,0.03125
consecutive_le24h,tmax,2024-03-18,34,9,1,0.125
consecutive_le24h,tmax,2024-03-19,34,9,1,0.0
consecutive_le24h,tmax,2024-03-20,34,9,1,0.125
consecutive_le24h,tmax,2024-03-21,34,9,1,0.0625
consecutive_le24h,tmax,2024-03-22,33,9,1,0.0
consecutive_le24h,tmax,2024-03-23,33,9,1,0.0
consecutive_le24h,tmax,2024-03-24,33,9,1,0.0
consecutive_le24h,tmax,2024-03-25,33,9,1,0.0
consecutive_le24h,tmax,2024-03-26,32,9,1,0.0
consecutive_le24h,tmax,2024-03-27,32,9,1,0.0
consecutive_le24h,tmax,2024-03-28,32,9,1,0.0
consecutive_le24h,tmax,2024-03-29,32,9,1,0.0
consecutive_le24h,tmax,2024-03-30,33,9,1,0.0
consecutive_le24h,tmax,2024-03-31,32,9,1,0.06666666666666667
consecutive_le24h,tmax,2024-04-01,33,9,1,0.06451612903225806
consecutive_le24h,tmax,2024-04-02,32,9,1,0.0
consecutive_le24h,tmax,2024-04-03,33,9,1,0.03225806451612903
consecutive_le24h,tmax,2024-04-04,33,9,1,0.03225806451612903
consecutive_le24h,tmax,2024-04-05,33,9,1,0.06451612903225806
consecutive_le24h,tmax,2024-04-06,33,9,1,0.03225806451612903
consecutive_le24h,tmax,2024-04-07,33,9,1,0.0967741935483871
consecutive_le24h,tmax,2024-04-08,34,9,1,0.125
consecutive_le24h,tmax,2024-04-09,34,9,1,0.09375
consecutive_le24h,tmax,2024-04-10,34,9,1,0.0625
consecutive_le24h,tmax,2024-04-11,34,9,1,0.09375
consecutive_le24h,tmax,2024-04-12,34,9,1,0.03125
consecutive_le24h,tmax,2024-04-13,34,9,1,0.0
consecutive_le24h,tmax,2024-04-14,34,9,1,0.0
consecutive_le24h,tmax,2024-04-15,34,9,1,0.0625
consecutive_le24h,tmax,2024-04-16,34,9,1,0.0
consecutive_le24h,tmax,2024-04-17,34,9,1,0.0
consecutive_le24h,tmax,2024-04-18,34,9,1,0.03125
consecutive_le24h,tmax,2024-04-19,34,9,1,0.0625
consecutive_le24h,tmax,2024-04-20,33,9,1,0.03225806451612903
consecutive_le24h,tmax,2024-04-21,33,9,1,0.03225806451612903
consecutive_le24h,tmax,2024-04-22,33,9,1,0.0
consecutive_le24h,tmax,2024-04-23,33,9,1,0.06451612903225806
consecutive_le24h,tmax,2024-04-24,33,9,1,0.03225806451612903
consecutive_le24h,tmax,2024-04-25,33,9,1,0.12903225806451613
consecutive_le24h,tmax,2024-04-26,33,9,1,0.0
consecutive_le24h,tmax,2024-04-27,33,9,1,0.03225806451612903
consecutive_le24h,tmax,2024-04-28,34,9,1,0.03125
consecutive_le24h,tmax,2024-04-29,34,9,1,0.0625
consecutive_le24h,tmax,2024-04-30,34,9,1,0.0
consecutive_le24h,tmax,2024-05-01,34,9,1,0.03125
consecutive_le24h,tmax,2024-05-02,34,9,1,0.0
consecutive_le24h,tmax,2024-05-03,34,9,1,0.0625
consecutive_le24h,tmax,2024-05-04,33,9,1,0.03225806451612903
consecutive_le24h,tmax,2024-05-05,33,9,1,0.06451612903225806
consecutive_le24h,tmax,2024-05-06,33,9,1,0.0
consecutive_le24h,tmax,2024-05-07,33,9,1,0.0
consecutive_le24h,tmax,2024-05-08,33,9,1,0.0967741935483871
consecutive_le24h,tmax,2024-05-09,33,9,1,0.06451612903225806
consecutive_le24h,tmax,2024-05-10,33,9,1,0.03225806451612903
consecutive_le24h,tmax,2024-05-11,33,9,1,0.03225806451612903
consecutive_le24h,tmax,2024-05-12,34,9,1,0.0625
consecutive_le24h,tmax,2024-05-13,34,9,1,0.03125
consecutive_le24h,tmax,2024-05-14,34,9,1,0.09375
consecutive_le24h,tmax,2024-05-15,34,9,1,0.09375
consecutive_le24h,tmax,2024-05-16,34,9,1,0.0625
consecutive_le24h,tmax,2024-05-17,34,9,1,0.03125
consecutive_le24h,tmax,2024-05-18,33,9,1,0.03225806451612903
consecutive_le24h,tmax,2024-05-19,33,9,1,0.0967741935483871
consecutive_le24h,tmax,2024-05-20,33,9,1,0.06451612903225806
consecutive_le24h,tmax,2024-05-21,33,9,1,0.0
consecutive_le24h,tmax,2024-05-22,33,9,1,0.0967741935483871
consecutive_le24h,tmax,2024-05-23,33,9,1,0.06451612903225806
consecutive_le24h,tmax,2024-05-24,33,9,1,0.0
consecutive_le24h,tmax,2024-05-25,33,9,1,0.06451612903225806
consecutive_le24h,tmax,2024-05-26,34,9,1,0.0625
consecutive_le24h,tmax,2024-05-27,34,9,1,0.09375
consecutive_le24h,tmax,2024-05-28,34,9,1,0.0625
consecutive_le24h,tmax,2024-05-29,34,9,1,0.03125
consecutive_le24h,tmax,2024-05-30,34,9,1,0.0625
consecutive_le24h,tmax,2024-05-31,34,9,1,0.125
consecutive_le24h,tmax,2024-06-01,34,9,1,0.03125
consecutive_le24h,tmax,2024-06-02,34,9,1,0.0
consecutive_le24h,tmax,2024-06-03,34,9,1,0.03125
consecutive_le24h,tmax,2024-06-04,34,9,1,0.125
consecutive_le24h,tmax,2024-06-05,33,9,1,0.03225806451612903
consecutive_le24h,tmax,2024-06-06,33,9,1,0.03225806451612903
consecutive_le24h,tmax,2024-06-07,33,9,1,0.0
consecutive_le24h,tmax,2024-06-08,33,9,1,0.03225806451612903
consecutive_le24h,tmax,2024-06-09,33,9,1,0.03225806451612903
consecutive_le24h,tmax,2024-06-10,33,9,1,0.03225806451612903
consecutive_le24h,tmax,2024-06-11,33,9,1,0.0
consecutive_le24h,tmax,2024-06-12,33,9,1,0.0
consecutive_le24h,tmax,2024-06-13,33,9,1,0.0
consecutive_le24h,tmax,2024-06-14,33,9,1,0.0
consecutive_le24h,tmax,2024-06-15,33,9,1,0.06451612903225806
consecutive_le24h,tmax,2024-06-16,33,9,1,0.03225806451612903
consecutive_le24h,tmax,2024-06-17,33,9,1,0.03225806451612903
consecutive_le24h,tmax,2024-06-18,33,9,1,0.03225806451612903
consecutive_le24h,tmax,2024-06-19,33,9,1,0.0
consecutive_le24h,tmax,2024-06-20,33,9,1,0.0
consecutive_le24h,tmax,2024-06-21,34,9,1,0.03125
consecutive_le24h,tmax,2024-06-22,34,9,1,0.0
consecutive_le24h,tmax,2024-06-23,33,9,1,0.03225806451612903
consecutive_le24h,tmax,2024-06-24,33,9,1,0.0
consecutive_le24h,tmax,2024-06-25,32,9,1,0.06666666666666667
consecutive_le24h,tmax,2024-06-26,32,9,1,0.0
consecutive_le24h,tmax,2024-06-27,32,9,1,0.0
consecutive_le24h,tmax,2024-06-28,32,9,1,0.0
consecutive_le24h,tmax,2024-06-29,32,9,1,0.03333333333333333
consecutive_le24h,tmax,2024-06-30,32,9,1,0.0
consecutive_le24h,tmax,2024-07-01,32,9,1,0.0
consecutive_le24h,tmax,2024-07-02,32,9,1,0.0
consecutive_le24h,tmax,2024-07-03,33,9,1,0.0
consecutive_le24h,tmax,2024-07-04,33,9,1,0.03225806451612903
consecutive_le24h,tmax,2024-07-05,33,9,1,0.0
consecutive_le24h,tmax,2024-07-06,33,9,1,0.03225806451612903
consecutive_le24h,tmax,2024-07-07,33,9,1,0.0
consecutive_le24h,tmax,2024-07-08,33,9,1,0.0
consecutive_le24h,tmax,2024-07-09,33,9,1,0.06451612903225806
consecutive_le24h,tmax,2024-07-10,33,9,1,0.03225806451612903
consecutive_le24h,tmax,2024-07-11,33,9,1,0.0
consecutive_le24h,tmax,2024-07-12,33,9,1,0.03225806451612903
consecutive_le24h,tmax,2024-07-13,33,9,1,0.0
consecutive_le24h,tmax,2024-07-14,33,9,1,0.0
consecutive_le24h,tmax,2024-07-15,33,9,1,0.03225806451612903
consecutive_le24h,tmax,2024-07-16,33,9,1,0.0
consecutive_le24h,tmax,2024-07-17,34,9,1,0.0
consecutive_le24h,tmax,2024-07-18,34,9,1,0.0
consecutive_le24h,tmax,2024-07-19,34,9,1,0.03125
consecutive_le24h,tmax,2024-07-20,34,9,1,0.03125
consecutive_le24h,tmax,2024-07-21,34,9,1,0.0
consecutive_le24h,tmax,2024-07-22,34,9,1,0.0625
consecutive_le24h,tmax,2024-07-23,34,9,1,0.03125
consecutive_le24h,tmax,2024-07-24,34,9,1,0.03125
consecutive_le24h,tmax,2024-07-25,34,9,1,0.0
consecutive_le24h,tmax,2024-07-26,34,9,1,0.0625
consecutive_le24h,tmax,2024-07-27,34,9,1,0.0
consecutive_le24h,tmax,2024-07-28,34,9,1,0.0
consecutive_le24h,tmax,2024-07-29,34,9,1,0.0
consecutive_le24h,tmax,2024-07-30,34,9,1,0.0
consecutive_le24h,tmax,2024-07-31,34,9,1,0.0625
consecutive_le24h,tmax,2024-08-01,34,9,1,0.0
consecutive_le24h,tmax,2024-08-02,34,9,1,0.0
consecutive_le24h,tmax,2024-08-03,32,9,1,0.0
consecutive_le24h,tmax,2024-08-04,30,9,1,0.0
consecutive_le24h,tmax,2024-08-05,30,9,1,0.0
consecutive_le24h,tmax,2024-08-06,30,9,1,0.07142857142857142
consecutive_le24h,tmax,2024-08-07,31,9,1,0.034482758620689655
consecutive_le24h,tmax,2024-08-08,30,9,1,0.0
consecutive_le24h,tmax,2024-08-09,30,9,1,0.0
consecutive_le24h,tmax,2024-08-10,30,9,1,0.03571428571428571
consecutive_le24h,tmax,2024-08-11,32,9,1,0.0
consecutive_le24h,tmax,2024-08-12,34,9,1,0.03125
consecutive_le24h,tmax,2024-08-13,34,9,1,0.0
consecutive_le24h,tmax,2024-08-14,34,9,1,0.03125
consecutive_le24h,tmax,2024-08-15,33,9,1,0.0
consecutive_le24h,tmax,2024-08-16,33,9,1,0.0
consecutive_le24h,tmax,2024-08-17,33,9,1,0.0
consecutive_le24h,tmax,2024-08-18,33,9,1,0.0
consecutive_le24h,tmax,2024-08-19,33,9,1,0.0
consecutive_le24h,tmax,2024-08-20,33,9,1,0.0
consecutive_le24h,tmax,2024-08-21,32,9,1,0.06666666666666667
consecutive_le24h,tmax,2024-08-22,32,9,1,0.03333333333333333
consecutive_le24h,tmax,2024-08-23,33,9,1,0.03225806451612903
consecutive_le24h,tmax,2024-08-24,33,9,1,0.0
consecutive_le24h,tmax,2024-08-25,33,9,1,0.0
consecutive_le24h,tmax,2024-08-26,33,9,1,0.03225806451612903
consecutive_le24h,tmax,2024-08-27,33,9,1,0.03225806451612903
consecutive_le24h,tmax,2024-08-28,32,9,1,0.03333333333333333
consecutive_le24h,tmax,2024-08-29,33,9,1,0.06451612903225806
consecutive_le24h,tmax,2024-08-30,33,9,1,0.0
consecutive_le24h,tmax,2024-08-31,33,9,1,0.0
consecutive_le24h,tmax,2024-09-01,33,9,1,0.0
consecutive_le24h,tmax,2024-09-02,33,9,1,0.0
consecutive_le24h,tmax,2024-09-03,33,9,1,0.0
consecutive_le24h,tmax,2024-09-04,33,9,1,0.0
consecutive_le24h,tmax,2024-09-05,34,9,1,0.0625
consecutive_le24h,tmax,2024-09-06,34,9,1,0.0
consecutive_le24h,tmax,2024-09-07,34,9,1,0.03125
consecutive_le24h,tmax,2024-09-08,34,9,1,0.03125
consecutive_le24h,tmax,2024-09-09,34,9,1,0.0
consecutive_le24h,tmax,2024-09-10,34,9,1,0.03125
consecutive_le24h,tmax,2024-09-11,34,9,1,0.0625
consecutive_le24h,tmax,2024-09-12,34,9,1,0.0625
consecutive_le24h,tmax,2024-09-13,34,9,1,0.03125
consecutive_le24h,tmax,2024-09-14,34,9,1,0.03125
consecutive_le24h,tmax,2024-09-15,33,9,1,0.03225806451612903
consecutive_le24h,tmax,2024-09-16,33,9,1,0.03225806451612903
consecutive_le24h,tmax,2024-09-17,33,9,1,0.06451612903225806
consecutive_le24h,tmax,2024-09-18,33,9,1,0.03225806451612903
consecutive_le24h,tmax,2024-09-19,33,9,1,0.0
consecutive_le24h,tmax,2024-09-20,33,9,1,0.06451612903225806
consecutive_le24h,tmax,2024-09-21,33,9,1,0.0
consecutive_le24h,tmax,2024-09-22,33,9,1,0.0
consecutive_le24h,tmax,2024-09-23,34,9,1,0.0
consecutive_le24h,tmax,2024-09-24,34,9,1,0.0625
consecutive_le24h,tmax,2024-09-25,34,9,1,0.0625
consecutive_le24h,tmax,2024-09-26,34,9,1,0.03125
consecutive_le24h,tmax,2024-09-27,34,9,1,0.0
consecutive_le24h,tmax,2024-09-28,33,9,1,0.06451612903225806
consecutive_le24h,tmax,2024-09-29,33,9,1,0.0
consecutive_le24h,tmax,2024-09-30,33,9,1,0.0
consecutive_le24h,tmax,2024-10-01,33,9,1,0.03225806451612903
consecutive_le24h,tmax,2024-10-02,33,9,1,0.06451612903225806
consecutive_le24h,tmax,2024-10-03,33,9,1,0.06451612903225806
consecutive_le24h,tmax,2024-10-04,33,9,1,0.03225806451612903
consecutive_le24h,tmax,2024-10-05,33,9,1,0.0
consecutive_le24h,tmax,2024-10-06,33,9,1,0.0
consecutive_le24h,tmax,2024-10-07,33,9,1,0.0
consecutive_le24h,tmax,2024-10-08,33,9,1,0.0
consecutive_le24h,tmax,2024-10-09,33,9,1,0.03225806451612903
consecutive_le24h,tmax,2024-10-10,33,9,1,0.03225806451612903
consecutive_le24h,tmax,2024-10-11,33,9,1,0.03225806451612903
consecutive_le24h,tmax,2024-10-12,33,9,1,0.0
consecutive_le24h,tmax,2024-10-13,33,9,1,0.03225806451612903
consecutive_le24h,tmax,2024-10-14,34,9,1,0.0625
consecutive_le24h,tmax,2024-10-15,34,9,1,0.03125
consecutive_le24h,tmax,2024-10-16,34,9,1,0.03125
consecutive_le24h,tmax,2024-10-17,34,9,1,0.03125
consecutive_le24h,tmax,2024-10-18,34,9,1,0.03125
consecutive_le24h,tmax,2024-10-19,34,9,1,0.0
consecutive_le24h,tmax,2024-10-20,34,9,1,0.03125
consecutive_le24h,tmax,2024-10-21,34,9,1,0.0
consecutive_le24h,tmax,2024-10-22,34,9,1,0.0
consecutive_le24h,tmax,2024-10-23,34,9,1,0.03125
consecutive_le24h,tmax,2024-10-24,34,9,1,0.0625
consecutive_le24h,tmax,2024-10-25,34,9,1,0.0625
consecutive_le24h,tmax,2024-10-26,33,9,1,0.06451612903225806
consecutive_le24h,tmax,2024-10-27,33,9,1,0.0967741935483871
consecutive_le24h,tmax,2024-10-28,33,9,1,0.06451612903225806
consecutive_le24h,tmax,2024-10-29,33,9,1,0.16129032258064516
consecutive_le24h,tmax,2024-10-30,33,9,1,0.0
consecutive_le24h,tmax,2024-10-31,33,9,1,0.0
consecutive_le24h,tmax,2024-11-01,33,9,1,0.03225806451612903
consecutive_le24h,tmax,2024-11-02,33,9,1,0.0
consecutive_le24h,tmax,2024-11-03,34,9,1,0.0625
consecutive_le24h,tmax,2024-11-04,34,9,1,0.09375
consecutive_le24h,tmax,2024-11-05,34,9,1,0.0
consecutive_le24h,tmax,2024-11-06,34,9,1,0.0
consecutive_le24h,tmax,2024-11-07,34,9,1,0.03125
consecutive_le24h,tmax,2024-11-08,34,9,1,0.0625
consecutive_le24h,tmax,2024-11-09,33,9,1,0.03225806451612903
consecutive_le24h,tmax,2024-11-10,33,9,1,0.03225806451612903
consecutive_le24h,tmax,2024-11-11,33,9,1,0.06451612903225806
consecutive_le24h,tmax,2024-11-12,33,9,1,0.0
consecutive_le24h,tmax,2024-11-13,33,9,1,0.0
consecutive_le24h,tmax,2024-11-14,33,9,1,0.0
consecutive_le24h,tmax,2024-11-15,33,9,1,0.06451612903225806
consecutive_le24h,tmax,2024-11-16,33,9,1,0.0
consecutive_le24h,tmax,2024-11-17,34,9,1,0.0
consecutive_le24h,tmax,2024-11-18,34,9,1,0.0
consecutive_le24h,tmax,2024-11-19,34,9,1,0.0
consecutive_le24h,tmax,2024-11-20,34,9,1,0.0625
consecutive_le24h,tmax,2024-11-21,34,9,1,0.0
consecutive_le24h,tmax,2024-11-22,34,9,1,0.0
consecutive_le24h,tmax,2024-11-23,34,9,1,0.0
consecutive_le24h,tmax,2024-11-24,34,9,1,0.0
consecutive_le24h,tmax,2024-11-25,34,9,1,0.0625
consecutive_le24h,tmax,2024-11-26,34,9,1,0.0625
consecutive_le24h,tmax,2024-11-27,34,9,1,0.0625
consecutive_le24h,tmax,2024-11-28,33,9,1,0.0
consecutive_le24h,tmax,2024-11-29,33,9,1,0.03225806451612903
consecutive_le24h,tmax,2024-11-30,32,9,1,0.03333333333333333
consecutive_le24h,tmax,2024-12-01,32,9,1,0.0
consecutive_le24h,tmax,2024-12-02,32,9,1,0.0
consecutive_le24h,tmax,2024-12-03,30,9,1,0.0
consecutive_le24h,tmax,2024-12-04,29,9,1,0.0
consecutive_le24h,tmax,2024-12-05,28,9,1,0.0
consecutive_le24h,tmax,2024-12-06,29,9,1,0.037037037037037035
consecutive_le24h,tmax,2024-12-07,29,9,1,0.07407407407407407
consecutive_le24h,tmax,2024-12-08,30,9,1,0.03571428571428571
consecutive_le24h,tmax,2024-12-09,30,9,1,0.0
consecutive_le24h,tmax,2024-12-10,30,9,1,0.0
consecutive_le24h,tmax,2024-12-11,32,9,1,0.0
consecutive_le24h,tmax,2024-12-12,33,9,1,0.03225806451612903
consecutive_le24h,tmax,2024-12-13,34,9,1,0.03125
consecutive_le24h,tmax,2024-12-14,34,9,1,0.03125
consecutive_le24h,tmax,2024-12-15,33,9,1,0.06451612903225806
consecutive_le24h,tmax,2024-12-16,33,9,1,0.03225806451612903
consecutive_le24h,tmax,2024-12-17,33,9,1,0.0
consecutive_le24h,tmax,2024-12-18,33,9,1,0.0
consecutive_le24h,tmax,2024-12-19,30,9,1,0.0
consecutive_le24h,tmax,2024-12-20,26,9,2,0.041666666666666664
consecutive_le24h,tmax,2024-12-21,22,9,3,0.15
consecutive_le24h,tmax,2024-12-21,4,2,1,0.0
consecutive_le24h,tmax,2024-12-22,18,9,4,0.0
consecutive_le24h,tmax,2024-12-22,8,3,1,0.0
consecutive_le24h,tmax,2024-12-23,15,9,5,0.0
consecutive_le24h,tmax,2024-12-23,11,4,1,0.0
consecutive_le24h,tmax,2024-12-24,11,9,6,0.0
consecutive_le24h,tmax,2024-12-24,15,5,1,0.0
consecutive_le24h,tmax,2024-12-25,7,9,7,0.0
consecutive_le24h,tmax,2024-12-25,19,6,1,0.17647058823529413
consecutive_le24h,tmax,2024-12-26,3,9,8,0.0
consecutive_le24h,tmax,2024-12-26,23,7,1,0.047619047619047616
consecutive_le24h,tmax,2024-12-27,27,8,1,0.04
consecutive_le24h,tmax,2024-12-28,32,9,1,0.03333333333333333
consecutive_le24h,tmax,2024-12-29,33,9,1,0.06451612903225806
consecutive_le24h,tmax,2024-12-30,33,9,1,0.0967741935483871
consecutive_le24h,tmax,2024-12-31,34,9,1,0.03125
consecutive_le24h,tmax,2025-01-01,34,9,1,0.0
consecutive_le24h,tmax,2025-01-02,34,9,1,0.0625
consecutive_le24h,tmax,2025-01-03,34,9,1,0.0
consecutive_le24h,tmax,2025-01-04,34,9,1,0.0
consecutive_le24h,tmax,2025-01-05,34,9,1,0.0625
consecutive_le24h,tmax,2025-01-06,34,9,1,0.0
consecutive_le24h,tmax,2025-01-07,34,9,1,0.0
consecutive_le24h,tmax,2025-01-08,34,9,1,0.03125
consecutive_le24h,tmax,2025-01-09,34,9,1,0.0625
consecutive_le24h,tmax,2025-01-10,34,9,1,0.09375
consecutive_le24h,tmax,2025-01-11,34,9,1,0.0
consecutive_le24h,tmax,2025-01-12,33,9,1,0.0
consecutive_le24h,tmax,2025-01-13,33,9,1,0.03225806451612903
consecutive_le24h,tmax,2025-01-14,33,9,1,0.06451612903225806
consecutive_le24h,tmax,2025-01-15,33,9,1,0.03225806451612903
consecutive_le24h,tmax,2025-01-16,33,9,1,0.0
consecutive_le24h,tmax,2025-01-17,33,9,1,0.0
consecutive_le24h,tmax,2025-01-18,33,9,1,0.0
consecutive_le24h,tmax,2025-01-19,33,9,1,0.03225806451612903
consecutive_le24h,tmax,2025-01-20,34,9,1,0.0625
consecutive_le24h,tmax,2025-01-21,33,9,1,0.03225806451612903
consecutive_le24h,tmax,2025-01-22,33,9,1,0.0
consecutive_le24h,tmax,2025-01-23,33,9,1,0.06451612903225806
consecutive_le24h,tmax,2025-01-24,33,9,1,0.0
consecutive_le24h,tmax,2025-01-25,33,9,1,0.03225806451612903
consecutive_le24h,tmax,2025-01-26,33,9,1,0.03225806451612903
consecutive_le24h,tmax,2025-01-27,33,9,1,0.06451612903225806
consecutive_le24h,tmax,2025-01-28,33,9,1,0.0
consecutive_le24h,tmax,2025-01-29,34,9,1,0.0
consecutive_le24h,tmax,2025-01-30,34,9,1,0.0
consecutive_le24h,tmax,2025-01-31,34,9,1,0.0
consecutive_le24h,tmax,2025-02-01,34,9,1,0.03125
consecutive_le24h,tmax,2025-02-02,34,9,1,0.03125
consecutive_le24h,tmax,2025-02-03,34,9,1,0.0625
consecutive_le24h,tmax,2025-02-04,34,9,1,0.09375
consecutive_le24h,tmax,2025-02-05,34,9,1,0.0
consecutive_le24h,tmax,2025-02-06,34,9,1,0.0
consecutive_le24h,tmax,2025-02-07,34,9,1,0.03125
consecutive_le24h,tmax,2025-02-08,34,9,1,0.03125
consecutive_le24h,tmax,2025-02-09,34,9,1,0.0
consecutive_le24h,tmax,2025-02-10,34,9,1,0.03125
consecutive_le24h,tmax,2025-02-11,34,9,1,0.03125
consecutive_le24h,tmax,2025-02-12,34,9,1,0.03125
consecutive_le24h,tmax,2025-02-13,34,9,1,0.03125
consecutive_le24h,tmax,2025-02-14,34,9,1,0.0
consecutive_le24h,tmax,2025-02-15,34,9,1,0.0625
consecutive_le24h,tmax,2025-02-16,34,9,1,0.03125
consecutive_le24h,tmax,2025-02-17,34,9,1,0.03125
consecutive_le24h,tmax,2025-02-18,34,9,1,0.03125
consecutive_le24h,tmax,2025-02-19,33,9,1,0.0
consecutive_le24h,tmax,2025-02-20,32,9,1,0.03333333333333333
consecutive_le24h,tmax,2025-02-21,32,9,1,0.13333333333333333
consecutive_le24h,tmax,2025-02-22,32,9,1,0.0
consecutive_le24h,tmax,2025-02-23,32,9,1,0.0
consecutive_le24h,tmax,2025-02-24,32,9,1,0.0
consecutive_le24h,tmax,2025-02-25,32,9,1,0.0
consecutive_le24h,tmax,2025-02-26,32,9,1,0.0
consecutive_le24h,tmax,2025-02-27,33,9,1,0.0
consecutive_le24h,tmax,2025-02-28,34,9,1,0.0625
consecutive_le24h,tmax,2025-03-01,34,9,1,0.0625
consecutive_le24h,tmax,2025-03-02,34,9,1,0.0
consecutive_le24h,tmax,2025-03-03,33,9,1,0.03225806451612903
consecutive_le24h,tmax,2025-03-04,33,9,1,0.12903225806451613
consecutive_le24h,tmax,2025-03-05,33,9,1,0.03225806451612903
consecutive_le24h,tmax,2025-03-06,33,9,1,0.03225806451612903
consecutive_le24h,tmax,2025-03-07,33,9,1,0.0
consecutive_le24h,tmax,2025-03-08,32,9,1,0.1
consecutive_le24h,tmax,2025-03-09,32,9,1,0.0
consecutive_le24h,tmax,2025-03-10,32,9,1,0.0
consecutive_le24h,tmax,2025-03-11,33,9,1,0.06451612903225806
consecutive_le24h,tmax,2025-03-12,33,9,1,0.0
consecutive_le24h,tmax,2025-03-13,33,9,1,0.03225806451612903
consecutive_le24h,tmax,2025-03-14,33,9,1,0.0
consecutive_le24h,tmax,2025-03-15,33,9,1,0.03225806451612903
consecutive_le24h,tmax,2025-03-16,34,9,1,0.03125
consecutive_le24h,tmax,2025-03-17,34,9,1,0.09375
consecutive_le24h,tmax,2025-03-18,34,9,1,0.0
consecutive_le24h,tmax,2025-03-19,34,9,1,0.0
consecutive_le24h,tmax,2025-03-20,34,9,1,0.0
consecutive_le24h,tmax,2025-03-21,34,9,1,0.0
consecutive_le24h,tmax,2025-03-22,34,9,1,0.0
consecutive_le24h,tmax,2025-03-23,34,9,1,0.0
consecutive_le24h,tmax,2025-03-24,33,9,1,0.0967741935483871
consecutive_le24h,tmax,2025-03-25,32,9,1,0.0
consecutive_le24h,tmax,2025-03-26,32,9,1,0.0
consecutive_le24h,tmax,2025-03-27,32,9,1,0.0
consecutive_le24h,tmax,2025-03-28,32,9,1,0.0
consecutive_le24h,tmax,2025-03-29,32,9,1,0.06666666666666667
consecutive_le24h,tmax,2025-03-30,32,9,1,0.0
consecutive_le24h,tmax,2025-03-31,32,9,1,0.06666666666666667
consecutive_le24h,tmax,2025-04-01,33,9,1,0.06451612903225806
consecutive_le24h,tmax,2025-04-02,34,9,1,0.03125
consecutive_le24h,tmax,2025-04-03,34,9,1,0.0
consecutive_le24h,tmax,2025-04-04,33,9,1,0.0
consecutive_le24h,tmax,2025-04-05,33,9,1,0.0
consecutive_le24h,tmax,2025-04-06,33,9,1,0.06451612903225806
consecutive_le24h,tmax,2025-04-07,33,9,1,0.06451612903225806
consecutive_le24h,tmax,2025-04-08,32,9,1,0.03333333333333333
consecutive_le24h,tmax,2025-04-09,32,9,1,0.03333333333333333
consecutive_le24h,tmax,2025-04-10,32,9,1,0.0
consecutive_le24h,tmax,2025-04-11,32,9,1,0.03333333333333333
consecutive_le24h,tmax,2025-04-12,33,9,1,0.03225806451612903
consecutive_le24h,tmax,2025-04-13,33,9,1,0.06451612903225806
consecutive_le24h,tmax,2025-04-14,33,9,1,0.0
consecutive_le24h,tmax,2025-04-15,33,9,1,0.0
consecutive_le24h,tmax,2025-04-16,34,9,1,0.0
consecutive_le24h,tmax,2025-04-17,34,9,1,0.0
consecutive_le24h,tmax,2025-04-18,34,9,1,0.0
consecutive_le24h,tmax,2025-04-19,34,9,1,0.03125
consecutive_le24h,tmax,2025-04-20,34,9,1,0.0
consecutive_le24h,tmax,2025-04-21,34,9,1,0.0
consecutive_le24h,tmax,2025-04-22,34,9,1,0.0
consecutive_le24h,tmax,2025-04-23,34,9,1,0.03125
consecutive_le24h,tmax,2025-04-24,34,9,1,0.0
consecutive_le24h,tmax,2025-04-25,34,9,1,0.0625
consecutive_le24h,tmax,2025-04-26,34,9,1,0.0625
consecutive_le24h,tmax,2025-04-27,34,9,1,0.09375
consecutive_le24h,tmax,2025-04-28,34,9,1,0.09375
consecutive_le24h,tmax,2025-04-29,34,9,1,0.09375
consecutive_le24h,tmax,2025-04-30,34,9,1,0.0
consecutive_le24h,tmax,2025-05-01,33,9,1,0.0
consecutive_le24h,tmax,2025-05-02,33,9,1,0.0
consecutive_le24h,tmax,2025-05-03,33,9,1,0.12903225806451613
consecutive_le24h,tmax,2025-05-04,33,9,1,0.03225806451612903
consecutive_le24h,tmax,2025-05-05,33,9,1,0.0
consecutive_le24h,tmax,2025-05-06,33,9,1,0.03225806451612903
consecutive_le24h,tmax,2025-05-07,33,9,1,0.06451612903225806
consecutive_le24h,tmax,2025-05-08,33,9,1,0.0
consecutive_le24h,tmax,2025-05-09,34,9,1,0.03125
consecutive_le24h,tmax,2025-05-10,34,9,1,0.0
consecutive_le24h,tmax,2025-05-11,34,9,1,0.0
consecutive_le24h,tmax,2025-05-12,34,9,1,0.0
consecutive_le24h,tmax,2025-05-13,34,9,1,0.09375
consecutive_le24h,tmax,2025-05-14,34,9,1,0.125
consecutive_le24h,tmax,2025-05-15,34,9,1,0.0625
consecutive_le24h,tmax,2025-05-16,34,9,1,0.0625
consecutive_le24h,tmax,2025-05-17,33,9,1,0.0
consecutive_le24h,tmax,2025-05-18,31,9,1,0.034482758620689655
consecutive_le24h,tmax,2025-05-19,31,9,1,0.06896551724137931
consecutive_le24h,tmax,2025-05-20,30,9,1,0.03571428571428571
consecutive_le24h,tmax,2025-05-21,30,9,1,0.0
consecutive_le24h,tmax,2025-05-22,30,9,1,0.0
consecutive_le24h,tmax,2025-05-23,30,9,1,0.0
consecutive_le24h,tmax,2025-05-24,30,9,1,0.0
consecutive_le24h,tmax,2025-05-25,31,9,1,0.06896551724137931
consecutive_le24h,tmax,2025-05-26,33,9,1,0.12903225806451613
consecutive_le24h,tmax,2025-05-27,33,9,1,0.0
consecutive_le24h,tmax,2025-05-28,34,9,1,0.0625
consecutive_le24h,tmax,2025-05-29,34,9,1,0.0625
consecutive_le24h,tmax,2025-05-30,34,9,1,0.0
consecutive_le24h,tmax,2025-05-31,34,9,1,0.0
consecutive_le24h,tmax,2025-06-01,34,9,1,0.0
consecutive_le24h,tmax,2025-06-02,34,9,1,0.0
consecutive_le24h,tmax,2025-06-03,34,9,1,0.0
consecutive_le24h,tmax,2025-06-04,34,9,1,0.0
consecutive_le24h,tmax,2025-06-05,34,9,1,0.0625
consecutive_le24h,tmax,2025-06-06,34,9,1,0.0625
consecutive_le24h,tmax,2025-06-07,35,9,1,0.030303030303030304
consecutive_le24h,tmax,2025-06-08,34,9,1,0.0
consecutive_le24h,tmax,2025-06-09,34,9,1,0.0
consecutive_le24h,tmax,2025-06-10,34,9,1,0.0
consecutive_le24h,tmax,2025-06-11,34,9,1,0.03125
consecutive_le24h,tmax,2025-06-12,34,9,1,0.03125
consecutive_le24h,tmax,2025-06-13,34,9,1,0.0
consecutive_le24h,tmax,2025-06-14,34,9,1,0.0
consecutive_le24h,tmax,2025-06-15,34,9,1,0.03125
consecutive_le24h,tmax,2025-06-16,34,9,1,0.0
consecutive_le24h,tmax,2025-06-17,34,9,1,0.03125
consecutive_le24h,tmax,2025-06-18,34,9,1,0.0625
consecutive_le24h,tmax,2025-06-19,34,9,1,0.0625
consecutive_le24h,tmax,2025-06-20,34,9,1,0.0625
consecutive_le24h,tmax,2025-06-21,34,9,1,0.0
consecutive_le24h,tmax,2025-06-22,34,9,1,0.0
consecutive_le24h,tmax,2025-06-23,34,9,1,0.0
consecutive_le24h,tmax,2025-06-24,34,9,1,0.03125
consecutive_le24h,tmax,2025-06-25,34,9,1,0.0
consecutive_le24h,tmax,2025-06-26,34,9,1,0.03125
consecutive_le24h,tmax,2025-06-27,34,9,1,0.09375
consecutive_le24h,tmax,2025-06-28,34,9,1,0.03125
consecutive_le24h,tmax,2025-06-29,34,9,1,0.0
consecutive_le24h,tmax,2025-06-30,34,9,1,0.0
consecutive_le24h,tmax,2025-07-01,34,9,1,0.0625
consecutive_le24h,tmax,2025-07-02,34,9,1,0.03125
consecutive_le24h,tmax,2025-07-03,34,9,1,0.0625
consecutive_le24h,tmax,2025-07-04,34,9,1,0.0625
consecutive_le24h,tmax,2025-07-05,33,9,1,0.03225806451612903
consecutive_le24h,tmax,2025-07-06,33,9,1,0.0
consecutive_le24h,tmax,2025-07-07,33,9,1,0.03225806451612903
consecutive_le24h,tmax,2025-07-08,33,9,1,0.03225806451612903
consecutive_le24h,tmax,2025-07-09,33,9,1,0.0967741935483871
consecutive_le24h,tmax,2025-07-10,33,9,1,0.06451612903225806
consecutive_le24h,tmax,2025-07-11,33,9,1,0.0
consecutive_le24h,tmax,2025-07-12,33,9,1,0.0
consecutive_le24h,tmax,2025-07-13,34,9,1,0.03125
consecutive_le24h,tmax,2025-07-14,34,9,1,0.0
consecutive_le24h,tmax,2025-07-15,34,9,1,0.03125
consecutive_le24h,tmax,2025-07-16,34,9,1,0.0
consecutive_le24h,tmax,2025-07-17,34,9,1,0.03125
consecutive_le24h,tmax,2025-07-18,33,9,1,0.0967741935483871
consecutive_le24h,tmax,2025-07-19,33,9,1,0.03225806451612903
consecutive_le24h,tmax,2025-07-20,33,9,1,0.03225806451612903
consecutive_le24h,tmax,2025-07-21,33,9,1,0.06451612903225806
consecutive_le24h,tmax,2025-07-22,33,9,1,0.03225806451612903
consecutive_le24h,tmax,2025-07-23,33,9,1,0.0967741935483871
consecutive_le24h,tmax,2025-07-24,33,9,1,0.0
consecutive_le24h,tmax,2025-07-25,33,9,1,0.0
consecutive_le24h,tmax,2025-07-26,34,9,1,0.0
consecutive_le24h,tmax,2025-07-27,34,9,1,0.0625
consecutive_le24h,tmax,2025-07-28,34,9,1,0.03125
consecutive_le24h,tmax,2025-07-29,34,9,1,0.09375
consecutive_le24h,tmax,2025-07-30,34,9,1,0.125
consecutive_le24h,tmax,2025-07-31,34,9,1,0.0625
consecutive_le24h,tmax,2025-08-01,34,9,1,0.0
consecutive_le24h,tmax,2025-08-02,34,9,1,0.0
consecutive_le24h,tmax,2025-08-03,34,9,1,0.0
consecutive_le24h,tmax,2025-08-04,34,9,1,0.0625
consecutive_le24h,tmax,2025-08-05,34,9,1,0.0
consecutive_le24h,tmax,2025-08-06,34,9,1,0.0
consecutive_le24h,tmax,2025-08-07,34,9,1,0.0
consecutive_le24h,tmax,2025-08-08,34,9,1,0.0
consecutive_le24h,tmax,2025-08-09,34,9,1,0.0
consecutive_le24h,tmax,2025-08-10,33,9,1,0.0
consecutive_le24h,tmax,2025-08-11,32,9,1,0.06666666666666667
consecutive_le24h,tmax,2025-08-12,32,9,1,0.03333333333333333
consecutive_le24h,tmax,2025-08-13,32,9,1,0.03333333333333333
consecutive_le24h,tmax,2025-08-14,32,9,1,0.0
consecutive_le24h,tmax,2025-08-15,32,9,1,0.0
consecutive_le24h,tmax,2025-08-16,32,9,1,0.03333333333333333
consecutive_le24h,tmax,2025-08-17,32,9,1,0.06666666666666667
consecutive_le24h,tmax,2025-08-18,33,9,1,0.0
consecutive_le24h,tmax,2025-08-19,34,9,1,0.0
consecutive_le24h,tmax,2025-08-20,34,9,1,0.0
consecutive_le24h,tmax,2025-08-21,34,9,1,0.0625
consecutive_le24h,tmax,2025-08-22,34,9,1,0.03125
consecutive_le24h,tmax,2025-08-23,34,9,1,0.0
consecutive_le24h,tmax,2025-08-24,34,9,1,0.125
consecutive_le24h,tmax,2025-08-25,34,9,1,0.21875
consecutive_le24h,tmax,2025-08-26,34,9,1,0.09375
consecutive_le24h,tmax,2025-08-27,34,9,1,0.03125
consecutive_le24h,tmax,2025-08-28,34,9,1,0.03125
consecutive_le24h,tmax,2025-08-29,34,9,1,0.0625
consecutive_le24h,tmax,2025-08-30,34,9,1,0.03125
consecutive_le24h,tmax,2025-08-31,34,9,1,0.0
consecutive_le24h,tmax,2025-09-01,34,9,1,0.0
consecutive_le24h,tmax,2025-09-02,34,9,1,0.0
consecutive_le24h,tmax,2025-09-03,34,9,1,0.0
consecutive_le24h,tmax,2025-09-04,34,9,1,0.0625
consecutive_le24h,tmax,2025-09-05,34,9,1,0.0625
consecutive_le24h,tmax,2025-09-06,34,9,1,0.0625
consecutive_le24h,tmax,2025-09-07,34,9,1,0.09375
consecutive_le24h,tmax,2025-09-08,34,9,1,0.0
consecutive_le24h,tmax,2025-09-09,34,9,1,0.0625
consecutive_le24h,tmax,2025-09-10,34,9,1,0.03125
consecutive_le24h,tmax,2025-09-11,34,9,1,0.0
consecutive_le24h,tmax,2025-09-12,34,9,1,0.0
consecutive_le24h,tmax,2025-09-13,33,9,1,0.0
consecutive_le24h,tmax,2025-09-14,32,9,1,0.0
consecutive_le24h,tmax,2025-09-15,31,9,1,0.034482758620689655
consecutive_le24h,tmax,2025-09-16,31,9,1,0.0
consecutive_le24h,tmax,2025-09-17,31,9,1,0.034482758620689655
consecutive_le24h,tmax,2025-09-18,31,9,1,0.06896551724137931
consecutive_le24h,tmax,2025-09-19,31,9,1,0.06896551724137931
consecutive_le24h,tmax,2025-09-20,30,9,1,0.07142857142857142
consecutive_le24h,tmax,2025-09-21,31,9,1,0.0
consecutive_le24h,tmax,2025-09-22,32,9,1,0.0
consecutive_le24h,tmax,2025-09-23,33,9,1,0.0967741935483871
consecutive_le24h,tmax,2025-09-24,33,9,1,0.03225806451612903
consecutive_le24h,tmax,2025-09-25,33,9,1,0.0
consecutive_le24h,tmax,2025-09-26,33,9,1,0.03225806451612903
consecutive_le24h,tmax,2025-09-27,33,9,1,0.03225806451612903
consecutive_le24h,tmax,2025-09-28,33,9,1,0.03225806451612903
consecutive_le24h,tmax,2025-09-29,34,9,1,0.0
consecutive_le24h,tmax,2025-09-30,34,9,1,0.0
consecutive_le24h,tmax,2025-10-01,34,9,1,0.0
consecutive_le24h,tmax,2025-10-02,34,9,1,0.0
consecutive_le24h,tmax,2025-10-03,34,9,1,0.0
consecutive_le24h,tmax,2025-10-04,33,9,1,0.03225806451612903
consecutive_le24h,tmax,2025-10-05,33,9,1,0.06451612903225806
consecutive_le24h,tmax,2025-10-06,33,9,1,0.0
consecutive_le24h,tmax,2025-10-07,33,9,1,0.0
consecutive_le24h,tmax,2025-10-08,33,9,1,0.0
consecutive_le24h,tmax,2025-10-09,33,9,1,0.03225806451612903
consecutive_le24h,tmax,2025-10-10,33,9,1,0.03225806451612903
consecutive_le24h,tmax,2025-10-11,33,9,1,0.03225806451612903
consecutive_le24h,tmax,2025-10-12,34,9,1,0.03125
consecutive_le24h,tmax,2025-10-13,34,9,1,0.03125
consecutive_le24h,tmax,2025-10-14,35,9,1,0.15151515151515152
consecutive_le24h,tmax,2025-10-15,34,9,1,0.0625
consecutive_le24h,tmax,2025-10-16,33,9,1,0.0
consecutive_le24h,tmax,2025-10-17,33,9,1,0.03225806451612903
consecutive_le24h,tmax,2025-10-18,33,9,1,0.03225806451612903
consecutive_le24h,tmax,2025-10-19,33,9,1,0.0
consecutive_le24h,tmax,2025-10-20,33,9,1,0.0
consecutive_le24h,tmax,2025-10-21,33,9,1,0.0
consecutive_le24h,tmax,2025-10-22,33,9,1,0.0
consecutive_le24h,tmax,2025-10-23,33,9,1,0.06451612903225806
consecutive_le24h,tmax,2025-10-24,34,9,1,0.0625
consecutive_le24h,tmax,2025-10-25,34,9,1,0.0625
consecutive_le24h,tmax,2025-10-26,34,9,1,0.09375
consecutive_le24h,tmax,2025-10-27,34,9,1,0.0625
consecutive_le24h,tmax,2025-10-28,34,9,1,0.0625
consecutive_le24h,tmax,2025-10-29,34,9,1,0.0625
consecutive_le24h,tmax,2025-10-30,34,9,1,0.0625
consecutive_le24h,tmax,2025-10-31,34,9,1,0.0
consecutive_le24h,tmax,2025-11-01,34,9,1,0.0
consecutive_le24h,tmax,2025-11-02,34,9,1,0.0
consecutive_le24h,tmax,2025-11-03,34,9,1,0.0625
consecutive_le24h,tmax,2025-11-04,34,9,1,0.03125
consecutive_le24h,tmax,2025-11-05,34,9,1,0.0
consecutive_le24h,tmax,2025-11-06,34,9,1,0.03125
consecutive_le24h,tmax,2025-11-07,34,9,1,0.0
consecutive_le24h,tmax,2025-11-08,34,9,1,0.0625
consecutive_le24h,tmax,2025-11-09,34,9,1,0.0625
consecutive_le24h,tmax,2025-11-10,34,9,1,0.125
consecutive_le24h,tmax,2025-11-11,34,9,1,0.0
consecutive_le24h,tmax,2025-11-12,34,9,1,0.0
consecutive_le24h,tmax,2025-11-13,34,9,1,0.0625
consecutive_le24h,tmax,2025-11-14,34,9,1,0.03125
consecutive_le24h,tmax,2025-11-15,34,9,1,0.0625
consecutive_le24h,tmax,2025-11-16,34,9,1,0.09375
consecutive_le24h,tmax,2025-11-17,34,9,1,0.0
consecutive_le24h,tmax,2025-11-18,34,9,1,0.09375
consecutive_le24h,tmax,2025-11-19,34,9,1,0.03125
consecutive_le24h,tmax,2025-11-20,34,9,1,0.0625
consecutive_le24h,tmax,2025-11-21,34,9,1,0.03125
consecutive_le24h,tmax,2025-11-22,34,9,1,0.03125
consecutive_le24h,tmax,2025-11-23,34,9,1,0.03125
consecutive_le24h,tmax,2025-11-24,33,9,1,0.0
consecutive_le24h,tmax,2025-11-25,33,9,1,0.03225806451612903
consecutive_le24h,tmax,2025-11-26,33,9,1,0.03225806451612903
consecutive_le24h,tmax,2025-11-27,32,9,1,0.0
consecutive_le24h,tmax,2025-11-28,32,9,1,0.0
consecutive_le24h,tmax,2025-11-29,32,9,1,0.03333333333333333
consecutive_le24h,tmax,2025-11-30,32,9,1,0.06666666666666667
consecutive_le24h,tmax,2025-12-01,32,9,1,0.03333333333333333
consecutive_le24h,tmax,2025-12-02,33,9,1,0.0
consecutive_le24h,tmax,2025-12-03,33,9,1,0.16129032258064516
consecutive_le24h,tmax,2025-12-04,33,9,1,0.0967741935483871
consecutive_le24h,tmax,2025-12-05,34,9,1,0.0625
consecutive_le24h,tmax,2025-12-06,34,9,1,0.0
consecutive_le24h,tmax,2025-12-07,34,9,1,0.0
consecutive_le24h,tmax,2025-12-08,33,9,1,0.0
consecutive_le24h,tmax,2025-12-09,33,9,1,0.0
consecutive_le24h,tmax,2025-12-10,33,9,1,0.0967741935483871
consecutive_le24h,tmax,2025-12-11,33,9,1,0.03225806451612903
consecutive_le24h,tmax,2025-12-12,33,9,1,0.0
consecutive_le24h,tmax,2025-12-13,33,9,1,0.06451612903225806
consecutive_le24h,tmax,2025-12-14,33,9,1,0.0
consecutive_le24h,tmax,2025-12-15,33,9,1,0.03225806451612903
consecutive_le24h,tmax,2025-12-16,34,9,1,0.0625
consecutive_le24h,tmax,2025-12-17,34,9,1,0.0
consecutive_le24h,tmax,2025-12-18,34,9,1,0.0
consecutive_le24h,tmax,2025-12-19,34,9,1,0.0
consecutive_le24h,tmax,2025-12-20,34,9,1,0.0
consecutive_le24h,tmax,2025-12-21,34,9,1,0.0
consecutive_le24h,tmax,2025-12-22,34,9,1,0.0625
consecutive_le24h,tmax,2025-12-23,34,9,1,0.03125
consecutive_le24h,tmax,2025-12-24,34,9,1,0.0
consecutive_le24h,tmax,2025-12-25,34,9,1,0.03125
consecutive_le24h,tmax,2025-12-26,34,9,1,0.0
consecutive_le24h,tmax,2025-12-27,34,9,1,0.0625
consecutive_le24h,tmax,2025-12-28,34,9,1,0.0
consecutive_le24h,tmax,2025-12-29,34,9,1,0.03125
consecutive_le24h,tmax,2025-12-30,33,9,1,0.03225806451612903
consecutive_le24h,tmax,2025-12-31,33,9,1,0.0
consecutive_le24h,rh_min,2022-01-02,4,1,1,0.0
consecutive_le24h,rh_min,2022-01-03,8,2,1,0.0
consecutive_le24h,rh_min,2022-01-04,11,3,1,0.0
consecutive_le24h,rh_min,2022-01-05,14,4,1,0.0
consecutive_le24h,rh_min,2022-01-06,18,5,1,0.0
consecutive_le24h,rh_min,2022-01-07,22,6,1,0.25
consecutive_le24h,rh_min,2022-01-08,26,7,1,0.0
consecutive_le24h,rh_min,2022-01-09,30,8,1,0.0
consecutive_le24h,rh_min,2022-01-10,32,9,1,0.0
consecutive_le24h,rh_min,2022-01-11,32,9,1,0.16666666666666666
consecutive_le24h,rh_min,2022-01-12,33,9,1,0.16129032258064516
consecutive_le24h,rh_min,2022-01-13,34,9,1,0.3125
consecutive_le24h,rh_min,2022-01-14,34,9,1,0.15625
consecutive_le24h,rh_min,2022-01-15,34,9,1,0.46875
consecutive_le24h,rh_min,2022-01-16,33,9,1,0.16129032258064516
consecutive_le24h,rh_min,2022-01-17,33,9,1,0.0
consecutive_le24h,rh_min,2022-01-18,33,9,1,0.16129032258064516
consecutive_le24h,rh_min,2022-01-19,33,9,1,0.16129032258064516
consecutive_le24h,rh_min,2022-01-20,33,9,1,0.4838709677419355
consecutive_le24h,rh_min,2022-01-21,33,9,1,0.0
consecutive_le24h,rh_min,2022-01-22,33,9,1,0.0
consecutive_le24h,rh_min,2022-01-23,33,9,1,0.0
consecutive_le24h,rh_min,2022-01-24,33,9,1,0.0
consecutive_le24h,rh_min,2022-01-25,33,9,1,0.0
consecutive_le24h,rh_min,2022-01-26,33,9,1,0.16129032258064516
consecutive_le24h,rh_min,2022-01-27,33,9,1,0.3225806451612903
consecutive_le24h,rh_min,2022-01-28,33,9,1,0.0
consecutive_le24h,rh_min,2022-01-29,33,9,1,0.16129032258064516
consecutive_le24h,rh_min,2022-01-30,33,9,1,0.4838709677419355
consecutive_le24h,rh_min,2022-01-31,33,9,1,0.16129032258064516
consecutive_le24h,rh_min,2022-02-01,34,9,1,0.0
consecutive_le24h,rh_min,2022-02-02,34,9,1,0.0
consecutive_le24h,rh_min,2022-02-03,34,9,1,0.0
consecutive_le24h,rh_min,2022-02-04,34,9,1,0.0
consecutive_le24h,rh_min,2022-02-05,34,9,1,0.0
consecutive_le24h,rh_min,2022-02-06,34,9,1,0.3125
consecutive_le24h,rh_min,2022-02-07,34,9,1,0.15625
consecutive_le24h,rh_min,2022-02-08,34,9,1,0.0
consecutive_le24h,rh_min,2022-02-09,34,9,1,0.0
consecutive_le24h,rh_min,2022-02-10,34,9,1,0.0
consecutive_le24h,rh_min,2022-02-11,34,9,1,0.15625
consecutive_le24h,rh_min,2022-02-12,34,9,1,0.15625
consecutive_le24h,rh_min,2022-02-13,33,9,1,0.0
consecutive_le24h,rh_min,2022-02-14,33,9,1,0.16129032258064516
consecutive_le24h,rh_min,2022-02-15,33,9,1,0.0
consecutive_le24h,rh_min,2022-02-16,33,9,1,0.0
consecutive_le24h,rh_min,2022-02-17,33,9,1,0.0
consecutive_le24h,rh_min,2022-02-18,33,9,1,0.16129032258064516
consecutive_le24h,rh_min,2022-02-19,33,9,1,0.16129032258064516
consecutive_le24h,rh_min,2022-02-20,33,9,1,0.0
consecutive_le24h,rh_min,2022-02-21,33,9,1,0.0
consecutive_le24h,rh_min,2022-02-22,33,9,1,0.0
consecutive_le24h,rh_min,2022-02-23,33,9,1,0.3225806451612903
consecutive_le24h,rh_min,2022-02-24,33,9,1,0.4838709677419355
consecutive_le24h,rh_min,2022-02-25,33,9,1,0.16129032258064516
consecutive_le24h,rh_min,2022-02-26,33,9,1,0.16129032258064516
consecutive_le24h,rh_min,2022-02-27,32,9,1,0.5
consecutive_le24h,rh_min,2022-02-28,32,9,1,0.16666666666666666
consecutive_le24h,rh_min,2022-03-01,33,9,1,0.4838709677419355
consecutive_le24h,rh_min,2022-03-02,33,9,1,0.3225806451612903
consecutive_le24h,rh_min,2022-03-03,33,9,1,0.16129032258064516
consecutive_le24h,rh_min,2022-03-04,32,9,1,0.3333333333333333
consecutive_le24h,rh_min,2022-03-05,32,9,1,0.0
consecutive_le24h,rh_min,2022-03-06,32,9,1,0.16666666666666666
consecutive_le24h,rh_min,2022-03-07,33,9,1,0.6451612903225806
consecutive_le24h,rh_min,2022-03-08,33,9,1,0.0
consecutive_le24h,rh_min,2022-03-09,33,9,1,0.3225806451612903
consecutive_le24h,rh_min,2022-03-10,33,9,1,0.0
consecutive_le24h,rh_min,2022-03-11,33,9,1,0.0
consecutive_le24h,rh_min,2022-03-12,34,9,1,0.0
consecutive_le24h,rh_min,2022-03-13,34,9,1,0.15625
consecutive_le24h,rh_min,2022-03-14,34,9,1,0.3125
consecutive_le24h,rh_min,2022-03-15,34,9,1,0.15625
consecutive_le24h,rh_min,2022-03-16,34,9,1,0.0
consecutive_le24h,rh_min,2022-03-17,33,9,1,0.16129032258064516
consecutive_le24h,rh_min,2022-03-18,33,9,1,0.16129032258064516
consecutive_le24h,rh_min,2022-03-19,33,9,1,0.3225806451612903
consecutive_le24h,rh_min,2022-03-20,33,9,1,0.4838709677419355
consecutive_le24h,rh_min,2022-03-21,33,9,1,0.3225806451612903
consecutive_le24h,rh_min,2022-03-22,33,9,1,0.0
consecutive_le24h,rh_min,2022-03-23,33,9,1,0.0
consecutive_le24h,rh_min,2022-03-24,33,9,1,0.0
consecutive_le24h,rh_min,2022-03-25,34,9,1,0.0
consecutive_le24h,rh_min,2022-03-26,34,9,1,0.0
consecutive_le24h,rh_min,2022-03-27,34,9,1,0.0
consecutive_le24h,rh_min,2022-03-28,34,9,1,0.0
consecutive_le24h,rh_min,2022-03-29,34,9,1,0.0
consecutive_le24h,rh_min,2022-03-30,34,9,1,0.0
consecutive_le24h,rh_min,2022-03-31,34,9,1,0.0
consecutive_le24h,rh_min,2022-04-01,34,9,1,0.46875
consecutive_le24h,rh_min,2022-04-02,34,9,1,0.15625
consecutive_le24h,rh_min,2022-04-03,35,9,1,0.45454545454545453
consecutive_le24h,rh_min,2022-04-04,35,9,1,0.0
consecutive_le24h,rh_min,2022-04-05,34,9,1,0.15625
consecutive_le24h,rh_min,2022-04-06,34,9,1,0.3125
consecutive_le24h,rh_min,2022-04-07,34,9,1,0.0
consecutive_le24h,rh_min,2022-04-08,33,9,1,0.0
consecutive_le24h,rh_min,2022-04-09,33,9,1,0.0
consecutive_le24h,rh_min,2022-04-10,33,9,1,0.16129032258064516
consecutive_le24h,rh_min,2022-04-11,32,9,1,0.16666666666666666
consecutive_le24h,rh_min,2022-04-12,32,9,1,0.16666666666666666
consecutive_le24h,rh_min,2022-04-13,32,9,1,0.5
consecutive_le24h,rh_min,2022-04-14,33,9,1,0.3225806451612903
consecutive_le24h,rh_min,2022-04-15,33,9,1,0.6451612903225806
consecutive_le24h,rh_min,2022-04-16,33,9,1,0.8064516129032258
consecutive_le24h,rh_min,2022-04-17,33,9,1,0.3225806451612903
consecutive_le24h,rh_min,2022-04-18,33,9,1,0.4838709677419355
consecutive_le24h,rh_min,2022-04-19,34,9,1,0.15625
consecutive_le24h,rh_min,2022-04-20,34,9,1,0.0
consecutive_le24h,rh_min,2022-04-21,34,9,1,0.0
consecutive_le24h,rh_min,2022-04-22,34,9,1,0.15625
consecutive_le24h,rh_min,2022-04-23,33,9,1,0.3225806451612903
consecutive_le24h,rh_min,2022-04-24,33,9,1,0.3225806451612903
consecutive_le24h,rh_min,2022-04-25,33,9,1,0.16129032258064516
consecutive_le24h,rh_min,2022-04-26,33,9,1,0.0
consecutive_le24h,rh_min,2022-04-27,32,9,1,0.0
consecutive_le24h,rh_min,2022-04-28,32,9,1,0.0
consecutive_le24h,rh_min,2022-04-29,32,9,1,0.0
consecutive_le24h,rh_min,2022-04-30,33,9,1,0.0
consecutive_le24h,rh_min,2022-05-01,33,9,1,0.0
consecutive_le24h,rh_min,2022-05-02,33,9,1,0.0
consecutive_le24h,rh_min,2022-05-03,34,9,1,0.625
consecutive_le24h,rh_min,2022-05-04,33,9,1,0.4838709677419355
consecutive_le24h,rh_min,2022-05-05,34,9,1,0.3125
consecutive_le24h,rh_min,2022-05-06,33,9,1,0.16129032258064516
consecutive_le24h,rh_min,2022-05-07,33,9,1,0.16129032258064516
consecutive_le24h,rh_min,2022-05-08,32,9,1,0.16666666666666666
consecutive_le24h,rh_min,2022-05-09,32,9,1,0.3333333333333333
consecutive_le24h,rh_min,2022-05-10,32,9,1,0.16666666666666666
consecutive_le24h,rh_min,2022-05-11,33,9,1,0.0
consecutive_le24h,rh_min,2022-05-12,32,9,1,0.0
consecutive_le24h,rh_min,2022-05-13,32,9,1,0.0
consecutive_le24h,rh_min,2022-05-14,33,9,1,0.0
consecutive_le24h,rh_min,2022-05-15,33,9,1,0.0
consecutive_le24h,rh_min,2022-05-16,34,9,1,0.0
consecutive_le24h,rh_min,2022-05-17,34,9,1,0.0
consecutive_le24h,rh_min,2022-05-18,34,9,1,0.0
consecutive_le24h,rh_min,2022-05-19,34,9,1,0.3125
consecutive_le24h,rh_min,2022-05-20,34,9,1,0.3125
consecutive_le24h,rh_min,2022-05-21,34,9,1,0.3125
consecutive_le24h,rh_min,2022-05-22,34,9,1,0.3125
consecutive_le24h,rh_min,2022-05-23,34,9,1,0.15625
consecutive_le24h,rh_min,2022-05-24,34,9,1,0.3125
consecutive_le24h,rh_min,2022-05-25,33,9,1,0.0
consecutive_le24h,rh_min,2022-05-26,33,9,1,0.16129032258064516
consecutive_le24h,rh_min,2022-05-27,33,9,1,0.0
consecutive_le24h,rh_min,2022-05-28,33,9,1,0.16129032258064516
consecutive_le24h,rh_min,2022-05-29,33,9,1,0.16129032258064516
consecutive_le24h,rh_min,2022-05-30,33,9,1,0.3225806451612903
consecutive_le24h,rh_min,2022-05-31,33,9,1,0.16129032258064516
consecutive_le24h,rh_min,2022-06-01,32,9,1,0.16666666666666666
consecutive_le24h,rh_min,2022-06-02,32,9,1,0.16666666666666666
consecutive_le24h,rh_min,2022-06-03,32,9,1,0.0
consecutive_le24h,rh_min,2022-06-04,32,9,1,0.16666666666666666
consecutive_le24h,rh_min,2022-06-05,32,9,1,0.0
consecutive_le24h,rh_min,2022-06-06,32,9,1,0.0
consecutive_le24h,rh_min,2022-06-07,32,9,1,0.0
consecutive_le24h,rh_min,2022-06-08,31,9,1,0.0
consecutive_le24h,rh_min,2022-06-09,32,9,1,0.0
consecutive_le24h,rh_min,2022-06-10,33,9,1,0.0
consecutive_le24h,rh_min,2022-06-11,33,9,1,0.16129032258064516
consecutive_le24h,rh_min,2022-06-12,32,9,1,0.16666666666666666
consecutive_le24h,rh_min,2022-06-13,32,9,1,0.0
consecutive_le24h,rh_min,2022-06-14,32,9,1,0.0
consecutive_le24h,rh_min,2022-06-15,32,9,1,0.0
consecutive_le24h,rh_min,2022-06-16,33,9,1,0.0
consecutive_le24h,rh_min,2022-06-17,33,9,1,0.0
consecutive_le24h,rh_min,2022-06-18,33,9,1,0.0
consecutive_le24h,rh_min,2022-06-19,33,9,1,0.16129032258064516
consecutive_le24h,rh_min,2022-06-20,34,9,1,0.3125
consecutive_le24h,rh_min,2022-06-21,34,9,1,0.0
consecutive_le24h,rh_min,2022-06-22,33,9,1,0.0
consecutive_le24h,rh_min,2022-06-23,33,9,1,0.0
consecutive_le24h,rh_min,2022-06-24,33,9,1,0.0
consecutive_le24h,rh_min,2022-06-25,33,9,1,0.0
consecutive_le24h,rh_min,2022-06-26,33,9,1,0.0
consecutive_le24h,rh_min,2022-06-27,33,9,1,0.4838709677419355
consecutive_le24h,rh_min,2022-06-28,32,9,1,0.16666666666666666
consecutive_le24h,rh_min,2022-06-29,32,9,1,0.0
consecutive_le24h,rh_min,2022-06-30,33,9,1,0.0
consecutive_le24h,rh_min,2022-07-01,33,9,1,0.3225806451612903
consecutive_le24h,rh_min,2022-07-02,33,9,1,0.0
consecutive_le24h,rh_min,2022-07-03,33,9,1,0.0
consecutive_le24h,rh_min,2022-07-04,33,9,1,0.16129032258064516
consecutive_le24h,rh_min,2022-07-05,33,9,1,0.0
consecutive_le24h,rh_min,2022-07-06,34,9,1,0.0
consecutive_le24h,rh_min,2022-07-07,34,9,1,0.0
consecutive_le24h,rh_min,2022-07-08,34,9,1,0.0
consecutive_le24h,rh_min,2022-07-09,34,9,1,0.0
consecutive_le24h,rh_min,2022-07-10,33,9,1,0.0
consecutive_le24h,rh_min,2022-07-11,32,9,1,0.0
consecutive_le24h,rh_min,2022-07-12,31,9,1,0.0
consecutive_le24h,rh_min,2022-07-13,30,9,1,0.35714285714285715
consecutive_le24h,rh_min,2022-07-14,28,9,1,0.38461538461538464
consecutive_le24h,rh_min,2022-07-15,28,9,1,0.0
consecutive_le24h,rh_min,2022-07-16,28,9,1,0.0
consecutive_le24h,rh_min,2022-07-17,29,9,1,0.18518518518518517
consecutive_le24h,rh_min,2022-07-18,29,9,1,0.18518518518518517
consecutive_le24h,rh_min,2022-07-19,30,9,1,0.0
consecutive_le24h,rh_min,2022-07-20,31,9,1,0.0
consecutive_le24h,rh_min,2022-07-21,32,9,1,0.0
consecutive_le24h,rh_min,2022-07-22,33,9,1,0.0
consecutive_le24h,rh_min,2022-07-23,32,9,1,0.0
consecutive_le24h,rh_min,2022-07-24,31,9,1,0.0
consecutive_le24h,rh_min,2022-07-25,29,9,1,0.0
consecutive_le24h,rh_min,2022-07-26,27,9,1,0.0
consecutive_le24h,rh_min,2022-07-27,26,9,1,0.0
consecutive_le24h,rh_min,2022-07-28,24,9,1,0.0
consecutive_le24h,rh_min,2022-07-29,24,9,1,0.0
consecutive_le24h,rh_min,2022-07-30,24,9,1,0.0
consecutive_le24h,rh_min,2022-07-31,25,9,1,0.21739130434782608
consecutive_le24h,rh_min,2022-08-01,26,9,1,0.4166666666666667
consecutive_le24h,rh_min,2022-08-02,28,9,1,0.38461538461538464
consecutive_le24h,rh_min,2022-08-03,29,9,1,0.18518518518518517
consecutive_le24h,rh_min,2022-08-04,30,9,1,0.0
consecutive_le24h,rh_min,2022-08-05,32,9,1,0.0
consecutive_le24h,rh_min,2022-08-06,33,9,1,0.16129032258064516
consecutive_le24h,rh_min,2022-08-07,33,9,1,0.0
consecutive_le24h,rh_min,2022-08-08,33,9,1,0.16129032258064516
consecutive_le24h,rh_min,2022-08-09,33,9,1,0.0
consecutive_le24h,rh_min,2022-08-10,33,9,1,0.16129032258064516
consecutive_le24h,rh_min,2022-08-11,34,9,1,0.0
consecutive_le24h,rh_min,2022-08-12,34,9,1,0.15625
consecutive_le24h,rh_min,2022-08-13,34,9,1,0.78125
consecutive_le24h,rh_min,2022-08-14,34,9,1,0.625
consecutive_le24h,rh_min,2022-08-15,34,9,1,0.15625
consecutive_le24h,rh_min,2022-08-16,34,9,1,0.46875
consecutive_le24h,rh_min,2022-08-17,34,9,1,0.0
consecutive_le24h,rh_min,2022-08-18,34,9,1,0.0
consecutive_le24h,rh_min,2022-08-19,34,9,1,0.15625
consecutive_le24h,rh_min,2022-08-20,34,9,1,0.0
consecutive_le24h,rh_min,2022-08-21,34,9,1,0.0
consecutive_le24h,rh_min,2022-08-22,34,9,1,0.15625
consecutive_le24h,rh_min,2022-08-23,33,9,1,0.0
consecutive_le24h,rh_min,2022-08-24,33,9,1,0.4838709677419355
consecutive_le24h,rh_min,2022-08-25,33,9,1,0.0
consecutive_le24h,rh_min,2022-08-26,33,9,1,0.3225806451612903
consecutive_le24h,rh_min,2022-08-27,33,9,1,0.0
consecutive_le24h,rh_min,2022-08-28,32,9,1,0.0
consecutive_le24h,rh_min,2022-08-29,32,9,1,0.0
consecutive_le24h,rh_min,2022-08-30,32,9,1,0.3333333333333333
consecutive_le24h,rh_min,2022-08-31,33,9,1,0.3225806451612903
consecutive_le24h,rh_min,2022-09-01,33,9,1,0.3225806451612903
consecutive_le24h,rh_min,2022-09-02,33,9,1,0.6451612903225806
consecutive_le24h,rh_min,2022-09-03,33,9,1,0.0
consecutive_le24h,rh_min,2022-09-04,33,9,1,0.0
consecutive_le24h,rh_min,2022-09-05,34,9,1,0.15625
consecutive_le24h,rh_min,2022-09-06,33,9,1,0.0
consecutive_le24h,rh_min,2022-09-07,33,9,1,0.3225806451612903
consecutive_le24h,rh_min,2022-09-08,32,9,1,0.3333333333333333
consecutive_le24h,rh_min,2022-09-09,32,9,1,0.16666666666666666
consecutive_le24h,rh_min,2022-09-10,32,9,1,0.0
consecutive_le24h,rh_min,2022-09-11,31,9,1,0.3448275862068966
consecutive_le24h,rh_min,2022-09-12,31,9,1,0.3448275862068966
consecutive_le24h,rh_min,2022-09-13,31,9,1,0.0
consecutive_le24h,rh_min,2022-09-14,32,9,1,0.3333333333333333
consecutive_le24h,rh_min,2022-09-15,32,9,1,0.0
consecutive_le24h,rh_min,2022-09-16,33,9,1,0.0
consecutive_le24h,rh_min,2022-09-17,33,9,1,0.3225806451612903
consecutive_le24h,rh_min,2022-09-18,33,9,1,0.8064516129032258
consecutive_le24h,rh_min,2022-09-19,34,9,1,0.15625
consecutive_le24h,rh_min,2022-09-20,34,9,1,0.46875
consecutive_le24h,rh_min,2022-09-21,34,9,1,0.15625
consecutive_le24h,rh_min,2022-09-22,34,9,1,0.0
consecutive_le24h,rh_min,2022-09-23,34,9,1,0.15625
consecutive_le24h,rh_min,2022-09-24,34,9,1,0.0
consecutive_le24h,rh_min,2022-09-25,34,9,1,0.3125
consecutive_le24h,rh_min,2022-09-26,34,9,1,0.3125
consecutive_le24h,rh_min,2022-09-27,34,9,1,0.0
consecutive_le24h,rh_min,2022-09-28,34,9,1,0.46875
consecutive_le24h,rh_min,2022-09-29,35,9,1,0.0
consecutive_le24h,rh_min,2022-09-30,34,9,1,0.46875
consecutive_le24h,rh_min,2022-10-01,34,9,1,0.625
consecutive_le24h,rh_min,2022-10-02,34,9,1,0.15625
consecutive_le24h,rh_min,2022-10-03,34,9,1,0.15625
consecutive_le24h,rh_min,2022-10-04,34,9,1,0.0
consecutive_le24h,rh_min,2022-10-05,33,9,1,0.0
consecutive_le24h,rh_min,2022-10-06,33,9,1,0.4838709677419355
consecutive_le24h,rh_min,2022-10-07,33,9,1,0.3225806451612903
consecutive_le24h,rh_min,2022-10-08,33,9,1,0.3225806451612903
consecutive_le24h,rh_min,2022-10-09,33,9,1,0.6451612903225806
consecutive_le24h,rh_min,2022-10-10,33,9,1,0.0
consecutive_le24h,rh_min,2022-10-11,33,9,1,0.16129032258064516
consecutive_le24h,rh_min,2022-10-12,33,9,1,0.16129032258064516
consecutive_le24h,rh_min,2022-10-13,33,9,1,0.16129032258064516
consecutive_le24h,rh_min,2022-10-14,33,9,1,0.3225806451612903
consecutive_le24h,rh_min,2022-10-15,33,9,1,0.3225806451612903
consecutive_le24h,rh_min,2022-10-16,33,9,1,0.16129032258064516
consecutive_le24h,rh_min,2022-10-17,32,9,1,0.6666666666666666
consecutive_le24h,rh_min,2022-10-18,32,9,1,1.0
consecutive_le24h,rh_min,2022-10-19,32,9,1,0.16666666666666666
consecutive_le24h,rh_min,2022-10-20,32,9,1,0.5
consecutive_le24h,rh_min,2022-10-21,33,9,1,0.0
consecutive_le24h,rh_min,2022-10-22,33,9,1,0.3225806451612903
consecutive_le24h,rh_min,2022-10-23,33,9,1,0.3225806451612903
consecutive_le24h,rh_min,2022-10-24,33,9,1,0.3225806451612903
consecutive_le24h,rh_min,2022-10-25,34,9,1,0.625
consecutive_le24h,rh_min,2022-10-26,34,9,1,0.15625
consecutive_le24h,rh_min,2022-10-27,34,9,1,0.46875
consecutive_le24h,rh_min,2022-10-28,34,9,1,0.15625
consecutive_le24h,rh_min,2022-10-29,34,9,1,0.46875
consecutive_le24h,rh_min,2022-10-30,34,9,1,0.0
consecutive_le24h,rh_min,2022-10-31,34,9,1,0.625
consecutive_le24h,rh_min,2022-11-01,34,9,1,1.40625
consecutive_le24h,rh_min,2022-11-02,33,9,1,0.8064516129032258
consecutive_le24h,rh_min,2022-11-03,33,9,1,0.0
consecutive_le24h,rh_min,2022-11-04,33,9,1,0.0
consecutive_le24h,rh_min,2022-11-05,33,9,1,0.16129032258064516
consecutive_le24h,rh_min,2022-11-06,33,9,1,0.6451612903225806
consecutive_le24h,rh_min,2022-11-07,33,9,1,0.6451612903225806
consecutive_le24h,rh_min,2022-11-08,33,9,1,0.0
consecutive_le24h,rh_min,2022-11-09,33,9,1,0.4838709677419355
consecutive_le24h,rh_min,2022-11-10,34,9,1,0.3125
consecutive_le24h,rh_min,2022-11-11,34,9,1,0.15625
consecutive_le24h,rh_min,2022-11-12,33,9,1,0.16129032258064516
consecutive_le24h,rh_min,2022-11-13,33,9,1,0.3225806451612903
consecutive_le24h,rh_min,2022-11-14,33,9,1,0.3225806451612903
consecutive_le24h,rh_min,2022-11-15,33,9,1,0.16129032258064516
consecutive_le24h,rh_min,2022-11-16,32,9,1,0.3333333333333333
consecutive_le24h,rh_min,2022-11-17,32,9,1,0.3333333333333333
consecutive_le24h,rh_min,2022-11-18,31,9,1,0.0
consecutive_le24h,rh_min,2022-11-19,31,9,1,0.0
consecutive_le24h,rh_min,2022-11-20,32,9,1,0.0
consecutive_le24h,rh_min,2022-11-21,32,9,1,0.0
consecutive_le24h,rh_min,2022-11-22,32,9,1,0.3333333333333333
consecutive_le24h,rh_min,2022-11-23,32,9,1,0.0
consecutive_le24h,rh_min,2022-11-24,32,9,1,0.0
consecutive_le24h,rh_min,2022-11-25,32,9,1,0.0
consecutive_le24h,rh_min,2022-11-26,33,9,1,0.3225806451612903
consecutive_le24h,rh_min,2022-11-27,33,9,1,0.0
consecutive_le24h,rh_min,2022-11-28,33,9,1,0.0
consecutive_le24h,rh_min,2022-11-29,32,9,1,0.0
consecutive_le24h,rh_min,2022-11-30,32,9,1,0.16666666666666666
consecutive_le24h,rh_min,2022-12-01,32,9,1,0.16666666666666666
consecutive_le24h,rh_min,2022-12-02,34,9,1,0.15625
consecutive_le24h,rh_min,2022-12-03,33,9,1,0.0
consecutive_le24h,rh_min,2022-12-04,33,9,1,0.16129032258064516
consecutive_le24h,rh_min,2022-12-05,33,9,1,0.4838709677419355
consecutive_le24h,rh_min,2022-12-06,33,9,1,0.3225806451612903
consecutive_le24h,rh_min,2022-12-07,35,9,1,0.30303030303030304
consecutive_le24h,rh_min,2022-12-08,34,9,1,0.3125
consecutive_le24h,rh_min,2022-12-09,33,9,1,0.3225806451612903
consecutive_le24h,rh_min,2022-12-10,33,9,1,0.0
consecutive_le24h,rh_min,2022-12-11,33,9,1,0.0
consecutive_le24h,rh_min,2022-12-12,33,9,1,0.6451612903225806
consecutive_le24h,rh_min,2022-12-13,33,9,1,1.2903225806451613
consecutive_le24h,rh_min,2022-12-14,33,9,1,1.2903225806451613
consecutive_le24h,rh_min,2022-12-15,33,9,1,0.6451612903225806
consecutive_le24h,rh_min,2022-12-16,32,9,1,0.8333333333333334
consecutive_le24h,rh_min,2022-12-17,33,9,1,0.16129032258064516
consecutive_le24h,rh_min,2022-12-18,32,9,1,0.0
consecutive_le24h,rh_min,2022-12-19,31,9,1,0.5172413793103449
consecutive_le24h,rh_min,2022-12-20,31,9,1,0.0
consecutive_le24h,rh_min,2022-12-21,32,9,1,0.16666666666666666
consecutive_le24h,rh_min,2022-12-22,32,9,1,0.0
consecutive_le24h,rh_min,2022-12-23,30,9,1,0.0
consecutive_le24h,rh_min,2022-12-24,30,9,1,0.0
consecutive_le24h,rh_min,2022-12-25,31,9,1,0.1724137931034483
consecutive_le24h,rh_min,2022-12-26,31,9,1,0.1724137931034483
consecutive_le24h,rh_min,2022-12-27,32,9,1,0.0
consecutive_le24h,rh_min,2022-12-28,32,9,1,0.16666666666666666
consecutive_le24h,rh_min,2022-12-29,32,9,1,0.5
consecutive_le24h,rh_min,2022-12-30,32,9,1,0.0
consecutive_le24h,rh_min,2022-12-31,33,9,1,0.0
consecutive_le24h,rh_min,2023-01-01,34,9,1,0.15625
consecutive_le24h,rh_min,2023-01-02,34,9,1,0.15625
consecutive_le24h,rh_min,2023-01-03,33,9,1,0.3225806451612903
consecutive_le24h,rh_min,2023-01-04,33,9,1,0.16129032258064516
consecutive_le24h,rh_min,2023-01-05,33,9,1,0.4838709677419355
consecutive_le24h,rh_min,2023-01-06,32,9,1,0.16666666666666666
consecutive_le24h,rh_min,2023-01-07,32,9,1,0.0
consecutive_le24h,rh_min,2023-01-08,32,9,1,0.3333333333333333
consecutive_le24h,rh_min,2023-01-09,32,9,1,0.3333333333333333
consecutive_le24h,rh_min,2023-01-10,32,9,1,0.16666666666666666
consecutive_le24h,rh_min,2023-01-11,32,9,1,0.3333333333333333
consecutive_le24h,rh_min,2023-01-12,32,9,1,0.0
consecutive_le24h,rh_min,2023-01-13,32,9,1,0.3333333333333333
consecutive_le24h,rh_min,2023-01-14,33,9,1,0.3225806451612903
consecutive_le24h,rh_min,2023-01-15,32,9,1,0.0
consecutive_le24h,rh_min,2023-01-16,32,9,1,0.16666666666666666
consecutive_le24h,rh_min,2023-01-17,31,9,1,0.3448275862068966
consecutive_le24h,rh_min,2023-01-18,31,9,1,0.5172413793103449
consecutive_le24h,rh_min,2023-01-19,32,9,1,0.3333333333333333
consecutive_le24h,rh_min,2023-01-20,32,9,1,0.0
consecutive_le24h,rh_min,2023-01-21,32,9,1,0.0
consecutive_le24h,rh_min,2023-01-22,30,9,1,0.0
consecutive_le24h,rh_min,2023-01-23,31,9,1,0.1724137931034483
consecutive_le24h,rh_min,2023-01-24,30,9,1,0.7142857142857143
consecutive_le24h,rh_min,2023-01-25,31,9,1,0.3448275862068966
consecutive_le24h,rh_min,2023-01-26,31,9,1,0.1724137931034483
consecutive_le24h,rh_min,2023-01-27,31,9,1,0.3448275862068966
consecutive_le24h,rh_min,2023-01-28,31,9,1,0.0
consecutive_le24h,rh_min,2023-01-29,31,9,1,0.0
consecutive_le24h,rh_min,2023-01-30,33,9,1,0.0
consecutive_le24h,rh_min,2023-01-31,33,9,1,0.0
consecutive_le24h,rh_min,2023-02-01,34,9,1,0.15625
consecutive_le24h,rh_min,2023-02-02,34,9,1,0.15625
consecutive_le24h,rh_min,2023-02-03,34,9,1,0.15625
consecutive_le24h,rh_min,2023-02-04,34,9,1,0.15625
consecutive_le24h,rh_min,2023-02-05,34,9,1,0.15625
consecutive_le24h,rh_min,2023-02-06,34,9,1,0.15625
consecutive_le24h,rh_min,2023-02-07,34,9,1,0.0
consecutive_le24h,rh_min,2023-02-08,34,9,1,0.15625
consecutive_le24h,rh_min,2023-02-09,34,9,1,0.0
consecutive_le24h,rh_min,2023-02-10,34,9,1,0.15625
consecutive_le24h,rh_min,2023-02-11,34,9,1,0.0
consecutive_le24h,rh_min,2023-02-12,34,9,1,0.0
consecutive_le24h,rh_min,2023-02-13,33,9,1,0.0
consecutive_le24h,rh_min,2023-02-14,33,9,1,0.16129032258064516
consecutive_le24h,rh_min,2023-02-15,33,9,1,0.0
consecutive_le24h,rh_min,2023-02-16,33,9,1,0.16129032258064516
consecutive_le24h,rh_min,2023-02-17,33,9,1,0.0
consecutive_le24h,rh_min,2023-02-18,33,9,1,0.16129032258064516
consecutive_le24h,rh_min,2023-02-19,33,9,1,0.3225806451612903
consecutive_le24h,rh_min,2023-02-20,33,9,1,0.0
consecutive_le24h,rh_min,2023-02-21,34,9,1,0.15625
consecutive_le24h,rh_min,2023-02-22,34,9,1,0.0
consecutive_le24h,rh_min,2023-02-23,34,9,1,0.3125
consecutive_le24h,rh_min,2023-02-24,34,9,1,0.3125
consecutive_le24h,rh_min,2023-02-25,35,9,1,0.15151515151515152
consecutive_le24h,rh_min,2023-02-26,34,9,1,0.15625
consecutive_le24h,rh_min,2023-02-27,34,9,1,0.3125
consecutive_le24h,rh_min,2023-02-28,34,9,1,0.3125
consecutive_le24h,rh_min,2023-03-01,34,9,1,0.15625
consecutive_le24h,rh_min,2023-03-02,34,9,1,0.0
consecutive_le24h,rh_min,2023-03-03,34,9,1,0.0
consecutive_le24h,rh_min,2023-03-04,33,9,1,0.0
consecutive_le24h,rh_min,2023-03-05,33,9,1,0.0
consecutive_le24h,rh_min,2023-03-06,33,9,1,0.0
consecutive_le24h,rh_min,2023-03-07,33,9,1,0.0
consecutive_le24h,rh_min,2023-03-08,33,9,1,0.0
consecutive_le24h,rh_min,2023-03-09,31,9,1,0.3448275862068966
consecutive_le24h,rh_min,2023-03-10,31,9,1,0.1724137931034483
consecutive_le24h,rh_min,2023-03-11,31,9,1,0.1724137931034483
consecutive_le24h,rh_min,2023-03-12,32,9,1,0.16666666666666666
consecutive_le24h,rh_min,2023-03-13,32,9,1,0.0
consecutive_le24h,rh_min,2023-03-14,32,9,1,0.3333333333333333
consecutive_le24h,rh_min,2023-03-15,32,9,1,0.0
consecutive_le24h,rh_min,2023-03-16,32,9,1,0.3333333333333333
consecutive_le24h,rh_min,2023-03-17,33,9,1,0.16129032258064516
consecutive_le24h,rh_min,2023-03-18,33,9,1,0.16129032258064516
consecutive_le24h,rh_min,2023-03-19,33,9,1,0.4838709677419355
consecutive_le24h,rh_min,2023-03-20,33,9,1,0.0
consecutive_le24h,rh_min,2023-03-21,32,9,1,0.0
consecutive_le24h,rh_min,2023-03-22,32,9,1,0.0
consecutive_le24h,rh_min,2023-03-23,32,9,1,0.3333333333333333
consecutive_le24h,rh_min,2023-03-24,33,9,1,0.16129032258064516
consecutive_le24h,rh_min,2023-03-25,33,9,1,0.16129032258064516
consecutive_le24h,rh_min,2023-03-26,33,9,1,0.3225806451612903
consecutive_le24h,rh_min,2023-03-27,33,9,1,0.0
consecutive_le24h,rh_min,2023-03-28,33,9,1,0.0
consecutive_le24h,rh_min,2023-03-29,34,9,1,0.0
consecutive_le24h,rh_min,2023-03-30,34,9,1,0.0
consecutive_le24h,rh_min,2023-03-31,34,9,1,0.0
consecutive_le24h,rh_min,2023-04-01,34,9,1,0.0
consecutive_le24h,rh_min,2023-04-02,34,9,1,0.15625
consecutive_le24h,rh_min,2023-04-03,34,9,1,0.0
consecutive_le24h,rh_min,2023-04-04,34,9,1,0.15625
consecutive_le24h,rh_min,2023-04-05,34,9,1,0.15625
consecutive_le24h,rh_min,2023-04-06,34,9,1,0.15625
consecutive_le24h,rh_min,2023-04-07,34,9,1,0.15625
consecutive_le24h,rh_min,2023-04-08,35,9,1,0.30303030303030304
consecutive_le24h,rh_min,2023-04-09,34,9,1,0.0
consecutive_le24h,rh_min,2023-04-10,34,9,1,0.0
consecutive_le24h,rh_min,2023-04-11,34,9,1,0.0
consecutive_le24h,rh_min,2023-04-12,34,9,1,0.0
consecutive_le24h,rh_min,2023-04-13,34,9,1,0.15625
consecutive_le24h,rh_min,2023-04-14,34,9,1,0.0
consecutive_le24h,rh_min,2023-04-15,34,9,1,0.625
consecutive_le24h,rh_min,2023-04-16,34,9,1,0.46875
consecutive_le24h,rh_min,2023-04-17,34,9,1,0.0
consecutive_le24h,rh_min,2023-04-18,34,9,1,0.0
consecutive_le24h,rh_min,2023-04-19,34,9,1,0.15625
consecutive_le24h,rh_min,2023-04-20,34,9,1,0.15625
consecutive_le24h,rh_min,2023-04-21,34,9,1,0.0
consecutive_le24h,rh_min,2023-04-22,34,9,1,0.0
consecutive_le24h,rh_min,2023-04-23,34,9,1,0.15625
consecutive_le24h,rh_min,2023-04-24,34,9,1,0.15625
consecutive_le24h,rh_min,2023-04-25,34,9,1,0.0
consecutive_le24h,rh_min,2023-04-26,34,9,1,0.15625
consecutive_le24h,rh_min,2023-04-27,34,9,1,0.15625
consecutive_le24h,rh_min,2023-04-28,34,9,1,0.0
consecutive_le24h,rh_min,2023-04-29,34,9,1,0.15625
consecutive_le24h,rh_min,2023-04-30,34,9,1,0.0
consecutive_le24h,rh_min,2023-05-01,34,9,1,0.15625
consecutive_le24h,rh_min,2023-05-02,34,9,1,0.0
consecutive_le24h,rh_min,2023-05-03,34,9,1,0.15625
consecutive_le24h,rh_min,2023-05-04,34,9,1,0.15625
consecutive_le24h,rh_min,2023-05-05,34,9,1,0.15625
consecutive_le24h,rh_min,2023-05-06,34,9,1,0.3125
consecutive_le24h,rh_min,2023-05-07,34,9,1,0.15625
consecutive_le24h,rh_min,2023-05-08,34,9,1,0.0
consecutive_le24h,rh_min,2023-05-09,34,9,1,0.15625
consecutive_le24h,rh_min,2023-05-10,33,9,1,0.3225806451612903
consecutive_le24h,rh_min,2023-05-11,33,9,1,0.3225806451612903
consecutive_le24h,rh_min,2023-05-12,33,9,1,0.6451612903225806
consecutive_le24h,rh_min,2023-05-13,33,9,1,0.0
consecutive_le24h,rh_min,2023-05-14,33,9,1,0.0
consecutive_le24h,rh_min,2023-05-15,33,9,1,0.16129032258064516
consecutive_le24h,rh_min,2023-05-16,33,9,1,0.0
consecutive_le24h,rh_min,2023-05-17,34,9,1,0.0
consecutive_le24h,rh_min,2023-05-18,34,9,1,0.15625
consecutive_le24h,rh_min,2023-05-19,34,9,1,0.15625
consecutive_le24h,rh_min,2023-05-20,34,9,1,0.0
consecutive_le24h,rh_min,2023-05-21,34,9,1,0.0
consecutive_le24h,rh_min,2023-05-22,34,9,1,0.0
consecutive_le24h,rh_min,2023-05-23,33,9,1,0.0
consecutive_le24h,rh_min,2023-05-24,33,9,1,0.3225806451612903
consecutive_le24h,rh_min,2023-05-25,33,9,1,0.0
consecutive_le24h,rh_min,2023-05-26,33,9,1,0.0
consecutive_le24h,rh_min,2023-05-27,33,9,1,0.0
consecutive_le24h,rh_min,2023-05-28,33,9,1,0.16129032258064516
consecutive_le24h,rh_min,2023-05-29,33,9,1,0.4838709677419355
consecutive_le24h,rh_min,2023-05-30,33,9,1,0.0
consecutive_le24h,rh_min,2023-05-31,34,9,1,0.0
consecutive_le24h,rh_min,2023-06-01,34,9,1,0.0
consecutive_le24h,rh_min,2023-06-02,34,9,1,0.0
consecutive_le24h,rh_min,2023-06-03,34,9,1,0.15625
consecutive_le24h,rh_min,2023-06-04,34,9,1,0.15625
consecutive_le24h,rh_min,2023-06-05,33,9,1,0.0
consecutive_le24h,rh_min,2023-06-06,33,9,1,0.16129032258064516
consecutive_le24h,rh_min,2023-06-07,33,9,1,0.16129032258064516
consecutive_le24h,rh_min,2023-06-08,33,9,1,0.0
consecutive_le24h,rh_min,2023-06-09,33,9,1,0.0
consecutive_le24h,rh_min,2023-06-10,34,9,1,0.0
consecutive_le24h,rh_min,2023-06-11,32,9,1,0.0
consecutive_le24h,rh_min,2023-06-12,32,9,1,0.16666666666666666
consecutive_le24h,rh_min,2023-06-13,33,9,1,0.16129032258064516
consecutive_le24h,rh_min,2023-06-14,33,9,1,0.0
consecutive_le24h,rh_min,2023-06-15,33,9,1,0.3225806451612903
consecutive_le24h,rh_min,2023-06-16,33,9,1,0.0
consecutive_le24h,rh_min,2023-06-17,32,9,1,0.3333333333333333
consecutive_le24h,rh_min,2023-06-18,32,9,1,0.0
consecutive_le24h,rh_min,2023-06-19,33,9,1,0.16129032258064516
consecutive_le24h,rh_min,2023-06-20,33,9,1,0.0
consecutive_le24h,rh_min,2023-06-21,33,9,1,0.16129032258064516
consecutive_le24h,rh_min,2023-06-22,33,9,1,0.0
consecutive_le24h,rh_min,2023-06-23,33,9,1,0.0
consecutive_le24h,rh_min,2023-06-24,32,9,1,0.0
consecutive_le24h,rh_min,2023-06-25,33,9,1,0.0
consecutive_le24h,rh_min,2023-06-26,33,9,1,0.0
consecutive_le24h,rh_min,2023-06-27,33,9,1,0.0
consecutive_le24h,rh_min,2023-06-28,33,9,1,0.0
consecutive_le24h,rh_min,2023-06-29,33,9,1,0.0
consecutive_le24h,rh_min,2023-06-30,33,9,1,0.0
consecutive_le24h,rh_min,2023-07-01,33,9,1,0.16129032258064516
consecutive_le24h,rh_min,2023-07-02,33,9,1,0.0
consecutive_le24h,rh_min,2023-07-03,32,9,1,0.0
consecutive_le24h,rh_min,2023-07-04,33,9,1,0.6451612903225806
consecutive_le24h,rh_min,2023-07-05,32,9,1,0.16666666666666666
consecutive_le24h,rh_min,2023-07-06,31,9,1,0.0
consecutive_le24h,rh_min,2023-07-07,30,9,1,0.35714285714285715
consecutive_le24h,rh_min,2023-07-08,29,9,1,0.0
consecutive_le24h,rh_min,2023-07-09,28,9,1,0.0
consecutive_le24h,rh_min,2023-07-10,28,9,1,0.0
consecutive_le24h,rh_min,2023-07-11,28,9,1,0.0
consecutive_le24h,rh_min,2023-07-12,27,9,1,0.2
consecutive_le24h,rh_min,2023-07-13,27,9,1,0.0
consecutive_le24h,rh_min,2023-07-14,27,9,1,0.4
consecutive_le24h,rh_min,2023-07-15,28,9,1,0.0
consecutive_le24h,rh_min,2023-07-16,29,9,1,0.0
consecutive_le24h,rh_min,2023-07-17,30,9,1,0.0
consecutive_le24h,rh_min,2023-07-18,31,9,1,0.0
consecutive_le24h,rh_min,2023-07-19,32,9,1,0.0
consecutive_le24h,rh_min,2023-07-20,33,9,1,0.16129032258064516
consecutive_le24h,rh_min,2023-07-21,32,9,1,0.0
consecutive_le24h,rh_min,2023-07-22,32,9,1,0.0
consecutive_le24h,rh_min,2023-07-23,32,9,1,0.0
consecutive_le24h,rh_min,2023-07-24,32,9,1,0.0
consecutive_le24h,rh_min,2023-07-25,32,9,1,0.16666666666666666
consecutive_le24h,rh_min,2023-07-26,32,9,1,0.0
consecutive_le24h,rh_min,2023-07-27,32,9,1,0.0
consecutive_le24h,rh_min,2023-07-28,32,9,1,0.0
consecutive_le24h,rh_min,2023-07-29,33,9,1,0.0
consecutive_le24h,rh_min,2023-07-30,34,9,1,0.0
consecutive_le24h,rh_min,2023-07-31,34,9,1,0.0
consecutive_le24h,rh_min,2023-08-01,34,9,1,0.0
consecutive_le24h,rh_min,2023-08-02,34,9,1,0.0
consecutive_le24h,rh_min,2023-08-03,34,9,1,0.15625
consecutive_le24h,rh_min,2023-08-04,34,9,1,0.46875
consecutive_le24h,rh_min,2023-08-05,34,9,1,0.15625
consecutive_le24h,rh_min,2023-08-06,34,9,1,0.3125
consecutive_le24h,rh_min,2023-08-07,33,9,1,0.4838709677419355
consecutive_le24h,rh_min,2023-08-08,33,9,1,0.3225806451612903
consecutive_le24h,rh_min,2023-08-09,33,9,1,0.16129032258064516
consecutive_le24h,rh_min,2023-08-10,33,9,1,0.4838709677419355
consecutive_le24h,rh_min,2023-08-11,33,9,1,0.3225806451612903
consecutive_le24h,rh_min,2023-08-12,33,9,1,0.4838709677419355
consecutive_le24h,rh_min,2023-08-13,32,9,1,0.5
consecutive_le24h,rh_min,2023-08-14,32,9,1,0.5
consecutive_le24h,rh_min,2023-08-15,33,9,1,0.4838709677419355
consecutive_le24h,rh_min,2023-08-16,33,9,1,0.967741935483871
consecutive_le24h,rh_min,2023-08-17,33,9,1,0.16129032258064516
consecutive_le24h,rh_min,2023-08-18,33,9,1,0.3225806451612903
consecutive_le24h,rh_min,2023-08-19,33,9,1,0.16129032258064516
consecutive_le24h,rh_min,2023-08-20,32,9,1,0.16666666666666666
consecutive_le24h,rh_min,2023-08-21,33,9,1,0.3225806451612903
consecutive_le24h,rh_min,2023-08-22,33,9,1,0.3225806451612903
consecutive_le24h,rh_min,2023-08-23,33,9,1,0.3225806451612903
consecutive_le24h,rh_min,2023-08-24,33,9,1,0.16129032258064516
consecutive_le24h,rh_min,2023-08-25,33,9,1,0.3225806451612903
consecutive_le24h,rh_min,2023-08-26,33,9,1,0.3225806451612903
consecutive_le24h,rh_min,2023-08-27,33,9,1,0.16129032258064516
consecutive_le24h,rh_min,2023-08-28,34,9,1,0.15625
consecutive_le24h,rh_min,2023-08-29,34,9,1,0.0
consecutive_le24h,rh_min,2023-08-30,34,9,1,0.3125
consecutive_le24h,rh_min,2023-08-31,34,9,1,0.15625
consecutive_le24h,rh_min,2023-09-01,34,9,1,0.15625
consecutive_le24h,rh_min,2023-09-02,34,9,1,0.15625
consecutive_le24h,rh_min,2023-09-03,34,9,1,0.0
consecutive_le24h,rh_min,2023-09-04,34,9,1,0.3125
consecutive_le24h,rh_min,2023-09-05,34,9,1,0.0
consecutive_le24h,rh_min,2023-09-06,34,9,1,0.0
consecutive_le24h,rh_min,2023-09-07,34,9,1,0.3125
consecutive_le24h,rh_min,2023-09-08,34,9,1,0.3125
consecutive_le24h,rh_min,2023-09-09,34,9,1,0.3125
consecutive_le24h,rh_min,2023-09-10,34,9,1,0.15625
consecutive_le24h,rh_min,2023-09-11,34,9,1,0.78125
consecutive_le24h,rh_min,2023-09-12,34,9,1,0.625
consecutive_le24h,rh_min,2023-09-13,34,9,1,0.15625
consecutive_le24h,rh_min,2023-09-14,34,9,1,0.46875
consecutive_le24h,rh_min,2023-09-15,34,9,1,0.15625
consecutive_le24h,rh_min,2023-09-16,34,9,1,0.0
consecutive_le24h,rh_min,2023-09-17,34,9,1,0.0
consecutive_le24h,rh_min,2023-09-18,34,9,1,0.15625
consecutive_le24h,rh_min,2023-09-19,34,9,1,0.3125
consecutive_le24h,rh_min,2023-09-20,34,9,1,0.0
consecutive_le24h,rh_min,2023-09-21,33,9,1,0.0
consecutive_le24h,rh_min,2023-09-22,32,9,1,0.0
consecutive_le24h,rh_min,2023-09-23,32,9,1,0.16666666666666666
consecutive_le24h,rh_min,2023-09-24,31,9,1,0.1724137931034483
consecutive_le24h,rh_min,2023-09-25,31,9,1,0.5172413793103449
consecutive_le24h,rh_min,2023-09-26,31,9,1,0.0
consecutive_le24h,rh_min,2023-09-27,31,9,1,0.3448275862068966
consecutive_le24h,rh_min,2023-09-28,31,9,1,0.1724137931034483
consecutive_le24h,rh_min,2023-09-29,32,9,1,0.6666666666666666
consecutive_le24h,rh_min,2023-09-30,33,9,1,0.4838709677419355
consecutive_le24h,rh_min,2023-10-01,32,9,1,0.16666666666666666
consecutive_le24h,rh_min,2023-10-02,32,9,1,0.0
consecutive_le24h,rh_min,2023-10-03,32,9,1,0.16666666666666666
consecutive_le24h,rh_min,2023-10-04,32,9,1,0.0
consecutive_le24h,rh_min,2023-10-05,31,9,1,0.1724137931034483
consecutive_le24h,rh_min,2023-10-06,31,9,1,0.3448275862068966
consecutive_le24h,rh_min,2023-10-07,31,9,1,0.5172413793103449
consecutive_le24h,rh_min,2023-10-08,31,9,1,0.1724137931034483
consecutive_le24h,rh_min,2023-10-09,32,9,1,0.5
consecutive_le24h,rh_min,2023-10-10,33,9,1,0.3225806451612903
consecutive_le24h,rh_min,2023-10-11,34,9,1,0.15625
consecutive_le24h,rh_min,2023-10-12,33,9,1,0.3225806451612903
consecutive_le24h,rh_min,2023-10-13,34,9,1,0.625
consecutive_le24h,rh_min,2023-10-14,34,9,1,0.9375
consecutive_le24h,rh_min,2023-10-15,34,9,1,0.78125
consecutive_le24h,rh_min,2023-10-16,34,9,1,0.3125
consecutive_le24h,rh_min,2023-10-17,34,9,1,0.3125
consecutive_le24h,rh_min,2023-10-18,34,9,1,0.15625
consecutive_le24h,rh_min,2023-10-19,34,9,1,0.3125
consecutive_le24h,rh_min,2023-10-20,34,9,1,0.0
consecutive_le24h,rh_min,2023-10-21,34,9,1,0.46875
consecutive_le24h,rh_min,2023-10-22,34,9,1,0.0
consecutive_le24h,rh_min,2023-10-23,34,9,1,0.15625
consecutive_le24h,rh_min,2023-10-24,34,9,1,0.15625
consecutive_le24h,rh_min,2023-10-25,34,9,1,0.15625
consecutive_le24h,rh_min,2023-10-26,34,9,1,0.3125
consecutive_le24h,rh_min,2023-10-27,34,9,1,0.3125
consecutive_le24h,rh_min,2023-10-28,34,9,1,0.15625
consecutive_le24h,rh_min,2023-10-29,34,9,1,0.3125
consecutive_le24h,rh_min,2023-10-30,34,9,1,0.46875
consecutive_le24h,rh_min,2023-10-31,33,9,1,0.16129032258064516
consecutive_le24h,rh_min,2023-11-01,33,9,1,0.0
consecutive_le24h,rh_min,2023-11-02,33,9,1,0.16129032258064516
consecutive_le24h,rh_min,2023-11-03,32,9,1,0.3333333333333333
consecutive_le24h,rh_min,2023-11-04,32,9,1,0.0
consecutive_le24h,rh_min,2023-11-05,31,9,1,0.0
consecutive_le24h,rh_min,2023-11-06,31,9,1,0.0
consecutive_le24h,rh_min,2023-11-07,31,9,1,0.3448275862068966
consecutive_le24h,rh_min,2023-11-08,32,9,1,0.16666666666666666
consecutive_le24h,rh_min,2023-11-09,32,9,1,0.6666666666666666
consecutive_le24h,rh_min,2023-11-10,32,9,1,0.3333333333333333
consecutive_le24h,rh_min,2023-11-11,33,9,1,0.0
consecutive_le24h,rh_min,2023-11-12,33,9,1,0.0
consecutive_le24h,rh_min,2023-11-13,34,9,1,0.0
consecutive_le24h,rh_min,2023-11-14,34,9,1,0.46875
consecutive_le24h,rh_min,2023-11-15,34,9,1,0.46875
consecutive_le24h,rh_min,2023-11-16,34,9,1,0.0
consecutive_le24h,rh_min,2023-11-17,34,9,1,0.0
consecutive_le24h,rh_min,2023-11-18,34,9,1,0.0
consecutive_le24h,rh_min,2023-11-19,34,9,1,0.3125
consecutive_le24h,rh_min,2023-11-20,34,9,1,0.0
consecutive_le24h,rh_min,2023-11-21,34,9,1,0.46875
consecutive_le24h,rh_min,2023-11-22,34,9,1,0.0
consecutive_le24h,rh_min,2023-11-23,33,9,1,0.3225806451612903
consecutive_le24h,rh_min,2023-11-24,33,9,1,0.0
consecutive_le24h,rh_min,2023-11-25,33,9,1,0.4838709677419355
consecutive_le24h,rh_min,2023-11-26,33,9,1,0.0
consecutive_le24h,rh_min,2023-11-27,32,9,1,0.5
consecutive_le24h,rh_min,2023-11-28,32,9,1,0.16666666666666666
consecutive_le24h,rh_min,2023-11-29,31,9,1,0.6896551724137931
consecutive_le24h,rh_min,2023-11-30,31,9,1,0.8620689655172413
consecutive_le24h,rh_min,2023-12-01,32,9,1,0.3333333333333333
consecutive_le24h,rh_min,2023-12-02,32,9,1,0.6666666666666666
consecutive_le24h,rh_min,2023-12-03,32,9,1,0.5
consecutive_le24h,rh_min,2023-12-04,32,9,1,0.3333333333333333
consecutive_le24h,rh_min,2023-12-05,33,9,1,0.16129032258064516
consecutive_le24h,rh_min,2023-12-06,33,9,1,0.4838709677419355
consecutive_le24h,rh_min,2023-12-07,34,9,1,0.15625
consecutive_le24h,rh_min,2023-12-08,34,9,1,0.625
consecutive_le24h,rh_min,2023-12-09,34,9,1,0.15625
consecutive_le24h,rh_min,2023-12-10,34,9,1,0.0
consecutive_le24h,rh_min,2023-12-11,34,9,1,0.15625
consecutive_le24h,rh_min,2023-12-12,34,9,1,0.3125
consecutive_le24h,rh_min,2023-12-13,34,9,1,0.0
consecutive_le24h,rh_min,2023-12-14,34,9,1,0.0
consecutive_le24h,rh_min,2023-12-15,33,9,1,0.0
consecutive_le24h,rh_min,2023-12-16,34,9,1,0.0
consecutive_le24h,rh_min,2023-12-17,33,9,1,0.0
consecutive_le24h,rh_min,2023-12-18,33,9,1,0.4838709677419355
consecutive_le24h,rh_min,2023-12-19,33,9,1,0.4838709677419355
consecutive_le24h,rh_min,2023-12-20,33,9,1,0.16129032258064516
consecutive_le24h,rh_min,2023-12-21,33,9,1,0.16129032258064516
consecutive_le24h,rh_min,2023-12-22,32,9,1,0.0
consecutive_le24h,rh_min,2023-12-23,32,9,1,0.8333333333333334
consecutive_le24h,rh_min,2023-12-24,32,9,1,0.16666666666666666
consecutive_le24h,rh_min,2023-12-25,32,9,1,0.16666666666666666
consecutive_le24h,rh_min,2023-12-26,32,9,1,0.5
consecutive_le24h,rh_min,2023-12-27,32,9,1,0.6666666666666666
consecutive_le24h,rh_min,2023-12-28,32,9,1,0.8333333333333334
consecutive_le24h,rh_min,2023-12-29,33,9,1,0.16129032258064516
consecutive_le24h,rh_min,2023-12-30,33,9,1,0.16129032258064516
consecutive_le24h,rh_min,2023-12-31,34,9,1,0.46875
consecutive_le24h,rh_min,2024-01-01,34,9,1,0.3125
consecutive_le24h,rh_min,2024-01-02,34,9,1,0.46875
consecutive_le24h,rh_min,2024-01-03,34,9,1,0.3125
consecutive_le24h,rh_min,2024-01-04,35,9,1,0.15151515151515152
consecutive_le24h,rh_min,2024-01-05,35,9,1,0.0
consecutive_le24h,rh_min,2024-01-06,34,9,1,0.0
consecutive_le24h,rh_min,2024-01-07,34,9,1,0.46875
consecutive_le24h,rh_min,2024-01-08,34,9,1,0.15625
consecutive_le24h,rh_min,2024-01-09,34,9,1,0.46875
consecutive_le24h,rh_min,2024-01-10,34,9,1,0.0
consecutive_le24h,rh_min,2024-01-11,34,9,1,0.0
consecutive_le24h,rh_min,2024-01-12,34,9,1,0.0
consecutive_le24h,rh_min,2024-01-13,33,9,1,0.3225806451612903
consecutive_le24h,rh_min,2024-01-14,33,9,1,0.0
consecutive_le24h,rh_min,2024-01-15,33,9,1,0.0
consecutive_le24h,rh_min,2024-01-16,33,9,1,0.16129032258064516
consecutive_le24h,rh_min,2024-01-17,33,9,1,0.3225806451612903
consecutive_le24h,rh_min,2024-01-18,33,9,1,0.16129032258064516
consecutive_le24h,rh_min,2024-01-19,33,9,1,0.16129032258064516
consecutive_le24h,rh_min,2024-01-20,33,9,1,0.16129032258064516
consecutive_le24h,rh_min,2024-01-21,34,9,1,0.0
consecutive_le24h,rh_min,2024-01-22,34,9,1,0.78125
consecutive_le24h,rh_min,2024-01-23,34,9,1,1.40625
consecutive_le24h,rh_min,2024-01-24,33,9,1,0.6451612903225806
consecutive_le24h,rh_min,2024-01-25,33,9,1,0.0
consecutive_le24h,rh_min,2024-01-26,33,9,1,0.6451612903225806
consecutive_le24h,rh_min,2024-01-27,33,9,1,0.6451612903225806
consecutive_le24h,rh_min,2024-01-28,33,9,1,0.3225806451612903
consecutive_le24h,rh_min,2024-01-29,33,9,1,0.4838709677419355
consecutive_le24h,rh_min,2024-01-30,32,9,1,0.3333333333333333
consecutive_le24h,rh_min,2024-01-31,32,9,1,0.16666666666666666
consecutive_le24h,rh_min,2024-02-01,32,9,1,0.16666666666666666
consecutive_le24h,rh_min,2024-02-02,31,9,1,0.3448275862068966
consecutive_le24h,rh_min,2024-02-03,31,9,1,0.1724137931034483
consecutive_le24h,rh_min,2024-02-04,31,9,1,0.0
consecutive_le24h,rh_min,2024-02-05,31,9,1,0.1724137931034483
consecutive_le24h,rh_min,2024-02-06,31,9,1,0.0
consecutive_le24h,rh_min,2024-02-07,32,9,1,0.0
consecutive_le24h,rh_min,2024-02-08,32,9,1,0.0
consecutive_le24h,rh_min,2024-02-09,33,9,1,0.3225806451612903
consecutive_le24h,rh_min,2024-02-10,34,9,1,0.15625
consecutive_le24h,rh_min,2024-02-11,34,9,1,0.0
consecutive_le24h,rh_min,2024-02-12,34,9,1,0.0
consecutive_le24h,rh_min,2024-02-13,34,9,1,0.0
consecutive_le24h,rh_min,2024-02-14,34,9,1,0.0
consecutive_le24h,rh_min,2024-02-15,34,9,1,0.3125
consecutive_le24h,rh_min,2024-02-16,34,9,1,0.15625
consecutive_le24h,rh_min,2024-02-17,34,9,1,0.0
consecutive_le24h,rh_min,2024-02-18,34,9,1,0.0
consecutive_le24h,rh_min,2024-02-19,34,9,1,0.3125
consecutive_le24h,rh_min,2024-02-20,34,9,1,0.15625
consecutive_le24h,rh_min,2024-02-21,34,9,1,0.15625
consecutive_le24h,rh_min,2024-02-22,34,9,1,0.15625
consecutive_le24h,rh_min,2024-02-23,34,9,1,0.0
consecutive_le24h,rh_min,2024-02-24,35,9,1,0.7575757575757576
consecutive_le24h,rh_min,2024-02-25,34,9,1,0.46875
consecutive_le24h,rh_min,2024-02-26,34,9,1,0.0
consecutive_le24h,rh_min,2024-02-27,34,9,1,0.15625
consecutive_le24h,rh_min,2024-02-28,34,9,1,0.0
consecutive_le24h,rh_min,2024-02-29,34,9,1,0.15625
consecutive_le24h,rh_min,2024-03-01,34,9,1,0.15625
consecutive_le24h,rh_min,2024-03-02,34,9,1,0.15625
consecutive_le24h,rh_min,2024-03-03,33,9,1,0.0
consecutive_le24h,rh_min,2024-03-04,33,9,1,0.0
consecutive_le24h,rh_min,2024-03-05,33,9,1,0.0
consecutive_le24h,rh_min,2024-03-06,33,9,1,0.0
consecutive_le24h,rh_min,2024-03-07,33,9,1,0.3225806451612903
consecutive_le24h,rh_min,2024-03-08,33,9,1,1.1290322580645162
consecutive_le24h,rh_min,2024-03-09,33,9,1,0.3225806451612903
consecutive_le24h,rh_min,2024-03-10,33,9,1,0.0
consecutive_le24h,rh_min,2024-03-11,34,9,1,0.0
consecutive_le24h,rh_min,2024-03-12,34,9,1,0.15625
consecutive_le24h,rh_min,2024-03-13,34,9,1,0.3125
consecutive_le24h,rh_min,2024-03-14,34,9,1,0.15625
consecutive_le24h,rh_min,2024-03-15,34,9,1,0.15625
consecutive_le24h,rh_min,2024-03-16,34,9,1,0.0
consecutive_le24h,rh_min,2024-03-17,34,9,1,0.15625
consecutive_le24h,rh_min,2024-03-18,34,9,1,0.3125
consecutive_le24h,rh_min,2024-03-19,34,9,1,0.15625
consecutive_le24h,rh_min,2024-03-20,34,9,1,0.0
consecutive_le24h,rh_min,2024-03-21,34,9,1,0.3125
consecutive_le24h,rh_min,2024-03-22,33,9,1,0.16129032258064516
consecutive_le24h,rh_min,2024-03-23,33,9,1,0.16129032258064516
consecutive_le24h,rh_min,2024-03-24,33,9,1,0.0
consecutive_le24h,rh_min,2024-03-25,33,9,1,0.4838709677419355
consecutive_le24h,rh_min,2024-03-26,32,9,1,0.16666666666666666
consecutive_le24h,rh_min,2024-03-27,32,9,1,0.3333333333333333
consecutive_le24h,rh_min,2024-03-28,32,9,1,0.0
consecutive_le24h,rh_min,2024-03-29,32,9,1,0.16666666666666666
consecutive_le24h,rh_min,2024-03-30,33,9,1,0.3225806451612903
consecutive_le24h,rh_min,2024-03-31,32,9,1,0.8333333333333334
consecutive_le24h,rh_min,2024-04-01,33,9,1,0.3225806451612903
consecutive_le24h,rh_min,2024-04-02,32,9,1,0.16666666666666666
consecutive_le24h,rh_min,2024-04-03,33,9,1,0.16129032258064516
consecutive_le24h,rh_min,2024-04-04,33,9,1,0.0
consecutive_le24h,rh_min,2024-04-05,33,9,1,0.0
consecutive_le24h,rh_min,2024-04-06,33,9,1,0.4838709677419355
consecutive_le24h,rh_min,2024-04-07,33,9,1,0.3225806451612903
consecutive_le24h,rh_min,2024-04-08,34,9,1,0.78125
consecutive_le24h,rh_min,2024-04-09,34,9,1,0.15625
consecutive_le24h,rh_min,2024-04-10,34,9,1,0.0
consecutive_le24h,rh_min,2024-04-11,34,9,1,0.3125
consecutive_le24h,rh_min,2024-04-12,34,9,1,0.0
consecutive_le24h,rh_min,2024-04-13,34,9,1,0.15625
consecutive_le24h,rh_min,2024-04-14,34,9,1,0.15625
consecutive_le24h,rh_min,2024-04-15,34,9,1,0.0
consecutive_le24h,rh_min,2024-04-16,34,9,1,0.0
consecutive_le24h,rh_min,2024-04-17,34,9,1,0.3125
consecutive_le24h,rh_min,2024-04-18,34,9,1,0.15625
consecutive_le24h,rh_min,2024-04-19,34,9,1,0.15625
consecutive_le24h,rh_min,2024-04-20,33,9,1,0.16129032258064516
consecutive_le24h,rh_min,2024-04-21,33,9,1,0.0
consecutive_le24h,rh_min,2024-04-22,33,9,1,0.0
consecutive_le24h,rh_min,2024-04-23,33,9,1,0.0
consecutive_le24h,rh_min,2024-04-24,33,9,1,0.16129032258064516
consecutive_le24h,rh_min,2024-04-25,33,9,1,0.16129032258064516
consecutive_le24h,rh_min,2024-04-26,33,9,1,0.0
consecutive_le24h,rh_min,2024-04-27,33,9,1,0.3225806451612903
consecutive_le24h,rh_min,2024-04-28,34,9,1,0.3125
consecutive_le24h,rh_min,2024-04-29,34,9,1,0.0
consecutive_le24h,rh_min,2024-04-30,34,9,1,0.0
consecutive_le24h,rh_min,2024-05-01,34,9,1,0.15625
consecutive_le24h,rh_min,2024-05-02,34,9,1,0.0
consecutive_le24h,rh_min,2024-05-03,34,9,1,0.15625
consecutive_le24h,rh_min,2024-05-04,33,9,1,0.16129032258064516
consecutive_le24h,rh_min,2024-05-05,33,9,1,0.0
consecutive_le24h,rh_min,2024-05-06,33,9,1,0.0
consecutive_le24h,rh_min,2024-05-07,33,9,1,0.0
consecutive_le24h,rh_min,2024-05-08,33,9,1,0.0
consecutive_le24h,rh_min,2024-05-09,33,9,1,0.4838709677419355
consecutive_le24h,rh_min,2024-05-10,33,9,1,0.0
consecutive_le24h,rh_min,2024-05-11,33,9,1,0.16129032258064516
consecutive_le24h,rh_min,2024-05-12,34,9,1,0.0
consecutive_le24h,rh_min,2024-05-13,34,9,1,0.0
consecutive_le24h,rh_min,2024-05-14,34,9,1,0.0
consecutive_le24h,rh_min,2024-05-15,34,9,1,0.46875
consecutive_le24h,rh_min,2024-05-16,34,9,1,0.46875
consecutive_le24h,rh_min,2024-05-17,34,9,1,0.0
consecutive_le24h,rh_min,2024-05-18,33,9,1,0.3225806451612903
consecutive_le24h,rh_min,2024-05-19,33,9,1,0.6451612903225806
consecutive_le24h,rh_min,2024-05-20,33,9,1,0.0
consecutive_le24h,rh_min,2024-05-21,33,9,1,0.0
consecutive_le24h,rh_min,2024-05-22,33,9,1,0.3225806451612903
consecutive_le24h,rh_min,2024-05-23,33,9,1,0.4838709677419355
consecutive_le24h,rh_min,2024-05-24,33,9,1,0.0
consecutive_le24h,rh_min,2024-05-25,33,9,1,0.3225806451612903
consecutive_le24h,rh_min,2024-05-26,34,9,1,0.0
consecutive_le24h,rh_min,2024-05-27,34,9,1,0.15625
consecutive_le24h,rh_min,2024-05-28,34,9,1,0.0
consecutive_le24h,rh_min,2024-05-29,34,9,1,0.0
consecutive_le24h,rh_min,2024-05-30,34,9,1,0.15625
consecutive_le24h,rh_min,2024-05-31,34,9,1,0.0
consecutive_le24h,rh_min,2024-06-01,34,9,1,0.0
consecutive_le24h,rh_min,2024-06-02,34,9,1,0.3125
consecutive_le24h,rh_min,2024-06-03,34,9,1,0.15625
consecutive_le24h,rh_min,2024-06-04,34,9,1,0.3125
consecutive_le24h,rh_min,2024-06-05,33,9,1,0.16129032258064516
consecutive_le24h,rh_min,2024-06-06,33,9,1,0.0
consecutive_le24h,rh_min,2024-06-07,33,9,1,0.16129032258064516
consecutive_le24h,rh_min,2024-06-08,33,9,1,0.16129032258064516
consecutive_le24h,rh_min,2024-06-09,33,9,1,0.0
consecutive_le24h,rh_min,2024-06-10,33,9,1,0.16129032258064516
consecutive_le24h,rh_min,2024-06-11,33,9,1,0.16129032258064516
consecutive_le24h,rh_min,2024-06-12,33,9,1,0.16129032258064516
consecutive_le24h,rh_min,2024-06-13,33,9,1,0.0
consecutive_le24h,rh_min,2024-06-14,33,9,1,0.16129032258064516
consecutive_le24h,rh_min,2024-06-15,33,9,1,0.16129032258064516
consecutive_le24h,rh_min,2024-06-16,33,9,1,0.16129032258064516
consecutive_le24h,rh_min,2024-06-17,33,9,1,0.16129032258064516
consecutive_le24h,rh_min,2024-06-18,33,9,1,0.3225806451612903
consecutive_le24h,rh_min,2024-06-19,33,9,1,0.16129032258064516
consecutive_le24h,rh_min,2024-06-20,33,9,1,0.16129032258064516
consecutive_le24h,rh_min,2024-06-21,34,9,1,0.0
consecutive_le24h,rh_min,2024-06-22,34,9,1,0.3125
consecutive_le24h,rh_min,2024-06-23,33,9,1,0.0
consecutive_le24h,rh_min,2024-06-24,33,9,1,0.0
consecutive_le24h,rh_min,2024-06-25,32,9,1,0.16666666666666666
consecutive_le24h,rh_min,2024-06-26,32,9,1,0.16666666666666666
consecutive_le24h,rh_min,2024-06-27,32,9,1,0.16666666666666666
consecutive_le24h,rh_min,2024-06-28,32,9,1,0.16666666666666666
consecutive_le24h,rh_min,2024-06-29,32,9,1,0.5
consecutive_le24h,rh_min,2024-06-30,32,9,1,0.5
consecutive_le24h,rh_min,2024-07-01,32,9,1,0.3333333333333333
consecutive_le24h,rh_min,2024-07-02,32,9,1,0.3333333333333333
consecutive_le24h,rh_min,2024-07-03,33,9,1,0.4838709677419355
consecutive_le24h,rh_min,2024-07-04,33,9,1,0.4838709677419355
consecutive_le24h,rh_min,2024-07-05,33,9,1,0.0
consecutive_le24h,rh_min,2024-07-06,33,9,1,0.16129032258064516
consecutive_le24h,rh_min,2024-07-07,33,9,1,0.0
consecutive_le24h,rh_min,2024-07-08,33,9,1,0.0
consecutive_le24h,rh_min,2024-07-09,33,9,1,0.3225806451612903
consecutive_le24h,rh_min,2024-07-10,33,9,1,0.16129032258064516
consecutive_le24h,rh_min,2024-07-11,33,9,1,0.16129032258064516
consecutive_le24h,rh_min,2024-07-12,33,9,1,0.16129032258064516
consecutive_le24h,rh_min,2024-07-13,33,9,1,0.16129032258064516
consecutive_le24h,rh_min,2024-07-14,33,9,1,0.16129032258064516
consecutive_le24h,rh_min,2024-07-15,33,9,1,0.16129032258064516
consecutive_le24h,rh_min,2024-07-16,33,9,1,0.0
consecutive_le24h,rh_min,2024-07-17,34,9,1,0.3125
consecutive_le24h,rh_min,2024-07-18,34,9,1,0.0
consecutive_le24h,rh_min,2024-07-19,34,9,1,0.46875
consecutive_le24h,rh_min,2024-07-20,34,9,1,0.15625
consecutive_le24h,rh_min,2024-07-21,34,9,1,0.0
consecutive_le24h,rh_min,2024-07-22,34,9,1,0.0
consecutive_le24h,rh_min,2024-07-23,34,9,1,0.3125
consecutive_le24h,rh_min,2024-07-24,34,9,1,0.15625
consecutive_le24h,rh_min,2024-07-25,34,9,1,0.15625
consecutive_le24h,rh_min,2024-07-26,34,9,1,0.46875
consecutive_le24h,rh_min,2024-07-27,34,9,1,0.0
consecutive_le24h,rh_min,2024-07-28,34,9,1,0.0
consecutive_le24h,rh_min,2024-07-29,34,9,1,0.0
consecutive_le24h,rh_min,2024-07-30,34,9,1,0.0
consecutive_le24h,rh_min,2024-07-31,34,9,1,0.15625
consecutive_le24h,rh_min,2024-08-01,34,9,1,0.15625
consecutive_le24h,rh_min,2024-08-02,34,9,1,0.0
consecutive_le24h,rh_min,2024-08-03,32,9,1,0.0
consecutive_le24h,rh_min,2024-08-04,30,9,1,0.0
consecutive_le24h,rh_min,2024-08-05,30,9,1,0.0
consecutive_le24h,rh_min,2024-08-06,30,9,1,0.7142857142857143
consecutive_le24h,rh_min,2024-08-07,31,9,1,0.5172413793103449
consecutive_le24h,rh_min,2024-08-08,30,9,1,0.35714285714285715
consecutive_le24h,rh_min,2024-08-09,30,9,1,0.0
consecutive_le24h,rh_min,2024-08-10,30,9,1,0.17857142857142858
consecutive_le24h,rh_min,2024-08-11,32,9,1,0.3333333333333333
consecutive_le24h,rh_min,2024-08-12,34,9,1,0.15625
consecutive_le24h,rh_min,2024-08-13,34,9,1,0.15625
consecutive_le24h,rh_min,2024-08-14,34,9,1,0.15625
consecutive_le24h,rh_min,2024-08-15,33,9,1,0.0
consecutive_le24h,rh_min,2024-08-16,33,9,1,0.3225806451612903
consecutive_le24h,rh_min,2024-08-17,33,9,1,0.0
consecutive_le24h,rh_min,2024-08-18,33,9,1,0.3225806451612903
consecutive_le24h,rh_min,2024-08-19,33,9,1,0.0
consecutive_le24h,rh_min,2024-08-20,33,9,1,0.0
consecutive_le24h,rh_min,2024-08-21,32,9,1,0.16666666666666666
consecutive_le24h,rh_min,2024-08-22,32,9,1,0.0
consecutive_le24h,rh_min,2024-08-23,33,9,1,0.3225806451612903
consecutive_le24h,rh_min,2024-08-24,33,9,1,0.16129032258064516
consecutive_le24h,rh_min,2024-08-25,33,9,1,0.0
consecutive_le24h,rh_min,2024-08-26,33,9,1,0.4838709677419355
consecutive_le24h,rh_min,2024-08-27,33,9,1,0.0
consecutive_le24h,rh_min,2024-08-28,32,9,1,0.16666666666666666
consecutive_le24h,rh_min,2024-08-29,33,9,1,0.3225806451612903
consecutive_le24h,rh_min,2024-08-30,33,9,1,0.16129032258064516
consecutive_le24h,rh_min,2024-08-31,33,9,1,0.16129032258064516
consecutive_le24h,rh_min,2024-09-01,33,9,1,0.3225806451612903
consecutive_le24h,rh_min,2024-09-02,33,9,1,0.4838709677419355
consecutive_le24h,rh_min,2024-09-03,33,9,1,0.3225806451612903
consecutive_le24h,rh_min,2024-09-04,33,9,1,0.8064516129032258
consecutive_le24h,rh_min,2024-09-05,34,9,1,0.15625
consecutive_le24h,rh_min,2024-09-06,34,9,1,0.0
consecutive_le24h,rh_min,2024-09-07,34,9,1,0.15625
consecutive_le24h,rh_min,2024-09-08,34,9,1,0.15625
consecutive_le24h,rh_min,2024-09-09,34,9,1,0.0
consecutive_le24h,rh_min,2024-09-10,34,9,1,0.3125
consecutive_le24h,rh_min,2024-09-11,34,9,1,0.15625
consecutive_le24h,rh_min,2024-09-12,34,9,1,0.15625
consecutive_le24h,rh_min,2024-09-13,34,9,1,0.3125
consecutive_le24h,rh_min,2024-09-14,34,9,1,0.46875
consecutive_le24h,rh_min,2024-09-15,33,9,1,0.6451612903225806
consecutive_le24h,rh_min,2024-09-16,33,9,1,0.4838709677419355
consecutive_le24h,rh_min,2024-09-17,33,9,1,0.0
consecutive_le24h,rh_min,2024-09-18,33,9,1,0.0
consecutive_le24h,rh_min,2024-09-19,33,9,1,0.3225806451612903
consecutive_le24h,rh_min,2024-09-20,33,9,1,0.3225806451612903
consecutive_le24h,rh_min,2024-09-21,33,9,1,0.16129032258064516
consecutive_le24h,rh_min,2024-09-22,33,9,1,0.3225806451612903
consecutive_le24h,rh_min,2024-09-23,34,9,1,0.0
consecutive_le24h,rh_min,2024-09-24,34,9,1,0.0
consecutive_le24h,rh_min,2024-09-25,34,9,1,0.3125
consecutive_le24h,rh_min,2024-09-26,34,9,1,0.3125
consecutive_le24h,rh_min,2024-09-27,34,9,1,0.0
consecutive_le24h,rh_min,2024-09-28,33,9,1,0.16129032258064516
consecutive_le24h,rh_min,2024-09-29,33,9,1,0.0
consecutive_le24h,rh_min,2024-09-30,33,9,1,0.0
consecutive_le24h,rh_min,2024-10-01,33,9,1,0.0
consecutive_le24h,rh_min,2024-10-02,33,9,1,0.0
consecutive_le24h,rh_min,2024-10-03,33,9,1,0.0
consecutive_le24h,rh_min,2024-10-04,33,9,1,0.0
consecutive_le24h,rh_min,2024-10-05,33,9,1,0.16129032258064516
consecutive_le24h,rh_min,2024-10-06,33,9,1,0.6451612903225806
consecutive_le24h,rh_min,2024-10-07,33,9,1,0.8064516129032258
consecutive_le24h,rh_min,2024-10-08,33,9,1,0.0
consecutive_le24h,rh_min,2024-10-09,33,9,1,0.6451612903225806
consecutive_le24h,rh_min,2024-10-10,33,9,1,0.6451612903225806
consecutive_le24h,rh_min,2024-10-11,33,9,1,0.16129032258064516
consecutive_le24h,rh_min,2024-10-12,33,9,1,0.0
consecutive_le24h,rh_min,2024-10-13,33,9,1,0.16129032258064516
consecutive_le24h,rh_min,2024-10-14,34,9,1,0.0
consecutive_le24h,rh_min,2024-10-15,34,9,1,0.3125
consecutive_le24h,rh_min,2024-10-16,34,9,1,0.625
consecutive_le24h,rh_min,2024-10-17,34,9,1,0.3125
consecutive_le24h,rh_min,2024-10-18,34,9,1,0.15625
consecutive_le24h,rh_min,2024-10-19,34,9,1,0.15625
consecutive_le24h,rh_min,2024-10-20,34,9,1,0.0
consecutive_le24h,rh_min,2024-10-21,34,9,1,0.3125
consecutive_le24h,rh_min,2024-10-22,34,9,1,0.0
consecutive_le24h,rh_min,2024-10-23,34,9,1,0.0
consecutive_le24h,rh_min,2024-10-24,34,9,1,0.15625
consecutive_le24h,rh_min,2024-10-25,34,9,1,1.09375
consecutive_le24h,rh_min,2024-10-26,33,9,1,0.967741935483871
consecutive_le24h,rh_min,2024-10-27,33,9,1,0.0
consecutive_le24h,rh_min,2024-10-28,33,9,1,0.4838709677419355
consecutive_le24h,rh_min,2024-10-29,33,9,1,0.6451612903225806
consecutive_le24h,rh_min,2024-10-30,33,9,1,0.0
consecutive_le24h,rh_min,2024-10-31,33,9,1,0.16129032258064516
consecutive_le24h,rh_min,2024-11-01,33,9,1,0.0
consecutive_le24h,rh_min,2024-11-02,33,9,1,0.0
consecutive_le24h,rh_min,2024-11-03,34,9,1,0.46875
consecutive_le24h,rh_min,2024-11-04,34,9,1,0.46875
consecutive_le24h,rh_min,2024-11-05,34,9,1,0.15625
consecutive_le24h,rh_min,2024-11-06,34,9,1,0.0
consecutive_le24h,rh_min,2024-11-07,34,9,1,0.0
consecutive_le24h,rh_min,2024-11-08,34,9,1,0.0
consecutive_le24h,rh_min,2024-11-09,33,9,1,0.6451612903225806
consecutive_le24h,rh_min,2024-11-10,33,9,1,0.0
consecutive_le24h,rh_min,2024-11-11,33,9,1,0.0
consecutive_le24h,rh_min,2024-11-12,33,9,1,0.0
consecutive_le24h,rh_min,2024-11-13,33,9,1,0.0
consecutive_le24h,rh_min,2024-11-14,33,9,1,0.16129032258064516
consecutive_le24h,rh_min,2024-11-15,33,9,1,0.0
consecutive_le24h,rh_min,2024-11-16,33,9,1,0.0
consecutive_le24h,rh_min,2024-11-17,34,9,1,0.0
consecutive_le24h,rh_min,2024-11-18,34,9,1,0.0
consecutive_le24h,rh_min,2024-11-19,34,9,1,0.3125
consecutive_le24h,rh_min,2024-11-20,34,9,1,0.3125
consecutive_le24h,rh_min,2024-11-21,34,9,1,0.3125
consecutive_le24h,rh_min,2024-11-22,34,9,1,0.15625
consecutive_le24h,rh_min,2024-11-23,34,9,1,0.15625
consecutive_le24h,rh_min,2024-11-24,34,9,1,0.0
consecutive_le24h,rh_min,2024-11-25,34,9,1,0.15625
consecutive_le24h,rh_min,2024-11-26,34,9,1,0.0
consecutive_le24h,rh_min,2024-11-27,34,9,1,0.0
consecutive_le24h,rh_min,2024-11-28,33,9,1,0.0
consecutive_le24h,rh_min,2024-11-29,33,9,1,0.0
consecutive_le24h,rh_min,2024-11-30,32,9,1,0.16666666666666666
consecutive_le24h,rh_min,2024-12-01,32,9,1,0.3333333333333333
consecutive_le24h,rh_min,2024-12-02,32,9,1,0.16666666666666666
consecutive_le24h,rh_min,2024-12-03,30,9,1,0.0
consecutive_le24h,rh_min,2024-12-04,29,9,1,0.0
consecutive_le24h,rh_min,2024-12-05,28,9,1,0.0
consecutive_le24h,rh_min,2024-12-06,29,9,1,0.18518518518518517
consecutive_le24h,rh_min,2024-12-07,29,9,1,0.5555555555555556
consecutive_le24h,rh_min,2024-12-08,30,9,1,0.0
consecutive_le24h,rh_min,2024-12-09,30,9,1,0.35714285714285715
consecutive_le24h,rh_min,2024-12-10,30,9,1,0.0
consecutive_le24h,rh_min,2024-12-11,32,9,1,0.16666666666666666
consecutive_le24h,rh_min,2024-12-12,33,9,1,0.0
consecutive_le24h,rh_min,2024-12-13,34,9,1,0.15625
consecutive_le24h,rh_min,2024-12-14,34,9,1,0.0
consecutive_le24h,rh_min,2024-12-15,33,9,1,0.0
consecutive_le24h,rh_min,2024-12-16,33,9,1,0.0
consecutive_le24h,rh_min,2024-12-17,33,9,1,0.16129032258064516
consecutive_le24h,rh_min,2024-12-18,33,9,1,0.0
consecutive_le24h,rh_min,2024-12-19,30,9,1,0.0
consecutive_le24h,rh_min,2024-12-20,26,9,2,0.0
consecutive_le24h,rh_min,2024-12-21,22,9,3,0.0
consecutive_le24h,rh_min,2024-12-21,4,2,1,0.0
consecutive_le24h,rh_min,2024-12-22,18,9,4,0.0
consecutive_le24h,rh_min,2024-12-22,8,3,1,0.0
consecutive_le24h,rh_min,2024-12-23,15,9,5,0.0
consecutive_le24h,rh_min,2024-12-23,11,4,1,0.0
consecutive_le24h,rh_min,2024-12-24,11,9,6,0.0
consecutive_le24h,rh_min,2024-12-24,15,5,1,0.38461538461538464
consecutive_le24h,rh_min,2024-12-25,7,9,7,0.0
consecutive_le24h,rh_min,2024-12-25,19,6,1,0.29411764705882354
consecutive_le24h,rh_min,2024-12-26,3,9,8,0.0
consecutive_le24h,rh_min,2024-12-26,23,7,1,0.0
consecutive_le24h,rh_min,2024-12-27,27,8,1,0.8
consecutive_le24h,rh_min,2024-12-28,32,9,1,0.16666666666666666
consecutive_le24h,rh_min,2024-12-29,33,9,1,0.0
consecutive_le24h,rh_min,2024-12-30,33,9,1,0.3225806451612903
consecutive_le24h,rh_min,2024-12-31,34,9,1,0.15625
consecutive_le24h,rh_min,2025-01-01,34,9,1,0.625
consecutive_le24h,rh_min,2025-01-02,34,9,1,0.3125
consecutive_le24h,rh_min,2025-01-03,34,9,1,0.0
consecutive_le24h,rh_min,2025-01-04,34,9,1,0.0
consecutive_le24h,rh_min,2025-01-05,34,9,1,0.15625
consecutive_le24h,rh_min,2025-01-06,34,9,1,0.15625
consecutive_le24h,rh_min,2025-01-07,34,9,1,0.0
consecutive_le24h,rh_min,2025-01-08,34,9,1,0.15625
consecutive_le24h,rh_min,2025-01-09,34,9,1,0.46875
consecutive_le24h,rh_min,2025-01-10,34,9,1,0.15625
consecutive_le24h,rh_min,2025-01-11,34,9,1,0.15625
consecutive_le24h,rh_min,2025-01-12,33,9,1,0.0
consecutive_le24h,rh_min,2025-01-13,33,9,1,0.3225806451612903
consecutive_le24h,rh_min,2025-01-14,33,9,1,0.3225806451612903
consecutive_le24h,rh_min,2025-01-15,33,9,1,0.16129032258064516
consecutive_le24h,rh_min,2025-01-16,33,9,1,0.3225806451612903
consecutive_le24h,rh_min,2025-01-17,33,9,1,0.6451612903225806
consecutive_le24h,rh_min,2025-01-18,33,9,1,0.0
consecutive_le24h,rh_min,2025-01-19,33,9,1,0.0
consecutive_le24h,rh_min,2025-01-20,34,9,1,0.3125
consecutive_le24h,rh_min,2025-01-21,33,9,1,0.967741935483871
consecutive_le24h,rh_min,2025-01-22,33,9,1,0.3225806451612903
consecutive_le24h,rh_min,2025-01-23,33,9,1,0.0
consecutive_le24h,rh_min,2025-01-24,33,9,1,0.0
consecutive_le24h,rh_min,2025-01-25,33,9,1,0.0
consecutive_le24h,rh_min,2025-01-26,33,9,1,0.0
consecutive_le24h,rh_min,2025-01-27,33,9,1,0.3225806451612903
consecutive_le24h,rh_min,2025-01-28,33,9,1,0.0
consecutive_le24h,rh_min,2025-01-29,34,9,1,0.15625
consecutive_le24h,rh_min,2025-01-30,34,9,1,0.0
consecutive_le24h,rh_min,2025-01-31,34,9,1,0.0
consecutive_le24h,rh_min,2025-02-01,34,9,1,0.15625
consecutive_le24h,rh_min,2025-02-02,34,9,1,0.3125
consecutive_le24h,rh_min,2025-02-03,34,9,1,0.15625
consecutive_le24h,rh_min,2025-02-04,34,9,1,0.3125
consecutive_le24h,rh_min,2025-02-05,34,9,1,0.0
consecutive_le24h,rh_min,2025-02-06,34,9,1,0.46875
consecutive_le24h,rh_min,2025-02-07,34,9,1,0.46875
consecutive_le24h,rh_min,2025-02-08,34,9,1,0.3125
consecutive_le24h,rh_min,2025-02-09,34,9,1,0.3125
consecutive_le24h,rh_min,2025-02-10,34,9,1,0.0
consecutive_le24h,rh_min,2025-02-11,34,9,1,0.15625
consecutive_le24h,rh_min,2025-02-12,34,9,1,0.15625
consecutive_le24h,rh_min,2025-02-13,34,9,1,0.3125
consecutive_le24h,rh_min,2025-02-14,34,9,1,0.3125
consecutive_le24h,rh_min,2025-02-15,34,9,1,0.3125
consecutive_le24h,rh_min,2025-02-16,34,9,1,0.3125
consecutive_le24h,rh_min,2025-02-17,34,9,1,0.0
consecutive_le24h,rh_min,2025-02-18,34,9,1,0.15625
consecutive_le24h,rh_min,2025-02-19,33,9,1,0.3225806451612903
consecutive_le24h,rh_min,2025-02-20,32,9,1,0.0
consecutive_le24h,rh_min,2025-02-21,32,9,1,0.0
consecutive_le24h,rh_min,2025-02-22,32,9,1,0.0
consecutive_le24h,rh_min,2025-02-23,32,9,1,0.3333333333333333
consecutive_le24h,rh_min,2025-02-24,32,9,1,0.16666666666666666
consecutive_le24h,rh_min,2025-02-25,32,9,1,0.16666666666666666
consecutive_le24h,rh_min,2025-02-26,32,9,1,0.6666666666666666
consecutive_le24h,rh_min,2025-02-27,33,9,1,0.4838709677419355
consecutive_le24h,rh_min,2025-02-28,34,9,1,0.625
consecutive_le24h,rh_min,2025-03-01,34,9,1,0.15625
consecutive_le24h,rh_min,2025-03-02,34,9,1,0.0
consecutive_le24h,rh_min,2025-03-03,33,9,1,0.0
consecutive_le24h,rh_min,2025-03-04,33,9,1,0.3225806451612903
consecutive_le24h,rh_min,2025-03-05,33,9,1,0.0
consecutive_le24h,rh_min,2025-03-06,33,9,1,0.16129032258064516
consecutive_le24h,rh_min,2025-03-07,33,9,1,0.16129032258064516
consecutive_le24h,rh_min,2025-03-08,32,9,1,0.16666666666666666
consecutive_le24h,rh_min,2025-03-09,32,9,1,0.16666666666666666
consecutive_le24h,rh_min,2025-03-10,32,9,1,0.16666666666666666
consecutive_le24h,rh_min,2025-03-11,33,9,1,0.16129032258064516
consecutive_le24h,rh_min,2025-03-12,33,9,1,0.16129032258064516
consecutive_le24h,rh_min,2025-03-13,33,9,1,0.3225806451612903
consecutive_le24h,rh_min,2025-03-14,33,9,1,0.3225806451612903
consecutive_le24h,rh_min,2025-03-15,33,9,1,0.16129032258064516
consecutive_le24h,rh_min,2025-03-16,34,9,1,0.0
consecutive_le24h,rh_min,2025-03-17,34,9,1,0.0
consecutive_le24h,rh_min,2025-03-18,34,9,1,0.0
consecutive_le24h,rh_min,2025-03-19,34,9,1,0.0
consecutive_le24h,rh_min,2025-03-20,34,9,1,0.0
consecutive_le24h,rh_min,2025-03-21,34,9,1,0.0
consecutive_le24h,rh_min,2025-03-22,34,9,1,0.0
consecutive_le24h,rh_min,2025-03-23,34,9,1,0.0
consecutive_le24h,rh_min,2025-03-24,33,9,1,0.16129032258064516
consecutive_le24h,rh_min,2025-03-25,32,9,1,0.0
consecutive_le24h,rh_min,2025-03-26,32,9,1,0.16666666666666666
consecutive_le24h,rh_min,2025-03-27,32,9,1,0.0
consecutive_le24h,rh_min,2025-03-28,32,9,1,0.16666666666666666
consecutive_le24h,rh_min,2025-03-29,32,9,1,0.16666666666666666
consecutive_le24h,rh_min,2025-03-30,32,9,1,0.0
consecutive_le24h,rh_min,2025-03-31,32,9,1,0.16666666666666666
consecutive_le24h,rh_min,2025-04-01,33,9,1,0.16129032258064516
consecutive_le24h,rh_min,2025-04-02,34,9,1,0.15625
consecutive_le24h,rh_min,2025-04-03,34,9,1,0.0
consecutive_le24h,rh_min,2025-04-04,33,9,1,0.16129032258064516
consecutive_le24h,rh_min,2025-04-05,33,9,1,0.3225806451612903
consecutive_le24h,rh_min,2025-04-06,33,9,1,0.0
consecutive_le24h,rh_min,2025-04-07,33,9,1,0.3225806451612903
consecutive_le24h,rh_min,2025-04-08,32,9,1,0.0
consecutive_le24h,rh_min,2025-04-09,32,9,1,0.0
consecutive_le24h,rh_min,2025-04-10,32,9,1,0.0
consecutive_le24h,rh_min,2025-04-11,32,9,1,0.16666666666666666
consecutive_le24h,rh_min,2025-04-12,33,9,1,0.16129032258064516
consecutive_le24h,rh_min,2025-04-13,33,9,1,0.0
consecutive_le24h,rh_min,2025-04-14,33,9,1,0.0
consecutive_le24h,rh_min,2025-04-15,33,9,1,0.0
consecutive_le24h,rh_min,2025-04-16,34,9,1,0.3125
consecutive_le24h,rh_min,2025-04-17,34,9,1,0.625
consecutive_le24h,rh_min,2025-04-18,34,9,1,0.0
consecutive_le24h,rh_min,2025-04-19,34,9,1,0.0
consecutive_le24h,rh_min,2025-04-20,34,9,1,0.0
consecutive_le24h,rh_min,2025-04-21,34,9,1,0.0
consecutive_le24h,rh_min,2025-04-22,34,9,1,0.0
consecutive_le24h,rh_min,2025-04-23,34,9,1,0.0
consecutive_le24h,rh_min,2025-04-24,34,9,1,0.0
consecutive_le24h,rh_min,2025-04-25,34,9,1,0.46875
consecutive_le24h,rh_min,2025-04-26,34,9,1,0.0
consecutive_le24h,rh_min,2025-04-27,34,9,1,0.15625
consecutive_le24h,rh_min,2025-04-28,34,9,1,0.3125
consecutive_le24h,rh_min,2025-04-29,34,9,1,0.0
consecutive_le24h,rh_min,2025-04-30,34,9,1,0.15625
consecutive_le24h,rh_min,2025-05-01,33,9,1,0.16129032258064516
consecutive_le24h,rh_min,2025-05-02,33,9,1,0.16129032258064516
consecutive_le24h,rh_min,2025-05-03,33,9,1,0.3225806451612903
consecutive_le24h,rh_min,2025-05-04,33,9,1,0.16129032258064516
consecutive_le24h,rh_min,2025-05-05,33,9,1,0.16129032258064516
consecutive_le24h,rh_min,2025-05-06,33,9,1,0.3225806451612903
consecutive_le24h,rh_min,2025-05-07,33,9,1,0.16129032258064516
consecutive_le24h,rh_min,2025-05-08,33,9,1,0.0
consecutive_le24h,rh_min,2025-05-09,34,9,1,0.0
consecutive_le24h,rh_min,2025-05-10,34,9,1,0.0
consecutive_le24h,rh_min,2025-05-11,34,9,1,0.0
consecutive_le24h,rh_min,2025-05-12,34,9,1,0.0
consecutive_le24h,rh_min,2025-05-13,34,9,1,0.0
consecutive_le24h,rh_min,2025-05-14,34,9,1,0.0
consecutive_le24h,rh_min,2025-05-15,34,9,1,0.0
consecutive_le24h,rh_min,2025-05-16,34,9,1,0.0
consecutive_le24h,rh_min,2025-05-17,33,9,1,0.0
consecutive_le24h,rh_min,2025-05-18,31,9,1,0.1724137931034483
consecutive_le24h,rh_min,2025-05-19,31,9,1,0.3448275862068966
consecutive_le24h,rh_min,2025-05-20,30,9,1,0.35714285714285715
consecutive_le24h,rh_min,2025-05-21,30,9,1,0.0
consecutive_le24h,rh_min,2025-05-22,30,9,1,0.0
consecutive_le24h,rh_min,2025-05-23,30,9,1,0.0
consecutive_le24h,rh_min,2025-05-24,30,9,1,0.0
consecutive_le24h,rh_min,2025-05-25,31,9,1,0.0
consecutive_le24h,rh_min,2025-05-26,33,9,1,0.3225806451612903
consecutive_le24h,rh_min,2025-05-27,33,9,1,0.0
consecutive_le24h,rh_min,2025-05-28,34,9,1,0.0
consecutive_le24h,rh_min,2025-05-29,34,9,1,0.0
consecutive_le24h,rh_min,2025-05-30,34,9,1,0.3125
consecutive_le24h,rh_min,2025-05-31,34,9,1,0.0
consecutive_le24h,rh_min,2025-06-01,34,9,1,0.3125
consecutive_le24h,rh_min,2025-06-02,34,9,1,0.3125
consecutive_le24h,rh_min,2025-06-03,34,9,1,0.15625
consecutive_le24h,rh_min,2025-06-04,34,9,1,0.15625
consecutive_le24h,rh_min,2025-06-05,34,9,1,0.0
consecutive_le24h,rh_min,2025-06-06,34,9,1,0.0
consecutive_le24h,rh_min,2025-06-07,35,9,1,0.0
consecutive_le24h,rh_min,2025-06-08,34,9,1,0.0
consecutive_le24h,rh_min,2025-06-09,34,9,1,0.0
consecutive_le24h,rh_min,2025-06-10,34,9,1,0.0
consecutive_le24h,rh_min,2025-06-11,34,9,1,0.15625
consecutive_le24h,rh_min,2025-06-12,34,9,1,0.0
consecutive_le24h,rh_min,2025-06-13,34,9,1,0.0
consecutive_le24h,rh_min,2025-06-14,34,9,1,0.0
consecutive_le24h,rh_min,2025-06-15,34,9,1,0.15625
consecutive_le24h,rh_min,2025-06-16,34,9,1,0.0
consecutive_le24h,rh_min,2025-06-17,34,9,1,0.0
consecutive_le24h,rh_min,2025-06-18,34,9,1,0.0
consecutive_le24h,rh_min,2025-06-19,34,9,1,0.3125
consecutive_le24h,rh_min,2025-06-20,34,9,1,0.46875
consecutive_le24h,rh_min,2025-06-21,34,9,1,0.0
consecutive_le24h,rh_min,2025-06-22,34,9,1,0.0
consecutive_le24h,rh_min,2025-06-23,34,9,1,0.0
consecutive_le24h,rh_min,2025-06-24,34,9,1,0.0
consecutive_le24h,rh_min,2025-06-25,34,9,1,0.0
consecutive_le24h,rh_min,2025-06-26,34,9,1,0.46875
consecutive_le24h,rh_min,2025-06-27,34,9,1,0.625
consecutive_le24h,rh_min,2025-06-28,34,9,1,0.15625
consecutive_le24h,rh_min,2025-06-29,34,9,1,0.3125
consecutive_le24h,rh_min,2025-06-30,34,9,1,0.3125
consecutive_le24h,rh_min,2025-07-01,34,9,1,0.15625
consecutive_le24h,rh_min,2025-07-02,34,9,1,0.3125
consecutive_le24h,rh_min,2025-07-03,34,9,1,0.3125
consecutive_le24h,rh_min,2025-07-04,34,9,1,0.3125
consecutive_le24h,rh_min,2025-07-05,33,9,1,0.3225806451612903
consecutive_le24h,rh_min,2025-07-06,33,9,1,0.16129032258064516
consecutive_le24h,rh_min,2025-07-07,33,9,1,0.16129032258064516
consecutive_le24h,rh_min,2025-07-08,33,9,1,0.16129032258064516
consecutive_le24h,rh_min,2025-07-09,33,9,1,0.4838709677419355
consecutive_le24h,rh_min,2025-07-10,33,9,1,0.16129032258064516
consecutive_le24h,rh_min,2025-07-11,33,9,1,0.0
consecutive_le24h,rh_min,2025-07-12,33,9,1,0.0
consecutive_le24h,rh_min,2025-07-13,34,9,1,0.0
consecutive_le24h,rh_min,2025-07-14,34,9,1,0.15625
consecutive_le24h,rh_min,2025-07-15,34,9,1,0.15625
consecutive_le24h,rh_min,2025-07-16,34,9,1,0.0
consecutive_le24h,rh_min,2025-07-17,34,9,1,0.3125
consecutive_le24h,rh_min,2025-07-18,33,9,1,0.4838709677419355
consecutive_le24h,rh_min,2025-07-19,33,9,1,0.16129032258064516
consecutive_le24h,rh_min,2025-07-20,33,9,1,0.16129032258064516
consecutive_le24h,rh_min,2025-07-21,33,9,1,0.16129032258064516
consecutive_le24h,rh_min,2025-07-22,33,9,1,0.16129032258064516
consecutive_le24h,rh_min,2025-07-23,33,9,1,0.4838709677419355
consecutive_le24h,rh_min,2025-07-24,33,9,1,0.16129032258064516
consecutive_le24h,rh_min,2025-07-25,33,9,1,0.16129032258064516
consecutive_le24h,rh_min,2025-07-26,34,9,1,0.15625
consecutive_le24h,rh_min,2025-07-27,34,9,1,0.3125
consecutive_le24h,rh_min,2025-07-28,34,9,1,0.15625
consecutive_le24h,rh_min,2025-07-29,34,9,1,0.15625
consecutive_le24h,rh_min,2025-07-30,34,9,1,0.625
consecutive_le24h,rh_min,2025-07-31,34,9,1,0.3125
consecutive_le24h,rh_min,2025-08-01,34,9,1,0.15625
consecutive_le24h,rh_min,2025-08-02,34,9,1,0.0
consecutive_le24h,rh_min,2025-08-03,34,9,1,0.0
consecutive_le24h,rh_min,2025-08-04,34,9,1,0.0
consecutive_le24h,rh_min,2025-08-05,34,9,1,0.0
consecutive_le24h,rh_min,2025-08-06,34,9,1,0.0
consecutive_le24h,rh_min,2025-08-07,34,9,1,0.15625
consecutive_le24h,rh_min,2025-08-08,34,9,1,0.3125
consecutive_le24h,rh_min,2025-08-09,34,9,1,0.0
consecutive_le24h,rh_min,2025-08-10,33,9,1,0.16129032258064516
consecutive_le24h,rh_min,2025-08-11,32,9,1,0.3333333333333333
consecutive_le24h,rh_min,2025-08-12,32,9,1,0.16666666666666666
consecutive_le24h,rh_min,2025-08-13,32,9,1,0.16666666666666666
consecutive_le24h,rh_min,2025-08-14,32,9,1,0.0
consecutive_le24h,rh_min,2025-08-15,32,9,1,0.16666666666666666
consecutive_le24h,rh_min,2025-08-16,32,9,1,0.16666666666666666
consecutive_le24h,rh_min,2025-08-17,32,9,1,0.5
consecutive_le24h,rh_min,2025-08-18,33,9,1,0.0
consecutive_le24h,rh_min,2025-08-19,34,9,1,0.0
consecutive_le24h,rh_min,2025-08-20,34,9,1,0.0
consecutive_le24h,rh_min,2025-08-21,34,9,1,0.3125
consecutive_le24h,rh_min,2025-08-22,34,9,1,0.15625
consecutive_le24h,rh_min,2025-08-23,34,9,1,0.0
consecutive_le24h,rh_min,2025-08-24,34,9,1,0.15625
consecutive_le24h,rh_min,2025-08-25,34,9,1,0.78125
consecutive_le24h,rh_min,2025-08-26,34,9,1,0.625
consecutive_le24h,rh_min,2025-08-27,34,9,1,0.625
consecutive_le24h,rh_min,2025-08-28,34,9,1,0.3125
consecutive_le24h,rh_min,2025-08-29,34,9,1,0.625
consecutive_le24h,rh_min,2025-08-30,34,9,1,0.46875
consecutive_le24h,rh_min,2025-08-31,34,9,1,0.625
consecutive_le24h,rh_min,2025-09-01,34,9,1,0.625
consecutive_le24h,rh_min,2025-09-02,34,9,1,0.3125
consecutive_le24h,rh_min,2025-09-03,34,9,1,0.3125
consecutive_le24h,rh_min,2025-09-04,34,9,1,0.625
consecutive_le24h,rh_min,2025-09-05,34,9,1,0.3125
consecutive_le24h,rh_min,2025-09-06,34,9,1,0.3125
consecutive_le24h,rh_min,2025-09-07,34,9,1,0.15625
consecutive_le24h,rh_min,2025-09-08,34,9,1,0.0
consecutive_le24h,rh_min,2025-09-09,34,9,1,0.15625
consecutive_le24h,rh_min,2025-09-10,34,9,1,0.3125
consecutive_le24h,rh_min,2025-09-11,34,9,1,0.15625
consecutive_le24h,rh_min,2025-09-12,34,9,1,0.0
consecutive_le24h,rh_min,2025-09-13,33,9,1,0.0
consecutive_le24h,rh_min,2025-09-14,32,9,1,0.0
consecutive_le24h,rh_min,2025-09-15,31,9,1,0.0
consecutive_le24h,rh_min,2025-09-16,31,9,1,0.1724137931034483
consecutive_le24h,rh_min,2025-09-17,31,9,1,0.3448275862068966
consecutive_le24h,rh_min,2025-09-18,31,9,1,0.8620689655172413
consecutive_le24h,rh_min,2025-09-19,31,9,1,0.5172413793103449
consecutive_le24h,rh_min,2025-09-20,30,9,1,0.35714285714285715
consecutive_le24h,rh_min,2025-09-21,31,9,1,0.0
consecutive_le24h,rh_min,2025-09-22,32,9,1,0.0
consecutive_le24h,rh_min,2025-09-23,33,9,1,0.16129032258064516
consecutive_le24h,rh_min,2025-09-24,33,9,1,0.0
consecutive_le24h,rh_min,2025-09-25,33,9,1,0.0
consecutive_le24h,rh_min,2025-09-26,33,9,1,0.0
consecutive_le24h,rh_min,2025-09-27,33,9,1,0.0
consecutive_le24h,rh_min,2025-09-28,33,9,1,0.3225806451612903
consecutive_le24h,rh_min,2025-09-29,34,9,1,0.15625
consecutive_le24h,rh_min,2025-09-30,34,9,1,0.0
consecutive_le24h,rh_min,2025-10-01,34,9,1,0.3125
consecutive_le24h,rh_min,2025-10-02,34,9,1,0.3125
consecutive_le24h,rh_min,2025-10-03,34,9,1,0.15625
consecutive_le24h,rh_min,2025-10-04,33,9,1,0.3225806451612903
consecutive_le24h,rh_min,2025-10-05,33,9,1,0.16129032258064516
consecutive_le24h,rh_min,2025-10-06,33,9,1,0.0
consecutive_le24h,rh_min,2025-10-07,33,9,1,0.0
consecutive_le24h,rh_min,2025-10-08,33,9,1,0.16129032258064516
consecutive_le24h,rh_min,2025-10-09,33,9,1,0.6451612903225806
consecutive_le24h,rh_min,2025-10-10,33,9,1,0.6451612903225806
consecutive_le24h,rh_min,2025-10-11,33,9,1,0.16129032258064516
consecutive_le24h,rh_min,2025-10-12,34,9,1,0.15625
consecutive_le24h,rh_min,2025-10-13,34,9,1,0.15625
consecutive_le24h,rh_min,2025-10-14,35,9,1,0.45454545454545453
consecutive_le24h,rh_min,2025-10-15,34,9,1,0.625
consecutive_le24h,rh_min,2025-10-16,33,9,1,0.3225806451612903
consecutive_le24h,rh_min,2025-10-17,33,9,1,0.0
consecutive_le24h,rh_min,2025-10-18,33,9,1,0.16129032258064516
consecutive_le24h,rh_min,2025-10-19,33,9,1,0.0
consecutive_le24h,rh_min,2025-10-20,33,9,1,0.16129032258064516
consecutive_le24h,rh_min,2025-10-21,33,9,1,0.0
consecutive_le24h,rh_min,2025-10-22,33,9,1,0.3225806451612903
consecutive_le24h,rh_min,2025-10-23,33,9,1,0.8064516129032258
consecutive_le24h,rh_min,2025-10-24,34,9,1,0.3125
consecutive_le24h,rh_min,2025-10-25,34,9,1,0.46875
consecutive_le24h,rh_min,2025-10-26,34,9,1,0.3125
consecutive_le24h,rh_min,2025-10-27,34,9,1,0.78125
consecutive_le24h,rh_min,2025-10-28,34,9,1,1.09375
consecutive_le24h,rh_min,2025-10-29,34,9,1,0.15625
consecutive_le24h,rh_min,2025-10-30,34,9,1,0.0
consecutive_le24h,rh_min,2025-10-31,34,9,1,0.0
consecutive_le24h,rh_min,2025-11-01,34,9,1,0.46875
consecutive_le24h,rh_min,2025-11-02,34,9,1,0.625
consecutive_le24h,rh_min,2025-11-03,34,9,1,0.3125
consecutive_le24h,rh_min,2025-11-04,34,9,1,0.625
consecutive_le24h,rh_min,2025-11-05,34,9,1,0.15625
consecutive_le24h,rh_min,2025-11-06,34,9,1,0.0
consecutive_le24h,rh_min,2025-11-07,34,9,1,0.0
consecutive_le24h,rh_min,2025-11-08,34,9,1,0.3125
consecutive_le24h,rh_min,2025-11-09,34,9,1,0.3125
consecutive_le24h,rh_min,2025-11-10,34,9,1,0.0
consecutive_le24h,rh_min,2025-11-11,34,9,1,0.0
consecutive_le24h,rh_min,2025-11-12,34,9,1,0.15625
consecutive_le24h,rh_min,2025-11-13,34,9,1,0.3125
consecutive_le24h,rh_min,2025-11-14,34,9,1,0.15625
consecutive_le24h,rh_min,2025-11-15,34,9,1,0.3125
consecutive_le24h,rh_min,2025-11-16,34,9,1,0.15625
consecutive_le24h,rh_min,2025-11-17,34,9,1,0.46875
consecutive_le24h,rh_min,2025-11-18,34,9,1,0.0
consecutive_le24h,rh_min,2025-11-19,34,9,1,0.3125
consecutive_le24h,rh_min,2025-11-20,34,9,1,0.0
consecutive_le24h,rh_min,2025-11-21,34,9,1,0.0
consecutive_le24h,rh_min,2025-11-22,34,9,1,0.15625
consecutive_le24h,rh_min,2025-11-23,34,9,1,0.0
consecutive_le24h,rh_min,2025-11-24,33,9,1,0.16129032258064516
consecutive_le24h,rh_min,2025-11-25,33,9,1,0.16129032258064516
consecutive_le24h,rh_min,2025-11-26,33,9,1,0.3225806451612903
consecutive_le24h,rh_min,2025-11-27,32,9,1,0.0
consecutive_le24h,rh_min,2025-11-28,32,9,1,0.0
consecutive_le24h,rh_min,2025-11-29,32,9,1,0.3333333333333333
consecutive_le24h,rh_min,2025-11-30,32,9,1,0.0
consecutive_le24h,rh_min,2025-12-01,32,9,1,0.16666666666666666
consecutive_le24h,rh_min,2025-12-02,33,9,1,0.0
consecutive_le24h,rh_min,2025-12-03,33,9,1,0.0
consecutive_le24h,rh_min,2025-12-04,33,9,1,0.16129032258064516
consecutive_le24h,rh_min,2025-12-05,34,9,1,0.15625
consecutive_le24h,rh_min,2025-12-06,34,9,1,0.15625
consecutive_le24h,rh_min,2025-12-07,34,9,1,0.3125
consecutive_le24h,rh_min,2025-12-08,33,9,1,0.16129032258064516
consecutive_le24h,rh_min,2025-12-09,33,9,1,0.0
consecutive_le24h,rh_min,2025-12-10,33,9,1,0.16129032258064516
consecutive_le24h,rh_min,2025-12-11,33,9,1,0.16129032258064516
consecutive_le24h,rh_min,2025-12-12,33,9,1,0.16129032258064516
consecutive_le24h,rh_min,2025-12-13,33,9,1,0.0
consecutive_le24h,rh_min,2025-12-14,33,9,1,0.3225806451612903
consecutive_le24h,rh_min,2025-12-15,33,9,1,0.3225806451612903
consecutive_le24h,rh_min,2025-12-16,34,9,1,0.15625
consecutive_le24h,rh_min,2025-12-17,34,9,1,0.625
consecutive_le24h,rh_min,2025-12-18,34,9,1,0.3125
consecutive_le24h,rh_min,2025-12-19,34,9,1,0.15625
consecutive_le24h,rh_min,2025-12-20,34,9,1,0.3125
consecutive_le24h,rh_min,2025-12-21,34,9,1,0.0
consecutive_le24h,rh_min,2025-12-22,34,9,1,0.15625
consecutive_le24h,rh_min,2025-12-23,34,9,1,0.0
consecutive_le24h,rh_min,2025-12-24,34,9,1,0.15625
consecutive_le24h,rh_min,2025-12-25,34,9,1,0.15625
consecutive_le24h,rh_min,2025-12-26,34,9,1,0.15625
consecutive_le24h,rh_min,2025-12-27,34,9,1,0.0
consecutive_le24h,rh_min,2025-12-28,34,9,1,0.0
consecutive_le24h,rh_min,2025-12-29,34,9,1,0.0
consecutive_le24h,rh_min,2025-12-30,33,9,1,0.8064516129032258
consecutive_le24h,rh_min,2025-12-31,33,9,1,0.0
consecutive_le24h,rh_max,2022-01-02,4,1,1,0.0
consecutive_le24h,rh_max,2022-01-03,8,2,1,0.0
consecutive_le24h,rh_max,2022-01-04,11,3,1,0.0
consecutive_le24h,rh_max,2022-01-05,14,4,1,0.0
consecutive_le24h,rh_max,2022-01-06,18,5,1,0.3125
consecutive_le24h,rh_max,2022-01-07,22,6,1,0.5
consecutive_le24h,rh_max,2022-01-08,26,7,1,0.20833333333333334
consecutive_le24h,rh_max,2022-01-09,30,8,1,0.0
consecutive_le24h,rh_max,2022-01-10,32,9,1,0.0
consecutive_le24h,rh_max,2022-01-11,32,9,1,0.16666666666666666
consecutive_le24h,rh_max,2022-01-12,33,9,1,0.0
consecutive_le24h,rh_max,2022-01-13,34,9,1,0.15625
consecutive_le24h,rh_max,2022-01-14,34,9,1,0.0
consecutive_le24h,rh_max,2022-01-15,34,9,1,0.15625
consecutive_le24h,rh_max,2022-01-16,33,9,1,0.0
consecutive_le24h,rh_max,2022-01-17,33,9,1,0.0
consecutive_le24h,rh_max,2022-01-18,33,9,1,0.16129032258064516
consecutive_le24h,rh_max,2022-01-19,33,9,1,0.0
consecutive_le24h,rh_max,2022-01-20,33,9,1,0.3225806451612903
consecutive_le24h,rh_max,2022-01-21,33,9,1,0.0
consecutive_le24h,rh_max,2022-01-22,33,9,1,0.0
consecutive_le24h,rh_max,2022-01-23,33,9,1,0.0
consecutive_le24h,rh_max,2022-01-24,33,9,1,0.0
consecutive_le24h,rh_max,2022-01-25,33,9,1,0.3225806451612903
consecutive_le24h,rh_max,2022-01-26,33,9,1,0.16129032258064516
consecutive_le24h,rh_max,2022-01-27,33,9,1,0.16129032258064516
consecutive_le24h,rh_max,2022-01-28,33,9,1,0.3225806451612903
consecutive_le24h,rh_max,2022-01-29,33,9,1,0.0
consecutive_le24h,rh_max,2022-01-30,33,9,1,0.4838709677419355
consecutive_le24h,rh_max,2022-01-31,33,9,1,0.0
consecutive_le24h,rh_max,2022-02-01,34,9,1,0.0
consecutive_le24h,rh_max,2022-02-02,34,9,1,0.0
consecutive_le24h,rh_max,2022-02-03,34,9,1,0.0
consecutive_le24h,rh_max,2022-02-04,34,9,1,0.3125
consecutive_le24h,rh_max,2022-02-05,34,9,1,0.0
consecutive_le24h,rh_max,2022-02-06,34,9,1,0.3125
consecutive_le24h,rh_max,2022-02-07,34,9,1,0.0
consecutive_le24h,rh_max,2022-02-08,34,9,1,0.3125
consecutive_le24h,rh_max,2022-02-09,34,9,1,0.0
consecutive_le24h,rh_max,2022-02-10,34,9,1,0.0
consecutive_le24h,rh_max,2022-02-11,34,9,1,0.0
consecutive_le24h,rh_max,2022-02-12,34,9,1,0.15625
consecutive_le24h,rh_max,2022-02-13,33,9,1,0.0
consecutive_le24h,rh_max,2022-02-14,33,9,1,0.16129032258064516
consecutive_le24h,rh_max,2022-02-15,33,9,1,0.16129032258064516
consecutive_le24h,rh_max,2022-02-16,33,9,1,0.0
consecutive_le24h,rh_max,2022-02-17,33,9,1,0.0
consecutive_le24h,rh_max,2022-02-18,33,9,1,0.0
consecutive_le24h,rh_max,2022-02-19,33,9,1,0.3225806451612903
consecutive_le24h,rh_max,2022-02-20,33,9,1,0.0
consecutive_le24h,rh_max,2022-02-21,33,9,1,0.0
consecutive_le24h,rh_max,2022-02-22,33,9,1,0.0
consecutive_le24h,rh_max,2022-02-23,33,9,1,0.0
consecutive_le24h,rh_max,2022-02-24,33,9,1,0.4838709677419355
consecutive_le24h,rh_max,2022-02-25,33,9,1,0.3225806451612903
consecutive_le24h,rh_max,2022-02-26,33,9,1,0.0
consecutive_le24h,rh_max,2022-02-27,32,9,1,0.0
consecutive_le24h,rh_max,2022-02-28,32,9,1,0.0
consecutive_le24h,rh_max,2022-03-01,33,9,1,0.0
consecutive_le24h,rh_max,2022-03-02,33,9,1,0.0
consecutive_le24h,rh_max,2022-03-03,33,9,1,0.16129032258064516
consecutive_le24h,rh_max,2022-03-04,32,9,1,0.0
consecutive_le24h,rh_max,2022-03-05,32,9,1,0.0
consecutive_le24h,rh_max,2022-03-06,32,9,1,0.6666666666666666
consecutive_le24h,rh_max,2022-03-07,33,9,1,0.3225806451612903
consecutive_le24h,rh_max,2022-03-08,33,9,1,0.0
consecutive_le24h,rh_max,2022-03-09,33,9,1,0.0
consecutive_le24h,rh_max,2022-03-10,33,9,1,0.0
consecutive_le24h,rh_max,2022-03-11,33,9,1,0.16129032258064516
consecutive_le24h,rh_max,2022-03-12,34,9,1,0.0
consecutive_le24h,rh_max,2022-03-13,34,9,1,0.15625
consecutive_le24h,rh_max,2022-03-14,34,9,1,0.0
consecutive_le24h,rh_max,2022-03-15,34,9,1,0.0
consecutive_le24h,rh_max,2022-03-16,34,9,1,0.0
consecutive_le24h,rh_max,2022-03-17,33,9,1,0.0
consecutive_le24h,rh_max,2022-03-18,33,9,1,0.0
consecutive_le24h,rh_max,2022-03-19,33,9,1,0.0
consecutive_le24h,rh_max,2022-03-20,33,9,1,0.0
consecutive_le24h,rh_max,2022-03-21,33,9,1,0.0
consecutive_le24h,rh_max,2022-03-22,33,9,1,0.0
consecutive_le24h,rh_max,2022-03-23,33,9,1,0.0
consecutive_le24h,rh_max,2022-03-24,33,9,1,0.0
consecutive_le24h,rh_max,2022-03-25,34,9,1,0.0
consecutive_le24h,rh_max,2022-03-26,34,9,1,0.0
consecutive_le24h,rh_max,2022-03-27,34,9,1,0.0
consecutive_le24h,rh_max,2022-03-28,34,9,1,0.0
consecutive_le24h,rh_max,2022-03-29,34,9,1,0.0
consecutive_le24h,rh_max,2022-03-30,34,9,1,0.0
consecutive_le24h,rh_max,2022-03-31,34,9,1,0.3125
consecutive_le24h,rh_max,2022-04-01,34,9,1,0.15625
consecutive_le24h,rh_max,2022-04-02,34,9,1,0.15625
consecutive_le24h,rh_max,2022-04-03,35,9,1,0.6060606060606061
consecutive_le24h,rh_max,2022-04-04,35,9,1,0.15151515151515152
consecutive_le24h,rh_max,2022-04-05,34,9,1,0.15625
consecutive_le24h,rh_max,2022-04-06,34,9,1,0.15625
consecutive_le24h,rh_max,2022-04-07,34,9,1,0.0
consecutive_le24h,rh_max,2022-04-08,33,9,1,0.0
consecutive_le24h,rh_max,2022-04-09,33,9,1,0.0
consecutive_le24h,rh_max,2022-04-10,33,9,1,0.16129032258064516
consecutive_le24h,rh_max,2022-04-11,32,9,1,0.0
consecutive_le24h,rh_max,2022-04-12,32,9,1,0.3333333333333333
consecutive_le24h,rh_max,2022-04-13,32,9,1,0.0
consecutive_le24h,rh_max,2022-04-14,33,9,1,0.16129032258064516
consecutive_le24h,rh_max,2022-04-15,33,9,1,0.16129032258064516
consecutive_le24h,rh_max,2022-04-16,33,9,1,0.6451612903225806
consecutive_le24h,rh_max,2022-04-17,33,9,1,0.3225806451612903
consecutive_le24h,rh_max,2022-04-18,33,9,1,0.0
consecutive_le24h,rh_max,2022-04-19,34,9,1,0.0
consecutive_le24h,rh_max,2022-04-20,34,9,1,0.0
consecutive_le24h,rh_max,2022-04-21,34,9,1,0.0
consecutive_le24h,rh_max,2022-04-22,34,9,1,0.0
consecutive_le24h,rh_max,2022-04-23,33,9,1,0.0
consecutive_le24h,rh_max,2022-04-24,33,9,1,0.0
consecutive_le24h,rh_max,2022-04-25,33,9,1,0.0
consecutive_le24h,rh_max,2022-04-26,33,9,1,0.0
consecutive_le24h,rh_max,2022-04-27,32,9,1,0.16666666666666666
consecutive_le24h,rh_max,2022-04-28,32,9,1,0.0
consecutive_le24h,rh_max,2022-04-29,32,9,1,0.0
consecutive_le24h,rh_max,2022-04-30,33,9,1,0.0
consecutive_le24h,rh_max,2022-05-01,33,9,1,0.0
consecutive_le24h,rh_max,2022-05-02,33,9,1,0.0
consecutive_le24h,rh_max,2022-05-03,34,9,1,0.0
consecutive_le24h,rh_max,2022-05-04,33,9,1,0.4838709677419355
consecutive_le24h,rh_max,2022-05-05,34,9,1,0.0
consecutive_le24h,rh_max,2022-05-06,33,9,1,0.3225806451612903
consecutive_le24h,rh_max,2022-05-07,33,9,1,0.0
consecutive_le24h,rh_max,2022-05-08,32,9,1,0.0
consecutive_le24h,rh_max,2022-05-09,32,9,1,0.0
consecutive_le24h,rh_max,2022-05-10,32,9,1,0.0
consecutive_le24h,rh_max,2022-05-11,33,9,1,0.0
consecutive_le24h,rh_max,2022-05-12,32,9,1,0.0
consecutive_le24h,rh_max,2022-05-13,32,9,1,0.0
consecutive_le24h,rh_max,2022-05-14,33,9,1,0.0
consecutive_le24h,rh_max,2022-05-15,33,9,1,0.0
consecutive_le24h,rh_max,2022-05-16,34,9,1,0.0
consecutive_le24h,rh_max,2022-05-17,34,9,1,0.0
consecutive_le24h,rh_max,2022-05-18,34,9,1,0.15625
consecutive_le24h,rh_max,2022-05-19,34,9,1,0.0
consecutive_le24h,rh_max,2022-05-20,34,9,1,0.15625
consecutive_le24h,rh_max,2022-05-21,34,9,1,0.15625
consecutive_le24h,rh_max,2022-05-22,34,9,1,0.15625
consecutive_le24h,rh_max,2022-05-23,34,9,1,0.46875
consecutive_le24h,rh_max,2022-05-24,34,9,1,0.3125
consecutive_le24h,rh_max,2022-05-25,33,9,1,0.0
consecutive_le24h,rh_max,2022-05-26,33,9,1,0.0
consecutive_le24h,rh_max,2022-05-27,33,9,1,0.0
consecutive_le24h,rh_max,2022-05-28,33,9,1,0.0
consecutive_le24h,rh_max,2022-05-29,33,9,1,0.16129032258064516
consecutive_le24h,rh_max,2022-05-30,33,9,1,0.16129032258064516
consecutive_le24h,rh_max,2022-05-31,33,9,1,0.16129032258064516
consecutive_le24h,rh_max,2022-06-01,32,9,1,0.0
consecutive_le24h,rh_max,2022-06-02,32,9,1,0.16666666666666666
consecutive_le24h,rh_max,2022-06-03,32,9,1,0.0
consecutive_le24h,rh_max,2022-06-04,32,9,1,0.0
consecutive_le24h,rh_max,2022-06-05,32,9,1,0.0
consecutive_le24h,rh_max,2022-06-06,32,9,1,0.0
consecutive_le24h,rh_max,2022-06-07,32,9,1,0.0
consecutive_le24h,rh_max,2022-06-08,31,9,1,0.0
consecutive_le24h,rh_max,2022-06-09,32,9,1,0.0
consecutive_le24h,rh_max,2022-06-10,33,9,1,0.0
consecutive_le24h,rh_max,2022-06-11,33,9,1,0.0
consecutive_le24h,rh_max,2022-06-12,32,9,1,0.0
consecutive_le24h,rh_max,2022-06-13,32,9,1,0.0
consecutive_le24h,rh_max,2022-06-14,32,9,1,0.0
consecutive_le24h,rh_max,2022-06-15,32,9,1,0.0
consecutive_le24h,rh_max,2022-06-16,33,9,1,0.0
consecutive_le24h,rh_max,2022-06-17,33,9,1,0.0
consecutive_le24h,rh_max,2022-06-18,33,9,1,0.16129032258064516
consecutive_le24h,rh_max,2022-06-19,33,9,1,0.16129032258064516
consecutive_le24h,rh_max,2022-06-20,34,9,1,0.0
consecutive_le24h,rh_max,2022-06-21,34,9,1,0.0
consecutive_le24h,rh_max,2022-06-22,33,9,1,0.0
consecutive_le24h,rh_max,2022-06-23,33,9,1,0.0
consecutive_le24h,rh_max,2022-06-24,33,9,1,0.0
consecutive_le24h,rh_max,2022-06-25,33,9,1,0.0
consecutive_le24h,rh_max,2022-06-26,33,9,1,0.0
consecutive_le24h,rh_max,2022-06-27,33,9,1,0.0
consecutive_le24h,rh_max,2022-06-28,32,9,1,0.0
consecutive_le24h,rh_max,2022-06-29,32,9,1,0.0
consecutive_le24h,rh_max,2022-06-30,33,9,1,0.0
consecutive_le24h,rh_max,2022-07-01,33,9,1,0.0
consecutive_le24h,rh_max,2022-07-02,33,9,1,0.0
consecutive_le24h,rh_max,2022-07-03,33,9,1,0.0
consecutive_le24h,rh_max,2022-07-04,33,9,1,0.0
consecutive_le24h,rh_max,2022-07-05,33,9,1,0.0
consecutive_le24h,rh_max,2022-07-06,34,9,1,0.0
consecutive_le24h,rh_max,2022-07-07,34,9,1,0.0
consecutive_le24h,rh_max,2022-07-08,34,9,1,0.0
consecutive_le24h,rh_max,2022-07-09,34,9,1,0.15625
consecutive_le24h,rh_max,2022-07-10,33,9,1,0.0
consecutive_le24h,rh_max,2022-07-11,32,9,1,0.0
consecutive_le24h,rh_max,2022-07-12,31,9,1,0.0
consecutive_le24h,rh_max,2022-07-13,30,9,1,0.17857142857142858
consecutive_le24h,rh_max,2022-07-14,28,9,1,0.38461538461538464
consecutive_le24h,rh_max,2022-07-15,28,9,1,0.0
consecutive_le24h,rh_max,2022-07-16,28,9,1,0.0
consecutive_le24h,rh_max,2022-07-17,29,9,1,0.18518518518518517
consecutive_le24h,rh_max,2022-07-18,29,9,1,0.0
consecutive_le24h,rh_max,2022-07-19,30,9,1,0.0
consecutive_le24h,rh_max,2022-07-20,31,9,1,0.1724137931034483
consecutive_le24h,rh_max,2022-07-21,32,9,1,0.0
consecutive_le24h,rh_max,2022-07-22,33,9,1,0.4838709677419355
consecutive_le24h,rh_max,2022-07-23,32,9,1,0.0
consecutive_le24h,rh_max,2022-07-24,31,9,1,0.0
consecutive_le24h,rh_max,2022-07-25,29,9,1,0.0
consecutive_le24h,rh_max,2022-07-26,27,9,1,0.2
consecutive_le24h,rh_max,2022-07-27,26,9,1,0.4166666666666667
consecutive_le24h,rh_max,2022-07-28,24,9,1,0.0
consecutive_le24h,rh_max,2022-07-29,24,9,1,0.0
consecutive_le24h,rh_max,2022-07-30,24,9,1,0.0
consecutive_le24h,rh_max,2022-07-31,25,9,1,0.0
consecutive_le24h,rh_max,2022-08-01,26,9,1,0.0
consecutive_le24h,rh_max,2022-08-02,28,9,1,0.38461538461538464
consecutive_le24h,rh_max,2022-08-03,29,9,1,0.0
consecutive_le24h,rh_max,2022-08-04,30,9,1,0.0
consecutive_le24h,rh_max,2022-08-05,32,9,1,0.0
consecutive_le24h,rh_max,2022-08-06,33,9,1,0.0
consecutive_le24h,rh_max,2022-08-07,33,9,1,0.0
consecutive_le24h,rh_max,2022-08-08,33,9,1,0.16129032258064516
consecutive_le24h,rh_max,2022-08-09,33,9,1,0.0
consecutive_le24h,rh_max,2022-08-10,33,9,1,0.0
consecutive_le24h,rh_max,2022-08-11,34,9,1,0.0
consecutive_le24h,rh_max,2022-08-12,34,9,1,0.0
consecutive_le24h,rh_max,2022-08-13,34,9,1,0.15625
consecutive_le24h,rh_max,2022-08-14,34,9,1,0.3125
consecutive_le24h,rh_max,2022-08-15,34,9,1,0.15625
consecutive_le24h,rh_max,2022-08-16,34,9,1,0.3125
consecutive_le24h,rh_max,2022-08-17,34,9,1,0.0
consecutive_le24h,rh_max,2022-08-18,34,9,1,0.15625
consecutive_le24h,rh_max,2022-08-19,34,9,1,0.0
consecutive_le24h,rh_max,2022-08-20,34,9,1,0.0
consecutive_le24h,rh_max,2022-08-21,34,9,1,0.0
consecutive_le24h,rh_max,2022-08-22,34,9,1,0.0
consecutive_le24h,rh_max,2022-08-23,33,9,1,0.16129032258064516
consecutive_le24h,rh_max,2022-08-24,33,9,1,0.0
consecutive_le24h,rh_max,2022-08-25,33,9,1,0.16129032258064516
consecutive_le24h,rh_max,2022-08-26,33,9,1,0.0
consecutive_le24h,rh_max,2022-08-27,33,9,1,0.0
consecutive_le24h,rh_max,2022-08-28,32,9,1,0.16666666666666666
consecutive_le24h,rh_max,2022-08-29,32,9,1,0.16666666666666666
consecutive_le24h,rh_max,2022-08-30,32,9,1,0.5
consecutive_le24h,rh_max,2022-08-31,33,9,1,0.16129032258064516
consecutive_le24h,rh_max,2022-09-01,33,9,1,0.0
consecutive_le24h,rh_max,2022-09-02,33,9,1,0.0
consecutive_le24h,rh_max,2022-09-03,33,9,1,0.0
consecutive_le24h,rh_max,2022-09-04,33,9,1,0.3225806451612903
consecutive_le24h,rh_max,2022-09-05,34,9,1,0.0
consecutive_le24h,rh_max,2022-09-06,33,9,1,0.16129032258064516
consecutive_le24h,rh_max,2022-09-07,33,9,1,0.0
consecutive_le24h,rh_max,2022-09-08,32,9,1,0.0
consecutive_le24h,rh_max,2022-09-09,32,9,1,0.0
consecutive_le24h,rh_max,2022-09-10,32,9,1,0.3333333333333333
consecutive_le24h,rh_max,2022-09-11,31,9,1,0.5172413793103449
consecutive_le24h,rh_max,2022-09-12,31,9,1,0.3448275862068966
consecutive_le24h,rh_max,2022-09-13,31,9,1,0.3448275862068966
consecutive_le24h,rh_max,2022-09-14,32,9,1,0.16666666666666666
consecutive_le24h,rh_max,2022-09-15,32,9,1,0.16666666666666666
consecutive_le24h,rh_max,2022-09-16,33,9,1,0.3225806451612903
consecutive_le24h,rh_max,2022-09-17,33,9,1,0.0
consecutive_le24h,rh_max,2022-09-18,33,9,1,0.8064516129032258
consecutive_le24h,rh_max,2022-09-19,34,9,1,0.3125
consecutive_le24h,rh_max,2022-09-20,34,9,1,0.0
consecutive_le24h,rh_max,2022-09-21,34,9,1,0.15625
consecutive_le24h,rh_max,2022-09-22,34,9,1,0.0
consecutive_le24h,rh_max,2022-09-23,34,9,1,0.15625
consecutive_le24h,rh_max,2022-09-24,34,9,1,0.0
consecutive_le24h,rh_max,2022-09-25,34,9,1,0.3125
consecutive_le24h,rh_max,2022-09-26,34,9,1,0.0
consecutive_le24h,rh_max,2022-09-27,34,9,1,0.0
consecutive_le24h,rh_max,2022-09-28,34,9,1,0.0
consecutive_le24h,rh_max,2022-09-29,35,9,1,0.15151515151515152
consecutive_le24h,rh_max,2022-09-30,34,9,1,0.15625
consecutive_le24h,rh_max,2022-10-01,34,9,1,0.0
consecutive_le24h,rh_max,2022-10-02,34,9,1,0.0
consecutive_le24h,rh_max,2022-10-03,34,9,1,0.0
consecutive_le24h,rh_max,2022-10-04,34,9,1,0.15625
consecutive_le24h,rh_max,2022-10-05,33,9,1,0.0
consecutive_le24h,rh_max,2022-10-06,33,9,1,0.3225806451612903
consecutive_le24h,rh_max,2022-10-07,33,9,1,0.16129032258064516
consecutive_le24h,rh_max,2022-10-08,33,9,1,0.3225806451612903
consecutive_le24h,rh_max,2022-10-09,33,9,1,0.6451612903225806
consecutive_le24h,rh_max,2022-10-10,33,9,1,0.8064516129032258
consecutive_le24h,rh_max,2022-10-11,33,9,1,0.0
consecutive_le24h,rh_max,2022-10-12,33,9,1,0.0
consecutive_le24h,rh_max,2022-10-13,33,9,1,0.0
consecutive_le24h,rh_max,2022-10-14,33,9,1,0.0
consecutive_le24h,rh_max,2022-10-15,33,9,1,0.3225806451612903
consecutive_le24h,rh_max,2022-10-16,33,9,1,0.4838709677419355
consecutive_le24h,rh_max,2022-10-17,32,9,1,0.8333333333333334
consecutive_le24h,rh_max,2022-10-18,32,9,1,1.3333333333333333
consecutive_le24h,rh_max,2022-10-19,32,9,1,0.5
consecutive_le24h,rh_max,2022-10-20,32,9,1,0.6666666666666666
consecutive_le24h,rh_max,2022-10-21,33,9,1,0.0
consecutive_le24h,rh_max,2022-10-22,33,9,1,0.8064516129032258
consecutive_le24h,rh_max,2022-10-23,33,9,1,0.4838709677419355
consecutive_le24h,rh_max,2022-10-24,33,9,1,0.16129032258064516
consecutive_le24h,rh_max,2022-10-25,34,9,1,0.0
consecutive_le24h,rh_max,2022-10-26,34,9,1,0.0
consecutive_le24h,rh_max,2022-10-27,34,9,1,0.3125
consecutive_le24h,rh_max,2022-10-28,34,9,1,0.15625
consecutive_le24h,rh_max,2022-10-29,34,9,1,0.625
consecutive_le24h,rh_max,2022-10-30,34,9,1,0.0
consecutive_le24h,rh_max,2022-10-31,34,9,1,0.3125
consecutive_le24h,rh_max,2022-11-01,34,9,1,0.78125
consecutive_le24h,rh_max,2022-11-02,33,9,1,0.3225806451612903
consecutive_le24h,rh_max,2022-11-03,33,9,1,0.0
consecutive_le24h,rh_max,2022-11-04,33,9,1,0.0
consecutive_le24h,rh_max,2022-11-05,33,9,1,0.0
consecutive_le24h,rh_max,2022-11-06,33,9,1,0.3225806451612903
consecutive_le24h,rh_max,2022-11-07,33,9,1,0.6451612903225806
consecutive_le24h,rh_max,2022-11-08,33,9,1,0.6451612903225806
consecutive_le24h,rh_max,2022-11-09,33,9,1,0.3225806451612903
consecutive_le24h,rh_max,2022-11-10,34,9,1,0.15625
consecutive_le24h,rh_max,2022-11-11,34,9,1,0.15625
consecutive_le24h,rh_max,2022-11-12,33,9,1,0.0
consecutive_le24h,rh_max,2022-11-13,33,9,1,0.3225806451612903
consecutive_le24h,rh_max,2022-11-14,33,9,1,0.0
consecutive_le24h,rh_max,2022-11-15,33,9,1,0.0
consecutive_le24h,rh_max,2022-11-16,32,9,1,0.5
consecutive_le24h,rh_max,2022-11-17,32,9,1,0.5
consecutive_le24h,rh_max,2022-11-18,31,9,1,0.0
consecutive_le24h,rh_max,2022-11-19,31,9,1,0.0
consecutive_le24h,rh_max,2022-11-20,32,9,1,0.0
consecutive_le24h,rh_max,2022-11-21,32,9,1,0.0
consecutive_le24h,rh_max,2022-11-22,32,9,1,0.3333333333333333
consecutive_le24h,rh_max,2022-11-23,32,9,1,0.0
consecutive_le24h,rh_max,2022-11-24,32,9,1,0.0
consecutive_le24h,rh_max,2022-11-25,32,9,1,0.0
consecutive_le24h,rh_max,2022-11-26,33,9,1,0.3225806451612903
consecutive_le24h,rh_max,2022-11-27,33,9,1,0.0
consecutive_le24h,rh_max,2022-11-28,33,9,1,0.0
consecutive_le24h,rh_max,2022-11-29,32,9,1,0.0
consecutive_le24h,rh_max,2022-11-30,32,9,1,0.0
consecutive_le24h,rh_max,2022-12-01,32,9,1,0.16666666666666666
consecutive_le24h,rh_max,2022-12-02,34,9,1,0.15625
consecutive_le24h,rh_max,2022-12-03,33,9,1,0.0
consecutive_le24h,rh_max,2022-12-04,33,9,1,0.0
consecutive_le24h,rh_max,2022-12-05,33,9,1,0.16129032258064516
consecutive_le24h,rh_max,2022-12-06,33,9,1,0.16129032258064516
consecutive_le24h,rh_max,2022-12-07,35,9,1,0.15151515151515152
consecutive_le24h,rh_max,2022-12-08,34,9,1,0.15625
consecutive_le24h,rh_max,2022-12-09,33,9,1,0.0
consecutive_le24h,rh_max,2022-12-10,33,9,1,0.0
consecutive_le24h,rh_max,2022-12-11,33,9,1,0.0
consecutive_le24h,rh_max,2022-12-12,33,9,1,0.16129032258064516
consecutive_le24h,rh_max,2022-12-13,33,9,1,0.6451612903225806
consecutive_le24h,rh_max,2022-12-14,33,9,1,0.6451612903225806
consecutive_le24h,rh_max,2022-12-15,33,9,1,0.6451612903225806
consecutive_le24h,rh_max,2022-12-16,32,9,1,0.16666666666666666
consecutive_le24h,rh_max,2022-12-17,33,9,1,0.16129032258064516
consecutive_le24h,rh_max,2022-12-18,32,9,1,0.0
consecutive_le24h,rh_max,2022-12-19,31,9,1,0.6896551724137931
consecutive_le24h,rh_max,2022-12-20,31,9,1,0.0
consecutive_le24h,rh_max,2022-12-21,32,9,1,0.0
consecutive_le24h,rh_max,2022-12-22,32,9,1,0.3333333333333333
consecutive_le24h,rh_max,2022-12-23,30,9,1,0.0
consecutive_le24h,rh_max,2022-12-24,30,9,1,0.0
consecutive_le24h,rh_max,2022-12-25,31,9,1,0.1724137931034483
consecutive_le24h,rh_max,2022-12-26,31,9,1,0.1724137931034483
consecutive_le24h,rh_max,2022-12-27,32,9,1,0.0
consecutive_le24h,rh_max,2022-12-28,32,9,1,0.16666666666666666
consecutive_le24h,rh_max,2022-12-29,32,9,1,0.3333333333333333
consecutive_le24h,rh_max,2022-12-30,32,9,1,0.0
consecutive_le24h,rh_max,2022-12-31,33,9,1,0.0
consecutive_le24h,rh_max,2023-01-01,34,9,1,0.0
consecutive_le24h,rh_max,2023-01-02,34,9,1,0.15625
consecutive_le24h,rh_max,2023-01-03,33,9,1,0.16129032258064516
consecutive_le24h,rh_max,2023-01-04,33,9,1,0.16129032258064516
consecutive_le24h,rh_max,2023-01-05,33,9,1,0.0
consecutive_le24h,rh_max,2023-01-06,32,9,1,0.3333333333333333
consecutive_le24h,rh_max,2023-01-07,32,9,1,0.0
consecutive_le24h,rh_max,2023-01-08,32,9,1,0.6666666666666666
consecutive_le24h,rh_max,2023-01-09,32,9,1,0.0
consecutive_le24h,rh_max,2023-01-10,32,9,1,0.0
consecutive_le24h,rh_max,2023-01-11,32,9,1,0.0
consecutive_le24h,rh_max,2023-01-12,32,9,1,0.16666666666666666
consecutive_le24h,rh_max,2023-01-13,32,9,1,0.0
consecutive_le24h,rh_max,2023-01-14,33,9,1,0.0
consecutive_le24h,rh_max,2023-01-15,32,9,1,0.0
consecutive_le24h,rh_max,2023-01-16,32,9,1,0.16666666666666666
consecutive_le24h,rh_max,2023-01-17,31,9,1,0.1724137931034483
consecutive_le24h,rh_max,2023-01-18,31,9,1,0.1724137931034483
consecutive_le24h,rh_max,2023-01-19,32,9,1,0.16666666666666666
consecutive_le24h,rh_max,2023-01-20,32,9,1,0.0
consecutive_le24h,rh_max,2023-01-21,32,9,1,0.16666666666666666
consecutive_le24h,rh_max,2023-01-22,30,9,1,0.0
consecutive_le24h,rh_max,2023-01-23,31,9,1,0.1724137931034483
consecutive_le24h,rh_max,2023-01-24,30,9,1,0.35714285714285715
consecutive_le24h,rh_max,2023-01-25,31,9,1,0.0
consecutive_le24h,rh_max,2023-01-26,31,9,1,0.1724137931034483
consecutive_le24h,rh_max,2023-01-27,31,9,1,1.0344827586206897
consecutive_le24h,rh_max,2023-01-28,31,9,1,0.3448275862068966
consecutive_le24h,rh_max,2023-01-29,31,9,1,0.3448275862068966
consecutive_le24h,rh_max,2023-01-30,33,9,1,0.0
consecutive_le24h,rh_max,2023-01-31,33,9,1,0.0
consecutive_le24h,rh_max,2023-02-01,34,9,1,0.0
consecutive_le24h,rh_max,2023-02-02,34,9,1,0.0
consecutive_le24h,rh_max,2023-02-03,34,9,1,0.0
consecutive_le24h,rh_max,2023-02-04,34,9,1,0.0
consecutive_le24h,rh_max,2023-02-05,34,9,1,0.3125
consecutive_le24h,rh_max,2023-02-06,34,9,1,0.0
consecutive_le24h,rh_max,2023-02-07,34,9,1,0.0
consecutive_le24h,rh_max,2023-02-08,34,9,1,0.0
consecutive_le24h,rh_max,2023-02-09,34,9,1,0.0
consecutive_le24h,rh_max,2023-02-10,34,9,1,0.0
consecutive_le24h,rh_max,2023-02-11,34,9,1,0.0
consecutive_le24h,rh_max,2023-02-12,34,9,1,0.0
consecutive_le24h,rh_max,2023-02-13,33,9,1,0.0
consecutive_le24h,rh_max,2023-02-14,33,9,1,0.6451612903225806
consecutive_le24h,rh_max,2023-02-15,33,9,1,0.0
consecutive_le24h,rh_max,2023-02-16,33,9,1,0.16129032258064516
consecutive_le24h,rh_max,2023-02-17,33,9,1,0.0
consecutive_le24h,rh_max,2023-02-18,33,9,1,0.16129032258064516
consecutive_le24h,rh_max,2023-02-19,33,9,1,0.3225806451612903
consecutive_le24h,rh_max,2023-02-20,33,9,1,0.0
consecutive_le24h,rh_max,2023-02-21,34,9,1,0.0
consecutive_le24h,rh_max,2023-02-22,34,9,1,0.0
consecutive_le24h,rh_max,2023-02-23,34,9,1,0.15625
consecutive_le24h,rh_max,2023-02-24,34,9,1,0.0
consecutive_le24h,rh_max,2023-02-25,35,9,1,0.0
consecutive_le24h,rh_max,2023-02-26,34,9,1,0.0
consecutive_le24h,rh_max,2023-02-27,34,9,1,0.0
consecutive_le24h,rh_max,2023-02-28,34,9,1,0.15625
consecutive_le24h,rh_max,2023-03-01,34,9,1,0.0
consecutive_le24h,rh_max,2023-03-02,34,9,1,0.0
consecutive_le24h,rh_max,2023-03-03,34,9,1,0.3125
consecutive_le24h,rh_max,2023-03-04,33,9,1,0.0
consecutive_le24h,rh_max,2023-03-05,33,9,1,0.0
consecutive_le24h,rh_max,2023-03-06,33,9,1,0.3225806451612903
consecutive_le24h,rh_max,2023-03-07,33,9,1,0.0
consecutive_le24h,rh_max,2023-03-08,33,9,1,0.0
consecutive_le24h,rh_max,2023-03-09,31,9,1,0.1724137931034483
consecutive_le24h,rh_max,2023-03-10,31,9,1,0.1724137931034483
consecutive_le24h,rh_max,2023-03-11,31,9,1,0.1724137931034483
consecutive_le24h,rh_max,2023-03-12,32,9,1,0.16666666666666666
consecutive_le24h,rh_max,2023-03-13,32,9,1,0.0
consecutive_le24h,rh_max,2023-03-14,32,9,1,0.0
consecutive_le24h,rh_max,2023-03-15,32,9,1,0.0
consecutive_le24h,rh_max,2023-03-16,32,9,1,0.3333333333333333
consecutive_le24h,rh_max,2023-03-17,33,9,1,0.0
consecutive_le24h,rh_max,2023-03-18,33,9,1,0.0
consecutive_le24h,rh_max,2023-03-19,33,9,1,0.16129032258064516
consecutive_le24h,rh_max,2023-03-20,33,9,1,0.0
consecutive_le24h,rh_max,2023-03-21,32,9,1,0.0
consecutive_le24h,rh_max,2023-03-22,32,9,1,0.0
consecutive_le24h,rh_max,2023-03-23,32,9,1,0.0
consecutive_le24h,rh_max,2023-03-24,33,9,1,0.0
consecutive_le24h,rh_max,2023-03-25,33,9,1,0.0
consecutive_le24h,rh_max,2023-03-26,33,9,1,0.0
consecutive_le24h,rh_max,2023-03-27,33,9,1,0.0
consecutive_le24h,rh_max,2023-03-28,33,9,1,0.0
consecutive_le24h,rh_max,2023-03-29,34,9,1,0.0
consecutive_le24h,rh_max,2023-03-30,34,9,1,0.0
consecutive_le24h,rh_max,2023-03-31,34,9,1,0.0
consecutive_le24h,rh_max,2023-04-01,34,9,1,0.0
consecutive_le24h,rh_max,2023-04-02,34,9,1,0.0
consecutive_le24h,rh_max,2023-04-03,34,9,1,0.0
consecutive_le24h,rh_max,2023-04-04,34,9,1,0.0
consecutive_le24h,rh_max,2023-04-05,34,9,1,0.15625
consecutive_le24h,rh_max,2023-04-06,34,9,1,0.0
consecutive_le24h,rh_max,2023-04-07,34,9,1,0.0
consecutive_le24h,rh_max,2023-04-08,35,9,1,0.0
consecutive_le24h,rh_max,2023-04-09,34,9,1,0.15625
consecutive_le24h,rh_max,2023-04-10,34,9,1,0.0
consecutive_le24h,rh_max,2023-04-11,34,9,1,0.0
consecutive_le24h,rh_max,2023-04-12,34,9,1,0.0
consecutive_le24h,rh_max,2023-04-13,34,9,1,0.0
consecutive_le24h,rh_max,2023-04-14,34,9,1,0.0
consecutive_le24h,rh_max,2023-04-15,34,9,1,0.46875
consecutive_le24h,rh_max,2023-04-16,34,9,1,0.15625
consecutive_le24h,rh_max,2023-04-17,34,9,1,0.0
consecutive_le24h,rh_max,2023-04-18,34,9,1,0.0
consecutive_le24h,rh_max,2023-04-19,34,9,1,0.0
consecutive_le24h,rh_max,2023-04-20,34,9,1,0.0
consecutive_le24h,rh_max,2023-04-21,34,9,1,0.0
consecutive_le24h,rh_max,2023-04-22,34,9,1,0.0
consecutive_le24h,rh_max,2023-04-23,34,9,1,0.15625
consecutive_le24h,rh_max,2023-04-24,34,9,1,0.15625
consecutive_le24h,rh_max,2023-04-25,34,9,1,0.15625
consecutive_le24h,rh_max,2023-04-26,34,9,1,0.46875
consecutive_le24h,rh_max,2023-04-27,34,9,1,0.15625
consecutive_le24h,rh_max,2023-04-28,34,9,1,0.0
consecutive_le24h,rh_max,2023-04-29,34,9,1,0.0
consecutive_le24h,rh_max,2023-04-30,34,9,1,0.15625
consecutive_le24h,rh_max,2023-05-01,34,9,1,0.0
consecutive_le24h,rh_max,2023-05-02,34,9,1,0.0
consecutive_le24h,rh_max,2023-05-03,34,9,1,0.3125
consecutive_le24h,rh_max,2023-05-04,34,9,1,0.0
consecutive_le24h,rh_max,2023-05-05,34,9,1,0.0
consecutive_le24h,rh_max,2023-05-06,34,9,1,0.0
consecutive_le24h,rh_max,2023-05-07,34,9,1,0.0
consecutive_le24h,rh_max,2023-05-08,34,9,1,0.0
consecutive_le24h,rh_max,2023-05-09,34,9,1,0.46875
consecutive_le24h,rh_max,2023-05-10,33,9,1,0.6451612903225806
consecutive_le24h,rh_max,2023-05-11,33,9,1,0.3225806451612903
consecutive_le24h,rh_max,2023-05-12,33,9,1,0.6451612903225806
consecutive_le24h,rh_max,2023-05-13,33,9,1,0.16129032258064516
consecutive_le24h,rh_max,2023-05-14,33,9,1,0.0
consecutive_le24h,rh_max,2023-05-15,33,9,1,0.0
consecutive_le24h,rh_max,2023-05-16,33,9,1,0.16129032258064516
consecutive_le24h,rh_max,2023-05-17,34,9,1,0.3125
consecutive_le24h,rh_max,2023-05-18,34,9,1,0.0
consecutive_le24h,rh_max,2023-05-19,34,9,1,0.15625
consecutive_le24h,rh_max,2023-05-20,34,9,1,0.0
consecutive_le24h,rh_max,2023-05-21,34,9,1,0.0
consecutive_le24h,rh_max,2023-05-22,34,9,1,0.15625
consecutive_le24h,rh_max,2023-05-23,33,9,1,0.0
consecutive_le24h,rh_max,2023-05-24,33,9,1,0.3225806451612903
consecutive_le24h,rh_max,2023-05-25,33,9,1,0.0
consecutive_le24h,rh_max,2023-05-26,33,9,1,0.0
consecutive_le24h,rh_max,2023-05-27,33,9,1,0.0
consecutive_le24h,rh_max,2023-05-28,33,9,1,0.16129032258064516
consecutive_le24h,rh_max,2023-05-29,33,9,1,0.3225806451612903
consecutive_le24h,rh_max,2023-05-30,33,9,1,0.3225806451612903
consecutive_le24h,rh_max,2023-05-31,34,9,1,0.0
consecutive_le24h,rh_max,2023-06-01,34,9,1,0.0
consecutive_le24h,rh_max,2023-06-02,34,9,1,0.0
consecutive_le24h,rh_max,2023-06-03,34,9,1,0.15625
consecutive_le24h,rh_max,2023-06-04,34,9,1,0.0
consecutive_le24h,rh_max,2023-06-05,33,9,1,0.0
consecutive_le24h,rh_max,2023-06-06,33,9,1,0.0
consecutive_le24h,rh_max,2023-06-07,33,9,1,0.0
consecutive_le24h,rh_max,2023-06-08,33,9,1,0.0
consecutive_le24h,rh_max,2023-06-09,33,9,1,0.0
consecutive_le24h,rh_max,2023-06-10,34,9,1,0.0
consecutive_le24h,rh_max,2023-06-11,32,9,1,0.0
consecutive_le24h,rh_max,2023-06-12,32,9,1,0.0
consecutive_le24h,rh_max,2023-06-13,33,9,1,0.0
consecutive_le24h,rh_max,2023-06-14,33,9,1,0.0
consecutive_le24h,rh_max,2023-06-15,33,9,1,0.0
consecutive_le24h,rh_max,2023-06-16,33,9,1,0.0
consecutive_le24h,rh_max,2023-06-17,32,9,1,0.0
consecutive_le24h,rh_max,2023-06-18,32,9,1,0.0
consecutive_le24h,rh_max,2023-06-19,33,9,1,0.0
consecutive_le24h,rh_max,2023-06-20,33,9,1,0.0
consecutive_le24h,rh_max,2023-06-21,33,9,1,0.0
consecutive_le24h,rh_max,2023-06-22,33,9,1,0.0
consecutive_le24h,rh_max,2023-06-23,33,9,1,0.0
consecutive_le24h,rh_max,2023-06-24,32,9,1,0.0
consecutive_le24h,rh_max,2023-06-25,33,9,1,0.0
consecutive_le24h,rh_max,2023-06-26,33,9,1,0.0
consecutive_le24h,rh_max,2023-06-27,33,9,1,0.0
consecutive_le24h,rh_max,2023-06-28,33,9,1,0.0
consecutive_le24h,rh_max,2023-06-29,33,9,1,0.0
consecutive_le24h,rh_max,2023-06-30,33,9,1,0.0
consecutive_le24h,rh_max,2023-07-01,33,9,1,0.0
consecutive_le24h,rh_max,2023-07-02,33,9,1,0.0
consecutive_le24h,rh_max,2023-07-03,32,9,1,0.0
consecutive_le24h,rh_max,2023-07-04,33,9,1,0.0
consecutive_le24h,rh_max,2023-07-05,32,9,1,0.0
consecutive_le24h,rh_max,2023-07-06,31,9,1,0.0
consecutive_le24h,rh_max,2023-07-07,30,9,1,0.0
consecutive_le24h,rh_max,2023-07-08,29,9,1,0.0
consecutive_le24h,rh_max,2023-07-09,28,9,1,0.0
consecutive_le24h,rh_max,2023-07-10,28,9,1,0.0
consecutive_le24h,rh_max,2023-07-11,28,9,1,0.19230769230769232
consecutive_le24h,rh_max,2023-07-12,27,9,1,0.4
consecutive_le24h,rh_max,2023-07-13,27,9,1,0.2
consecutive_le24h,rh_max,2023-07-14,27,9,1,0.0
consecutive_le24h,rh_max,2023-07-15,28,9,1,0.0
consecutive_le24h,rh_max,2023-07-16,29,9,1,0.0
consecutive_le24h,rh_max,2023-07-17,30,9,1,0.0
consecutive_le24h,rh_max,2023-07-18,31,9,1,0.0
consecutive_le24h,rh_max,2023-07-19,32,9,1,0.0
consecutive_le24h,rh_max,2023-07-20,33,9,1,0.0
consecutive_le24h,rh_max,2023-07-21,32,9,1,0.0
consecutive_le24h,rh_max,2023-07-22,32,9,1,0.5
consecutive_le24h,rh_max,2023-07-23,32,9,1,0.0
consecutive_le24h,rh_max,2023-07-24,32,9,1,0.16666666666666666
consecutive_le24h,rh_max,2023-07-25,32,9,1,0.0
consecutive_le24h,rh_max,2023-07-26,32,9,1,0.0
consecutive_le24h,rh_max,2023-07-27,32,9,1,0.0
consecutive_le24h,rh_max,2023-07-28,32,9,1,0.0
consecutive_le24h,rh_max,2023-07-29,33,9,1,0.0
consecutive_le24h,rh_max,2023-07-30,34,9,1,0.0
consecutive_le24h,rh_max,2023-07-31,34,9,1,0.0
consecutive_le24h,rh_max,2023-08-01,34,9,1,0.0
consecutive_le24h,rh_max,2023-08-02,34,9,1,0.0
consecutive_le24h,rh_max,2023-08-03,34,9,1,0.0
consecutive_le24h,rh_max,2023-08-04,34,9,1,0.0
consecutive_le24h,rh_max,2023-08-05,34,9,1,0.0
consecutive_le24h,rh_max,2023-08-06,34,9,1,0.0
consecutive_le24h,rh_max,2023-08-07,33,9,1,0.0
consecutive_le24h,rh_max,2023-08-08,33,9,1,0.0
consecutive_le24h,rh_max,2023-08-09,33,9,1,0.0
consecutive_le24h,rh_max,2023-08-10,33,9,1,0.16129032258064516
consecutive_le24h,rh_max,2023-08-11,33,9,1,0.16129032258064516
consecutive_le24h,rh_max,2023-08-12,33,9,1,0.16129032258064516
consecutive_le24h,rh_max,2023-08-13,32,9,1,0.0
consecutive_le24h,rh_max,2023-08-14,32,9,1,0.0
consecutive_le24h,rh_max,2023-08-15,33,9,1,0.16129032258064516
consecutive_le24h,rh_max,2023-08-16,33,9,1,0.0
consecutive_le24h,rh_max,2023-08-17,33,9,1,0.0
consecutive_le24h,rh_max,2023-08-18,33,9,1,0.0
consecutive_le24h,rh_max,2023-08-19,33,9,1,0.0
consecutive_le24h,rh_max,2023-08-20,32,9,1,0.16666666666666666
consecutive_le24h,rh_max,2023-08-21,33,9,1,0.3225806451612903
consecutive_le24h,rh_max,2023-08-22,33,9,1,0.0
consecutive_le24h,rh_max,2023-08-23,33,9,1,0.3225806451612903
consecutive_le24h,rh_max,2023-08-24,33,9,1,0.0
consecutive_le24h,rh_max,2023-08-25,33,9,1,0.3225806451612903
consecutive_le24h,rh_max,2023-08-26,33,9,1,0.16129032258064516
consecutive_le24h,rh_max,2023-08-27,33,9,1,0.16129032258064516
consecutive_le24h,rh_max,2023-08-28,34,9,1,0.15625
consecutive_le24h,rh_max,2023-08-29,34,9,1,0.0
consecutive_le24h,rh_max,2023-08-30,34,9,1,0.15625
consecutive_le24h,rh_max,2023-08-31,34,9,1,0.0
consecutive_le24h,rh_max,2023-09-01,34,9,1,0.15625
consecutive_le24h,rh_max,2023-09-02,34,9,1,0.0
consecutive_le24h,rh_max,2023-09-03,34,9,1,0.0
consecutive_le24h,rh_max,2023-09-04,34,9,1,0.15625
consecutive_le24h,rh_max,2023-09-05,34,9,1,0.3125
consecutive_le24h,rh_max,2023-09-06,34,9,1,0.0
consecutive_le24h,rh_max,2023-09-07,34,9,1,0.0
consecutive_le24h,rh_max,2023-09-08,34,9,1,0.0
consecutive_le24h,rh_max,2023-09-09,34,9,1,0.15625
consecutive_le24h,rh_max,2023-09-10,34,9,1,0.15625
consecutive_le24h,rh_max,2023-09-11,34,9,1,0.46875
consecutive_le24h,rh_max,2023-09-12,34,9,1,0.3125
consecutive_le24h,rh_max,2023-09-13,34,9,1,0.0
consecutive_le24h,rh_max,2023-09-14,34,9,1,0.0
consecutive_le24h,rh_max,2023-09-15,34,9,1,0.15625
consecutive_le24h,rh_max,2023-09-16,34,9,1,0.0
consecutive_le24h,rh_max,2023-09-17,34,9,1,0.0
consecutive_le24h,rh_max,2023-09-18,34,9,1,0.15625
consecutive_le24h,rh_max,2023-09-19,34,9,1,0.0
consecutive_le24h,rh_max,2023-09-20,34,9,1,0.0
consecutive_le24h,rh_max,2023-09-21,33,9,1,0.16129032258064516
consecutive_le24h,rh_max,2023-09-22,32,9,1,0.16666666666666666
consecutive_le24h,rh_max,2023-09-23,32,9,1,0.16666666666666666
consecutive_le24h,rh_max,2023-09-24,31,9,1,0.0
consecutive_le24h,rh_max,2023-09-25,31,9,1,0.1724137931034483
consecutive_le24h,rh_max,2023-09-26,31,9,1,0.0
consecutive_le24h,rh_max,2023-09-27,31,9,1,0.0
consecutive_le24h,rh_max,2023-09-28,31,9,1,0.0
consecutive_le24h,rh_max,2023-09-29,32,9,1,0.0
consecutive_le24h,rh_max,2023-09-30,33,9,1,0.0
consecutive_le24h,rh_max,2023-10-01,32,9,1,0.0
consecutive_le24h,rh_max,2023-10-02,32,9,1,0.0
consecutive_le24h,rh_max,2023-10-03,32,9,1,0.3333333333333333
consecutive_le24h,rh_max,2023-10-04,32,9,1,0.16666666666666666
consecutive_le24h,rh_max,2023-10-05,31,9,1,0.5172413793103449
consecutive_le24h,rh_max,2023-10-06,31,9,1,0.5172413793103449
consecutive_le24h,rh_max,2023-10-07,31,9,1,0.0
consecutive_le24h,rh_max,2023-10-08,31,9,1,0.3448275862068966
consecutive_le24h,rh_max,2023-10-09,32,9,1,0.5
consecutive_le24h,rh_max,2023-10-10,33,9,1,0.0
consecutive_le24h,rh_max,2023-10-11,34,9,1,0.15625
consecutive_le24h,rh_max,2023-10-12,33,9,1,0.4838709677419355
consecutive_le24h,rh_max,2023-10-13,34,9,1,0.46875
consecutive_le24h,rh_max,2023-10-14,34,9,1,0.46875
consecutive_le24h,rh_max,2023-10-15,34,9,1,0.3125
consecutive_le24h,rh_max,2023-10-16,34,9,1,0.625
consecutive_le24h,rh_max,2023-10-17,34,9,1,0.3125
consecutive_le24h,rh_max,2023-10-18,34,9,1,0.0
consecutive_le24h,rh_max,2023-10-19,34,9,1,0.15625
consecutive_le24h,rh_max,2023-10-20,34,9,1,0.0
consecutive_le24h,rh_max,2023-10-21,34,9,1,0.0
consecutive_le24h,rh_max,2023-10-22,34,9,1,0.0
consecutive_le24h,rh_max,2023-10-23,34,9,1,0.0
consecutive_le24h,rh_max,2023-10-24,34,9,1,0.0
consecutive_le24h,rh_max,2023-10-25,34,9,1,0.0
consecutive_le24h,rh_max,2023-10-26,34,9,1,0.0
consecutive_le24h,rh_max,2023-10-27,34,9,1,0.0
consecutive_le24h,rh_max,2023-10-28,34,9,1,0.15625
consecutive_le24h,rh_max,2023-10-29,34,9,1,0.0
consecutive_le24h,rh_max,2023-10-30,34,9,1,0.15625
consecutive_le24h,rh_max,2023-10-31,33,9,1,0.16129032258064516
consecutive_le24h,rh_max,2023-11-01,33,9,1,0.0
consecutive_le24h,rh_max,2023-11-02,33,9,1,0.16129032258064516
consecutive_le24h,rh_max,2023-11-03,32,9,1,0.16666666666666666
consecutive_le24h,rh_max,2023-11-04,32,9,1,0.16666666666666666
consecutive_le24h,rh_max,2023-11-05,31,9,1,0.1724137931034483
consecutive_le24h,rh_max,2023-11-06,31,9,1,0.1724137931034483
consecutive_le24h,rh_max,2023-11-07,31,9,1,0.3448275862068966
consecutive_le24h,rh_max,2023-11-08,32,9,1,0.8333333333333334
consecutive_le24h,rh_max,2023-11-09,32,9,1,0.16666666666666666
consecutive_le24h,rh_max,2023-11-10,32,9,1,0.0
consecutive_le24h,rh_max,2023-11-11,33,9,1,0.3225806451612903
consecutive_le24h,rh_max,2023-11-12,33,9,1,0.16129032258064516
consecutive_le24h,rh_max,2023-11-13,34,9,1,0.15625
consecutive_le24h,rh_max,2023-11-14,34,9,1,0.46875
consecutive_le24h,rh_max,2023-11-15,34,9,1,0.15625
consecutive_le24h,rh_max,2023-11-16,34,9,1,0.0
consecutive_le24h,rh_max,2023-11-17,34,9,1,0.0
consecutive_le24h,rh_max,2023-11-18,34,9,1,0.0
consecutive_le24h,rh_max,2023-11-19,34,9,1,0.15625
consecutive_le24h,rh_max,2023-11-20,34,9,1,0.15625
consecutive_le24h,rh_max,2023-11-21,34,9,1,0.46875
consecutive_le24h,rh_max,2023-11-22,34,9,1,0.0
consecutive_le24h,rh_max,2023-11-23,33,9,1,0.0
consecutive_le24h,rh_max,2023-11-24,33,9,1,0.0
consecutive_le24h,rh_max,2023-11-25,33,9,1,0.16129032258064516
consecutive_le24h,rh_max,2023-11-26,33,9,1,0.0
consecutive_le24h,rh_max,2023-11-27,32,9,1,0.0
consecutive_le24h,rh_max,2023-11-28,32,9,1,0.8333333333333334
consecutive_le24h,rh_max,2023-11-29,31,9,1,0.5172413793103449
consecutive_le24h,rh_max,2023-11-30,31,9,1,0.1724137931034483
consecutive_le24h,rh_max,2023-12-01,32,9,1,0.0
consecutive_le24h,rh_max,2023-12-02,32,9,1,0.3333333333333333
consecutive_le24h,rh_max,2023-12-03,32,9,1,0.0
consecutive_le24h,rh_max,2023-12-04,32,9,1,0.16666666666666666
consecutive_le24h,rh_max,2023-12-05,33,9,1,0.3225806451612903
consecutive_le24h,rh_max,2023-12-06,33,9,1,0.4838709677419355
consecutive_le24h,rh_max,2023-12-07,34,9,1,0.15625
consecutive_le24h,rh_max,2023-12-08,34,9,1,0.3125
consecutive_le24h,rh_max,2023-12-09,34,9,1,0.0
consecutive_le24h,rh_max,2023-12-10,34,9,1,0.0
consecutive_le24h,rh_max,2023-12-11,34,9,1,0.0
consecutive_le24h,rh_max,2023-12-12,34,9,1,0.0
consecutive_le24h,rh_max,2023-12-13,34,9,1,0.0
consecutive_le24h,rh_max,2023-12-14,34,9,1,0.0
consecutive_le24h,rh_max,2023-12-15,33,9,1,0.0
consecutive_le24h,rh_max,2023-12-16,34,9,1,0.0
consecutive_le24h,rh_max,2023-12-17,33,9,1,0.16129032258064516
consecutive_le24h,rh_max,2023-12-18,33,9,1,0.3225806451612903
consecutive_le24h,rh_max,2023-12-19,33,9,1,0.16129032258064516
consecutive_le24h,rh_max,2023-12-20,33,9,1,0.3225806451612903
consecutive_le24h,rh_max,2023-12-21,33,9,1,0.16129032258064516
consecutive_le24h,rh_max,2023-12-22,32,9,1,0.0
consecutive_le24h,rh_max,2023-12-23,32,9,1,1.1666666666666667
consecutive_le24h,rh_max,2023-12-24,32,9,1,0.16666666666666666
consecutive_le24h,rh_max,2023-12-25,32,9,1,0.6666666666666666
consecutive_le24h,rh_max,2023-12-26,32,9,1,0.16666666666666666
consecutive_le24h,rh_max,2023-12-27,32,9,1,0.3333333333333333
consecutive_le24h,rh_max,2023-12-28,32,9,1,0.3333333333333333
consecutive_le24h,rh_max,2023-12-29,33,9,1,0.16129032258064516
consecutive_le24h,rh_max,2023-12-30,33,9,1,0.4838709677419355
consecutive_le24h,rh_max,2023-12-31,34,9,1,0.0
consecutive_le24h,rh_max,2024-01-01,34,9,1,0.15625
consecutive_le24h,rh_max,2024-01-02,34,9,1,0.15625
consecutive_le24h,rh_max,2024-01-03,34,9,1,0.15625
consecutive_le24h,rh_max,2024-01-04,35,9,1,0.15151515151515152
consecutive_le24h,rh_max,2024-01-05,35,9,1,0.0
consecutive_le24h,rh_max,2024-01-06,34,9,1,0.0
consecutive_le24h,rh_max,2024-01-07,34,9,1,0.15625
consecutive_le24h,rh_max,2024-01-08,34,9,1,0.0
consecutive_le24h,rh_max,2024-01-09,34,9,1,0.46875
consecutive_le24h,rh_max,2024-01-10,34,9,1,0.46875
consecutive_le24h,rh_max,2024-01-11,34,9,1,0.0
consecutive_le24h,rh_max,2024-01-12,34,9,1,0.0
consecutive_le24h,rh_max,2024-01-13,33,9,1,0.0
consecutive_le24h,rh_max,2024-01-14,33,9,1,0.0
consecutive_le24h,rh_max,2024-01-15,33,9,1,0.0
consecutive_le24h,rh_max,2024-01-16,33,9,1,0.0
consecutive_le24h,rh_max,2024-01-17,33,9,1,0.16129032258064516
consecutive_le24h,rh_max,2024-01-18,33,9,1,0.16129032258064516
consecutive_le24h,rh_max,2024-01-19,33,9,1,0.16129032258064516
consecutive_le24h,rh_max,2024-01-20,33,9,1,0.0
consecutive_le24h,rh_max,2024-01-21,34,9,1,0.0
consecutive_le24h,rh_max,2024-01-22,34,9,1,0.9375
consecutive_le24h,rh_max,2024-01-23,34,9,1,0.0
consecutive_le24h,rh_max,2024-01-24,33,9,1,0.967741935483871
consecutive_le24h,rh_max,2024-01-25,33,9,1,0.16129032258064516
consecutive_le24h,rh_max,2024-01-26,33,9,1,0.4838709677419355
consecutive_le24h,rh_max,2024-01-27,33,9,1,0.16129032258064516
consecutive_le24h,rh_max,2024-01-28,33,9,1,0.16129032258064516
consecutive_le24h,rh_max,2024-01-29,33,9,1,0.16129032258064516
consecutive_le24h,rh_max,2024-01-30,32,9,1,0.0
consecutive_le24h,rh_max,2024-01-31,32,9,1,0.6666666666666666
consecutive_le24h,rh_max,2024-02-01,32,9,1,0.0
consecutive_le24h,rh_max,2024-02-02,31,9,1,0.0
consecutive_le24h,rh_max,2024-02-03,31,9,1,0.1724137931034483
consecutive_le24h,rh_max,2024-02-04,31,9,1,0.0
consecutive_le24h,rh_max,2024-02-05,31,9,1,0.0
consecutive_le24h,rh_max,2024-02-06,31,9,1,0.1724137931034483
consecutive_le24h,rh_max,2024-02-07,32,9,1,0.0
consecutive_le24h,rh_max,2024-02-08,32,9,1,0.0
consecutive_le24h,rh_max,2024-02-09,33,9,1,0.4838709677419355
consecutive_le24h,rh_max,2024-02-10,34,9,1,0.3125
consecutive_le24h,rh_max,2024-02-11,34,9,1,0.0
consecutive_le24h,rh_max,2024-02-12,34,9,1,0.0
consecutive_le24h,rh_max,2024-02-13,34,9,1,0.0
consecutive_le24h,rh_max,2024-02-14,34,9,1,0.3125
consecutive_le24h,rh_max,2024-02-15,34,9,1,0.15625
consecutive_le24h,rh_max,2024-02-16,34,9,1,0.0
consecutive_le24h,rh_max,2024-02-17,34,9,1,0.0
consecutive_le24h,rh_max,2024-02-18,34,9,1,0.0
consecutive_le24h,rh_max,2024-02-19,34,9,1,0.0
consecutive_le24h,rh_max,2024-02-20,34,9,1,0.0
consecutive_le24h,rh_max,2024-02-21,34,9,1,0.15625
consecutive_le24h,rh_max,2024-02-22,34,9,1,0.0
consecutive_le24h,rh_max,2024-02-23,34,9,1,0.15625
consecutive_le24h,rh_max,2024-02-24,35,9,1,0.30303030303030304
consecutive_le24h,rh_max,2024-02-25,34,9,1,0.46875
consecutive_le24h,rh_max,2024-02-26,34,9,1,0.3125
consecutive_le24h,rh_max,2024-02-27,34,9,1,0.3125
consecutive_le24h,rh_max,2024-02-28,34,9,1,0.0
consecutive_le24h,rh_max,2024-02-29,34,9,1,0.0
consecutive_le24h,rh_max,2024-03-01,34,9,1,0.15625
consecutive_le24h,rh_max,2024-03-02,34,9,1,0.46875
consecutive_le24h,rh_max,2024-03-03,33,9,1,0.0
consecutive_le24h,rh_max,2024-03-04,33,9,1,0.0
consecutive_le24h,rh_max,2024-03-05,33,9,1,0.0
consecutive_le24h,rh_max,2024-03-06,33,9,1,0.0
consecutive_le24h,rh_max,2024-03-07,33,9,1,0.3225806451612903
consecutive_le24h,rh_max,2024-03-08,33,9,1,0.4838709677419355
consecutive_le24h,rh_max,2024-03-09,33,9,1,0.0
consecutive_le24h,rh_max,2024-03-10,33,9,1,0.0
consecutive_le24h,rh_max,2024-03-11,34,9,1,0.0
consecutive_le24h,rh_max,2024-03-12,34,9,1,0.0
consecutive_le24h,rh_max,2024-03-13,34,9,1,0.3125
consecutive_le24h,rh_max,2024-03-14,34,9,1,0.0
consecutive_le24h,rh_max,2024-03-15,34,9,1,0.15625
consecutive_le24h,rh_max,2024-03-16,34,9,1,0.0
consecutive_le24h,rh_max,2024-03-17,34,9,1,0.15625
consecutive_le24h,rh_max,2024-03-18,34,9,1,0.3125
consecutive_le24h,rh_max,2024-03-19,34,9,1,0.15625
consecutive_le24h,rh_max,2024-03-20,34,9,1,0.0
consecutive_le24h,rh_max,2024-03-21,34,9,1,0.3125
consecutive_le24h,rh_max,2024-03-22,33,9,1,0.0
consecutive_le24h,rh_max,2024-03-23,33,9,1,0.0
consecutive_le24h,rh_max,2024-03-24,33,9,1,0.16129032258064516
consecutive_le24h,rh_max,2024-03-25,33,9,1,0.16129032258064516
consecutive_le24h,rh_max,2024-03-26,32,9,1,0.16666666666666666
consecutive_le24h,rh_max,2024-03-27,32,9,1,0.3333333333333333
consecutive_le24h,rh_max,2024-03-28,32,9,1,0.0
consecutive_le24h,rh_max,2024-03-29,32,9,1,0.0
consecutive_le24h,rh_max,2024-03-30,33,9,1,0.0
consecutive_le24h,rh_max,2024-03-31,32,9,1,0.0
consecutive_le24h,rh_max,2024-04-01,33,9,1,0.0
consecutive_le24h,rh_max,2024-04-02,32,9,1,0.3333333333333333
consecutive_le24h,rh_max,2024-04-03,33,9,1,0.0
consecutive_le24h,rh_max,2024-04-04,33,9,1,0.16129032258064516
consecutive_le24h,rh_max,2024-04-05,33,9,1,0.0
consecutive_le24h,rh_max,2024-04-06,33,9,1,0.3225806451612903
consecutive_le24h,rh_max,2024-04-07,33,9,1,0.16129032258064516
consecutive_le24h,rh_max,2024-04-08,34,9,1,0.0
consecutive_le24h,rh_max,2024-04-09,34,9,1,0.0
consecutive_le24h,rh_max,2024-04-10,34,9,1,0.3125
consecutive_le24h,rh_max,2024-04-11,34,9,1,0.3125
consecutive_le24h,rh_max,2024-04-12,34,9,1,0.15625
consecutive_le24h,rh_max,2024-04-13,34,9,1,0.15625
consecutive_le24h,rh_max,2024-04-14,34,9,1,0.15625
consecutive_le24h,rh_max,2024-04-15,34,9,1,0.0
consecutive_le24h,rh_max,2024-04-16,34,9,1,0.3125
consecutive_le24h,rh_max,2024-04-17,34,9,1,0.0
consecutive_le24h,rh_max,2024-04-18,34,9,1,0.0
consecutive_le24h,rh_max,2024-04-19,34,9,1,0.0
consecutive_le24h,rh_max,2024-04-20,33,9,1,0.0
consecutive_le24h,rh_max,2024-04-21,33,9,1,0.0
consecutive_le24h,rh_max,2024-04-22,33,9,1,0.0
consecutive_le24h,rh_max,2024-04-23,33,9,1,0.0
consecutive_le24h,rh_max,2024-04-24,33,9,1,0.0
consecutive_le24h,rh_max,2024-04-25,33,9,1,0.0
consecutive_le24h,rh_max,2024-04-26,33,9,1,0.0
consecutive_le24h,rh_max,2024-04-27,33,9,1,0.0
consecutive_le24h,rh_max,2024-04-28,34,9,1,0.0
consecutive_le24h,rh_max,2024-04-29,34,9,1,0.0
consecutive_le24h,rh_max,2024-04-30,34,9,1,0.0
consecutive_le24h,rh_max,2024-05-01,34,9,1,0.0
consecutive_le24h,rh_max,2024-05-02,34,9,1,0.0
consecutive_le24h,rh_max,2024-05-03,34,9,1,0.0
consecutive_le24h,rh_max,2024-05-04,33,9,1,0.16129032258064516
consecutive_le24h,rh_max,2024-05-05,33,9,1,0.0
consecutive_le24h,rh_max,2024-05-06,33,9,1,0.3225806451612903
consecutive_le24h,rh_max,2024-05-07,33,9,1,0.0
consecutive_le24h,rh_max,2024-05-08,33,9,1,0.0
consecutive_le24h,rh_max,2024-05-09,33,9,1,0.3225806451612903
consecutive_le24h,rh_max,2024-05-10,33,9,1,0.3225806451612903
consecutive_le24h,rh_max,2024-05-11,33,9,1,0.3225806451612903
consecutive_le24h,rh_max,2024-05-12,34,9,1,0.0
consecutive_le24h,rh_max,2024-05-13,34,9,1,0.0
consecutive_le24h,rh_max,2024-05-14,34,9,1,0.0
consecutive_le24h,rh_max,2024-05-15,34,9,1,0.0
consecutive_le24h,rh_max,2024-05-16,34,9,1,0.0
consecutive_le24h,rh_max,2024-05-17,34,9,1,0.0
consecutive_le24h,rh_max,2024-05-18,33,9,1,0.4838709677419355
consecutive_le24h,rh_max,2024-05-19,33,9,1,0.16129032258064516
consecutive_le24h,rh_max,2024-05-20,33,9,1,0.0
consecutive_le24h,rh_max,2024-05-21,33,9,1,0.0
consecutive_le24h,rh_max,2024-05-22,33,9,1,0.0
consecutive_le24h,rh_max,2024-05-23,33,9,1,0.16129032258064516
consecutive_le24h,rh_max,2024-05-24,33,9,1,0.0
consecutive_le24h,rh_max,2024-05-25,33,9,1,0.16129032258064516
consecutive_le24h,rh_max,2024-05-26,34,9,1,0.15625
consecutive_le24h,rh_max,2024-05-27,34,9,1,0.0
consecutive_le24h,rh_max,2024-05-28,34,9,1,0.0
consecutive_le24h,rh_max,2024-05-29,34,9,1,0.0
consecutive_le24h,rh_max,2024-05-30,34,9,1,0.0
consecutive_le24h,rh_max,2024-05-31,34,9,1,0.0
consecutive_le24h,rh_max,2024-06-01,34,9,1,0.0
consecutive_le24h,rh_max,2024-06-02,34,9,1,0.0
consecutive_le24h,rh_max,2024-06-03,34,9,1,0.15625
consecutive_le24h,rh_max,2024-06-04,34,9,1,0.3125
consecutive_le24h,rh_max,2024-06-05,33,9,1,0.16129032258064516
consecutive_le24h,rh_max,2024-06-06,33,9,1,0.16129032258064516
consecutive_le24h,rh_max,2024-06-07,33,9,1,0.0
consecutive_le24h,rh_max,2024-06-08,33,9,1,0.0
consecutive_le24h,rh_max,2024-06-09,33,9,1,0.0
consecutive_le24h,rh_max,2024-06-10,33,9,1,0.0
consecutive_le24h,rh_max,2024-06-11,33,9,1,0.4838709677419355
consecutive_le24h,rh_max,2024-06-12,33,9,1,0.3225806451612903
consecutive_le24h,rh_max,2024-06-13,33,9,1,0.0
consecutive_le24h,rh_max,2024-06-14,33,9,1,0.0
consecutive_le24h,rh_max,2024-06-15,33,9,1,0.0
consecutive_le24h,rh_max,2024-06-16,33,9,1,0.16129032258064516
consecutive_le24h,rh_max,2024-06-17,33,9,1,0.0
consecutive_le24h,rh_max,2024-06-18,33,9,1,0.0
consecutive_le24h,rh_max,2024-06-19,33,9,1,0.0
consecutive_le24h,rh_max,2024-06-20,33,9,1,0.0
consecutive_le24h,rh_max,2024-06-21,34,9,1,0.0
consecutive_le24h,rh_max,2024-06-22,34,9,1,0.15625
consecutive_le24h,rh_max,2024-06-23,33,9,1,0.16129032258064516
consecutive_le24h,rh_max,2024-06-24,33,9,1,0.0
consecutive_le24h,rh_max,2024-06-25,32,9,1,0.0
consecutive_le24h,rh_max,2024-06-26,32,9,1,0.3333333333333333
consecutive_le24h,rh_max,2024-06-27,32,9,1,0.3333333333333333
consecutive_le24h,rh_max,2024-06-28,32,9,1,0.0
consecutive_le24h,rh_max,2024-06-29,32,9,1,0.0
consecutive_le24h,rh_max,2024-06-30,32,9,1,0.0
consecutive_le24h,rh_max,2024-07-01,32,9,1,0.0
consecutive_le24h,rh_max,2024-07-02,32,9,1,0.0
consecutive_le24h,rh_max,2024-07-03,33,9,1,0.4838709677419355
consecutive_le24h,rh_max,2024-07-04,33,9,1,0.4838709677419355
consecutive_le24h,rh_max,2024-07-05,33,9,1,0.0
consecutive_le24h,rh_max,2024-07-06,33,9,1,0.3225806451612903
consecutive_le24h,rh_max,2024-07-07,33,9,1,0.0
consecutive_le24h,rh_max,2024-07-08,33,9,1,0.0
consecutive_le24h,rh_max,2024-07-09,33,9,1,0.0
consecutive_le24h,rh_max,2024-07-10,33,9,1,0.3225806451612903
consecutive_le24h,rh_max,2024-07-11,33,9,1,0.16129032258064516
consecutive_le24h,rh_max,2024-07-12,33,9,1,0.0
consecutive_le24h,rh_max,2024-07-13,33,9,1,0.16129032258064516
consecutive_le24h,rh_max,2024-07-14,33,9,1,0.16129032258064516
consecutive_le24h,rh_max,2024-07-15,33,9,1,0.0
consecutive_le24h,rh_max,2024-07-16,33,9,1,0.0
consecutive_le24h,rh_max,2024-07-17,34,9,1,0.0
consecutive_le24h,rh_max,2024-07-18,34,9,1,0.0
consecutive_le24h,rh_max,2024-07-19,34,9,1,0.15625
consecutive_le24h,rh_max,2024-07-20,34,9,1,0.46875
consecutive_le24h,rh_max,2024-07-21,34,9,1,0.0
consecutive_le24h,rh_max,2024-07-22,34,9,1,0.0
consecutive_le24h,rh_max,2024-07-23,34,9,1,0.0
consecutive_le24h,rh_max,2024-07-24,34,9,1,0.15625
consecutive_le24h,rh_max,2024-07-25,34,9,1,0.0
consecutive_le24h,rh_max,2024-07-26,34,9,1,0.15625
consecutive_le24h,rh_max,2024-07-27,34,9,1,0.0
consecutive_le24h,rh_max,2024-07-28,34,9,1,0.0
consecutive_le24h,rh_max,2024-07-29,34,9,1,0.0
consecutive_le24h,rh_max,2024-07-30,34,9,1,0.0
consecutive_le24h,rh_max,2024-07-31,34,9,1,0.0
consecutive_le24h,rh_max,2024-08-01,34,9,1,0.0
consecutive_le24h,rh_max,2024-08-02,34,9,1,0.0
consecutive_le24h,rh_max,2024-08-03,32,9,1,0.3333333333333333
consecutive_le24h,rh_max,2024-08-04,30,9,1,0.0
consecutive_le24h,rh_max,2024-08-05,30,9,1,0.0
consecutive_le24h,rh_max,2024-08-06,30,9,1,0.0
consecutive_le24h,rh_max,2024-08-07,31,9,1,0.0
consecutive_le24h,rh_max,2024-08-08,30,9,1,0.17857142857142858
consecutive_le24h,rh_max,2024-08-09,30,9,1,0.35714285714285715
consecutive_le24h,rh_max,2024-08-10,30,9,1,0.17857142857142858
consecutive_le24h,rh_max,2024-08-11,32,9,1,0.16666666666666666
consecutive_le24h,rh_max,2024-08-12,34,9,1,0.0
consecutive_le24h,rh_max,2024-08-13,34,9,1,0.0
consecutive_le24h,rh_max,2024-08-14,34,9,1,0.0
consecutive_le24h,rh_max,2024-08-15,33,9,1,0.0
consecutive_le24h,rh_max,2024-08-16,33,9,1,0.0
consecutive_le24h,rh_max,2024-08-17,33,9,1,0.0
consecutive_le24h,rh_max,2024-08-18,33,9,1,0.0
consecutive_le24h,rh_max,2024-08-19,33,9,1,0.0
consecutive_le24h,rh_max,2024-08-20,33,9,1,0.0
consecutive_le24h,rh_max,2024-08-21,32,9,1,0.0
consecutive_le24h,rh_max,2024-08-22,32,9,1,0.16666666666666666
consecutive_le24h,rh_max,2024-08-23,33,9,1,0.0
consecutive_le24h,rh_max,2024-08-24,33,9,1,0.0
consecutive_le24h,rh_max,2024-08-25,33,9,1,0.0
consecutive_le24h,rh_max,2024-08-26,33,9,1,0.3225806451612903
consecutive_le24h,rh_max,2024-08-27,33,9,1,0.4838709677419355
consecutive_le24h,rh_max,2024-08-28,32,9,1,0.16666666666666666
consecutive_le24h,rh_max,2024-08-29,33,9,1,0.0
consecutive_le24h,rh_max,2024-08-30,33,9,1,0.3225806451612903
consecutive_le24h,rh_max,2024-08-31,33,9,1,0.0
consecutive_le24h,rh_max,2024-09-01,33,9,1,0.0
consecutive_le24h,rh_max,2024-09-02,33,9,1,0.0
consecutive_le24h,rh_max,2024-09-03,33,9,1,0.0
consecutive_le24h,rh_max,2024-09-04,33,9,1,0.4838709677419355
consecutive_le24h,rh_max,2024-09-05,34,9,1,0.0
consecutive_le24h,rh_max,2024-09-06,34,9,1,0.0
consecutive_le24h,rh_max,2024-09-07,34,9,1,0.0
consecutive_le24h,rh_max,2024-09-08,34,9,1,0.0
consecutive_le24h,rh_max,2024-09-09,34,9,1,0.0
consecutive_le24h,rh_max,2024-09-10,34,9,1,0.3125
consecutive_le24h,rh_max,2024-09-11,34,9,1,0.15625
consecutive_le24h,rh_max,2024-09-12,34,9,1,0.15625
consecutive_le24h,rh_max,2024-09-13,34,9,1,0.3125
consecutive_le24h,rh_max,2024-09-14,34,9,1,0.46875
consecutive_le24h,rh_max,2024-09-15,33,9,1,0.0
consecutive_le24h,rh_max,2024-09-16,33,9,1,0.0
consecutive_le24h,rh_max,2024-09-17,33,9,1,0.0
consecutive_le24h,rh_max,2024-09-18,33,9,1,0.0
consecutive_le24h,rh_max,2024-09-19,33,9,1,0.0
consecutive_le24h,rh_max,2024-09-20,33,9,1,0.0
consecutive_le24h,rh_max,2024-09-21,33,9,1,0.16129032258064516
consecutive_le24h,rh_max,2024-09-22,33,9,1,0.16129032258064516
consecutive_le24h,rh_max,2024-09-23,34,9,1,0.0
consecutive_le24h,rh_max,2024-09-24,34,9,1,0.0
consecutive_le24h,rh_max,2024-09-25,34,9,1,0.0
consecutive_le24h,rh_max,2024-09-26,34,9,1,0.0
consecutive_le24h,rh_max,2024-09-27,34,9,1,0.15625
consecutive_le24h,rh_max,2024-09-28,33,9,1,0.16129032258064516
consecutive_le24h,rh_max,2024-09-29,33,9,1,0.0
consecutive_le24h,rh_max,2024-09-30,33,9,1,0.0
consecutive_le24h,rh_max,2024-10-01,33,9,1,0.0
consecutive_le24h,rh_max,2024-10-02,33,9,1,0.0
consecutive_le24h,rh_max,2024-10-03,33,9,1,0.0
consecutive_le24h,rh_max,2024-10-04,33,9,1,0.3225806451612903
consecutive_le24h,rh_max,2024-10-05,33,9,1,0.3225806451612903
consecutive_le24h,rh_max,2024-10-06,33,9,1,0.3225806451612903
consecutive_le24h,rh_max,2024-10-07,33,9,1,0.16129032258064516
consecutive_le24h,rh_max,2024-10-08,33,9,1,0.16129032258064516
consecutive_le24h,rh_max,2024-10-09,33,9,1,0.0
consecutive_le24h,rh_max,2024-10-10,33,9,1,0.16129032258064516
consecutive_le24h,rh_max,2024-10-11,33,9,1,0.16129032258064516
consecutive_le24h,rh_max,2024-10-12,33,9,1,0.0
consecutive_le24h,rh_max,2024-10-13,33,9,1,0.16129032258064516
consecutive_le24h,rh_max,2024-10-14,34,9,1,0.0
consecutive_le24h,rh_max,2024-10-15,34,9,1,0.15625
consecutive_le24h,rh_max,2024-10-16,34,9,1,0.0
consecutive_le24h,rh_max,2024-10-17,34,9,1,0.15625
consecutive_le24h,rh_max,2024-10-18,34,9,1,0.0
consecutive_le24h,rh_max,2024-10-19,34,9,1,0.0
consecutive_le24h,rh_max,2024-10-20,34,9,1,0.15625
consecutive_le24h,rh_max,2024-10-21,34,9,1,0.0
consecutive_le24h,rh_max,2024-10-22,34,9,1,0.0
consecutive_le24h,rh_max,2024-10-23,34,9,1,0.0
consecutive_le24h,rh_max,2024-10-24,34,9,1,0.0
consecutive_le24h,rh_max,2024-10-25,34,9,1,0.625
consecutive_le24h,rh_max,2024-10-26,33,9,1,0.3225806451612903
consecutive_le24h,rh_max,2024-10-27,33,9,1,0.16129032258064516
consecutive_le24h,rh_max,2024-10-28,33,9,1,0.8064516129032258
consecutive_le24h,rh_max,2024-10-29,33,9,1,0.967741935483871
consecutive_le24h,rh_max,2024-10-30,33,9,1,0.4838709677419355
consecutive_le24h,rh_max,2024-10-31,33,9,1,0.16129032258064516
consecutive_le24h,rh_max,2024-11-01,33,9,1,0.16129032258064516
consecutive_le24h,rh_max,2024-11-02,33,9,1,0.0
consecutive_le24h,rh_max,2024-11-03,34,9,1,0.3125
consecutive_le24h,rh_max,2024-11-04,34,9,1,0.46875
consecutive_le24h,rh_max,2024-11-05,34,9,1,0.0
consecutive_le24h,rh_max,2024-11-06,34,9,1,0.15625
consecutive_le24h,rh_max,2024-11-07,34,9,1,0.15625
consecutive_le24h,rh_max,2024-11-08,34,9,1,0.0
consecutive_le24h,rh_max,2024-11-09,33,9,1,0.3225806451612903
consecutive_le24h,rh_max,2024-11-10,33,9,1,0.0
consecutive_le24h,rh_max,2024-11-11,33,9,1,0.0
consecutive_le24h,rh_max,2024-11-12,33,9,1,0.0
consecutive_le24h,rh_max,2024-11-13,33,9,1,0.0
consecutive_le24h,rh_max,2024-11-14,33,9,1,0.0
consecutive_le24h,rh_max,2024-11-15,33,9,1,0.0
consecutive_le24h,rh_max,2024-11-16,33,9,1,0.16129032258064516
consecutive_le24h,rh_max,2024-11-17,34,9,1,0.3125
consecutive_le24h,rh_max,2024-11-18,34,9,1,0.46875
consecutive_le24h,rh_max,2024-11-19,34,9,1,0.3125
consecutive_le24h,rh_max,2024-11-20,34,9,1,0.15625
consecutive_le24h,rh_max,2024-11-21,34,9,1,0.3125
consecutive_le24h,rh_max,2024-11-22,34,9,1,0.0
consecutive_le24h,rh_max,2024-11-23,34,9,1,0.15625
consecutive_le24h,rh_max,2024-11-24,34,9,1,0.15625
consecutive_le24h,rh_max,2024-11-25,34,9,1,0.3125
consecutive_le24h,rh_max,2024-11-26,34,9,1,0.3125
consecutive_le24h,rh_max,2024-11-27,34,9,1,0.3125
consecutive_le24h,rh_max,2024-11-28,33,9,1,0.3225806451612903
consecutive_le24h,rh_max,2024-11-29,33,9,1,0.0
consecutive_le24h,rh_max,2024-11-30,32,9,1,0.16666666666666666
consecutive_le24h,rh_max,2024-12-01,32,9,1,0.16666666666666666
consecutive_le24h,rh_max,2024-12-02,32,9,1,0.16666666666666666
consecutive_le24h,rh_max,2024-12-03,30,9,1,0.0
consecutive_le24h,rh_max,2024-12-04,29,9,1,0.37037037037037035
consecutive_le24h,rh_max,2024-12-05,28,9,1,0.38461538461538464
consecutive_le24h,rh_max,2024-12-06,29,9,1,0.5555555555555556
consecutive_le24h,rh_max,2024-12-07,29,9,1,0.0
consecutive_le24h,rh_max,2024-12-08,30,9,1,0.17857142857142858
consecutive_le24h,rh_max,2024-12-09,30,9,1,0.5357142857142857
consecutive_le24h,rh_max,2024-12-10,30,9,1,0.0
consecutive_le24h,rh_max,2024-12-11,32,9,1,0.0
consecutive_le24h,rh_max,2024-12-12,33,9,1,0.0
consecutive_le24h,rh_max,2024-12-13,34,9,1,0.15625
consecutive_le24h,rh_max,2024-12-14,34,9,1,0.0
consecutive_le24h,rh_max,2024-12-15,33,9,1,0.3225806451612903
consecutive_le24h,rh_max,2024-12-16,33,9,1,0.3225806451612903
consecutive_le24h,rh_max,2024-12-17,33,9,1,0.16129032258064516
consecutive_le24h,rh_max,2024-12-18,33,9,1,0.0
consecutive_le24h,rh_max,2024-12-19,30,9,1,0.0
consecutive_le24h,rh_max,2024-12-20,26,9,2,0.625
consecutive_le24h,rh_max,2024-12-21,22,9,3,1.0
consecutive_le24h,rh_max,2024-12-21,4,2,1,0.0
consecutive_le24h,rh_max,2024-12-22,18,9,4,0.625
consecutive_le24h,rh_max,2024-12-22,8,3,1,0.0
consecutive_le24h,rh_max,2024-12-23,15,9,5,0.0
consecutive_le24h,rh_max,2024-12-23,11,4,1,0.0
consecutive_le24h,rh_max,2024-12-24,11,9,6,0.0
consecutive_le24h,rh_max,2024-12-24,15,5,1,0.38461538461538464
consecutive_le24h,rh_max,2024-12-25,7,9,7,0.0
consecutive_le24h,rh_max,2024-12-25,19,6,1,0.0
consecutive_le24h,rh_max,2024-12-26,3,9,8,0.0
consecutive_le24h,rh_max,2024-12-26,23,7,1,0.0
consecutive_le24h,rh_max,2024-12-27,27,8,1,0.4
consecutive_le24h,rh_max,2024-12-28,32,9,1,0.5
consecutive_le24h,rh_max,2024-12-29,33,9,1,0.0
consecutive_le24h,rh_max,2024-12-30,33,9,1,0.16129032258064516
consecutive_le24h,rh_max,2024-12-31,34,9,1,0.3125
consecutive_le24h,rh_max,2025-01-01,34,9,1,0.3125
consecutive_le24h,rh_max,2025-01-02,34,9,1,0.0
consecutive_le24h,rh_max,2025-01-03,34,9,1,0.46875
consecutive_le24h,rh_max,2025-01-04,34,9,1,0.15625
consecutive_le24h,rh_max,2025-01-05,34,9,1,0.15625
consecutive_le24h,rh_max,2025-01-06,34,9,1,0.3125
consecutive_le24h,rh_max,2025-01-07,34,9,1,0.0
consecutive_le24h,rh_max,2025-01-08,34,9,1,0.0
consecutive_le24h,rh_max,2025-01-09,34,9,1,0.0
consecutive_le24h,rh_max,2025-01-10,34,9,1,0.0
consecutive_le24h,rh_max,2025-01-11,34,9,1,0.15625
consecutive_le24h,rh_max,2025-01-12,33,9,1,0.0
consecutive_le24h,rh_max,2025-01-13,33,9,1,0.3225806451612903
consecutive_le24h,rh_max,2025-01-14,33,9,1,0.3225806451612903
consecutive_le24h,rh_max,2025-01-15,33,9,1,0.4838709677419355
consecutive_le24h,rh_max,2025-01-16,33,9,1,0.967741935483871
consecutive_le24h,rh_max,2025-01-17,33,9,1,0.16129032258064516
consecutive_le24h,rh_max,2025-01-18,33,9,1,0.0
consecutive_le24h,rh_max,2025-01-19,33,9,1,0.16129032258064516
consecutive_le24h,rh_max,2025-01-20,34,9,1,0.46875
consecutive_le24h,rh_max,2025-01-21,33,9,1,0.4838709677419355
consecutive_le24h,rh_max,2025-01-22,33,9,1,0.3225806451612903
consecutive_le24h,rh_max,2025-01-23,33,9,1,0.0
consecutive_le24h,rh_max,2025-01-24,33,9,1,0.0
consecutive_le24h,rh_max,2025-01-25,33,9,1,0.0
consecutive_le24h,rh_max,2025-01-26,33,9,1,0.0
consecutive_le24h,rh_max,2025-01-27,33,9,1,0.3225806451612903
consecutive_le24h,rh_max,2025-01-28,33,9,1,0.0
consecutive_le24h,rh_max,2025-01-29,34,9,1,0.15625
consecutive_le24h,rh_max,2025-01-30,34,9,1,0.0
consecutive_le24h,rh_max,2025-01-31,34,9,1,0.0
consecutive_le24h,rh_max,2025-02-01,34,9,1,0.15625
consecutive_le24h,rh_max,2025-02-02,34,9,1,0.0
consecutive_le24h,rh_max,2025-02-03,34,9,1,0.0
consecutive_le24h,rh_max,2025-02-04,34,9,1,0.625
consecutive_le24h,rh_max,2025-02-05,34,9,1,0.46875
consecutive_le24h,rh_max,2025-02-06,34,9,1,0.15625
consecutive_le24h,rh_max,2025-02-07,34,9,1,0.15625
consecutive_le24h,rh_max,2025-02-08,34,9,1,0.0
consecutive_le24h,rh_max,2025-02-09,34,9,1,0.46875
consecutive_le24h,rh_max,2025-02-10,34,9,1,0.0
consecutive_le24h,rh_max,2025-02-11,34,9,1,0.0
consecutive_le24h,rh_max,2025-02-12,34,9,1,0.0
consecutive_le24h,rh_max,2025-02-13,34,9,1,0.0
consecutive_le24h,rh_max,2025-02-14,34,9,1,0.15625
consecutive_le24h,rh_max,2025-02-15,34,9,1,0.46875
consecutive_le24h,rh_max,2025-02-16,34,9,1,0.3125
consecutive_le24h,rh_max,2025-02-17,34,9,1,0.625
consecutive_le24h,rh_max,2025-02-18,34,9,1,0.15625
consecutive_le24h,rh_max,2025-02-19,33,9,1,0.16129032258064516
consecutive_le24h,rh_max,2025-02-20,32,9,1,0.0
consecutive_le24h,rh_max,2025-02-21,32,9,1,0.0
consecutive_le24h,rh_max,2025-02-22,32,9,1,0.0
consecutive_le24h,rh_max,2025-02-23,32,9,1,0.0
consecutive_le24h,rh_max,2025-02-24,32,9,1,0.0
consecutive_le24h,rh_max,2025-02-25,32,9,1,0.0
consecutive_le24h,rh_max,2025-02-26,32,9,1,0.0
consecutive_le24h,rh_max,2025-02-27,33,9,1,0.0
consecutive_le24h,rh_max,2025-02-28,34,9,1,0.0
consecutive_le24h,rh_max,2025-03-01,34,9,1,0.0
consecutive_le24h,rh_max,2025-03-02,34,9,1,0.0
consecutive_le24h,rh_max,2025-03-03,33,9,1,0.0
consecutive_le24h,rh_max,2025-03-04,33,9,1,0.0
consecutive_le24h,rh_max,2025-03-05,33,9,1,0.0
consecutive_le24h,rh_max,2025-03-06,33,9,1,0.0
consecutive_le24h,rh_max,2025-03-07,33,9,1,0.0
consecutive_le24h,rh_max,2025-03-08,32,9,1,0.0
consecutive_le24h,rh_max,2025-03-09,32,9,1,0.0
consecutive_le24h,rh_max,2025-03-10,32,9,1,0.0
consecutive_le24h,rh_max,2025-03-11,33,9,1,0.16129032258064516
consecutive_le24h,rh_max,2025-03-12,33,9,1,0.16129032258064516
consecutive_le24h,rh_max,2025-03-13,33,9,1,0.0
consecutive_le24h,rh_max,2025-03-14,33,9,1,0.3225806451612903
consecutive_le24h,rh_max,2025-03-15,33,9,1,0.0
consecutive_le24h,rh_max,2025-03-16,34,9,1,0.0
consecutive_le24h,rh_max,2025-03-17,34,9,1,0.3125
consecutive_le24h,rh_max,2025-03-18,34,9,1,0.625
consecutive_le24h,rh_max,2025-03-19,34,9,1,0.3125
consecutive_le24h,rh_max,2025-03-20,34,9,1,0.15625
consecutive_le24h,rh_max,2025-03-21,34,9,1,0.0
consecutive_le24h,rh_max,2025-03-22,34,9,1,0.15625
consecutive_le24h,rh_max,2025-03-23,34,9,1,0.15625
consecutive_le24h,rh_max,2025-03-24,33,9,1,0.0
consecutive_le24h,rh_max,2025-03-25,32,9,1,0.16666666666666666
consecutive_le24h,rh_max,2025-03-26,32,9,1,0.0
consecutive_le24h,rh_max,2025-03-27,32,9,1,0.0
consecutive_le24h,rh_max,2025-03-28,32,9,1,0.0
consecutive_le24h,rh_max,2025-03-29,32,9,1,0.0
consecutive_le24h,rh_max,2025-03-30,32,9,1,0.0
consecutive_le24h,rh_max,2025-03-31,32,9,1,0.16666666666666666
consecutive_le24h,rh_max,2025-04-01,33,9,1,0.16129032258064516
consecutive_le24h,rh_max,2025-04-02,34,9,1,0.15625
consecutive_le24h,rh_max,2025-04-03,34,9,1,0.15625
consecutive_le24h,rh_max,2025-04-04,33,9,1,0.3225806451612903
consecutive_le24h,rh_max,2025-04-05,33,9,1,0.0
consecutive_le24h,rh_max,2025-04-06,33,9,1,0.0
consecutive_le24h,rh_max,2025-04-07,33,9,1,0.16129032258064516
consecutive_le24h,rh_max,2025-04-08,32,9,1,0.16666666666666666
consecutive_le24h,rh_max,2025-04-09,32,9,1,0.0
consecutive_le24h,rh_max,2025-04-10,32,9,1,0.0
consecutive_le24h,rh_max,2025-04-11,32,9,1,0.0
consecutive_le24h,rh_max,2025-04-12,33,9,1,0.16129032258064516
consecutive_le24h,rh_max,2025-04-13,33,9,1,0.0
consecutive_le24h,rh_max,2025-04-14,33,9,1,0.0
consecutive_le24h,rh_max,2025-04-15,33,9,1,0.0
consecutive_le24h,rh_max,2025-04-16,34,9,1,0.3125
consecutive_le24h,rh_max,2025-04-17,34,9,1,0.3125
consecutive_le24h,rh_max,2025-04-18,34,9,1,0.0
consecutive_le24h,rh_max,2025-04-19,34,9,1,0.0
consecutive_le24h,rh_max,2025-04-20,34,9,1,0.15625
consecutive_le24h,rh_max,2025-04-21,34,9,1,0.0
consecutive_le24h,rh_max,2025-04-22,34,9,1,0.0
consecutive_le24h,rh_max,2025-04-23,34,9,1,0.15625
consecutive_le24h,rh_max,2025-04-24,34,9,1,0.15625
consecutive_le24h,rh_max,2025-04-25,34,9,1,0.0
consecutive_le24h,rh_max,2025-04-26,34,9,1,0.0
consecutive_le24h,rh_max,2025-04-27,34,9,1,0.3125
consecutive_le24h,rh_max,2025-04-28,34,9,1,0.3125
consecutive_le24h,rh_max,2025-04-29,34,9,1,0.15625
consecutive_le24h,rh_max,2025-04-30,34,9,1,0.46875
consecutive_le24h,rh_max,2025-05-01,33,9,1,0.3225806451612903
consecutive_le24h,rh_max,2025-05-02,33,9,1,0.0
consecutive_le24h,rh_max,2025-05-03,33,9,1,0.0
consecutive_le24h,rh_max,2025-05-04,33,9,1,0.0
consecutive_le24h,rh_max,2025-05-05,33,9,1,0.0
consecutive_le24h,rh_max,2025-05-06,33,9,1,0.0
consecutive_le24h,rh_max,2025-05-07,33,9,1,0.0
consecutive_le24h,rh_max,2025-05-08,33,9,1,0.0
consecutive_le24h,rh_max,2025-05-09,34,9,1,0.0
consecutive_le24h,rh_max,2025-05-10,34,9,1,0.0
consecutive_le24h,rh_max,2025-05-11,34,9,1,0.0
consecutive_le24h,rh_max,2025-05-12,34,9,1,0.0
consecutive_le24h,rh_max,2025-05-13,34,9,1,0.0
consecutive_le24h,rh_max,2025-05-14,34,9,1,0.0
consecutive_le24h,rh_max,2025-05-15,34,9,1,0.0
consecutive_le24h,rh_max,2025-05-16,34,9,1,0.0
consecutive_le24h,rh_max,2025-05-17,33,9,1,0.0
consecutive_le24h,rh_max,2025-05-18,31,9,1,0.0
consecutive_le24h,rh_max,2025-05-19,31,9,1,0.0
consecutive_le24h,rh_max,2025-05-20,30,9,1,0.0
consecutive_le24h,rh_max,2025-05-21,30,9,1,0.0
consecutive_le24h,rh_max,2025-05-22,30,9,1,0.0
consecutive_le24h,rh_max,2025-05-23,30,9,1,0.17857142857142858
consecutive_le24h,rh_max,2025-05-24,30,9,1,0.0
consecutive_le24h,rh_max,2025-05-25,31,9,1,0.0
consecutive_le24h,rh_max,2025-05-26,33,9,1,0.16129032258064516
consecutive_le24h,rh_max,2025-05-27,33,9,1,0.0
consecutive_le24h,rh_max,2025-05-28,34,9,1,0.0
consecutive_le24h,rh_max,2025-05-29,34,9,1,0.0
consecutive_le24h,rh_max,2025-05-30,34,9,1,0.15625
consecutive_le24h,rh_max,2025-05-31,34,9,1,0.0
consecutive_le24h,rh_max,2025-06-01,34,9,1,0.0
consecutive_le24h,rh_max,2025-06-02,34,9,1,0.0
consecutive_le24h,rh_max,2025-06-03,34,9,1,0.0
consecutive_le24h,rh_max,2025-06-04,34,9,1,0.0
consecutive_le24h,rh_max,2025-06-05,34,9,1,0.0
consecutive_le24h,rh_max,2025-06-06,34,9,1,0.0
consecutive_le24h,rh_max,2025-06-07,35,9,1,0.0
consecutive_le24h,rh_max,2025-06-08,34,9,1,0.0
consecutive_le24h,rh_max,2025-06-09,34,9,1,0.0
consecutive_le24h,rh_max,2025-06-10,34,9,1,0.0
consecutive_le24h,rh_max,2025-06-11,34,9,1,0.3125
consecutive_le24h,rh_max,2025-06-12,34,9,1,0.0
consecutive_le24h,rh_max,2025-06-13,34,9,1,0.0
consecutive_le24h,rh_max,2025-06-14,34,9,1,0.0
consecutive_le24h,rh_max,2025-06-15,34,9,1,0.0
consecutive_le24h,rh_max,2025-06-16,34,9,1,0.15625
consecutive_le24h,rh_max,2025-06-17,34,9,1,0.0
consecutive_le24h,rh_max,2025-06-18,34,9,1,0.0
consecutive_le24h,rh_max,2025-06-19,34,9,1,0.15625
consecutive_le24h,rh_max,2025-06-20,34,9,1,0.3125
consecutive_le24h,rh_max,2025-06-21,34,9,1,0.0
consecutive_le24h,rh_max,2025-06-22,34,9,1,0.15625
consecutive_le24h,rh_max,2025-06-23,34,9,1,0.625
consecutive_le24h,rh_max,2025-06-24,34,9,1,0.0
consecutive_le24h,rh_max,2025-06-25,34,9,1,0.15625
consecutive_le24h,rh_max,2025-06-26,34,9,1,0.0
consecutive_le24h,rh_max,2025-06-27,34,9,1,0.0
consecutive_le24h,rh_max,2025-06-28,34,9,1,0.0
consecutive_le24h,rh_max,2025-06-29,34,9,1,0.0
consecutive_le24h,rh_max,2025-06-30,34,9,1,0.0
consecutive_le24h,rh_max,2025-07-01,34,9,1,0.0
consecutive_le24h,rh_max,2025-07-02,34,9,1,0.15625
consecutive_le24h,rh_max,2025-07-03,34,9,1,0.3125
consecutive_le24h,rh_max,2025-07-04,34,9,1,0.3125
consecutive_le24h,rh_max,2025-07-05,33,9,1,0.16129032258064516
consecutive_le24h,rh_max,2025-07-06,33,9,1,0.16129032258064516
consecutive_le24h,rh_max,2025-07-07,33,9,1,0.0
consecutive_le24h,rh_max,2025-07-08,33,9,1,0.0
consecutive_le24h,rh_max,2025-07-09,33,9,1,0.0
consecutive_le24h,rh_max,2025-07-10,33,9,1,0.0
consecutive_le24h,rh_max,2025-07-11,33,9,1,0.0
consecutive_le24h,rh_max,2025-07-12,33,9,1,0.0
consecutive_le24h,rh_max,2025-07-13,34,9,1,0.15625
consecutive_le24h,rh_max,2025-07-14,34,9,1,0.0
consecutive_le24h,rh_max,2025-07-15,34,9,1,0.3125
consecutive_le24h,rh_max,2025-07-16,34,9,1,0.15625
consecutive_le24h,rh_max,2025-07-17,34,9,1,0.46875
consecutive_le24h,rh_max,2025-07-18,33,9,1,0.16129032258064516
consecutive_le24h,rh_max,2025-07-19,33,9,1,0.0
consecutive_le24h,rh_max,2025-07-20,33,9,1,0.0
consecutive_le24h,rh_max,2025-07-21,33,9,1,0.0
consecutive_le24h,rh_max,2025-07-22,33,9,1,0.0
consecutive_le24h,rh_max,2025-07-23,33,9,1,0.0
consecutive_le24h,rh_max,2025-07-24,33,9,1,0.0
consecutive_le24h,rh_max,2025-07-25,33,9,1,0.16129032258064516
consecutive_le24h,rh_max,2025-07-26,34,9,1,0.15625
consecutive_le24h,rh_max,2025-07-27,34,9,1,0.0
consecutive_le24h,rh_max,2025-07-28,34,9,1,0.0
consecutive_le24h,rh_max,2025-07-29,34,9,1,0.0
consecutive_le24h,rh_max,2025-07-30,34,9,1,0.15625
consecutive_le24h,rh_max,2025-07-31,34,9,1,0.15625
consecutive_le24h,rh_max,2025-08-01,34,9,1,0.15625
consecutive_le24h,rh_max,2025-08-02,34,9,1,0.0
consecutive_le24h,rh_max,2025-08-03,34,9,1,0.0
consecutive_le24h,rh_max,2025-08-04,34,9,1,0.0
consecutive_le24h,rh_max,2025-08-05,34,9,1,0.0
consecutive_le24h,rh_max,2025-08-06,34,9,1,0.0
consecutive_le24h,rh_max,2025-08-07,34,9,1,0.15625
consecutive_le24h,rh_max,2025-08-08,34,9,1,0.0
consecutive_le24h,rh_max,2025-08-09,34,9,1,0.15625
consecutive_le24h,rh_max,2025-08-10,33,9,1,0.3225806451612903
consecutive_le24h,rh_max,2025-08-11,32,9,1,0.3333333333333333
consecutive_le24h,rh_max,2025-08-12,32,9,1,0.16666666666666666
consecutive_le24h,rh_max,2025-08-13,32,9,1,0.0
consecutive_le24h,rh_max,2025-08-14,32,9,1,0.0
consecutive_le24h,rh_max,2025-08-15,32,9,1,0.0
consecutive_le24h,rh_max,2025-08-16,32,9,1,0.16666666666666666
consecutive_le24h,rh_max,2025-08-17,32,9,1,0.0
consecutive_le24h,rh_max,2025-08-18,33,9,1,0.0
consecutive_le24h,rh_max,2025-08-19,34,9,1,0.0
consecutive_le24h,rh_max,2025-08-20,34,9,1,0.0
consecutive_le24h,rh_max,2025-08-21,34,9,1,0.0
consecutive_le24h,rh_max,2025-08-22,34,9,1,0.0
consecutive_le24h,rh_max,2025-08-23,34,9,1,0.15625
consecutive_le24h,rh_max,2025-08-24,34,9,1,0.0
consecutive_le24h,rh_max,2025-08-25,34,9,1,0.0
consecutive_le24h,rh_max,2025-08-26,34,9,1,0.3125
consecutive_le24h,rh_max,2025-08-27,34,9,1,0.15625
consecutive_le24h,rh_max,2025-08-28,34,9,1,0.0
consecutive_le24h,rh_max,2025-08-29,34,9,1,0.0
consecutive_le24h,rh_max,2025-08-30,34,9,1,0.46875
consecutive_le24h,rh_max,2025-08-31,34,9,1,0.3125
consecutive_le24h,rh_max,2025-09-01,34,9,1,0.0
consecutive_le24h,rh_max,2025-09-02,34,9,1,0.15625
consecutive_le24h,rh_max,2025-09-03,34,9,1,0.0
consecutive_le24h,rh_max,2025-09-04,34,9,1,0.3125
consecutive_le24h,rh_max,2025-09-05,34,9,1,0.15625
consecutive_le24h,rh_max,2025-09-06,34,9,1,0.0
consecutive_le24h,rh_max,2025-09-07,34,9,1,0.0
consecutive_le24h,rh_max,2025-09-08,34,9,1,0.0
consecutive_le24h,rh_max,2025-09-09,34,9,1,0.0
consecutive_le24h,rh_max,2025-09-10,34,9,1,0.3125
consecutive_le24h,rh_max,2025-09-11,34,9,1,0.0
consecutive_le24h,rh_max,2025-09-12,34,9,1,0.0
consecutive_le24h,rh_max,2025-09-13,33,9,1,0.0
consecutive_le24h,rh_max,2025-09-14,32,9,1,0.0
consecutive_le24h,rh_max,2025-09-15,31,9,1,0.0
consecutive_le24h,rh_max,2025-09-16,31,9,1,0.5172413793103449
consecutive_le24h,rh_max,2025-09-17,31,9,1,0.5172413793103449
consecutive_le24h,rh_max,2025-09-18,31,9,1,0.1724137931034483
consecutive_le24h,rh_max,2025-09-19,31,9,1,0.0
consecutive_le24h,rh_max,2025-09-20,30,9,1,0.17857142857142858
consecutive_le24h,rh_max,2025-09-21,31,9,1,0.0
consecutive_le24h,rh_max,2025-09-22,32,9,1,0.16666666666666666
consecutive_le24h,rh_max,2025-09-23,33,9,1,0.16129032258064516
consecutive_le24h,rh_max,2025-09-24,33,9,1,0.0
consecutive_le24h,rh_max,2025-09-25,33,9,1,0.0
consecutive_le24h,rh_max,2025-09-26,33,9,1,0.0
consecutive_le24h,rh_max,2025-09-27,33,9,1,0.0
consecutive_le24h,rh_max,2025-09-28,33,9,1,0.8064516129032258
consecutive_le24h,rh_max,2025-09-29,34,9,1,0.3125
consecutive_le24h,rh_max,2025-09-30,34,9,1,0.0
consecutive_le24h,rh_max,2025-10-01,34,9,1,0.0
consecutive_le24h,rh_max,2025-10-02,34,9,1,0.0
consecutive_le24h,rh_max,2025-10-03,34,9,1,0.0
consecutive_le24h,rh_max,2025-10-04,33,9,1,0.0
consecutive_le24h,rh_max,2025-10-05,33,9,1,0.0
consecutive_le24h,rh_max,2025-10-06,33,9,1,0.16129032258064516
consecutive_le24h,rh_max,2025-10-07,33,9,1,0.0
consecutive_le24h,rh_max,2025-10-08,33,9,1,0.0
consecutive_le24h,rh_max,2025-10-09,33,9,1,0.3225806451612903
consecutive_le24h,rh_max,2025-10-10,33,9,1,0.3225806451612903
consecutive_le24h,rh_max,2025-10-11,33,9,1,0.16129032258064516
consecutive_le24h,rh_max,2025-10-12,34,9,1,0.15625
consecutive_le24h,rh_max,2025-10-13,34,9,1,0.15625
consecutive_le24h,rh_max,2025-10-14,35,9,1,0.0
consecutive_le24h,rh_max,2025-10-15,34,9,1,0.3125
consecutive_le24h,rh_max,2025-10-16,33,9,1,0.16129032258064516
consecutive_le24h,rh_max,2025-10-17,33,9,1,0.16129032258064516
consecutive_le24h,rh_max,2025-10-18,33,9,1,0.3225806451612903
consecutive_le24h,rh_max,2025-10-19,33,9,1,0.3225806451612903
consecutive_le24h,rh_max,2025-10-20,33,9,1,0.3225806451612903
consecutive_le24h,rh_max,2025-10-21,33,9,1,0.0
consecutive_le24h,rh_max,2025-10-22,33,9,1,0.0
consecutive_le24h,rh_max,2025-10-23,33,9,1,0.4838709677419355
consecutive_le24h,rh_max,2025-10-24,34,9,1,0.15625
consecutive_le24h,rh_max,2025-10-25,34,9,1,0.3125
consecutive_le24h,rh_max,2025-10-26,34,9,1,0.15625
consecutive_le24h,rh_max,2025-10-27,34,9,1,0.46875
consecutive_le24h,rh_max,2025-10-28,34,9,1,0.3125
consecutive_le24h,rh_max,2025-10-29,34,9,1,0.15625
consecutive_le24h,rh_max,2025-10-30,34,9,1,0.15625
consecutive_le24h,rh_max,2025-10-31,34,9,1,0.3125
consecutive_le24h,rh_max,2025-11-01,34,9,1,0.3125
consecutive_le24h,rh_max,2025-11-02,34,9,1,0.3125
consecutive_le24h,rh_max,2025-11-03,34,9,1,0.0
consecutive_le24h,rh_max,2025-11-04,34,9,1,0.0
consecutive_le24h,rh_max,2025-11-05,34,9,1,0.15625
consecutive_le24h,rh_max,2025-11-06,34,9,1,0.0
consecutive_le24h,rh_max,2025-11-07,34,9,1,0.0
consecutive_le24h,rh_max,2025-11-08,34,9,1,0.0
consecutive_le24h,rh_max,2025-11-09,34,9,1,0.15625
consecutive_le24h,rh_max,2025-11-10,34,9,1,0.0
consecutive_le24h,rh_max,2025-11-11,34,9,1,0.0
consecutive_le24h,rh_max,2025-11-12,34,9,1,0.0
consecutive_le24h,rh_max,2025-11-13,34,9,1,0.3125
consecutive_le24h,rh_max,2025-11-14,34,9,1,0.0
consecutive_le24h,rh_max,2025-11-15,34,9,1,0.0
consecutive_le24h,rh_max,2025-11-16,34,9,1,0.15625
consecutive_le24h,rh_max,2025-11-17,34,9,1,0.3125
consecutive_le24h,rh_max,2025-11-18,34,9,1,0.15625
consecutive_le24h,rh_max,2025-11-19,34,9,1,0.625
consecutive_le24h,rh_max,2025-11-20,34,9,1,0.0
consecutive_le24h,rh_max,2025-11-21,34,9,1,0.0
consecutive_le24h,rh_max,2025-11-22,34,9,1,0.3125
consecutive_le24h,rh_max,2025-11-23,34,9,1,0.15625
consecutive_le24h,rh_max,2025-11-24,33,9,1,0.16129032258064516
consecutive_le24h,rh_max,2025-11-25,33,9,1,0.3225806451612903
consecutive_le24h,rh_max,2025-11-26,33,9,1,0.4838709677419355
consecutive_le24h,rh_max,2025-11-27,32,9,1,0.0
consecutive_le24h,rh_max,2025-11-28,32,9,1,0.0
consecutive_le24h,rh_max,2025-11-29,32,9,1,0.5
consecutive_le24h,rh_max,2025-11-30,32,9,1,0.16666666666666666
consecutive_le24h,rh_max,2025-12-01,32,9,1,0.0
consecutive_le24h,rh_max,2025-12-02,33,9,1,0.0
consecutive_le24h,rh_max,2025-12-03,33,9,1,0.16129032258064516
consecutive_le24h,rh_max,2025-12-04,33,9,1,0.3225806451612903
consecutive_le24h,rh_max,2025-12-05,34,9,1,0.3125
consecutive_le24h,rh_max,2025-12-06,34,9,1,0.0
consecutive_le24h,rh_max,2025-12-07,34,9,1,0.3125
consecutive_le24h,rh_max,2025-12-08,33,9,1,0.4838709677419355
consecutive_le24h,rh_max,2025-12-09,33,9,1,0.0
consecutive_le24h,rh_max,2025-12-10,33,9,1,0.16129032258064516
consecutive_le24h,rh_max,2025-12-11,33,9,1,0.16129032258064516
consecutive_le24h,rh_max,2025-12-12,33,9,1,0.0
consecutive_le24h,rh_max,2025-12-13,33,9,1,0.0
consecutive_le24h,rh_max,2025-12-14,33,9,1,1.1290322580645162
consecutive_le24h,rh_max,2025-12-15,33,9,1,0.3225806451612903
consecutive_le24h,rh_max,2025-12-16,34,9,1,0.0
consecutive_le24h,rh_max,2025-12-17,34,9,1,0.15625
consecutive_le24h,rh_max,2025-12-18,34,9,1,0.15625
consecutive_le24h,rh_max,2025-12-19,34,9,1,0.0
consecutive_le24h,rh_max,2025-12-20,34,9,1,0.3125
consecutive_le24h,rh_max,2025-12-21,34,9,1,0.15625
consecutive_le24h,rh_max,2025-12-22,34,9,1,0.3125
consecutive_le24h,rh_max,2025-12-23,34,9,1,0.0
consecutive_le24h,rh_max,2025-12-24,34,9,1,0.15625
consecutive_le24h,rh_max,2025-12-25,34,9,1,0.3125
consecutive_le24h,rh_max,2025-12-26,34,9,1,0.0
consecutive_le24h,rh_max,2025-12-27,34,9,1,0.0
consecutive_le24h,rh_max,2025-12-28,34,9,1,0.0
consecutive_le24h,rh_max,2025-12-29,34,9,1,0.0
consecutive_le24h,rh_max,2025-12-30,33,9,1,0.3225806451612903
consecutive_le24h,rh_max,2025-12-31,33,9,1,0.0
daily_latest,tmin,2022-01-04,3,3,1,0.0
daily_latest,tmin,2022-01-05,4,4,1,0.0
daily_latest,tmin,2022-01-06,5,5,1,0.0
daily_latest,tmin,2022-01-07,6,6,1,0.0
daily_latest,tmin,2022-01-08,7,7,1,0.0
daily_latest,tmin,2022-01-09,8,8,1,0.16666666666666666
daily_latest,tmin,2022-01-10,9,9,1,0.14285714285714285
daily_latest,tmin,2022-01-11,9,9,1,0.0
daily_latest,tmin,2022-01-12,9,9,1,0.14285714285714285
daily_latest,tmin,2022-01-13,9,9,1,0.14285714285714285
daily_latest,tmin,2022-01-14,9,9,1,0.0
daily_latest,tmin,2022-01-15,9,9,1,0.42857142857142855
daily_latest,tmin,2022-01-16,9,9,1,0.0
daily_latest,tmin,2022-01-17,9,9,1,0.0
daily_latest,tmin,2022-01-18,9,9,1,0.0
daily_latest,tmin,2022-01-19,9,9,1,0.14285714285714285
daily_latest,tmin,2022-01-20,9,9,1,0.2857142857142857
daily_latest,tmin,2022-01-21,9,9,1,0.42857142857142855
daily_latest,tmin,2022-01-22,9,9,1,0.14285714285714285
daily_latest,tmin,2022-01-23,9,9,1,0.14285714285714285
daily_latest,tmin,2022-01-24,9,9,1,0.42857142857142855
daily_latest,tmin,2022-01-25,9,9,1,0.2857142857142857
daily_latest,tmin,2022-01-26,9,9,1,0.0
daily_latest,tmin,2022-01-27,9,9,1,0.0
daily_latest,tmin,2022-01-28,9,9,1,0.14285714285714285
daily_latest,tmin,2022-01-29,9,9,1,0.0
daily_latest,tmin,2022-01-30,9,9,1,0.0
daily_latest,tmin,2022-01-31,9,9,1,0.0
daily_latest,tmin,2022-02-01,9,9,1,0.0
daily_latest,tmin,2022-02-02,9,9,1,0.2857142857142857
daily_latest,tmin,2022-02-03,9,9,1,0.42857142857142855
daily_latest,tmin,2022-02-04,9,9,1,0.0
daily_latest,tmin,2022-02-05,9,9,1,0.0
daily_latest,tmin,2022-02-06,9,9,1,0.0
daily_latest,tmin,2022-02-07,9,9,1,0.42857142857142855
daily_latest,tmin,2022-02-08,9,9,1,0.2857142857142857
daily_latest,tmin,2022-02-09,9,9,1,0.0
daily_latest,tmin,2022-02-10,9,9,1,0.14285714285714285
daily_latest,tmin,2022-02-11,9,9,1,0.14285714285714285
daily_latest,tmin,2022-02-12,9,9,1,0.0
daily_latest,tmin,2022-02-13,9,9,1,0.14285714285714285
daily_latest,tmin,2022-02-14,9,9,1,0.0
daily_latest,tmin,2022-02-15,9,9,1,0.0
daily_latest,tmin,2022-02-16,9,9,1,0.0
daily_latest,tmin,2022-02-17,9,9,1,0.42857142857142855
daily_latest,tmin,2022-02-18,9,9,1,0.14285714285714285
daily_latest,tmin,2022-02-19,9,9,1,0.0
daily_latest,tmin,2022-02-20,9,9,1,0.0
daily_latest,tmin,2022-02-21,9,9,1,0.0
daily_latest,tmin,2022-02-22,9,9,1,0.0
daily_latest,tmin,2022-02-23,9,9,1,0.0
daily_latest,tmin,2022-02-24,9,9,1,0.0
daily_latest,tmin,2022-02-25,9,9,1,0.14285714285714285
daily_latest,tmin,2022-02-26,9,9,1,0.0
daily_latest,tmin,2022-02-27,9,9,1,0.0
daily_latest,tmin,2022-02-28,9,9,1,0.0
daily_latest,tmin,2022-03-01,9,9,1,0.0
daily_latest,tmin,2022-03-02,9,9,1,0.0
daily_latest,tmin,2022-03-03,9,9,1,0.0
daily_latest,tmin,2022-03-04,9,9,1,0.0
daily_latest,tmin,2022-03-05,9,9,1,0.0
daily_latest,tmin,2022-03-06,9,9,1,0.0
daily_latest,tmin,2022-03-07,9,9,1,0.0
daily_latest,tmin,2022-03-08,9,9,1,0.2857142857142857
daily_latest,tmin,2022-03-09,9,9,1,0.0
daily_latest,tmin,2022-03-10,9,9,1,0.0
daily_latest,tmin,2022-03-11,9,9,1,0.0
daily_latest,tmin,2022-03-12,9,9,1,0.0
daily_latest,tmin,2022-03-13,9,9,1,0.0
daily_latest,tmin,2022-03-14,9,9,1,0.0
daily_latest,tmin,2022-03-15,9,9,1,0.0
daily_latest,tmin,2022-03-16,9,9,1,0.14285714285714285
daily_latest,tmin,2022-03-17,9,9,1,0.0
daily_latest,tmin,2022-03-18,9,9,1,0.0
daily_latest,tmin,2022-03-19,9,9,1,0.2857142857142857
daily_latest,tmin,2022-03-20,9,9,1,0.0
daily_latest,tmin,2022-03-21,9,9,1,0.2857142857142857
daily_latest,tmin,2022-03-22,9,9,1,0.2857142857142857
daily_latest,tmin,2022-03-23,9,9,1,0.0
daily_latest,tmin,2022-03-24,9,9,1,0.14285714285714285
daily_latest,tmin,2022-03-25,9,9,1,0.2857142857142857
daily_latest,tmin,2022-03-26,9,9,1,0.5714285714285714
daily_latest,tmin,2022-03-27,9,9,1,0.42857142857142855
daily_latest,tmin,2022-03-28,9,9,1,0.0
daily_latest,tmin,2022-03-29,9,9,1,0.2857142857142857
daily_latest,tmin,2022-03-30,9,9,1,0.42857142857142855
daily_latest,tmin,2022-03-31,9,9,1,0.0
daily_latest,tmin,2022-04-01,9,9,1,0.0
daily_latest,tmin,2022-04-02,9,9,1,0.0
daily_latest,tmin,2022-04-03,9,9,1,0.0
daily_latest,tmin,2022-04-04,9,9,1,0.14285714285714285
daily_latest,tmin,2022-04-05,9,9,1,0.14285714285714285
daily_latest,tmin,2022-04-06,9,9,1,0.0
daily_latest,tmin,2022-04-07,9,9,1,0.0
daily_latest,tmin,2022-04-08,9,9,1,0.0
daily_latest,tmin,2022-04-09,9,9,1,0.2857142857142857
daily_latest,tmin,2022-04-10,9,9,1,0.0
daily_latest,tmin,2022-04-11,9,9,1,0.0
daily_latest,tmin,2022-04-12,9,9,1,0.0
daily_latest,tmin,2022-04-13,9,9,1,0.0
daily_latest,tmin,2022-04-14,9,9,1,0.14285714285714285
daily_latest,tmin,2022-04-15,9,9,1,0.0
daily_latest,tmin,2022-04-16,9,9,1,0.14285714285714285
daily_latest,tmin,2022-04-17,9,9,1,0.2857142857142857
daily_latest,tmin,2022-04-18,9,9,1,0.42857142857142855
daily_latest,tmin,2022-04-19,9,9,1,0.0
daily_latest,tmin,2022-04-20,9,9,1,0.0
daily_latest,tmin,2022-04-21,9,9,1,0.0
daily_latest,tmin,2022-04-22,9,9,1,0.0
daily_latest,tmin,2022-04-23,9,9,1,0.0
daily_latest,tmin,2022-04-24,9,9,1,0.0
daily_latest,tmin,2022-04-25,9,9,1,0.0
daily_latest,tmin,2022-04-26,9,9,1,0.0
daily_latest,tmin,2022-04-27,9,9,1,0.0
daily_latest,tmin,2022-04-28,9,9,1,0.0
daily_latest,tmin,2022-04-29,9,9,1,0.0
daily_latest,tmin,2022-04-30,9,9,1,0.0
daily_latest,tmin,2022-05-01,9,9,1,0.0
daily_latest,tmin,2022-05-02,9,9,1,0.0
daily_latest,tmin,2022-05-03,9,9,1,0.2857142857142857
daily_latest,tmin,2022-05-04,9,9,1,0.2857142857142857
daily_latest,tmin,2022-05-05,9,9,1,0.2857142857142857
daily_latest,tmin,2022-05-06,9,9,1,0.14285714285714285
daily_latest,tmin,2022-05-07,9,9,1,0.14285714285714285
daily_latest,tmin,2022-05-08,9,9,1,0.0
daily_latest,tmin,2022-05-09,9,9,1,0.0
daily_latest,tmin,2022-05-10,9,9,1,0.0
daily_latest,tmin,2022-05-11,9,9,1,0.0
daily_latest,tmin,2022-05-12,9,9,1,0.2857142857142857
daily_latest,tmin,2022-05-13,9,9,1,0.14285714285714285
daily_latest,tmin,2022-05-14,9,9,1,0.14285714285714285
daily_latest,tmin,2022-05-15,9,9,1,0.0
daily_latest,tmin,2022-05-16,9,9,1,0.0
daily_latest,tmin,2022-05-17,9,9,1,0.0
daily_latest,tmin,2022-05-18,9,9,1,0.2857142857142857
daily_latest,tmin,2022-05-19,9,9,1,0.5714285714285714
daily_latest,tmin,2022-05-20,9,9,1,0.2857142857142857
daily_latest,tmin,2022-05-21,9,9,1,0.2857142857142857
daily_latest,tmin,2022-05-22,9,9,1,0.2857142857142857
daily_latest,tmin,2022-05-23,9,9,1,0.14285714285714285
daily_latest,tmin,2022-05-24,9,9,1,0.14285714285714285
daily_latest,tmin,2022-05-25,9,9,1,0.14285714285714285
daily_latest,tmin,2022-05-26,9,9,1,0.14285714285714285
daily_latest,tmin,2022-05-27,9,9,1,0.0
daily_latest,tmin,2022-05-28,9,9,1,0.0
daily_latest,tmin,2022-05-29,9,9,1,0.0
daily_latest,tmin,2022-05-30,9,9,1,0.0
daily_latest,tmin,2022-05-31,9,9,1,0.0
daily_latest,tmin,2022-06-01,9,9,1,0.0
daily_latest,tmin,2022-06-02,9,9,1,0.0
daily_latest,tmin,2022-06-03,9,9,1,0.14285714285714285
daily_latest,tmin,2022-06-04,9,9,1,0.0
daily_latest,tmin,2022-06-05,9,9,1,0.0
daily_latest,tmin,2022-06-06,9,9,1,0.14285714285714285
daily_latest,tmin,2022-06-07,9,9,1,0.0
daily_latest,tmin,2022-06-08,9,9,1,0.0
daily_latest,tmin,2022-06-09,9,9,1,0.0
daily_latest,tmin,2022-06-10,9,9,1,0.0
daily_latest,tmin,2022-06-11,9,9,1,0.0
daily_latest,tmin,2022-06-12,9,9,1,0.14285714285714285
daily_latest,tmin,2022-06-13,9,9,1,0.0
daily_latest,tmin,2022-06-14,9,9,1,0.0
daily_latest,tmin,2022-06-15,9,9,1,0.0
daily_latest,tmin,2022-06-16,9,9,1,0.0
daily_latest,tmin,2022-06-17,9,9,1,0.0
daily_latest,tmin,2022-06-18,9,9,1,0.14285714285714285
daily_latest,tmin,2022-06-19,9,9,1,0.0
daily_latest,tmin,2022-06-20,9,9,1,0.0
daily_latest,tmin,2022-06-21,9,9,1,0.0
daily_latest,tmin,2022-06-22,9,9,1,0.0
daily_latest,tmin,2022-06-23,9,9,1,0.0
daily_latest,tmin,2022-06-24,9,9,1,0.0
daily_latest,tmin,2022-06-25,9,9,1,0.0
daily_latest,tmin,2022-06-26,9,9,1,0.0
daily_latest,tmin,2022-06-27,9,9,1,0.0
daily_latest,tmin,2022-06-28,9,9,1,0.0
daily_latest,tmin,2022-06-29,9,9,1,0.0
daily_latest,tmin,2022-06-30,9,9,1,0.0
daily_latest,tmin,2022-07-01,9,9,1,0.0
daily_latest,tmin,2022-07-02,9,9,1,0.0
daily_latest,tmin,2022-07-03,9,9,1,0.0
daily_latest,tmin,2022-07-04,9,9,1,0.14285714285714285
daily_latest,tmin,2022-07-05,9,9,1,0.14285714285714285
daily_latest,tmin,2022-07-06,9,9,1,0.0
daily_latest,tmin,2022-07-07,9,9,1,0.0
daily_latest,tmin,2022-07-08,9,9,1,0.14285714285714285
daily_latest,tmin,2022-07-09,9,9,1,0.0
daily_latest,tmin,2022-07-10,9,9,1,0.0
daily_latest,tmin,2022-07-11,9,9,1,0.0
daily_latest,tmin,2022-07-12,9,9,1,0.0
daily_latest,tmin,2022-07-13,9,9,1,0.0
daily_latest,tmin,2022-07-14,9,9,1,0.0
daily_latest,tmin,2022-07-15,9,9,1,0.0
daily_latest,tmin,2022-07-16,9,9,1,0.0
daily_latest,tmin,2022-07-17,9,9,1,0.0
daily_latest,tmin,2022-07-18,9,9,1,0.0
daily_latest,tmin,2022-07-19,9,9,1,0.0
daily_latest,tmin,2022-07-20,9,9,1,0.0
daily_latest,tmin,2022-07-21,9,9,1,0.2857142857142857
daily_latest,tmin,2022-07-22,9,9,1,0.14285714285714285
daily_latest,tmin,2022-07-23,9,9,1,0.14285714285714285
daily_latest,tmin,2022-07-24,9,9,1,0.2857142857142857
daily_latest,tmin,2022-07-25,9,9,1,0.2857142857142857
daily_latest,tmin,2022-07-26,9,9,1,0.2857142857142857
daily_latest,tmin,2022-07-27,9,9,1,0.2857142857142857
daily_latest,tmin,2022-07-28,9,9,1,0.14285714285714285
daily_latest,tmin,2022-07-29,9,9,1,0.14285714285714285
daily_latest,tmin,2022-07-30,9,9,1,0.0
daily_latest,tmin,2022-07-31,9,9,1,0.14285714285714285
daily_latest,tmin,2022-08-01,9,9,1,0.14285714285714285
daily_latest,tmin,2022-08-02,9,9,1,0.0
daily_latest,tmin,2022-08-03,9,9,1,0.0
daily_latest,tmin,2022-08-04,9,9,1,0.0
daily_latest,tmin,2022-08-05,9,9,1,0.0
daily_latest,tmin,2022-08-06,9,9,1,0.0
daily_latest,tmin,2022-08-07,9,9,1,0.0
daily_latest,tmin,2022-08-08,9,9,1,0.0
daily_latest,tmin,2022-08-09,9,9,1,0.0
daily_latest,tmin,2022-08-10,9,9,1,0.2857142857142857
daily_latest,tmin,2022-08-11,9,9,1,0.0
daily_latest,tmin,2022-08-12,9,9,1,0.0
daily_latest,tmin,2022-08-13,9,9,1,0.0
daily_latest,tmin,2022-08-14,9,9,1,0.14285714285714285
daily_latest,tmin,2022-08-15,9,9,1,0.2857142857142857
daily_latest,tmin,2022-08-16,9,9,1,0.0
daily_latest,tmin,2022-08-17,9,9,1,0.0
daily_latest,tmin,2022-08-18,9,9,1,0.0
daily_latest,tmin,2022-08-19,9,9,1,0.2857142857142857
daily_latest,tmin,2022-08-20,9,9,1,0.0
daily_latest,tmin,2022-08-21,9,9,1,0.0
daily_latest,tmin,2022-08-22,9,9,1,0.0
daily_latest,tmin,2022-08-23,9,9,1,0.0
daily_latest,tmin,2022-08-24,9,9,1,0.0
daily_latest,tmin,2022-08-25,9,9,1,0.0
daily_latest,tmin,2022-08-26,9,9,1,0.14285714285714285
daily_latest,tmin,2022-08-27,9,9,1,0.0
daily_latest,tmin,2022-08-28,9,9,1,0.0
daily_latest,tmin,2022-08-29,9,9,1,0.0
daily_latest,tmin,2022-08-30,9,9,1,0.0
daily_latest,tmin,2022-08-31,9,9,1,0.0
daily_latest,tmin,2022-09-01,9,9,1,0.0
daily_latest,tmin,2022-09-02,9,9,1,0.0
daily_latest,tmin,2022-09-03,9,9,1,0.2857142857142857
daily_latest,tmin,2022-09-04,9,9,1,0.2857142857142857
daily_latest,tmin,2022-09-05,9,9,1,0.2857142857142857
daily_latest,tmin,2022-09-06,9,9,1,0.2857142857142857
daily_latest,tmin,2022-09-07,9,9,1,0.2857142857142857
daily_latest,tmin,2022-09-08,9,9,1,0.14285714285714285
daily_latest,tmin,2022-09-09,9,9,1,0.0
daily_latest,tmin,2022-09-10,9,9,1,0.0
daily_latest,tmin,2022-09-11,9,9,1,0.0
daily_latest,tmin,2022-09-12,9,9,1,0.0
daily_latest,tmin,2022-09-13,9,9,1,0.0
daily_latest,tmin,2022-09-14,9,9,1,0.0
daily_latest,tmin,2022-09-15,9,9,1,0.0
daily_latest,tmin,2022-09-16,9,9,1,0.0
daily_latest,tmin,2022-09-17,9,9,1,0.0
daily_latest,tmin,2022-09-18,9,9,1,0.0
daily_latest,tmin,2022-09-19,9,9,1,0.0
daily_latest,tmin,2022-09-20,9,9,1,0.0
daily_latest,tmin,2022-09-21,9,9,1,0.42857142857142855
daily_latest,tmin,2022-09-22,9,9,1,0.0
daily_latest,tmin,2022-09-23,9,9,1,0.0
daily_latest,tmin,2022-09-24,9,9,1,0.0
daily_latest,tmin,2022-09-25,9,9,1,0.0
daily_latest,tmin,2022-09-26,9,9,1,0.14285714285714285
daily_latest,tmin,2022-09-27,9,9,1,0.14285714285714285
daily_latest,tmin,2022-09-28,9,9,1,0.14285714285714285
daily_latest,tmin,2022-09-29,9,9,1,0.14285714285714285
daily_latest,tmin,2022-09-30,9,9,1,0.0
daily_latest,tmin,2022-10-01,9,9,1,0.2857142857142857
daily_latest,tmin,2022-10-02,9,9,1,0.0
daily_latest,tmin,2022-10-03,9,9,1,0.0
daily_latest,tmin,2022-10-04,9,9,1,0.0
daily_latest,tmin,2022-10-05,9,9,1,0.2857142857142857
daily_latest,tmin,2022-10-06,9,9,1,0.14285714285714285
daily_latest,tmin,2022-10-07,9,9,1,0.0
daily_latest,tmin,2022-10-08,9,9,1,0.0
daily_latest,tmin,2022-10-09,9,9,1,0.0
daily_latest,tmin,2022-10-10,9,9,1,0.0
daily_latest,tmin,2022-10-11,9,9,1,0.0
daily_latest,tmin,2022-10-12,9,9,1,0.0
daily_latest,tmin,2022-10-13,9,9,1,0.0
daily_latest,tmin,2022-10-14,9,9,1,0.0
daily_latest,tmin,2022-10-15,9,9,1,0.14285714285714285
daily_latest,tmin,2022-10-16,9,9,1,0.14285714285714285
daily_latest,tmin,2022-10-17,9,9,1,0.14285714285714285
daily_latest,tmin,2022-10-18,9,9,1,0.0
daily_latest,tmin,2022-10-19,9,9,1,0.0
daily_latest,tmin,2022-10-20,9,9,1,0.5714285714285714
daily_latest,tmin,2022-10-21,9,9,1,0.14285714285714285
daily_latest,tmin,2022-10-22,9,9,1,0.14285714285714285
daily_latest,tmin,2022-10-23,9,9,1,0.0
daily_latest,tmin,2022-10-24,9,9,1,0.14285714285714285
daily_latest,tmin,2022-10-25,9,9,1,0.14285714285714285
daily_latest,tmin,2022-10-26,9,9,1,0.0
daily_latest,tmin,2022-10-27,9,9,1,0.0
daily_latest,tmin,2022-10-28,9,9,1,0.0
daily_latest,tmin,2022-10-29,9,9,1,0.42857142857142855
daily_latest,tmin,2022-10-30,9,9,1,0.14285714285714285
daily_latest,tmin,2022-10-31,9,9,1,0.14285714285714285
daily_latest,tmin,2022-11-01,9,9,1,0.14285714285714285
daily_latest,tmin,2022-11-02,9,9,1,0.0
daily_latest,tmin,2022-11-03,9,9,1,0.2857142857142857
daily_latest,tmin,2022-11-04,9,9,1,0.0
daily_latest,tmin,2022-11-05,9,9,1,0.0
daily_latest,tmin,2022-11-06,9,9,1,0.0
daily_latest,tmin,2022-11-07,9,9,1,0.0
daily_latest,tmin,2022-11-08,9,9,1,0.14285714285714285
daily_latest,tmin,2022-11-09,9,9,1,0.0
daily_latest,tmin,2022-11-10,9,9,1,0.0
daily_latest,tmin,2022-11-11,9,9,1,0.0
daily_latest,tmin,2022-11-12,9,9,1,0.0
daily_latest,tmin,2022-11-13,9,9,1,0.14285714285714285
daily_latest,tmin,2022-11-14,9,9,1,0.0
daily_latest,tmin,2022-11-15,9,9,1,0.0
daily_latest,tmin,2022-11-16,9,9,1,0.2857142857142857
daily_latest,tmin,2022-11-17,9,9,1,0.0
daily_latest,tmin,2022-11-18,9,9,1,0.0
daily_latest,tmin,2022-11-19,9,9,1,0.0
daily_latest,tmin,2022-11-20,9,9,1,0.2857142857142857
daily_latest,tmin,2022-11-21,9,9,1,0.0
daily_latest,tmin,2022-11-22,9,9,1,0.2857142857142857
daily_latest,tmin,2022-11-23,9,9,1,0.14285714285714285
daily_latest,tmin,2022-11-24,9,9,1,0.0
daily_latest,tmin,2022-11-25,9,9,1,0.14285714285714285
daily_latest,tmin,2022-11-26,9,9,1,0.14285714285714285
daily_latest,tmin,2022-11-27,9,9,1,0.0
daily_latest,tmin,2022-11-28,9,9,1,0.14285714285714285
daily_latest,tmin,2022-11-29,9,9,1,0.0
daily_latest,tmin,2022-11-30,9,9,1,0.0
daily_latest,tmin,2022-12-01,9,9,1,0.14285714285714285
daily_latest,tmin,2022-12-02,9,9,1,0.0
daily_latest,tmin,2022-12-03,9,9,1,0.2857142857142857
daily_latest,tmin,2022-12-04,9,9,1,0.14285714285714285
daily_latest,tmin,2022-12-05,9,9,1,0.14285714285714285
daily_latest,tmin,2022-12-06,9,9,1,0.0
daily_latest,tmin,2022-12-07,9,9,1,0.0
daily_latest,tmin,2022-12-08,9,9,1,0.2857142857142857
daily_latest,tmin,2022-12-09,9,9,1,0.2857142857142857
daily_latest,tmin,2022-12-10,9,9,1,0.2857142857142857
daily_latest,tmin,2022-12-11,9,9,1,0.14285714285714285
daily_latest,tmin,2022-12-12,9,9,1,0.0
daily_latest,tmin,2022-12-13,9,9,1,0.0
daily_latest,tmin,2022-12-14,9,9,1,0.0
daily_latest,tmin,2022-12-15,9,9,1,0.2857142857142857
daily_latest,tmin,2022-12-16,9,9,1,0.14285714285714285
daily_latest,tmin,2022-12-17,9,9,1,0.0
daily_latest,tmin,2022-12-18,9,9,1,0.0
daily_latest,tmin,2022-12-19,9,9,1,0.0
daily_latest,tmin,2022-12-20,9,9,1,0.0
daily_latest,tmin,2022-12-21,9,9,1,0.0
daily_latest,tmin,2022-12-22,9,9,1,0.0
daily_latest,tmin,2022-12-23,9,9,1,0.0
daily_latest,tmin,2022-12-24,9,9,1,0.14285714285714285
daily_latest,tmin,2022-12-25,9,9,1,0.14285714285714285
daily_latest,tmin,2022-12-26,9,9,1,0.0
daily_latest,tmin,2022-12-27,9,9,1,0.2857142857142857
daily_latest,tmin,2022-12-28,9,9,1,0.42857142857142855
daily_latest,tmin,2022-12-29,9,9,1,0.0
daily_latest,tmin,2022-12-30,9,9,1,0.0
daily_latest,tmin,2022-12-31,9,9,1,0.14285714285714285
daily_latest,tmin,2023-01-01,9,9,1,0.14285714285714285
daily_latest,tmin,2023-01-02,9,9,1,0.0
daily_latest,tmin,2023-01-03,9,9,1,0.0
daily_latest,tmin,2023-01-04,9,9,1,0.0
daily_latest,tmin,2023-01-05,9,9,1,0.0
daily_latest,tmin,2023-01-06,9,9,1,0.0
daily_latest,tmin,2023-01-07,9,9,1,0.0
daily_latest,tmin,2023-01-08,9,9,1,0.0
daily_latest,tmin,2023-01-09,9,9,1,0.0
daily_latest,tmin,2023-01-10,9,9,1,0.0
daily_latest,tmin,2023-01-11,9,9,1,0.42857142857142855
daily_latest,tmin,2023-01-12,9,9,1,0.0
daily_latest,tmin,2023-01-13,9,9,1,0.14285714285714285
daily_latest,tmin,2023-01-14,9,9,1,0.0
daily_latest,tmin,2023-01-15,9,9,1,0.0
daily_latest,tmin,2023-01-16,9,9,1,0.0
daily_latest,tmin,2023-01-17,9,9,1,0.0
daily_latest,tmin,2023-01-18,9,9,1,0.0
daily_latest,tmin,2023-01-19,9,9,1,0.2857142857142857
daily_latest,tmin,2023-01-20,9,9,1,0.0
daily_latest,tmin,2023-01-21,9,9,1,0.0
daily_latest,tmin,2023-01-22,9,9,1,0.2857142857142857
daily_latest,tmin,2023-01-23,9,9,1,0.2857142857142857
daily_latest,tmin,2023-01-24,9,9,1,0.14285714285714285
daily_latest,tmin,2023-01-25,9,9,1,0.0
daily_latest,tmin,2023-01-26,9,9,1,0.0
daily_latest,tmin,2023-01-27,9,9,1,0.0
daily_latest,tmin,2023-01-28,9,9,1,0.0
daily_latest,tmin,2023-01-29,9,9,1,0.0
daily_latest,tmin,2023-01-30,9,9,1,0.0
daily_latest,tmin,2023-01-31,9,9,1,0.0
daily_latest,tmin,2023-02-01,9,9,1,0.0
daily_latest,tmin,2023-02-02,9,9,1,0.2857142857142857
daily_latest,tmin,2023-02-03,9,9,1,0.0
daily_latest,tmin,2023-02-04,9,9,1,0.0
daily_latest,tmin,2023-02-05,9,9,1,0.14285714285714285
daily_latest,tmin,2023-02-06,9,9,1,0.0
daily_latest,tmin,2023-02-07,9,9,1,0.2857142857142857
daily_latest,tmin,2023-02-08,9,9,1,0.0
daily_latest,tmin,2023-02-09,9,9,1,0.14285714285714285
daily_latest,tmin,2023-02-10,9,9,1,0.0
daily_latest,tmin,2023-02-11,9,9,1,0.0
daily_latest,tmin,2023-02-12,9,9,1,0.14285714285714285
daily_latest,tmin,2023-02-13,9,9,1,0.14285714285714285
daily_latest,tmin,2023-02-14,9,9,1,0.2857142857142857
daily_latest,tmin,2023-02-15,9,9,1,0.0
daily_latest,tmin,2023-02-16,9,9,1,0.0
daily_latest,tmin,2023-02-17,9,9,1,0.14285714285714285
daily_latest,tmin,2023-02-18,9,9,1,0.0
daily_latest,tmin,2023-02-19,9,9,1,0.0
daily_latest,tmin,2023-02-20,9,9,1,0.0
daily_latest,tmin,2023-02-21,9,9,1,0.14285714285714285
daily_latest,tmin,2023-02-22,9,9,1,0.0
daily_latest,tmin,2023-02-23,9,9,1,0.14285714285714285
daily_latest,tmin,2023-02-24,9,9,1,0.14285714285714285
daily_latest,tmin,2023-02-25,9,9,1,0.2857142857142857
daily_latest,tmin,2023-02-26,9,9,1,0.2857142857142857
daily_latest,tmin,2023-02-27,9,9,1,0.0
daily_latest,tmin,2023-02-28,9,9,1,0.0
daily_latest,tmin,2023-03-01,9,9,1,0.0
daily_latest,tmin,2023-03-02,9,9,1,0.0
daily_latest,tmin,2023-03-03,9,9,1,0.14285714285714285
daily_latest,tmin,2023-03-04,9,9,1,0.14285714285714285
daily_latest,tmin,2023-03-05,9,9,1,0.0
daily_latest,tmin,2023-03-06,9,9,1,0.14285714285714285
daily_latest,tmin,2023-03-07,9,9,1,0.0
daily_latest,tmin,2023-03-08,9,9,1,0.0
daily_latest,tmin,2023-03-09,9,9,1,0.0
daily_latest,tmin,2023-03-10,9,9,1,0.0
daily_latest,tmin,2023-03-11,9,9,1,0.0
daily_latest,tmin,2023-03-12,9,9,1,0.0
daily_latest,tmin,2023-03-13,9,9,1,0.14285714285714285
daily_latest,tmin,2023-03-14,9,9,1,0.0
daily_latest,tmin,2023-03-15,9,9,1,0.0
daily_latest,tmin,2023-03-16,9,9,1,0.14285714285714285
daily_latest,tmin,2023-03-17,9,9,1,0.14285714285714285
daily_latest,tmin,2023-03-18,9,9,1,0.0
daily_latest,tmin,2023-03-19,9,9,1,0.14285714285714285
daily_latest,tmin,2023-03-20,9,9,1,0.14285714285714285
daily_latest,tmin,2023-03-21,9,9,1,0.0
daily_latest,tmin,2023-03-22,9,9,1,0.0
daily_latest,tmin,2023-03-23,9,9,1,0.0
daily_latest,tmin,2023-03-24,9,9,1,0.42857142857142855
daily_latest,tmin,2023-03-25,9,9,1,0.2857142857142857
daily_latest,tmin,2023-03-26,9,9,1,0.0
daily_latest,tmin,2023-03-27,9,9,1,0.0
daily_latest,tmin,2023-03-28,9,9,1,0.2857142857142857
daily_latest,tmin,2023-03-29,9,9,1,0.42857142857142855
daily_latest,tmin,2023-03-30,9,9,1,0.14285714285714285
daily_latest,tmin,2023-03-31,9,9,1,0.2857142857142857
daily_latest,tmin,2023-04-01,9,9,1,0.14285714285714285
daily_latest,tmin,2023-04-02,9,9,1,0.0
daily_latest,tmin,2023-04-03,9,9,1,0.0
daily_latest,tmin,2023-04-04,9,9,1,0.2857142857142857
daily_latest,tmin,2023-04-05,9,9,1,0.2857142857142857
daily_latest,tmin,2023-04-06,9,9,1,0.0
daily_latest,tmin,2023-04-07,9,9,1,0.0
daily_latest,tmin,2023-04-08,9,9,1,0.0
daily_latest,tmin,2023-04-09,9,9,1,0.0
daily_latest,tmin,2023-04-10,9,9,1,0.0
daily_latest,tmin,2023-04-11,9,9,1,0.0
daily_latest,tmin,2023-04-12,9,9,1,0.0
daily_latest,tmin,2023-04-13,9,9,1,0.0
daily_latest,tmin,2023-04-14,9,9,1,0.14285714285714285
daily_latest,tmin,2023-04-15,9,9,1,0.14285714285714285
daily_latest,tmin,2023-04-16,9,9,1,0.14285714285714285
daily_latest,tmin,2023-04-17,9,9,1,0.0
daily_latest,tmin,2023-04-18,9,9,1,0.0
daily_latest,tmin,2023-04-19,9,9,1,0.0
daily_latest,tmin,2023-04-20,9,9,1,0.0
daily_latest,tmin,2023-04-21,9,9,1,0.14285714285714285
daily_latest,tmin,2023-04-22,9,9,1,0.14285714285714285
daily_latest,tmin,2023-04-23,9,9,1,0.2857142857142857
daily_latest,tmin,2023-04-24,9,9,1,0.14285714285714285
daily_latest,tmin,2023-04-25,9,9,1,0.14285714285714285
daily_latest,tmin,2023-04-26,9,9,1,0.2857142857142857
daily_latest,tmin,2023-04-27,9,9,1,0.0
daily_latest,tmin,2023-04-28,9,9,1,0.0
daily_latest,tmin,2023-04-29,9,9,1,0.0
daily_latest,tmin,2023-04-30,9,9,1,0.0
daily_latest,tmin,2023-05-01,9,9,1,0.0
daily_latest,tmin,2023-05-02,9,9,1,0.14285714285714285
daily_latest,tmin,2023-05-03,9,9,1,0.14285714285714285
daily_latest,tmin,2023-05-04,9,9,1,0.14285714285714285
daily_latest,tmin,2023-05-05,9,9,1,0.2857142857142857
daily_latest,tmin,2023-05-06,9,9,1,0.14285714285714285
daily_latest,tmin,2023-05-07,9,9,1,0.14285714285714285
daily_latest,tmin,2023-05-08,9,9,1,0.0
daily_latest,tmin,2023-05-09,9,9,1,0.0
daily_latest,tmin,2023-05-10,9,9,1,0.14285714285714285
daily_latest,tmin,2023-05-11,9,9,1,0.0
daily_latest,tmin,2023-05-12,9,9,1,0.14285714285714285
daily_latest,tmin,2023-05-13,9,9,1,0.14285714285714285
daily_latest,tmin,2023-05-14,9,9,1,0.0
daily_latest,tmin,2023-05-15,9,9,1,0.0
daily_latest,tmin,2023-05-16,9,9,1,0.0
daily_latest,tmin,2023-05-17,9,9,1,0.0
daily_latest,tmin,2023-05-18,9,9,1,0.0
daily_latest,tmin,2023-05-19,9,9,1,0.2857142857142857
daily_latest,tmin,2023-05-20,9,9,1,0.2857142857142857
daily_latest,tmin,2023-05-21,9,9,1,0.0
daily_latest,tmin,2023-05-22,9,9,1,0.0
daily_latest,tmin,2023-05-23,9,9,1,0.0
daily_latest,tmin,2023-05-24,9,9,1,0.42857142857142855
daily_latest,tmin,2023-05-25,9,9,1,0.5714285714285714
daily_latest,tmin,2023-05-26,9,9,1,0.42857142857142855
daily_latest,tmin,2023-05-27,9,9,1,0.14285714285714285
daily_latest,tmin,2023-05-28,9,9,1,0.14285714285714285
daily_latest,tmin,2023-05-29,9,9,1,0.0
daily_latest,tmin,2023-05-30,9,9,1,0.14285714285714285
daily_latest,tmin,2023-05-31,9,9,1,0.0
daily_latest,tmin,2023-06-01,9,9,1,0.0
daily_latest,tmin,2023-06-02,9,9,1,0.14285714285714285
daily_latest,tmin,2023-06-03,9,9,1,0.2857142857142857
daily_latest,tmin,2023-06-04,9,9,1,0.14285714285714285
daily_latest,tmin,2023-06-05,9,9,1,0.0
daily_latest,tmin,2023-06-06,9,9,1,0.0
daily_latest,tmin,2023-06-07,9,9,1,0.0
daily_latest,tmin,2023-06-08,9,9,1,0.0
daily_latest,tmin,2023-06-09,9,9,1,0.0
daily_latest,tmin,2023-06-10,9,9,1,0.14285714285714285
daily_latest,tmin,2023-06-11,9,9,1,0.0
daily_latest,tmin,2023-06-12,9,9,1,0.0
daily_latest,tmin,2023-06-13,9,9,1,0.0
daily_latest,tmin,2023-06-14,9,9,1,0.14285714285714285
daily_latest,tmin,2023-06-15,9,9,1,0.42857142857142855
daily_latest,tmin,2023-06-16,9,9,1,0.2857142857142857
daily_latest,tmin,2023-06-17,9,9,1,0.0
daily_latest,tmin,2023-06-18,9,9,1,0.0
daily_latest,tmin,2023-06-19,9,9,1,0.0
daily_latest,tmin,2023-06-20,9,9,1,0.0
daily_latest,tmin,2023-06-21,9,9,1,0.14285714285714285
daily_latest,tmin,2023-06-22,9,9,1,0.0
daily_latest,tmin,2023-06-23,9,9,1,0.0
daily_latest,tmin,2023-06-24,9,9,1,0.0
daily_latest,tmin,2023-06-25,9,9,1,0.14285714285714285
daily_latest,tmin,2023-06-26,9,9,1,0.0
daily_latest,tmin,2023-06-27,9,9,1,0.0
daily_latest,tmin,2023-06-28,9,9,1,0.0
daily_latest,tmin,2023-06-29,9,9,1,0.0
daily_latest,tmin,2023-06-30,9,9,1,0.0
daily_latest,tmin,2023-07-01,9,9,1,0.0
daily_latest,tmin,2023-07-02,9,9,1,0.0
daily_latest,tmin,2023-07-03,9,9,1,0.0
daily_latest,tmin,2023-07-04,9,9,1,0.14285714285714285
daily_latest,tmin,2023-07-05,9,9,1,0.14285714285714285
daily_latest,tmin,2023-07-06,9,9,1,0.0
daily_latest,tmin,2023-07-07,9,9,1,0.14285714285714285
daily_latest,tmin,2023-07-08,9,9,1,0.0
daily_latest,tmin,2023-07-09,9,9,1,0.0
daily_latest,tmin,2023-07-10,9,9,1,0.0
daily_latest,tmin,2023-07-11,9,9,1,0.14285714285714285
daily_latest,tmin,2023-07-12,9,9,1,0.14285714285714285
daily_latest,tmin,2023-07-13,9,9,1,0.14285714285714285
daily_latest,tmin,2023-07-14,9,9,1,0.0
daily_latest,tmin,2023-07-15,9,9,1,0.0
daily_latest,tmin,2023-07-16,9,9,1,0.14285714285714285
daily_latest,tmin,2023-07-17,9,9,1,0.0
daily_latest,tmin,2023-07-18,9,9,1,0.14285714285714285
daily_latest,tmin,2023-07-19,9,9,1,0.0
daily_latest,tmin,2023-07-20,9,9,1,0.0
daily_latest,tmin,2023-07-21,9,9,1,0.0
daily_latest,tmin,2023-07-22,9,9,1,0.14285714285714285
daily_latest,tmin,2023-07-23,9,9,1,0.0
daily_latest,tmin,2023-07-24,9,9,1,0.14285714285714285
daily_latest,tmin,2023-07-25,9,9,1,0.14285714285714285
daily_latest,tmin,2023-07-26,9,9,1,0.2857142857142857
daily_latest,tmin,2023-07-27,9,9,1,0.0
daily_latest,tmin,2023-07-28,9,9,1,0.14285714285714285
daily_latest,tmin,2023-07-29,9,9,1,0.14285714285714285
daily_latest,tmin,2023-07-30,9,9,1,0.0
daily_latest,tmin,2023-07-31,9,9,1,0.0
daily_latest,tmin,2023-08-01,9,9,1,0.0
daily_latest,tmin,2023-08-02,9,9,1,0.0
daily_latest,tmin,2023-08-03,9,9,1,0.0
daily_latest,tmin,2023-08-04,9,9,1,0.0
daily_latest,tmin,2023-08-05,9,9,1,0.0
daily_latest,tmin,2023-08-06,9,9,1,0.0
daily_latest,tmin,2023-08-07,9,9,1,0.0
daily_latest,tmin,2023-08-08,9,9,1,0.0
daily_latest,tmin,2023-08-09,9,9,1,0.0
daily_latest,tmin,2023-08-10,9,9,1,0.0
daily_latest,tmin,2023-08-11,9,9,1,0.0
daily_latest,tmin,2023-08-12,9,9,1,0.0
daily_latest,tmin,2023-08-13,9,9,1,0.0
daily_latest,tmin,2023-08-14,9,9,1,0.0
daily_latest,tmin,2023-08-15,9,9,1,0.0
daily_latest,tmin,2023-08-16,9,9,1,0.14285714285714285
daily_latest,tmin,2023-08-17,9,9,1,0.14285714285714285
daily_latest,tmin,2023-08-18,9,9,1,0.0
daily_latest,tmin,2023-08-19,9,9,1,0.0
daily_latest,tmin,2023-08-20,9,9,1,0.14285714285714285
daily_latest,tmin,2023-08-21,9,9,1,0.14285714285714285
daily_latest,tmin,2023-08-22,9,9,1,0.0
daily_latest,tmin,2023-08-23,9,9,1,0.0
daily_latest,tmin,2023-08-24,9,9,1,0.0
daily_latest,tmin,2023-08-25,9,9,1,0.14285714285714285
daily_latest,tmin,2023-08-26,9,9,1,0.0
daily_latest,tmin,2023-08-27,9,9,1,0.0
daily_latest,tmin,2023-08-28,9,9,1,0.0
daily_latest,tmin,2023-08-29,9,9,1,0.14285714285714285
daily_latest,tmin,2023-08-30,9,9,1,0.0
daily_latest,tmin,2023-08-31,9,9,1,0.0
daily_latest,tmin,2023-09-01,9,9,1,0.0
daily_latest,tmin,2023-09-02,9,9,1,0.14285714285714285
daily_latest,tmin,2023-09-03,9,9,1,0.0
daily_latest,tmin,2023-09-04,9,9,1,0.0
daily_latest,tmin,2023-09-05,9,9,1,0.14285714285714285
daily_latest,tmin,2023-09-06,9,9,1,0.0
daily_latest,tmin,2023-09-07,9,9,1,0.0
daily_latest,tmin,2023-09-08,9,9,1,0.0
daily_latest,tmin,2023-09-09,9,9,1,0.2857142857142857
daily_latest,tmin,2023-09-10,9,9,1,0.2857142857142857
daily_latest,tmin,2023-09-11,9,9,1,0.14285714285714285
daily_latest,tmin,2023-09-12,9,9,1,0.14285714285714285
daily_latest,tmin,2023-09-13,9,9,1,0.0
daily_latest,tmin,2023-09-14,9,9,1,0.14285714285714285
daily_latest,tmin,2023-09-15,9,9,1,0.14285714285714285
daily_latest,tmin,2023-09-16,9,9,1,0.14285714285714285
daily_latest,tmin,2023-09-17,9,9,1,0.0
daily_latest,tmin,2023-09-18,9,9,1,0.0
daily_latest,tmin,2023-09-19,9,9,1,0.0
daily_latest,tmin,2023-09-20,9,9,1,0.0
daily_latest,tmin,2023-09-21,9,9,1,0.0
daily_latest,tmin,2023-09-22,9,9,1,0.0
daily_latest,tmin,2023-09-23,9,9,1,0.0
daily_latest,tmin,2023-09-24,9,9,1,0.0
daily_latest,tmin,2023-09-25,9,9,1,0.0
daily_latest,tmin,2023-09-26,9,9,1,0.0
daily_latest,tmin,2023-09-27,9,9,1,0.0
daily_latest,tmin,2023-09-28,9,9,1,0.0
daily_latest,tmin,2023-09-29,9,9,1,0.2857142857142857
daily_latest,tmin,2023-09-30,9,9,1,0.0
daily_latest,tmin,2023-10-01,9,9,1,0.0
daily_latest,tmin,2023-10-02,9,9,1,0.0
daily_latest,tmin,2023-10-03,9,9,1,0.0
daily_latest,tmin,2023-10-04,9,9,1,0.0
daily_latest,tmin,2023-10-05,9,9,1,0.0
daily_latest,tmin,2023-10-06,9,9,1,0.2857142857142857
daily_latest,tmin,2023-10-07,9,9,1,0.2857142857142857
daily_latest,tmin,2023-10-08,9,9,1,0.0
daily_latest,tmin,2023-10-09,9,9,1,0.14285714285714285
daily_latest,tmin,2023-10-10,9,9,1,0.0
daily_latest,tmin,2023-10-11,9,9,1,0.14285714285714285
daily_latest,tmin,2023-10-12,9,9,1,0.2857142857142857
daily_latest,tmin,2023-10-13,9,9,1,0.42857142857142855
daily_latest,tmin,2023-10-14,9,9,1,0.14285714285714285
daily_latest,tmin,2023-10-15,9,9,1,0.14285714285714285
daily_latest,tmin,2023-10-16,9,9,1,0.14285714285714285
daily_latest,tmin,2023-10-17,9,9,1,0.0
daily_latest,tmin,2023-10-18,9,9,1,0.0
daily_latest,tmin,2023-10-19,9,9,1,0.0
daily_latest,tmin,2023-10-20,9,9,1,0.5714285714285714
daily_latest,tmin,2023-10-21,9,9,1,0.5714285714285714
daily_latest,tmin,2023-10-22,9,9,1,0.14285714285714285
daily_latest,tmin,2023-10-23,9,9,1,0.0
daily_latest,tmin,2023-10-24,9,9,1,0.0
daily_latest,tmin,2023-10-25,9,9,1,0.0
daily_latest,tmin,2023-10-26,9,9,1,0.2857142857142857
daily_latest,tmin,2023-10-27,9,9,1,0.0
daily_latest,tmin,2023-10-28,9,9,1,0.2857142857142857
daily_latest,tmin,2023-10-29,9,9,1,0.14285714285714285
daily_latest,tmin,2023-10-30,9,9,1,0.14285714285714285
daily_latest,tmin,2023-10-31,9,9,1,0.2857142857142857
daily_latest,tmin,2023-11-01,9,9,1,0.0
daily_latest,tmin,2023-11-02,9,9,1,0.0
daily_latest,tmin,2023-11-03,9,9,1,0.14285714285714285
daily_latest,tmin,2023-11-04,9,9,1,0.0
daily_latest,tmin,2023-11-05,9,9,1,0.14285714285714285
daily_latest,tmin,2023-11-06,9,9,1,0.14285714285714285
daily_latest,tmin,2023-11-07,9,9,1,0.2857142857142857
daily_latest,tmin,2023-11-08,9,9,1,0.0
daily_latest,tmin,2023-11-09,9,9,1,0.14285714285714285
daily_latest,tmin,2023-11-10,9,9,1,0.14285714285714285
daily_latest,tmin,2023-11-11,9,9,1,0.14285714285714285
daily_latest,tmin,2023-11-12,9,9,1,0.0
daily_latest,tmin,2023-11-13,9,9,1,0.14285714285714285
daily_latest,tmin,2023-11-14,9,9,1,0.0
daily_latest,tmin,2023-11-15,9,9,1,0.0
daily_latest,tmin,2023-11-16,9,9,1,0.14285714285714285
daily_latest,tmin,2023-11-17,9,9,1,0.0
daily_latest,tmin,2023-11-18,9,9,1,0.0
daily_latest,tmin,2023-11-19,9,9,1,0.0
daily_latest,tmin,2023-11-20,9,9,1,0.0
daily_latest,tmin,2023-11-21,9,9,1,0.0
daily_latest,tmin,2023-11-22,9,9,1,0.14285714285714285
daily_latest,tmin,2023-11-23,9,9,1,0.14285714285714285
daily_latest,tmin,2023-11-24,9,9,1,0.0
daily_latest,tmin,2023-11-25,9,9,1,0.0
daily_latest,tmin,2023-11-26,9,9,1,0.0
daily_latest,tmin,2023-11-27,9,9,1,0.0
daily_latest,tmin,2023-11-28,9,9,1,0.0
daily_latest,tmin,2023-11-29,9,9,1,0.0
daily_latest,tmin,2023-11-30,9,9,1,0.2857142857142857
daily_latest,tmin,2023-12-01,9,9,1,0.0
daily_latest,tmin,2023-12-02,9,9,1,0.0
daily_latest,tmin,2023-12-03,9,9,1,0.14285714285714285
daily_latest,tmin,2023-12-04,9,9,1,0.0
daily_latest,tmin,2023-12-05,9,9,1,0.2857142857142857
daily_latest,tmin,2023-12-06,9,9,1,0.2857142857142857
daily_latest,tmin,2023-12-07,9,9,1,0.2857142857142857
daily_latest,tmin,2023-12-08,9,9,1,0.0
daily_latest,tmin,2023-12-09,9,9,1,0.0
daily_latest,tmin,2023-12-10,9,9,1,0.0
daily_latest,tmin,2023-12-11,9,9,1,0.0
daily_latest,tmin,2023-12-12,9,9,1,0.42857142857142855
daily_latest,tmin,2023-12-13,9,9,1,0.0
daily_latest,tmin,2023-12-14,9,9,1,0.0
daily_latest,tmin,2023-12-15,9,9,1,0.0
daily_latest,tmin,2023-12-16,9,9,1,0.0
daily_latest,tmin,2023-12-17,9,9,1,0.0
daily_latest,tmin,2023-12-18,9,9,1,0.0
daily_latest,tmin,2023-12-19,9,9,1,0.14285714285714285
daily_latest,tmin,2023-12-20,9,9,1,0.0
daily_latest,tmin,2023-12-21,9,9,1,0.0
daily_latest,tmin,2023-12-22,9,9,1,0.0
daily_latest,tmin,2023-12-23,9,9,1,0.0
daily_latest,tmin,2023-12-24,9,9,1,0.0
daily_latest,tmin,2023-12-25,9,9,1,0.0
daily_latest,tmin,2023-12-26,9,9,1,0.0
daily_latest,tmin,2023-12-27,9,9,1,0.0
daily_latest,tmin,2023-12-28,9,9,1,0.14285714285714285
daily_latest,tmin,2023-12-29,9,9,1,0.0
daily_latest,tmin,2023-12-30,9,9,1,0.0
daily_latest,tmin,2023-12-31,9,9,1,0.0
daily_latest,tmin,2024-01-01,9,9,1,0.2857142857142857
daily_latest,tmin,2024-01-02,9,9,1,0.14285714285714285
daily_latest,tmin,2024-01-03,9,9,1,0.14285714285714285
daily_latest,tmin,2024-01-04,9,9,1,0.2857142857142857
daily_latest,tmin,2024-01-05,9,9,1,0.14285714285714285
daily_latest,tmin,2024-01-06,9,9,1,0.14285714285714285
daily_latest,tmin,2024-01-07,9,9,1,0.0
daily_latest,tmin,2024-01-08,9,9,1,0.0
daily_latest,tmin,2024-01-09,9,9,1,0.0
daily_latest,tmin,2024-01-10,9,9,1,0.14285714285714285
daily_latest,tmin,2024-01-11,9,9,1,0.14285714285714285
daily_latest,tmin,2024-01-12,9,9,1,0.14285714285714285
daily_latest,tmin,2024-01-13,9,9,1,0.14285714285714285
daily_latest,tmin,2024-01-14,9,9,1,0.14285714285714285
daily_latest,tmin,2024-01-15,9,9,1,0.0
daily_latest,tmin,2024-01-16,9,9,1,0.0
daily_latest,tmin,2024-01-17,9,9,1,0.5714285714285714
daily_latest,tmin,2024-01-18,9,9,1,0.2857142857142857
daily_latest,tmin,2024-01-19,9,9,1,0.0
daily_latest,tmin,2024-01-20,9,9,1,0.0
daily_latest,tmin,2024-01-21,9,9,1,0.0
daily_latest,tmin,2024-01-22,9,9,1,0.0
daily_latest,tmin,2024-01-23,9,9,1,0.0
daily_latest,tmin,2024-01-24,9,9,1,0.0
daily_latest,tmin,2024-01-25,9,9,1,0.0
daily_latest,tmin,2024-01-26,9,9,1,0.0
daily_latest,tmin,2024-01-27,9,9,1,0.0
daily_latest,tmin,2024-01-28,9,9,1,0.14285714285714285
daily_latest,tmin,2024-01-29,9,9,1,0.0
daily_latest,tmin,2024-01-30,9,9,1,0.0
daily_latest,tmin,2024-01-31,9,9,1,0.14285714285714285
daily_latest,tmin,2024-02-01,9,9,1,0.14285714285714285
daily_latest,tmin,2024-02-02,9,9,1,0.14285714285714285
daily_latest,tmin,2024-02-03,9,9,1,0.14285714285714285
daily_latest,tmin,2024-02-04,9,9,1,0.0
daily_latest,tmin,2024-02-05,9,9,1,0.2857142857142857
daily_latest,tmin,2024-02-06,9,9,1,0.42857142857142855
daily_latest,tmin,2024-02-07,9,9,1,0.14285714285714285
daily_latest,tmin,2024-02-08,9,9,1,0.0
daily_latest,tmin,2024-02-09,9,9,1,0.0
daily_latest,tmin,2024-02-10,9,9,1,0.0
daily_latest,tmin,2024-02-11,9,9,1,0.14285714285714285
daily_latest,tmin,2024-02-12,9,9,1,0.2857142857142857
daily_latest,tmin,2024-02-13,9,9,1,0.14285714285714285
daily_latest,tmin,2024-02-14,9,9,1,0.0
daily_latest,tmin,2024-02-15,9,9,1,0.0
daily_latest,tmin,2024-02-16,9,9,1,0.14285714285714285
daily_latest,tmin,2024-02-17,9,9,1,0.0
daily_latest,tmin,2024-02-18,9,9,1,0.0
daily_latest,tmin,2024-02-19,9,9,1,0.0
daily_latest,tmin,2024-02-20,9,9,1,0.0
daily_latest,tmin,2024-02-21,9,9,1,0.0
daily_latest,tmin,2024-02-22,9,9,1,0.2857142857142857
daily_latest,tmin,2024-02-23,9,9,1,0.2857142857142857
daily_latest,tmin,2024-02-24,9,9,1,0.14285714285714285
daily_latest,tmin,2024-02-25,9,9,1,0.2857142857142857
daily_latest,tmin,2024-02-26,9,9,1,0.2857142857142857
daily_latest,tmin,2024-02-27,9,9,1,0.2857142857142857
daily_latest,tmin,2024-02-28,9,9,1,0.14285714285714285
daily_latest,tmin,2024-02-29,9,9,1,0.5714285714285714
daily_latest,tmin,2024-03-01,9,9,1,0.14285714285714285
daily_latest,tmin,2024-03-02,9,9,1,0.0
daily_latest,tmin,2024-03-03,9,9,1,0.0
daily_latest,tmin,2024-03-04,9,9,1,0.0
daily_latest,tmin,2024-03-05,9,9,1,0.0
daily_latest,tmin,2024-03-06,9,9,1,0.14285714285714285
daily_latest,tmin,2024-03-07,9,9,1,0.0
daily_latest,tmin,2024-03-08,9,9,1,0.14285714285714285
daily_latest,tmin,2024-03-09,9,9,1,0.0
daily_latest,tmin,2024-03-10,9,9,1,0.0
daily_latest,tmin,2024-03-11,9,9,1,0.0
daily_latest,tmin,2024-03-12,9,9,1,0.14285714285714285
daily_latest,tmin,2024-03-13,9,9,1,0.0
daily_latest,tmin,2024-03-14,9,9,1,0.0
daily_latest,tmin,2024-03-15,9,9,1,0.0
daily_latest,tmin,2024-03-16,9,9,1,0.14285714285714285
daily_latest,tmin,2024-03-17,9,9,1,0.0
daily_latest,tmin,2024-03-18,9,9,1,0.0
daily_latest,tmin,2024-03-19,9,9,1,0.2857142857142857
daily_latest,tmin,2024-03-20,9,9,1,0.2857142857142857
daily_latest,tmin,2024-03-21,9,9,1,0.14285714285714285
daily_latest,tmin,2024-03-22,9,9,1,0.0
daily_latest,tmin,2024-03-23,9,9,1,0.2857142857142857
daily_latest,tmin,2024-03-24,9,9,1,0.14285714285714285
daily_latest,tmin,2024-03-25,9,9,1,0.0
daily_latest,tmin,2024-03-26,9,9,1,0.0
daily_latest,tmin,2024-03-27,9,9,1,0.0
daily_latest,tmin,2024-03-28,9,9,1,0.0
daily_latest,tmin,2024-03-29,9,9,1,0.0
daily_latest,tmin,2024-03-30,9,9,1,0.0
daily_latest,tmin,2024-03-31,9,9,1,0.0
daily_latest,tmin,2024-04-01,9,9,1,0.0
daily_latest,tmin,2024-04-02,9,9,1,0.0
daily_latest,tmin,2024-04-03,9,9,1,0.0
daily_latest,tmin,2024-04-04,9,9,1,0.0
daily_latest,tmin,2024-04-05,9,9,1,0.0
daily_latest,tmin,2024-04-06,9,9,1,0.0
daily_latest,tmin,2024-04-07,9,9,1,0.2857142857142857
daily_latest,tmin,2024-04-08,9,9,1,0.2857142857142857
daily_latest,tmin,2024-04-09,9,9,1,0.5714285714285714
daily_latest,tmin,2024-04-10,9,9,1,0.14285714285714285
daily_latest,tmin,2024-04-11,9,9,1,0.14285714285714285
daily_latest,tmin,2024-04-12,9,9,1,0.14285714285714285
daily_latest,tmin,2024-04-13,9,9,1,0.0
daily_latest,tmin,2024-04-14,9,9,1,0.0
daily_latest,tmin,2024-04-15,9,9,1,0.0
daily_latest,tmin,2024-04-16,9,9,1,0.14285714285714285
daily_latest,tmin,2024-04-17,9,9,1,0.0
daily_latest,tmin,2024-04-18,9,9,1,0.0
daily_latest,tmin,2024-04-19,9,9,1,0.14285714285714285
daily_latest,tmin,2024-04-20,9,9,1,0.14285714285714285
daily_latest,tmin,2024-04-21,9,9,1,0.2857142857142857
daily_latest,tmin,2024-04-22,9,9,1,0.0
daily_latest,tmin,2024-04-23,9,9,1,0.0
daily_latest,tmin,2024-04-24,9,9,1,0.0
daily_latest,tmin,2024-04-25,9,9,1,0.14285714285714285
daily_latest,tmin,2024-04-26,9,9,1,0.0
daily_latest,tmin,2024-04-27,9,9,1,0.0
daily_latest,tmin,2024-04-28,9,9,1,0.14285714285714285
daily_latest,tmin,2024-04-29,9,9,1,0.2857142857142857
daily_latest,tmin,2024-04-30,9,9,1,0.0
daily_latest,tmin,2024-05-01,9,9,1,0.0
daily_latest,tmin,2024-05-02,9,9,1,0.0
daily_latest,tmin,2024-05-03,9,9,1,0.0
daily_latest,tmin,2024-05-04,9,9,1,0.0
daily_latest,tmin,2024-05-05,9,9,1,0.14285714285714285
daily_latest,tmin,2024-05-06,9,9,1,0.0
daily_latest,tmin,2024-05-07,9,9,1,0.0
daily_latest,tmin,2024-05-08,9,9,1,0.0
daily_latest,tmin,2024-05-09,9,9,1,0.0
daily_latest,tmin,2024-05-10,9,9,1,0.14285714285714285
daily_latest,tmin,2024-05-11,9,9,1,0.14285714285714285
daily_latest,tmin,2024-05-12,9,9,1,0.0
daily_latest,tmin,2024-05-13,9,9,1,0.0
daily_latest,tmin,2024-05-14,9,9,1,0.14285714285714285
daily_latest,tmin,2024-05-15,9,9,1,0.0
daily_latest,tmin,2024-05-16,9,9,1,0.14285714285714285
daily_latest,tmin,2024-05-17,9,9,1,0.14285714285714285
daily_latest,tmin,2024-05-18,9,9,1,0.14285714285714285
daily_latest,tmin,2024-05-19,9,9,1,0.42857142857142855
daily_latest,tmin,2024-05-20,9,9,1,0.14285714285714285
daily_latest,tmin,2024-05-21,9,9,1,0.14285714285714285
daily_latest,tmin,2024-05-22,9,9,1,0.14285714285714285
daily_latest,tmin,2024-05-23,9,9,1,0.0
daily_latest,tmin,2024-05-24,9,9,1,0.0
daily_latest,tmin,2024-05-25,9,9,1,0.2857142857142857
daily_latest,tmin,2024-05-26,9,9,1,0.14285714285714285
daily_latest,tmin,2024-05-27,9,9,1,0.0
daily_latest,tmin,2024-05-28,9,9,1,0.0
daily_latest,tmin,2024-05-29,9,9,1,0.14285714285714285
daily_latest,tmin,2024-05-30,9,9,1,0.0
daily_latest,tmin,2024-05-31,9,9,1,0.0
daily_latest,tmin,2024-06-01,9,9,1,0.0
daily_latest,tmin,2024-06-02,9,9,1,0.0
daily_latest,tmin,2024-06-03,9,9,1,0.0
daily_latest,tmin,2024-06-04,9,9,1,0.14285714285714285
daily_latest,tmin,2024-06-05,9,9,1,0.14285714285714285
daily_latest,tmin,2024-06-06,9,9,1,0.2857142857142857
daily_latest,tmin,2024-06-07,9,9,1,0.2857142857142857
daily_latest,tmin,2024-06-08,9,9,1,0.0
daily_latest,tmin,2024-06-09,9,9,1,0.14285714285714285
daily_latest,tmin,2024-06-10,9,9,1,0.14285714285714285
daily_latest,tmin,2024-06-11,9,9,1,0.0
daily_latest,tmin,2024-06-12,9,9,1,0.0
daily_latest,tmin,2024-06-13,9,9,1,0.0
daily_latest,tmin,2024-06-14,9,9,1,0.0
daily_latest,tmin,2024-06-15,9,9,1,0.14285714285714285
daily_latest,tmin,2024-06-16,9,9,1,0.14285714285714285
daily_latest,tmin,2024-06-17,9,9,1,0.14285714285714285
daily_latest,tmin,2024-06-18,9,9,1,0.14285714285714285
daily_latest,tmin,2024-06-19,9,9,1,0.0
daily_latest,tmin,2024-06-20,9,9,1,0.0
daily_latest,tmin,2024-06-21,9,9,1,0.14285714285714285
daily_latest,tmin,2024-06-22,9,9,1,0.0
daily_latest,tmin,2024-06-23,9,9,1,0.14285714285714285
daily_latest,tmin,2024-06-24,9,9,1,0.14285714285714285
daily_latest,tmin,2024-06-25,9,9,1,0.2857142857142857
daily_latest,tmin,2024-06-26,9,9,1,0.14285714285714285
daily_latest,tmin,2024-06-27,9,9,1,0.0
daily_latest,tmin,2024-06-28,9,9,1,0.0
daily_latest,tmin,2024-06-29,9,9,1,0.0
daily_latest,tmin,2024-06-30,9,9,1,0.0
daily_latest,tmin,2024-07-01,9,9,1,0.0
daily_latest,tmin,2024-07-02,9,9,1,0.0
daily_latest,tmin,2024-07-03,9,9,1,0.0
daily_latest,tmin,2024-07-04,9,9,1,0.2857142857142857
daily_latest,tmin,2024-07-05,9,9,1,0.14285714285714285
daily_latest,tmin,2024-07-06,9,9,1,0.0
daily_latest,tmin,2024-07-07,9,9,1,0.14285714285714285
daily_latest,tmin,2024-07-08,9,9,1,0.14285714285714285
daily_latest,tmin,2024-07-09,9,9,1,0.14285714285714285
daily_latest,tmin,2024-07-10,9,9,1,0.14285714285714285
daily_latest,tmin,2024-07-11,9,9,1,0.0
daily_latest,tmin,2024-07-12,9,9,1,0.0
daily_latest,tmin,2024-07-13,9,9,1,0.2857142857142857
daily_latest,tmin,2024-07-14,9,9,1,0.14285714285714285
daily_latest,tmin,2024-07-15,9,9,1,0.0
daily_latest,tmin,2024-07-16,9,9,1,0.0
daily_latest,tmin,2024-07-17,9,9,1,0.0
daily_latest,tmin,2024-07-18,9,9,1,0.2857142857142857
daily_latest,tmin,2024-07-19,9,9,1,0.14285714285714285
daily_latest,tmin,2024-07-20,9,9,1,0.14285714285714285
daily_latest,tmin,2024-07-21,9,9,1,0.14285714285714285
daily_latest,tmin,2024-07-22,9,9,1,0.14285714285714285
daily_latest,tmin,2024-07-23,9,9,1,0.14285714285714285
daily_latest,tmin,2024-07-24,9,9,1,0.0
daily_latest,tmin,2024-07-25,9,9,1,0.0
daily_latest,tmin,2024-07-26,9,9,1,0.0
daily_latest,tmin,2024-07-27,9,9,1,0.0
daily_latest,tmin,2024-07-28,9,9,1,0.0
daily_latest,tmin,2024-07-29,9,9,1,0.0
daily_latest,tmin,2024-07-30,9,9,1,0.0
daily_latest,tmin,2024-07-31,9,9,1,0.0
daily_latest,tmin,2024-08-01,9,9,1,0.0
daily_latest,tmin,2024-08-02,9,9,1,0.0
daily_latest,tmin,2024-08-03,9,9,1,0.0
daily_latest,tmin,2024-08-04,9,9,1,0.0
daily_latest,tmin,2024-08-05,9,9,1,0.0
daily_latest,tmin,2024-08-06,9,9,1,0.0
daily_latest,tmin,2024-08-07,9,9,1,0.0
daily_latest,tmin,2024-08-08,9,9,1,0.0
daily_latest,tmin,2024-08-09,9,9,1,0.0
daily_latest,tmin,2024-08-10,9,9,1,0.0
daily_latest,tmin,2024-08-11,9,9,1,0.0
daily_latest,tmin,2024-08-12,9,9,1,0.0
daily_latest,tmin,2024-08-13,9,9,1,0.0
daily_latest,tmin,2024-08-14,9,9,1,0.14285714285714285
daily_latest,tmin,2024-08-15,9,9,1,0.0
daily_latest,tmin,2024-08-16,9,9,1,0.0
daily_latest,tmin,2024-08-17,9,9,1,0.0
daily_latest,tmin,2024-08-18,9,9,1,0.0
daily_latest,tmin,2024-08-19,9,9,1,0.0
daily_latest,tmin,2024-08-20,9,9,1,0.0
daily_latest,tmin,2024-08-21,9,9,1,0.14285714285714285
daily_latest,tmin,2024-08-22,9,9,1,0.14285714285714285
daily_latest,tmin,2024-08-23,9,9,1,0.14285714285714285
daily_latest,tmin,2024-08-24,9,9,1,0.0
daily_latest,tmin,2024-08-25,9,9,1,0.0
daily_latest,tmin,2024-08-26,9,9,1,0.0
daily_latest,tmin,2024-08-27,9,9,1,0.14285714285714285
daily_latest,tmin,2024-08-28,9,9,1,0.2857142857142857
daily_latest,tmin,2024-08-29,9,9,1,0.0
daily_latest,tmin,2024-08-30,9,9,1,0.0
daily_latest,tmin,2024-08-31,9,9,1,0.0
daily_latest,tmin,2024-09-01,9,9,1,0.0
daily_latest,tmin,2024-09-02,9,9,1,0.0
daily_latest,tmin,2024-09-03,9,9,1,0.0
daily_latest,tmin,2024-09-04,9,9,1,0.14285714285714285
daily_latest,tmin,2024-09-05,9,9,1,0.0
daily_latest,tmin,2024-09-06,9,9,1,0.0
daily_latest,tmin,2024-09-07,9,9,1,0.0
daily_latest,tmin,2024-09-08,9,9,1,0.0
daily_latest,tmin,2024-09-09,9,9,1,0.14285714285714285
daily_latest,tmin,2024-09-10,9,9,1,0.14285714285714285
daily_latest,tmin,2024-09-11,9,9,1,0.0
daily_latest,tmin,2024-09-12,9,9,1,0.14285714285714285
daily_latest,tmin,2024-09-13,9,9,1,0.0
daily_latest,tmin,2024-09-14,9,9,1,0.0
daily_latest,tmin,2024-09-15,9,9,1,0.14285714285714285
daily_latest,tmin,2024-09-16,9,9,1,0.14285714285714285
daily_latest,tmin,2024-09-17,9,9,1,0.2857142857142857
daily_latest,tmin,2024-09-18,9,9,1,0.2857142857142857
daily_latest,tmin,2024-09-19,9,9,1,0.0
daily_latest,tmin,2024-09-20,9,9,1,0.0
daily_latest,tmin,2024-09-21,9,9,1,0.0
daily_latest,tmin,2024-09-22,9,9,1,0.0
daily_latest,tmin,2024-09-23,9,9,1,0.0
daily_latest,tmin,2024-09-24,9,9,1,0.2857142857142857
daily_latest,tmin,2024-09-25,9,9,1,0.14285714285714285
daily_latest,tmin,2024-09-26,9,9,1,0.0
daily_latest,tmin,2024-09-27,9,9,1,0.0
daily_latest,tmin,2024-09-28,9,9,1,0.2857142857142857
daily_latest,tmin,2024-09-29,9,9,1,0.14285714285714285
daily_latest,tmin,2024-09-30,9,9,1,0.14285714285714285
daily_latest,tmin,2024-10-01,9,9,1,0.42857142857142855
daily_latest,tmin,2024-10-02,9,9,1,0.14285714285714285
daily_latest,tmin,2024-10-03,9,9,1,0.14285714285714285
daily_latest,tmin,2024-10-04,9,9,1,0.0
daily_latest,tmin,2024-10-05,9,9,1,0.2857142857142857
daily_latest,tmin,2024-10-06,9,9,1,0.2857142857142857
daily_latest,tmin,2024-10-07,9,9,1,0.14285714285714285
daily_latest,tmin,2024-10-08,9,9,1,0.0
daily_latest,tmin,2024-10-09,9,9,1,0.5714285714285714
daily_latest,tmin,2024-10-10,9,9,1,0.14285714285714285
daily_latest,tmin,2024-10-11,9,9,1,0.2857142857142857
daily_latest,tmin,2024-10-12,9,9,1,0.14285714285714285
daily_latest,tmin,2024-10-13,9,9,1,0.14285714285714285
daily_latest,tmin,2024-10-14,9,9,1,0.0
daily_latest,tmin,2024-10-15,9,9,1,0.0
daily_latest,tmin,2024-10-16,9,9,1,0.14285714285714285
daily_latest,tmin,2024-10-17,9,9,1,0.14285714285714285
daily_latest,tmin,2024-10-18,9,9,1,0.0
daily_latest,tmin,2024-10-19,9,9,1,0.14285714285714285
daily_latest,tmin,2024-10-20,9,9,1,0.2857142857142857
daily_latest,tmin,2024-10-21,9,9,1,0.2857142857142857
daily_latest,tmin,2024-10-22,9,9,1,0.14285714285714285
daily_latest,tmin,2024-10-23,9,9,1,0.2857142857142857
daily_latest,tmin,2024-10-24,9,9,1,0.0
daily_latest,tmin,2024-10-25,9,9,1,0.8571428571428571
daily_latest,tmin,2024-10-26,9,9,1,0.42857142857142855
daily_latest,tmin,2024-10-27,9,9,1,0.42857142857142855
daily_latest,tmin,2024-10-28,9,9,1,0.2857142857142857
daily_latest,tmin,2024-10-29,9,9,1,0.5714285714285714
daily_latest,tmin,2024-10-30,9,9,1,0.2857142857142857
daily_latest,tmin,2024-10-31,9,9,1,0.0
daily_latest,tmin,2024-11-01,9,9,1,0.14285714285714285
daily_latest,tmin,2024-11-02,9,9,1,0.0
daily_latest,tmin,2024-11-03,9,9,1,0.14285714285714285
daily_latest,tmin,2024-11-04,9,9,1,0.0
daily_latest,tmin,2024-11-05,9,9,1,0.0
daily_latest,tmin,2024-11-06,9,9,1,0.0
daily_latest,tmin,2024-11-07,9,9,1,0.0
daily_latest,tmin,2024-11-08,9,9,1,0.14285714285714285
daily_latest,tmin,2024-11-09,9,9,1,0.14285714285714285
daily_latest,tmin,2024-11-10,9,9,1,0.2857142857142857
daily_latest,tmin,2024-11-11,9,9,1,0.2857142857142857
daily_latest,tmin,2024-11-12,9,9,1,0.14285714285714285
daily_latest,tmin,2024-11-13,9,9,1,0.14285714285714285
daily_latest,tmin,2024-11-14,9,9,1,0.0
daily_latest,tmin,2024-11-15,9,9,1,0.14285714285714285
daily_latest,tmin,2024-11-16,9,9,1,0.14285714285714285
daily_latest,tmin,2024-11-17,9,9,1,0.0
daily_latest,tmin,2024-11-18,9,9,1,0.0
daily_latest,tmin,2024-11-19,9,9,1,0.0
daily_latest,tmin,2024-11-20,9,9,1,0.0
daily_latest,tmin,2024-11-21,9,9,1,0.0
daily_latest,tmin,2024-11-22,9,9,1,0.0
daily_latest,tmin,2024-11-23,9,9,1,0.0
daily_latest,tmin,2024-11-24,9,9,1,0.2857142857142857
daily_latest,tmin,2024-11-25,9,9,1,0.0
daily_latest,tmin,2024-11-26,9,9,1,0.14285714285714285
daily_latest,tmin,2024-11-27,9,9,1,0.14285714285714285
daily_latest,tmin,2024-11-28,9,9,1,0.2857142857142857
daily_latest,tmin,2024-11-29,9,9,1,0.2857142857142857
daily_latest,tmin,2024-11-30,9,9,1,0.42857142857142855
daily_latest,tmin,2024-12-01,9,9,1,0.14285714285714285
daily_latest,tmin,2024-12-02,9,9,1,0.0
daily_latest,tmin,2024-12-03,9,9,1,0.14285714285714285
daily_latest,tmin,2024-12-04,9,9,1,0.0
daily_latest,tmin,2024-12-05,9,9,1,0.14285714285714285
daily_latest,tmin,2024-12-06,9,9,1,0.42857142857142855
daily_latest,tmin,2024-12-07,9,9,1,0.0
daily_latest,tmin,2024-12-08,9,9,1,0.0
daily_latest,tmin,2024-12-09,9,9,1,0.0
daily_latest,tmin,2024-12-10,9,9,1,0.42857142857142855
daily_latest,tmin,2024-12-11,9,9,1,0.14285714285714285
daily_latest,tmin,2024-12-12,9,9,1,0.14285714285714285
daily_latest,tmin,2024-12-13,9,9,1,0.14285714285714285
daily_latest,tmin,2024-12-14,9,9,1,0.0
daily_latest,tmin,2024-12-15,9,9,1,0.0
daily_latest,tmin,2024-12-16,9,9,1,0.0
daily_latest,tmin,2024-12-17,9,9,1,0.0
daily_latest,tmin,2024-12-18,9,9,1,0.0
daily_latest,tmin,2024-12-19,9,9,1,0.0
daily_latest,tmin,2024-12-20,9,9,1,0.2857142857142857
daily_latest,tmin,2024-12-21,9,9,1,0.14285714285714285
daily_latest,tmin,2024-12-22,9,9,1,0.14285714285714285
daily_latest,tmin,2024-12-23,9,9,1,0.0
daily_latest,tmin,2024-12-24,9,9,1,0.2857142857142857
daily_latest,tmin,2024-12-25,9,9,1,0.0
daily_latest,tmin,2024-12-26,9,9,1,0.0
daily_latest,tmin,2024-12-27,8,8,1,0.0
daily_latest,tmin,2024-12-28,9,9,1,0.14285714285714285
daily_latest,tmin,2024-12-29,9,9,1,0.0
daily_latest,tmin,2024-12-30,9,9,1,0.42857142857142855
daily_latest,tmin,2024-12-31,9,9,1,0.2857142857142857
daily_latest,tmin,2025-01-01,9,9,1,0.0
daily_latest,tmin,2025-01-02,9,9,1,0.14285714285714285
daily_latest,tmin,2025-01-03,9,9,1,0.0
daily_latest,tmin,2025-01-04,9,9,1,0.0
daily_latest,tmin,2025-01-05,9,9,1,0.14285714285714285
daily_latest,tmin,2025-01-06,9,9,1,0.14285714285714285
daily_latest,tmin,2025-01-07,9,9,1,0.0
daily_latest,tmin,2025-01-08,9,9,1,0.14285714285714285
daily_latest,tmin,2025-01-09,9,9,1,0.14285714285714285
daily_latest,tmin,2025-01-10,9,9,1,0.0
daily_latest,tmin,2025-01-11,9,9,1,0.0
daily_latest,tmin,2025-01-12,9,9,1,0.0
daily_latest,tmin,2025-01-13,9,9,1,0.0
daily_latest,tmin,2025-01-14,9,9,1,0.14285714285714285
daily_latest,tmin,2025-01-15,9,9,1,0.2857142857142857
daily_latest,tmin,2025-01-16,9,9,1,0.0
daily_latest,tmin,2025-01-17,9,9,1,0.0
daily_latest,tmin,2025-01-18,9,9,1,0.0
daily_latest,tmin,2025-01-19,9,9,1,0.0
daily_latest,tmin,2025-01-20,9,9,1,0.42857142857142855
daily_latest,tmin,2025-01-21,9,9,1,0.0
daily_latest,tmin,2025-01-22,9,9,1,0.0
daily_latest,tmin,2025-01-23,9,9,1,0.14285714285714285
daily_latest,tmin,2025-01-24,9,9,1,0.0
daily_latest,tmin,2025-01-25,9,9,1,0.0
daily_latest,tmin,2025-01-26,9,9,1,0.14285714285714285
daily_latest,tmin,2025-01-27,9,9,1,0.0
daily_latest,tmin,2025-01-28,9,9,1,0.14285714285714285
daily_latest,tmin,2025-01-29,9,9,1,0.0
daily_latest,tmin,2025-01-30,9,9,1,0.0
daily_latest,tmin,2025-01-31,9,9,1,0.14285714285714285
daily_latest,tmin,2025-02-01,9,9,1,0.14285714285714285
daily_latest,tmin,2025-02-02,9,9,1,0.0
daily_latest,tmin,2025-02-03,9,9,1,0.2857142857142857
daily_latest,tmin,2025-02-04,9,9,1,0.2857142857142857
daily_latest,tmin,2025-02-05,9,9,1,0.0
daily_latest,tmin,2025-02-06,9,9,1,0.2857142857142857
daily_latest,tmin,2025-02-07,9,9,1,0.42857142857142855
daily_latest,tmin,2025-02-08,9,9,1,0.14285714285714285
daily_latest,tmin,2025-02-09,9,9,1,0.0
daily_latest,tmin,2025-02-10,9,9,1,0.14285714285714285
daily_latest,tmin,2025-02-11,9,9,1,0.0
daily_latest,tmin,2025-02-12,9,9,1,0.0
daily_latest,tmin,2025-02-13,9,9,1,0.42857142857142855
daily_latest,tmin,2025-02-14,9,9,1,0.0
daily_latest,tmin,2025-02-15,9,9,1,0.14285714285714285
daily_latest,tmin,2025-02-16,9,9,1,0.2857142857142857
daily_latest,tmin,2025-02-17,9,9,1,0.14285714285714285
daily_latest,tmin,2025-02-18,9,9,1,0.0
daily_latest,tmin,2025-02-19,9,9,1,0.0
daily_latest,tmin,2025-02-20,9,9,1,0.14285714285714285
daily_latest,tmin,2025-02-21,9,9,1,0.14285714285714285
daily_latest,tmin,2025-02-22,9,9,1,0.0
daily_latest,tmin,2025-02-23,9,9,1,0.0
daily_latest,tmin,2025-02-24,9,9,1,0.0
daily_latest,tmin,2025-02-25,9,9,1,0.0
daily_latest,tmin,2025-02-26,9,9,1,0.0
daily_latest,tmin,2025-02-27,9,9,1,0.0
daily_latest,tmin,2025-02-28,9,9,1,0.0
daily_latest,tmin,2025-03-01,9,9,1,0.0
daily_latest,tmin,2025-03-02,9,9,1,0.0
daily_latest,tmin,2025-03-03,9,9,1,0.0
daily_latest,tmin,2025-03-04,9,9,1,0.2857142857142857
daily_latest,tmin,2025-03-05,9,9,1,0.0
daily_latest,tmin,2025-03-06,9,9,1,0.2857142857142857
daily_latest,tmin,2025-03-07,9,9,1,0.0
daily_latest,tmin,2025-03-08,9,9,1,0.0
daily_latest,tmin,2025-03-09,9,9,1,0.0
daily_latest,tmin,2025-03-10,9,9,1,0.14285714285714285
daily_latest,tmin,2025-03-11,9,9,1,0.14285714285714285
daily_latest,tmin,2025-03-12,9,9,1,0.14285714285714285
daily_latest,tmin,2025-03-13,9,9,1,0.2857142857142857
daily_latest,tmin,2025-03-14,9,9,1,0.0
daily_latest,tmin,2025-03-15,9,9,1,0.0
daily_latest,tmin,2025-03-16,9,9,1,0.0
daily_latest,tmin,2025-03-17,9,9,1,0.0
daily_latest,tmin,2025-03-18,9,9,1,0.0
daily_latest,tmin,2025-03-19,9,9,1,0.0
daily_latest,tmin,2025-03-20,9,9,1,0.0
daily_latest,tmin,2025-03-21,9,9,1,0.0
daily_latest,tmin,2025-03-22,9,9,1,0.0
daily_latest,tmin,2025-03-23,9,9,1,0.0
daily_latest,tmin,2025-03-24,9,9,1,0.14285714285714285
daily_latest,tmin,2025-03-25,9,9,1,0.14285714285714285
daily_latest,tmin,2025-03-26,9,9,1,0.14285714285714285
daily_latest,tmin,2025-03-27,9,9,1,0.14285714285714285
daily_latest,tmin,2025-03-28,9,9,1,0.14285714285714285
daily_latest,tmin,2025-03-29,9,9,1,0.42857142857142855
daily_latest,tmin,2025-03-30,9,9,1,0.2857142857142857
daily_latest,tmin,2025-03-31,9,9,1,0.0
daily_latest,tmin,2025-04-01,9,9,1,0.0
daily_latest,tmin,2025-04-02,9,9,1,0.0
daily_latest,tmin,2025-04-03,9,9,1,0.0
daily_latest,tmin,2025-04-04,9,9,1,0.0
daily_latest,tmin,2025-04-05,9,9,1,0.14285714285714285
daily_latest,tmin,2025-04-06,9,9,1,0.0
daily_latest,tmin,2025-04-07,9,9,1,0.0
daily_latest,tmin,2025-04-08,9,9,1,0.0
daily_latest,tmin,2025-04-09,9,9,1,0.42857142857142855
daily_latest,tmin,2025-04-10,9,9,1,0.14285714285714285
daily_latest,tmin,2025-04-11,9,9,1,0.14285714285714285
daily_latest,tmin,2025-04-12,9,9,1,0.0
daily_latest,tmin,2025-04-13,9,9,1,0.0
daily_latest,tmin,2025-04-14,9,9,1,0.2857142857142857
daily_latest,tmin,2025-04-15,9,9,1,0.0
daily_latest,tmin,2025-04-16,9,9,1,0.0
daily_latest,tmin,2025-04-17,9,9,1,0.0
daily_latest,tmin,2025-04-18,9,9,1,0.0
daily_latest,tmin,2025-04-19,9,9,1,0.0
daily_latest,tmin,2025-04-20,9,9,1,0.0
daily_latest,tmin,2025-04-21,9,9,1,0.0
daily_latest,tmin,2025-04-22,9,9,1,0.0
daily_latest,tmin,2025-04-23,9,9,1,0.14285714285714285
daily_latest,tmin,2025-04-24,9,9,1,0.0
daily_latest,tmin,2025-04-25,9,9,1,0.0
daily_latest,tmin,2025-04-26,9,9,1,0.14285714285714285
daily_latest,tmin,2025-04-27,9,9,1,0.2857142857142857
daily_latest,tmin,2025-04-28,9,9,1,0.2857142857142857
daily_latest,tmin,2025-04-29,9,9,1,0.14285714285714285
daily_latest,tmin,2025-04-30,9,9,1,0.0
daily_latest,tmin,2025-05-01,9,9,1,0.14285714285714285
daily_latest,tmin,2025-05-02,9,9,1,0.14285714285714285
daily_latest,tmin,2025-05-03,9,9,1,0.14285714285714285
daily_latest,tmin,2025-05-04,9,9,1,0.0
daily_latest,tmin,2025-05-05,9,9,1,0.0
daily_latest,tmin,2025-05-06,9,9,1,0.0
daily_latest,tmin,2025-05-07,9,9,1,0.0
daily_latest,tmin,2025-05-08,9,9,1,0.2857142857142857
daily_latest,tmin,2025-05-09,9,9,1,0.14285714285714285
daily_latest,tmin,2025-05-10,9,9,1,0.0
daily_latest,tmin,2025-05-11,9,9,1,0.0
daily_latest,tmin,2025-05-12,9,9,1,0.42857142857142855
daily_latest,tmin,2025-05-13,9,9,1,0.2857142857142857
daily_latest,tmin,2025-05-14,9,9,1,0.0
daily_latest,tmin,2025-05-15,9,9,1,0.14285714285714285
daily_latest,tmin,2025-05-16,9,9,1,0.0
daily_latest,tmin,2025-05-17,9,9,1,0.14285714285714285
daily_latest,tmin,2025-05-18,9,9,1,0.0
daily_latest,tmin,2025-05-19,9,9,1,0.0
daily_latest,tmin,2025-05-20,9,9,1,0.0
daily_latest,tmin,2025-05-21,9,9,1,0.0
daily_latest,tmin,2025-05-22,9,9,1,0.0
daily_latest,tmin,2025-05-23,9,9,1,0.0
daily_latest,tmin,2025-05-24,9,9,1,0.0
daily_latest,tmin,2025-05-25,9,9,1,0.0
daily_latest,tmin,2025-05-26,9,9,1,0.2857142857142857
daily_latest,tmin,2025-05-27,9,9,1,0.0
daily_latest,tmin,2025-05-28,9,9,1,0.2857142857142857
daily_latest,tmin,2025-05-29,9,9,1,0.0
daily_latest,tmin,2025-05-30,9,9,1,0.0
daily_latest,tmin,2025-05-31,9,9,1,0.0
daily_latest,tmin,2025-06-01,9,9,1,0.0
daily_latest,tmin,2025-06-02,9,9,1,0.0
daily_latest,tmin,2025-06-03,9,9,1,0.0
daily_latest,tmin,2025-06-04,9,9,1,0.0
daily_latest,tmin,2025-06-05,9,9,1,0.0
daily_latest,tmin,2025-06-06,9,9,1,0.2857142857142857
daily_latest,tmin,2025-06-07,9,9,1,0.14285714285714285
daily_latest,tmin,2025-06-08,9,9,1,0.0
daily_latest,tmin,2025-06-09,9,9,1,0.0
daily_latest,tmin,2025-06-10,9,9,1,0.0
daily_latest,tmin,2025-06-11,9,9,1,0.0
daily_latest,tmin,2025-06-12,9,9,1,0.0
daily_latest,tmin,2025-06-13,9,9,1,0.0
daily_latest,tmin,2025-06-14,9,9,1,0.0
daily_latest,tmin,2025-06-15,9,9,1,0.0
daily_latest,tmin,2025-06-16,9,9,1,0.0
daily_latest,tmin,2025-06-17,9,9,1,0.14285714285714285
daily_latest,tmin,2025-06-18,9,9,1,0.0
daily_latest,tmin,2025-06-19,9,9,1,0.42857142857142855
daily_latest,tmin,2025-06-20,9,9,1,0.0
daily_latest,tmin,2025-06-21,9,9,1,0.0
daily_latest,tmin,2025-06-22,9,9,1,0.0
daily_latest,tmin,2025-06-23,9,9,1,0.0
daily_latest,tmin,2025-06-24,9,9,1,0.0
daily_latest,tmin,2025-06-25,9,9,1,0.0
daily_latest,tmin,2025-06-26,9,9,1,0.0
daily_latest,tmin,2025-06-27,9,9,1,0.0
daily_latest,tmin,2025-06-28,9,9,1,0.0
daily_latest,tmin,2025-06-29,9,9,1,0.0
daily_latest,tmin,2025-06-30,9,9,1,0.0
daily_latest,tmin,2025-07-01,9,9,1,0.0
daily_latest,tmin,2025-07-02,9,9,1,0.0
daily_latest,tmin,2025-07-03,9,9,1,0.2857142857142857
daily_latest,tmin,2025-07-04,9,9,1,0.42857142857142855
daily_latest,tmin,2025-07-05,9,9,1,0.14285714285714285
daily_latest,tmin,2025-07-06,9,9,1,0.14285714285714285
daily_latest,tmin,2025-07-07,9,9,1,0.14285714285714285
daily_latest,tmin,2025-07-08,9,9,1,0.0
daily_latest,tmin,2025-07-09,9,9,1,0.0
daily_latest,tmin,2025-07-10,9,9,1,0.2857142857142857
daily_latest,tmin,2025-07-11,9,9,1,0.0
daily_latest,tmin,2025-07-12,9,9,1,0.0
daily_latest,tmin,2025-07-13,9,9,1,0.0
daily_latest,tmin,2025-07-14,9,9,1,0.0
daily_latest,tmin,2025-07-15,9,9,1,0.0
daily_latest,tmin,2025-07-16,9,9,1,0.0
daily_latest,tmin,2025-07-17,9,9,1,0.2857142857142857
daily_latest,tmin,2025-07-18,9,9,1,0.0
daily_latest,tmin,2025-07-19,9,9,1,0.0
daily_latest,tmin,2025-07-20,9,9,1,0.0
daily_latest,tmin,2025-07-21,9,9,1,0.14285714285714285
daily_latest,tmin,2025-07-22,9,9,1,0.14285714285714285
daily_latest,tmin,2025-07-23,9,9,1,0.0
daily_latest,tmin,2025-07-24,9,9,1,0.14285714285714285
daily_latest,tmin,2025-07-25,9,9,1,0.2857142857142857
daily_latest,tmin,2025-07-26,9,9,1,0.14285714285714285
daily_latest,tmin,2025-07-27,9,9,1,0.0
daily_latest,tmin,2025-07-28,9,9,1,0.0
daily_latest,tmin,2025-07-29,9,9,1,0.0
daily_latest,tmin,2025-07-30,9,9,1,0.2857142857142857
daily_latest,tmin,2025-07-31,9,9,1,0.42857142857142855
daily_latest,tmin,2025-08-01,9,9,1,0.2857142857142857
daily_latest,tmin,2025-08-02,9,9,1,0.0
daily_latest,tmin,2025-08-03,9,9,1,0.0
daily_latest,tmin,2025-08-04,9,9,1,0.0
daily_latest,tmin,2025-08-05,9,9,1,0.0
daily_latest,tmin,2025-08-06,9,9,1,0.0
daily_latest,tmin,2025-08-07,9,9,1,0.0
daily_latest,tmin,2025-08-08,9,9,1,0.0
daily_latest,tmin,2025-08-09,9,9,1,0.14285714285714285
daily_latest,tmin,2025-08-10,9,9,1,0.14285714285714285
daily_latest,tmin,2025-08-11,9,9,1,0.0
daily_latest,tmin,2025-08-12,9,9,1,0.0
daily_latest,tmin,2025-08-13,9,9,1,0.0
daily_latest,tmin,2025-08-14,9,9,1,0.0
daily_latest,tmin,2025-08-15,9,9,1,0.14285714285714285
daily_latest,tmin,2025-08-16,9,9,1,0.2857142857142857
daily_latest,tmin,2025-08-17,9,9,1,0.14285714285714285
daily_latest,tmin,2025-08-18,9,9,1,0.0
daily_latest,tmin,2025-08-19,9,9,1,0.0
daily_latest,tmin,2025-08-20,9,9,1,0.0
daily_latest,tmin,2025-08-21,9,9,1,0.0
daily_latest,tmin,2025-08-22,9,9,1,0.0
daily_latest,tmin,2025-08-23,9,9,1,0.14285714285714285
daily_latest,tmin,2025-08-24,9,9,1,0.0
daily_latest,tmin,2025-08-25,9,9,1,0.5714285714285714
daily_latest,tmin,2025-08-26,9,9,1,0.14285714285714285
daily_latest,tmin,2025-08-27,9,9,1,0.14285714285714285
daily_latest,tmin,2025-08-28,9,9,1,0.0
daily_latest,tmin,2025-08-29,9,9,1,0.0
daily_latest,tmin,2025-08-30,9,9,1,0.14285714285714285
daily_latest,tmin,2025-08-31,9,9,1,0.14285714285714285
daily_latest,tmin,2025-09-01,9,9,1,0.0
daily_latest,tmin,2025-09-02,9,9,1,0.0
daily_latest,tmin,2025-09-03,9,9,1,0.0
daily_latest,tmin,2025-09-04,9,9,1,0.0
daily_latest,tmin,2025-09-05,9,9,1,0.0
daily_latest,tmin,2025-09-06,9,9,1,0.0
daily_latest,tmin,2025-09-07,9,9,1,0.0
daily_latest,tmin,2025-09-08,9,9,1,0.0
daily_latest,tmin,2025-09-09,9,9,1,0.0
daily_latest,tmin,2025-09-10,9,9,1,0.14285714285714285
daily_latest,tmin,2025-09-11,9,9,1,0.0
daily_latest,tmin,2025-09-12,9,9,1,0.0
daily_latest,tmin,2025-09-13,9,9,1,0.0
daily_latest,tmin,2025-09-14,9,9,1,0.0
daily_latest,tmin,2025-09-15,9,9,1,0.0
daily_latest,tmin,2025-09-16,9,9,1,0.42857142857142855
daily_latest,tmin,2025-09-17,9,9,1,0.14285714285714285
daily_latest,tmin,2025-09-18,9,9,1,0.2857142857142857
daily_latest,tmin,2025-09-19,9,9,1,0.14285714285714285
daily_latest,tmin,2025-09-20,9,9,1,0.14285714285714285
daily_latest,tmin,2025-09-21,9,9,1,0.0
daily_latest,tmin,2025-09-22,9,9,1,0.0
daily_latest,tmin,2025-09-23,9,9,1,0.0
daily_latest,tmin,2025-09-24,9,9,1,0.0
daily_latest,tmin,2025-09-25,9,9,1,0.0
daily_latest,tmin,2025-09-26,9,9,1,0.0
daily_latest,tmin,2025-09-27,9,9,1,0.2857142857142857
daily_latest,tmin,2025-09-28,9,9,1,0.0
daily_latest,tmin,2025-09-29,9,9,1,0.0
daily_latest,tmin,2025-09-30,9,9,1,0.0
daily_latest,tmin,2025-10-01,9,9,1,0.0
daily_latest,tmin,2025-10-02,9,9,1,0.0
daily_latest,tmin,2025-10-03,9,9,1,0.0
daily_latest,tmin,2025-10-04,9,9,1,0.0
daily_latest,tmin,2025-10-05,9,9,1,0.14285714285714285
daily_latest,tmin,2025-10-06,9,9,1,0.0
daily_latest,tmin,2025-10-07,9,9,1,0.14285714285714285
daily_latest,tmin,2025-10-08,9,9,1,0.14285714285714285
daily_latest,tmin,2025-10-09,9,9,1,0.14285714285714285
daily_latest,tmin,2025-10-10,9,9,1,0.2857142857142857
daily_latest,tmin,2025-10-11,9,9,1,0.14285714285714285
daily_latest,tmin,2025-10-12,9,9,1,0.0
daily_latest,tmin,2025-10-13,9,9,1,0.14285714285714285
daily_latest,tmin,2025-10-14,9,9,1,0.14285714285714285
daily_latest,tmin,2025-10-15,9,9,1,0.2857142857142857
daily_latest,tmin,2025-10-16,9,9,1,0.14285714285714285
daily_latest,tmin,2025-10-17,9,9,1,0.0
daily_latest,tmin,2025-10-18,9,9,1,0.0
daily_latest,tmin,2025-10-19,9,9,1,0.0
daily_latest,tmin,2025-10-20,9,9,1,0.0
daily_latest,tmin,2025-10-21,9,9,1,0.0
daily_latest,tmin,2025-10-22,9,9,1,0.0
daily_latest,tmin,2025-10-23,9,9,1,0.2857142857142857
daily_latest,tmin,2025-10-24,9,9,1,0.0
daily_latest,tmin,2025-10-25,9,9,1,0.0
daily_latest,tmin,2025-10-26,9,9,1,0.42857142857142855
daily_latest,tmin,2025-10-27,9,9,1,0.2857142857142857
daily_latest,tmin,2025-10-28,9,9,1,0.2857142857142857
daily_latest,tmin,2025-10-29,9,9,1,0.14285714285714285
daily_latest,tmin,2025-10-30,9,9,1,0.2857142857142857
daily_latest,tmin,2025-10-31,9,9,1,0.0
daily_latest,tmin,2025-11-01,9,9,1,0.0
daily_latest,tmin,2025-11-02,9,9,1,0.0
daily_latest,tmin,2025-11-03,9,9,1,0.14285714285714285
daily_latest,tmin,2025-11-04,9,9,1,0.14285714285714285
daily_latest,tmin,2025-11-05,9,9,1,0.14285714285714285
daily_latest,tmin,2025-11-06,9,9,1,0.14285714285714285
daily_latest,tmin,2025-11-07,9,9,1,0.0
daily_latest,tmin,2025-11-08,9,9,1,0.0
daily_latest,tmin,2025-11-09,9,9,1,0.0
daily_latest,tmin,2025-11-10,9,9,1,0.0
daily_latest,tmin,2025-11-11,9,9,1,0.14285714285714285
daily_latest,tmin,2025-11-12,9,9,1,0.0
daily_latest,tmin,2025-11-13,9,9,1,0.0
daily_latest,tmin,2025-11-14,9,9,1,0.14285714285714285
daily_latest,tmin,2025-11-15,9,9,1,0.14285714285714285
daily_latest,tmin,2025-11-16,9,9,1,0.0
daily_latest,tmin,2025-11-17,9,9,1,0.14285714285714285
daily_latest,tmin,2025-11-18,9,9,1,0.0
daily_latest,tmin,2025-11-19,9,9,1,0.14285714285714285
daily_latest,tmin,2025-11-20,9,9,1,0.2857142857142857
daily_latest,tmin,2025-11-21,9,9,1,0.0
daily_latest,tmin,2025-11-22,9,9,1,0.14285714285714285
daily_latest,tmin,2025-11-23,9,9,1,0.0
daily_latest,tmin,2025-11-24,9,9,1,0.0
daily_latest,tmin,2025-11-25,9,9,1,0.2857142857142857
daily_latest,tmin,2025-11-26,9,9,1,0.0
daily_latest,tmin,2025-11-27,9,9,1,0.0
daily_latest,tmin,2025-11-28,9,9,1,0.0
daily_latest,tmin,2025-11-29,9,9,1,0.14285714285714285
daily_latest,tmin,2025-11-30,9,9,1,0.0
daily_latest,tmin,2025-12-01,9,9,1,0.0
daily_latest,tmin,2025-12-02,9,9,1,0.0
daily_latest,tmin,2025-12-03,9,9,1,0.14285714285714285
daily_latest,tmin,2025-12-04,9,9,1,0.42857142857142855
daily_latest,tmin,2025-12-05,9,9,1,0.5714285714285714
daily_latest,tmin,2025-12-06,9,9,1,0.2857142857142857
daily_latest,tmin,2025-12-07,9,9,1,0.0
daily_latest,tmin,2025-12-08,9,9,1,0.14285714285714285
daily_latest,tmin,2025-12-09,9,9,1,0.0
daily_latest,tmin,2025-12-10,9,9,1,0.7142857142857143
daily_latest,tmin,2025-12-11,9,9,1,0.14285714285714285
daily_latest,tmin,2025-12-12,9,9,1,0.0
daily_latest,tmin,2025-12-13,9,9,1,0.2857142857142857
daily_latest,tmin,2025-12-14,9,9,1,0.0
daily_latest,tmin,2025-12-15,9,9,1,0.0
daily_latest,tmin,2025-12-16,9,9,1,0.14285714285714285
daily_latest,tmin,2025-12-17,9,9,1,0.0
daily_latest,tmin,2025-12-18,9,9,1,0.14285714285714285
daily_latest,tmin,2025-12-19,9,9,1,0.0
daily_latest,tmin,2025-12-20,9,9,1,0.0
daily_latest,tmin,2025-12-21,9,9,1,0.0
daily_latest,tmin,2025-12-22,9,9,1,0.0
daily_latest,tmin,2025-12-23,9,9,1,0.0
daily_latest,tmin,2025-12-24,9,9,1,0.0
daily_latest,tmin,2025-12-25,9,9,1,0.0
daily_latest,tmin,2025-12-26,9,9,1,0.0
daily_latest,tmin,2025-12-27,9,9,1,0.0
daily_latest,tmin,2025-12-28,9,9,1,0.0
daily_latest,tmin,2025-12-29,9,9,1,0.0
daily_latest,tmin,2025-12-30,9,9,1,0.2857142857142857
daily_latest,tmin,2025-12-31,9,9,1,0.14285714285714285
daily_latest,tmax,2022-01-04,3,3,1,0.0
daily_latest,tmax,2022-01-05,4,4,1,0.0
daily_latest,tmax,2022-01-06,5,5,1,0.3333333333333333
daily_latest,tmax,2022-01-07,6,6,1,0.0
daily_latest,tmax,2022-01-08,7,7,1,0.2
daily_latest,tmax,2022-01-09,8,8,1,0.3333333333333333
daily_latest,tmax,2022-01-10,9,9,1,0.0
daily_latest,tmax,2022-01-11,9,9,1,0.14285714285714285
daily_latest,tmax,2022-01-12,9,9,1,0.0
daily_latest,tmax,2022-01-13,9,9,1,0.14285714285714285
daily_latest,tmax,2022-01-14,9,9,1,0.0
daily_latest,tmax,2022-01-15,9,9,1,0.42857142857142855
daily_latest,tmax,2022-01-16,9,9,1,0.14285714285714285
daily_latest,tmax,2022-01-17,9,9,1,0.42857142857142855
daily_latest,tmax,2022-01-18,9,9,1,0.0
daily_latest,tmax,2022-01-19,9,9,1,0.14285714285714285
daily_latest,tmax,2022-01-20,9,9,1,0.14285714285714285
daily_latest,tmax,2022-01-21,9,9,1,0.14285714285714285
daily_latest,tmax,2022-01-22,9,9,1,0.0
daily_latest,tmax,2022-01-23,9,9,1,0.14285714285714285
daily_latest,tmax,2022-01-24,9,9,1,0.14285714285714285
daily_latest,tmax,2022-01-25,9,9,1,0.2857142857142857
daily_latest,tmax,2022-01-26,9,9,1,0.0
daily_latest,tmax,2022-01-27,9,9,1,0.0
daily_latest,tmax,2022-01-28,9,9,1,0.0
daily_latest,tmax,2022-01-29,9,9,1,0.0
daily_latest,tmax,2022-01-30,9,9,1,0.0
daily_latest,tmax,2022-01-31,9,9,1,0.0
daily_latest,tmax,2022-02-01,9,9,1,0.0
daily_latest,tmax,2022-02-02,9,9,1,0.42857142857142855
daily_latest,tmax,2022-02-03,9,9,1,0.42857142857142855
daily_latest,tmax,2022-02-04,9,9,1,0.2857142857142857
daily_latest,tmax,2022-02-05,9,9,1,0.14285714285714285
daily_latest,tmax,2022-02-06,9,9,1,0.0
daily_latest,tmax,2022-02-07,9,9,1,0.14285714285714285
daily_latest,tmax,2022-02-08,9,9,1,0.0
daily_latest,tmax,2022-02-09,9,9,1,0.0
daily_latest,tmax,2022-02-10,9,9,1,0.2857142857142857
daily_latest,tmax,2022-02-11,9,9,1,0.0
daily_latest,tmax,2022-02-12,9,9,1,0.0
daily_latest,tmax,2022-02-13,9,9,1,0.5714285714285714
daily_latest,tmax,2022-02-14,9,9,1,0.0
daily_latest,tmax,2022-02-15,9,9,1,0.0
daily_latest,tmax,2022-02-16,9,9,1,0.2857142857142857
daily_latest,tmax,2022-02-17,9,9,1,0.42857142857142855
daily_latest,tmax,2022-02-18,9,9,1,0.14285714285714285
daily_latest,tmax,2022-02-19,9,9,1,0.0
daily_latest,tmax,2022-02-20,9,9,1,0.0
daily_latest,tmax,2022-02-21,9,9,1,0.0
daily_latest,tmax,2022-02-22,9,9,1,0.0
daily_latest,tmax,2022-02-23,9,9,1,0.2857142857142857
daily_latest,tmax,2022-02-24,9,9,1,0.14285714285714285
daily_latest,tmax,2022-02-25,9,9,1,0.14285714285714285
daily_latest,tmax,2022-02-26,9,9,1,0.0
daily_latest,tmax,2022-02-27,9,9,1,0.14285714285714285
daily_latest,tmax,2022-02-28,9,9,1,0.14285714285714285
daily_latest,tmax,2022-03-01,9,9,1,0.0
daily_latest,tmax,2022-03-02,9,9,1,0.14285714285714285
daily_latest,tmax,2022-03-03,9,9,1,0.42857142857142855
daily_latest,tmax,2022-03-04,9,9,1,0.14285714285714285
daily_latest,tmax,2022-03-05,9,9,1,0.0
daily_latest,tmax,2022-03-06,9,9,1,0.14285714285714285
daily_latest,tmax,2022-03-07,9,9,1,0.0
daily_latest,tmax,2022-03-08,9,9,1,0.0
daily_latest,tmax,2022-03-09,9,9,1,0.14285714285714285
daily_latest,tmax,2022-03-10,9,9,1,0.0
daily_latest,tmax,2022-03-11,9,9,1,0.0
daily_latest,tmax,2022-03-12,9,9,1,0.0
daily_latest,tmax,2022-03-13,9,9,1,0.0
daily_latest,tmax,2022-03-14,9,9,1,0.14285714285714285
daily_latest,tmax,2022-03-15,9,9,1,0.0
daily_latest,tmax,2022-03-16,9,9,1,0.14285714285714285
daily_latest,tmax,2022-03-17,9,9,1,0.2857142857142857
daily_latest,tmax,2022-03-18,9,9,1,0.0
daily_latest,tmax,2022-03-19,9,9,1,0.14285714285714285
daily_latest,tmax,2022-03-20,9,9,1,0.2857142857142857
daily_latest,tmax,2022-03-21,9,9,1,0.2857142857142857
daily_latest,tmax,2022-03-22,9,9,1,0.42857142857142855
daily_latest,tmax,2022-03-23,9,9,1,0.42857142857142855
daily_latest,tmax,2022-03-24,9,9,1,0.42857142857142855
daily_latest,tmax,2022-03-25,9,9,1,0.2857142857142857
daily_latest,tmax,2022-03-26,9,9,1,0.5714285714285714
daily_latest,tmax,2022-03-27,9,9,1,0.42857142857142855
daily_latest,tmax,2022-03-28,9,9,1,0.0
daily_latest,tmax,2022-03-29,9,9,1,0.2857142857142857
daily_latest,tmax,2022-03-30,9,9,1,0.42857142857142855
daily_latest,tmax,2022-03-31,9,9,1,0.0
daily_latest,tmax,2022-04-01,9,9,1,0.14285714285714285
daily_latest,tmax,2022-04-02,9,9,1,0.0
daily_latest,tmax,2022-04-03,9,9,1,0.14285714285714285
daily_latest,tmax,2022-04-04,9,9,1,0.14285714285714285
daily_latest,tmax,2022-04-05,9,9,1,0.14285714285714285
daily_latest,tmax,2022-04-06,9,9,1,0.2857142857142857
daily_latest,tmax,2022-04-07,9,9,1,0.0
daily_latest,tmax,2022-04-08,9,9,1,0.0
daily_latest,tmax,2022-04-09,9,9,1,0.14285714285714285
daily_latest,tmax,2022-04-10,9,9,1,0.14285714285714285
daily_latest,tmax,2022-04-11,9,9,1,0.14285714285714285
daily_latest,tmax,2022-04-12,9,9,1,0.0
daily_latest,tmax,2022-04-13,9,9,1,0.0
daily_latest,tmax,2022-04-14,9,9,1,0.14285714285714285
daily_latest,tmax,2022-04-15,9,9,1,0.42857142857142855
daily_latest,tmax,2022-04-16,9,9,1,0.2857142857142857
daily_latest,tmax,2022-04-17,9,9,1,0.2857142857142857
daily_latest,tmax,2022-04-18,9,9,1,0.42857142857142855
daily_latest,tmax,2022-04-19,9,9,1,0.14285714285714285
daily_latest,tmax,2022-04-20,9,9,1,0.0
daily_latest,tmax,2022-04-21,9,9,1,0.2857142857142857
daily_latest,tmax,2022-04-22,9,9,1,0.14285714285714285
daily_latest,tmax,2022-04-23,9,9,1,0.14285714285714285
daily_latest,tmax,2022-04-24,9,9,1,0.42857142857142855
daily_latest,tmax,2022-04-25,9,9,1,0.0
daily_latest,tmax,2022-04-26,9,9,1,0.0
daily_latest,tmax,2022-04-27,9,9,1,0.0
daily_latest,tmax,2022-04-28,9,9,1,0.14285714285714285
daily_latest,tmax,2022-04-29,9,9,1,0.0
daily_latest,tmax,2022-04-30,9,9,1,0.2857142857142857
daily_latest,tmax,2022-05-01,9,9,1,0.0
daily_latest,tmax,2022-05-02,9,9,1,0.0
daily_latest,tmax,2022-05-03,9,9,1,0.5714285714285714
daily_latest,tmax,2022-05-04,9,9,1,0.42857142857142855
daily_latest,tmax,2022-05-05,9,9,1,0.2857142857142857
daily_latest,tmax,2022-05-06,9,9,1,0.0
daily_latest,tmax,2022-05-07,9,9,1,0.14285714285714285
daily_latest,tmax,2022-05-08,9,9,1,0.0
daily_latest,tmax,2022-05-09,9,9,1,0.0
daily_latest,tmax,2022-05-10,9,9,1,0.0
daily_latest,tmax,2022-05-11,9,9,1,0.2857142857142857
daily_latest,tmax,2022-05-12,9,9,1,0.42857142857142855
daily_latest,tmax,2022-05-13,9,9,1,0.42857142857142855
daily_latest,tmax,2022-05-14,9,9,1,0.5714285714285714
daily_latest,tmax,2022-05-15,9,9,1,0.42857142857142855
daily_latest,tmax,2022-05-16,9,9,1,0.0
daily_latest,tmax,2022-05-17,9,9,1,0.2857142857142857
daily_latest,tmax,2022-05-18,9,9,1,0.0
daily_latest,tmax,2022-05-19,9,9,1,0.14285714285714285
daily_latest,tmax,2022-05-20,9,9,1,0.14285714285714285
daily_latest,tmax,2022-05-21,9,9,1,0.14285714285714285
daily_latest,tmax,2022-05-22,9,9,1,0.14285714285714285
daily_latest,tmax,2022-05-23,9,9,1,0.42857142857142855
daily_latest,tmax,2022-05-24,9,9,1,0.14285714285714285
daily_latest,tmax,2022-05-25,9,9,1,0.14285714285714285
daily_latest,tmax,2022-05-26,9,9,1,0.14285714285714285
daily_latest,tmax,2022-05-27,9,9,1,0.14285714285714285
daily_latest,tmax,2022-05-28,9,9,1,0.14285714285714285
daily_latest,tmax,2022-05-29,9,9,1,0.0
daily_latest,tmax,2022-05-30,9,9,1,0.14285714285714285
daily_latest,tmax,2022-05-31,9,9,1,0.0
daily_latest,tmax,2022-06-01,9,9,1,0.14285714285714285
daily_latest,tmax,2022-06-02,9,9,1,0.0
daily_latest,tmax,2022-06-03,9,9,1,0.14285714285714285
daily_latest,tmax,2022-06-04,9,9,1,0.14285714285714285
daily_latest,tmax,2022-06-05,9,9,1,0.0
daily_latest,tmax,2022-06-06,9,9,1,0.2857142857142857
daily_latest,tmax,2022-06-07,9,9,1,0.0
daily_latest,tmax,2022-06-08,9,9,1,0.14285714285714285
daily_latest,tmax,2022-06-09,9,9,1,0.0
daily_latest,tmax,2022-06-10,9,9,1,0.0
daily_latest,tmax,2022-06-11,9,9,1,0.14285714285714285
daily_latest,tmax,2022-06-12,9,9,1,0.42857142857142855
daily_latest,tmax,2022-06-13,9,9,1,0.0
daily_latest,tmax,2022-06-14,9,9,1,0.2857142857142857
daily_latest,tmax,2022-06-15,9,9,1,0.0
daily_latest,tmax,2022-06-16,9,9,1,0.42857142857142855
daily_latest,tmax,2022-06-17,9,9,1,0.0
daily_latest,tmax,2022-06-18,9,9,1,0.14285714285714285
daily_latest,tmax,2022-06-19,9,9,1,0.14285714285714285
daily_latest,tmax,2022-06-20,9,9,1,0.14285714285714285
daily_latest,tmax,2022-06-21,9,9,1,0.14285714285714285
daily_latest,tmax,2022-06-22,9,9,1,0.0
daily_latest,tmax,2022-06-23,9,9,1,0.0
daily_latest,tmax,2022-06-24,9,9,1,0.0
daily_latest,tmax,2022-06-25,9,9,1,0.0
daily_latest,tmax,2022-06-26,9,9,1,0.0
daily_latest,tmax,2022-06-27,9,9,1,0.0
daily_latest,tmax,2022-06-28,9,9,1,0.0
daily_latest,tmax,2022-06-29,9,9,1,0.0
daily_latest,tmax,2022-06-30,9,9,1,0.0
daily_latest,tmax,2022-07-01,9,9,1,0.0
daily_latest,tmax,2022-07-02,9,9,1,0.0
daily_latest,tmax,2022-07-03,9,9,1,0.14285714285714285
daily_latest,tmax,2022-07-04,9,9,1,0.2857142857142857
daily_latest,tmax,2022-07-05,9,9,1,0.14285714285714285
daily_latest,tmax,2022-07-06,9,9,1,0.0
daily_latest,tmax,2022-07-07,9,9,1,0.14285714285714285
daily_latest,tmax,2022-07-08,9,9,1,0.0
daily_latest,tmax,2022-07-09,9,9,1,0.0
daily_latest,tmax,2022-07-10,9,9,1,0.0
daily_latest,tmax,2022-07-11,9,9,1,0.0
daily_latest,tmax,2022-07-12,9,9,1,0.0
daily_latest,tmax,2022-07-13,9,9,1,0.14285714285714285
daily_latest,tmax,2022-07-14,9,9,1,0.14285714285714285
daily_latest,tmax,2022-07-15,9,9,1,0.0
daily_latest,tmax,2022-07-16,9,9,1,0.0
daily_latest,tmax,2022-07-17,9,9,1,0.0
daily_latest,tmax,2022-07-18,9,9,1,0.14285714285714285
daily_latest,tmax,2022-07-19,9,9,1,0.14285714285714285
daily_latest,tmax,2022-07-20,9,9,1,0.0
daily_latest,tmax,2022-07-21,9,9,1,0.0
daily_latest,tmax,2022-07-22,9,9,1,0.0
daily_latest,tmax,2022-07-23,9,9,1,0.0
daily_latest,tmax,2022-07-24,9,9,1,0.0
daily_latest,tmax,2022-07-25,9,9,1,0.0
daily_latest,tmax,2022-07-26,9,9,1,0.0
daily_latest,tmax,2022-07-27,9,9,1,0.0
daily_latest,tmax,2022-07-28,9,9,1,0.0
daily_latest,tmax,2022-07-29,9,9,1,0.0
daily_latest,tmax,2022-07-30,9,9,1,0.0
daily_latest,tmax,2022-07-31,9,9,1,0.14285714285714285
daily_latest,tmax,2022-08-01,9,9,1,0.0
daily_latest,tmax,2022-08-02,9,9,1,0.0
daily_latest,tmax,2022-08-03,9,9,1,0.14285714285714285
daily_latest,tmax,2022-08-04,9,9,1,0.14285714285714285
daily_latest,tmax,2022-08-05,9,9,1,0.14285714285714285
daily_latest,tmax,2022-08-06,9,9,1,0.0
daily_latest,tmax,2022-08-07,9,9,1,0.0
daily_latest,tmax,2022-08-08,9,9,1,0.0
daily_latest,tmax,2022-08-09,9,9,1,0.0
daily_latest,tmax,2022-08-10,9,9,1,0.2857142857142857
daily_latest,tmax,2022-08-11,9,9,1,0.42857142857142855
daily_latest,tmax,2022-08-12,9,9,1,0.0
daily_latest,tmax,2022-08-13,9,9,1,0.2857142857142857
daily_latest,tmax,2022-08-14,9,9,1,0.14285714285714285
daily_latest,tmax,2022-08-15,9,9,1,0.2857142857142857
daily_latest,tmax,2022-08-16,9,9,1,0.5714285714285714
daily_latest,tmax,2022-08-17,9,9,1,0.0
daily_latest,tmax,2022-08-18,9,9,1,0.0
daily_latest,tmax,2022-08-19,9,9,1,0.2857142857142857
daily_latest,tmax,2022-08-20,9,9,1,0.2857142857142857
daily_latest,tmax,2022-08-21,9,9,1,0.14285714285714285
daily_latest,tmax,2022-08-22,9,9,1,0.0
daily_latest,tmax,2022-08-23,9,9,1,0.0
daily_latest,tmax,2022-08-24,9,9,1,0.14285714285714285
daily_latest,tmax,2022-08-25,9,9,1,0.14285714285714285
daily_latest,tmax,2022-08-26,9,9,1,0.2857142857142857
daily_latest,tmax,2022-08-27,9,9,1,0.0
daily_latest,tmax,2022-08-28,9,9,1,0.0
daily_latest,tmax,2022-08-29,9,9,1,0.0
daily_latest,tmax,2022-08-30,9,9,1,0.2857142857142857
daily_latest,tmax,2022-08-31,9,9,1,0.2857142857142857
daily_latest,tmax,2022-09-01,9,9,1,0.2857142857142857
daily_latest,tmax,2022-09-02,9,9,1,0.42857142857142855
daily_latest,tmax,2022-09-03,9,9,1,0.2857142857142857
daily_latest,tmax,2022-09-04,9,9,1,0.14285714285714285
daily_latest,tmax,2022-09-05,9,9,1,0.0
daily_latest,tmax,2022-09-06,9,9,1,0.0
daily_latest,tmax,2022-09-07,9,9,1,0.14285714285714285
daily_latest,tmax,2022-09-08,9,9,1,0.2857142857142857
daily_latest,tmax,2022-09-09,9,9,1,0.0
daily_latest,tmax,2022-09-10,9,9,1,0.2857142857142857
daily_latest,tmax,2022-09-11,9,9,1,0.2857142857142857
daily_latest,tmax,2022-09-12,9,9,1,0.42857142857142855
daily_latest,tmax,2022-09-13,9,9,1,0.0
daily_latest,tmax,2022-09-14,9,9,1,0.0
daily_latest,tmax,2022-09-15,9,9,1,0.0
daily_latest,tmax,2022-09-16,9,9,1,0.0
daily_latest,tmax,2022-09-17,9,9,1,0.0
daily_latest,tmax,2022-09-18,9,9,1,0.14285714285714285
daily_latest,tmax,2022-09-19,9,9,1,0.0
daily_latest,tmax,2022-09-20,9,9,1,0.0
daily_latest,tmax,2022-09-21,9,9,1,0.42857142857142855
daily_latest,tmax,2022-09-22,9,9,1,0.14285714285714285
daily_latest,tmax,2022-09-23,9,9,1,0.14285714285714285
daily_latest,tmax,2022-09-24,9,9,1,0.0
daily_latest,tmax,2022-09-25,9,9,1,0.14285714285714285
daily_latest,tmax,2022-09-26,9,9,1,0.42857142857142855
daily_latest,tmax,2022-09-27,9,9,1,0.42857142857142855
daily_latest,tmax,2022-09-28,9,9,1,0.2857142857142857
daily_latest,tmax,2022-09-29,9,9,1,0.2857142857142857
daily_latest,tmax,2022-09-30,9,9,1,0.5714285714285714
daily_latest,tmax,2022-10-01,9,9,1,0.42857142857142855
daily_latest,tmax,2022-10-02,9,9,1,0.0
daily_latest,tmax,2022-10-03,9,9,1,0.0
daily_latest,tmax,2022-10-04,9,9,1,0.0
daily_latest,tmax,2022-10-05,9,9,1,0.2857142857142857
daily_latest,tmax,2022-10-06,9,9,1,0.2857142857142857
daily_latest,tmax,2022-10-07,9,9,1,0.14285714285714285
daily_latest,tmax,2022-10-08,9,9,1,0.0
daily_latest,tmax,2022-10-09,9,9,1,0.0
daily_latest,tmax,2022-10-10,9,9,1,0.0
daily_latest,tmax,2022-10-11,9,9,1,0.0
daily_latest,tmax,2022-10-12,9,9,1,0.2857142857142857
daily_latest,tmax,2022-10-13,9,9,1,0.14285714285714285
daily_latest,tmax,2022-10-14,9,9,1,0.2857142857142857
daily_latest,tmax,2022-10-15,9,9,1,0.0
daily_latest,tmax,2022-10-16,9,9,1,0.14285714285714285
daily_latest,tmax,2022-10-17,9,9,1,0.0
daily_latest,tmax,2022-10-18,9,9,1,0.0
daily_latest,tmax,2022-10-19,9,9,1,0.14285714285714285
daily_latest,tmax,2022-10-20,9,9,1,0.14285714285714285
daily_latest,tmax,2022-10-21,9,9,1,0.14285714285714285
daily_latest,tmax,2022-10-22,9,9,1,0.0
daily_latest,tmax,2022-10-23,9,9,1,0.14285714285714285
daily_latest,tmax,2022-10-24,9,9,1,0.0
daily_latest,tmax,2022-10-25,9,9,1,0.14285714285714285
daily_latest,tmax,2022-10-26,9,9,1,0.0
daily_latest,tmax,2022-10-27,9,9,1,0.0
daily_latest,tmax,2022-10-28,9,9,1,0.42857142857142855
daily_latest,tmax,2022-10-29,9,9,1,0.0
daily_latest,tmax,2022-10-30,9,9,1,0.0
daily_latest,tmax,2022-10-31,9,9,1,0.2857142857142857
daily_latest,tmax,2022-11-01,9,9,1,0.2857142857142857
daily_latest,tmax,2022-11-02,9,9,1,0.0
daily_latest,tmax,2022-11-03,9,9,1,0.0
daily_latest,tmax,2022-11-04,9,9,1,0.2857142857142857
daily_latest,tmax,2022-11-05,9,9,1,0.2857142857142857
daily_latest,tmax,2022-11-06,9,9,1,0.5714285714285714
daily_latest,tmax,2022-11-07,9,9,1,0.5714285714285714
daily_latest,tmax,2022-11-08,9,9,1,0.14285714285714285
daily_latest,tmax,2022-11-09,9,9,1,0.42857142857142855
daily_latest,tmax,2022-11-10,9,9,1,0.14285714285714285
daily_latest,tmax,2022-11-11,9,9,1,0.14285714285714285
daily_latest,tmax,2022-11-12,9,9,1,0.2857142857142857
daily_latest,tmax,2022-11-13,9,9,1,0.0
daily_latest,tmax,2022-11-14,9,9,1,0.14285714285714285
daily_latest,tmax,2022-11-15,9,9,1,0.0
daily_latest,tmax,2022-11-16,9,9,1,0.14285714285714285
daily_latest,tmax,2022-11-17,9,9,1,0.2857142857142857
daily_latest,tmax,2022-11-18,9,9,1,0.2857142857142857
daily_latest,tmax,2022-11-19,9,9,1,0.0
daily_latest,tmax,2022-11-20,9,9,1,0.14285714285714285
daily_latest,tmax,2022-11-21,9,9,1,0.0
daily_latest,tmax,2022-11-22,9,9,1,0.2857142857142857
daily_latest,tmax,2022-11-23,9,9,1,0.14285714285714285
daily_latest,tmax,2022-11-24,9,9,1,0.0
daily_latest,tmax,2022-11-25,9,9,1,0.14285714285714285
daily_latest,tmax,2022-11-26,9,9,1,0.2857142857142857
daily_latest,tmax,2022-11-27,9,9,1,0.2857142857142857
daily_latest,tmax,2022-11-28,9,9,1,0.14285714285714285
daily_latest,tmax,2022-11-29,9,9,1,0.0
daily_latest,tmax,2022-11-30,9,9,1,0.14285714285714285
daily_latest,tmax,2022-12-01,9,9,1,0.14285714285714285
daily_latest,tmax,2022-12-02,9,9,1,0.14285714285714285
daily_latest,tmax,2022-12-03,9,9,1,0.2857142857142857
daily_latest,tmax,2022-12-04,9,9,1,0.2857142857142857
daily_latest,tmax,2022-12-05,9,9,1,0.2857142857142857
daily_latest,tmax,2022-12-06,9,9,1,0.5714285714285714
daily_latest,tmax,2022-12-07,9,9,1,0.14285714285714285
daily_latest,tmax,2022-12-08,9,9,1,0.0
daily_latest,tmax,2022-12-09,9,9,1,0.0
daily_latest,tmax,2022-12-10,9,9,1,0.0
daily_latest,tmax,2022-12-11,9,9,1,0.14285714285714285
daily_latest,tmax,2022-12-12,9,9,1,0.2857142857142857
daily_latest,tmax,2022-12-13,9,9,1,0.14285714285714285
daily_latest,tmax,2022-12-14,9,9,1,0.0
daily_latest,tmax,2022-12-15,9,9,1,0.0
daily_latest,tmax,2022-12-16,9,9,1,0.0
daily_latest,tmax,2022-12-17,9,9,1,0.14285714285714285
daily_latest,tmax,2022-12-18,9,9,1,0.0
daily_latest,tmax,2022-12-19,9,9,1,0.0
daily_latest,tmax,2022-12-20,9,9,1,0.2857142857142857
daily_latest,tmax,2022-12-21,9,9,1,0.0
daily_latest,tmax,2022-12-22,9,9,1,0.14285714285714285
daily_latest,tmax,2022-12-23,9,9,1,0.14285714285714285
daily_latest,tmax,2022-12-24,9,9,1,0.2857142857142857
daily_latest,tmax,2022-12-25,9,9,1,0.0
daily_latest,tmax,2022-12-26,9,9,1,0.0
daily_latest,tmax,2022-12-27,9,9,1,0.2857142857142857
daily_latest,tmax,2022-12-28,9,9,1,0.14285714285714285
daily_latest,tmax,2022-12-29,9,9,1,0.0
daily_latest,tmax,2022-12-30,9,9,1,0.0
daily_latest,tmax,2022-12-31,9,9,1,0.14285714285714285
daily_latest,tmax,2023-01-01,9,9,1,0.5714285714285714
daily_latest,tmax,2023-01-02,9,9,1,0.14285714285714285
daily_latest,tmax,2023-01-03,9,9,1,0.2857142857142857
daily_latest,tmax,2023-01-04,9,9,1,0.0
daily_latest,tmax,2023-01-05,9,9,1,0.0
daily_latest,tmax,2023-01-06,9,9,1,0.14285714285714285
daily_latest,tmax,2023-01-07,9,9,1,0.0
daily_latest,tmax,2023-01-08,9,9,1,0.0
daily_latest,tmax,2023-01-09,9,9,1,0.2857142857142857
daily_latest,tmax,2023-01-10,9,9,1,0.0
daily_latest,tmax,2023-01-11,9,9,1,0.42857142857142855
daily_latest,tmax,2023-01-12,9,9,1,0.0
daily_latest,tmax,2023-01-13,9,9,1,0.14285714285714285
daily_latest,tmax,2023-01-14,9,9,1,0.0
daily_latest,tmax,2023-01-15,9,9,1,0.0
daily_latest,tmax,2023-01-16,9,9,1,0.0
daily_latest,tmax,2023-01-17,9,9,1,0.14285714285714285
daily_latest,tmax,2023-01-18,9,9,1,0.14285714285714285
daily_latest,tmax,2023-01-19,9,9,1,0.0
daily_latest,tmax,2023-01-20,9,9,1,0.0
daily_latest,tmax,2023-01-21,9,9,1,0.0
daily_latest,tmax,2023-01-22,9,9,1,0.42857142857142855
daily_latest,tmax,2023-01-23,9,9,1,0.0
daily_latest,tmax,2023-01-24,9,9,1,0.42857142857142855
daily_latest,tmax,2023-01-25,9,9,1,0.0
daily_latest,tmax,2023-01-26,9,9,1,0.0
daily_latest,tmax,2023-01-27,9,9,1,0.0
daily_latest,tmax,2023-01-28,9,9,1,0.0
daily_latest,tmax,2023-01-29,9,9,1,0.14285714285714285
daily_latest,tmax,2023-01-30,9,9,1,0.14285714285714285
daily_latest,tmax,2023-01-31,9,9,1,0.2857142857142857
daily_latest,tmax,2023-02-01,9,9,1,0.2857142857142857
daily_latest,tmax,2023-02-02,9,9,1,0.42857142857142855
daily_latest,tmax,2023-02-03,9,9,1,0.14285714285714285
daily_latest,tmax,2023-02-04,9,9,1,0.2857142857142857
daily_latest,tmax,2023-02-05,9,9,1,0.14285714285714285
daily_latest,tmax,2023-02-06,9,9,1,0.14285714285714285
daily_latest,tmax,2023-02-07,9,9,1,0.0
daily_latest,tmax,2023-02-08,9,9,1,0.0
daily_latest,tmax,2023-02-09,9,9,1,0.14285714285714285
daily_latest,tmax,2023-02-10,9,9,1,0.0
daily_latest,tmax,2023-02-11,9,9,1,0.0
daily_latest,tmax,2023-02-12,9,9,1,0.14285714285714285
daily_latest,tmax,2023-02-13,9,9,1,0.0
daily_latest,tmax,2023-02-14,9,9,1,0.2857142857142857
daily_latest,tmax,2023-02-15,9,9,1,0.14285714285714285
daily_latest,tmax,2023-02-16,9,9,1,0.14285714285714285
daily_latest,tmax,2023-02-17,9,9,1,0.2857142857142857
daily_latest,tmax,2023-02-18,9,9,1,0.0
daily_latest,tmax,2023-02-19,9,9,1,0.0
daily_latest,tmax,2023-02-20,9,9,1,0.0
daily_latest,tmax,2023-02-21,9,9,1,0.14285714285714285
daily_latest,tmax,2023-02-22,9,9,1,0.14285714285714285
daily_latest,tmax,2023-02-23,9,9,1,0.0
daily_latest,tmax,2023-02-24,9,9,1,0.0
daily_latest,tmax,2023-02-25,9,9,1,0.2857142857142857
daily_latest,tmax,2023-02-26,9,9,1,0.0
daily_latest,tmax,2023-02-27,9,9,1,0.14285714285714285
daily_latest,tmax,2023-02-28,9,9,1,0.5714285714285714
daily_latest,tmax,2023-03-01,9,9,1,0.2857142857142857
daily_latest,tmax,2023-03-02,9,9,1,0.14285714285714285
daily_latest,tmax,2023-03-03,9,9,1,0.14285714285714285
daily_latest,tmax,2023-03-04,9,9,1,0.0
daily_latest,tmax,2023-03-05,9,9,1,0.0
daily_latest,tmax,2023-03-06,9,9,1,0.0
daily_latest,tmax,2023-03-07,9,9,1,0.0
daily_latest,tmax,2023-03-08,9,9,1,0.0
daily_latest,tmax,2023-03-09,9,9,1,0.2857142857142857
daily_latest,tmax,2023-03-10,9,9,1,0.0
daily_latest,tmax,2023-03-11,9,9,1,0.14285714285714285
daily_latest,tmax,2023-03-12,9,9,1,0.0
daily_latest,tmax,2023-03-13,9,9,1,0.0
daily_latest,tmax,2023-03-14,9,9,1,0.0
daily_latest,tmax,2023-03-15,9,9,1,0.0
daily_latest,tmax,2023-03-16,9,9,1,0.14285714285714285
daily_latest,tmax,2023-03-17,9,9,1,0.14285714285714285
daily_latest,tmax,2023-03-18,9,9,1,0.14285714285714285
daily_latest,tmax,2023-03-19,9,9,1,0.2857142857142857
daily_latest,tmax,2023-03-20,9,9,1,0.2857142857142857
daily_latest,tmax,2023-03-21,9,9,1,0.0
daily_latest,tmax,2023-03-22,9,9,1,0.2857142857142857
daily_latest,tmax,2023-03-23,9,9,1,0.0
daily_latest,tmax,2023-03-24,9,9,1,0.14285714285714285
daily_latest,tmax,2023-03-25,9,9,1,0.42857142857142855
daily_latest,tmax,2023-03-26,9,9,1,0.0
daily_latest,tmax,2023-03-27,9,9,1,0.0
daily_latest,tmax,2023-03-28,9,9,1,0.2857142857142857
daily_latest,tmax,2023-03-29,9,9,1,0.2857142857142857
daily_latest,tmax,2023-03-30,9,9,1,0.14285714285714285
daily_latest,tmax,2023-03-31,9,9,1,0.2857142857142857
daily_latest,tmax,2023-04-01,9,9,1,0.14285714285714285
daily_latest,tmax,2023-04-02,9,9,1,0.14285714285714285
daily_latest,tmax,2023-04-03,9,9,1,0.0
daily_latest,tmax,2023-04-04,9,9,1,0.2857142857142857
daily_latest,tmax,2023-04-05,9,9,1,0.7142857142857143
daily_latest,tmax,2023-04-06,9,9,1,0.14285714285714285
daily_latest,tmax,2023-04-07,9,9,1,0.14285714285714285
daily_latest,tmax,2023-04-08,9,9,1,0.2857142857142857
daily_latest,tmax,2023-04-09,9,9,1,0.14285714285714285
daily_latest,tmax,2023-04-10,9,9,1,0.2857142857142857
daily_latest,tmax,2023-04-11,9,9,1,0.14285714285714285
daily_latest,tmax,2023-04-12,9,9,1,0.0
daily_latest,tmax,2023-04-13,9,9,1,0.14285714285714285
daily_latest,tmax,2023-04-14,9,9,1,0.0
daily_latest,tmax,2023-04-15,9,9,1,0.0
daily_latest,tmax,2023-04-16,9,9,1,0.2857142857142857
daily_latest,tmax,2023-04-17,9,9,1,0.0
daily_latest,tmax,2023-04-18,9,9,1,0.0
daily_latest,tmax,2023-04-19,9,9,1,0.0
daily_latest,tmax,2023-04-20,9,9,1,0.0
daily_latest,tmax,2023-04-21,9,9,1,0.2857142857142857
daily_latest,tmax,2023-04-22,9,9,1,0.2857142857142857
daily_latest,tmax,2023-04-23,9,9,1,0.2857142857142857
daily_latest,tmax,2023-04-24,9,9,1,0.2857142857142857
daily_latest,tmax,2023-04-25,9,9,1,0.42857142857142855
daily_latest,tmax,2023-04-26,9,9,1,0.2857142857142857
daily_latest,tmax,2023-04-27,9,9,1,0.0
daily_latest,tmax,2023-04-28,9,9,1,0.0
daily_latest,tmax,2023-04-29,9,9,1,0.14285714285714285
daily_latest,tmax,2023-04-30,9,9,1,0.14285714285714285
daily_latest,tmax,2023-05-01,9,9,1,0.14285714285714285
daily_latest,tmax,2023-05-02,9,9,1,0.0
daily_latest,tmax,2023-05-03,9,9,1,0.5714285714285714
daily_latest,tmax,2023-05-04,9,9,1,0.2857142857142857
daily_latest,tmax,2023-05-05,9,9,1,0.2857142857142857
daily_latest,tmax,2023-05-06,9,9,1,0.14285714285714285
daily_latest,tmax,2023-05-07,9,9,1,0.14285714285714285
daily_latest,tmax,2023-05-08,9,9,1,0.2857142857142857
daily_latest,tmax,2023-05-09,9,9,1,0.2857142857142857
daily_latest,tmax,2023-05-10,9,9,1,0.0
daily_latest,tmax,2023-05-11,9,9,1,0.0
daily_latest,tmax,2023-05-12,9,9,1,0.2857142857142857
daily_latest,tmax,2023-05-13,9,9,1,0.14285714285714285
daily_latest,tmax,2023-05-14,9,9,1,0.0
daily_latest,tmax,2023-05-15,9,9,1,0.0
daily_latest,tmax,2023-05-16,9,9,1,0.0
daily_latest,tmax,2023-05-17,9,9,1,0.0
daily_latest,tmax,2023-05-18,9,9,1,0.14285714285714285
daily_latest,tmax,2023-05-19,9,9,1,0.14285714285714285
daily_latest,tmax,2023-05-20,9,9,1,0.14285714285714285
daily_latest,tmax,2023-05-21,9,9,1,0.0
daily_latest,tmax,2023-05-22,9,9,1,0.0
daily_latest,tmax,2023-05-23,9,9,1,0.14285714285714285
daily_latest,tmax,2023-05-24,9,9,1,0.42857142857142855
daily_latest,tmax,2023-05-25,9,9,1,0.42857142857142855
daily_latest,tmax,2023-05-26,9,9,1,0.42857142857142855
daily_latest,tmax,2023-05-27,9,9,1,0.2857142857142857
daily_latest,tmax,2023-05-28,9,9,1,0.0
daily_latest,tmax,2023-05-29,9,9,1,0.0
daily_latest,tmax,2023-05-30,9,9,1,0.0
daily_latest,tmax,2023-05-31,9,9,1,0.0
daily_latest,tmax,2023-06-01,9,9,1,0.0
daily_latest,tmax,2023-06-02,9,9,1,0.0
daily_latest,tmax,2023-06-03,9,9,1,0.0
daily_latest,tmax,2023-06-04,9,9,1,0.14285714285714285
daily_latest,tmax,2023-06-05,9,9,1,0.0
daily_latest,tmax,2023-06-06,9,9,1,0.14285714285714285
daily_latest,tmax,2023-06-07,9,9,1,0.14285714285714285
daily_latest,tmax,2023-06-08,9,9,1,0.0
daily_latest,tmax,2023-06-09,9,9,1,0.0
daily_latest,tmax,2023-06-10,9,9,1,0.2857142857142857
daily_latest,tmax,2023-06-11,9,9,1,0.0
daily_latest,tmax,2023-06-12,9,9,1,0.0
daily_latest,tmax,2023-06-13,9,9,1,0.14285714285714285
daily_latest,tmax,2023-06-14,9,9,1,0.42857142857142855
daily_latest,tmax,2023-06-15,9,9,1,0.0
daily_latest,tmax,2023-06-16,9,9,1,0.0
daily_latest,tmax,2023-06-17,9,9,1,0.2857142857142857
daily_latest,tmax,2023-06-18,9,9,1,0.0
daily_latest,tmax,2023-06-19,9,9,1,0.14285714285714285
daily_latest,tmax,2023-06-20,9,9,1,0.14285714285714285
daily_latest,tmax,2023-06-21,9,9,1,0.2857142857142857
daily_latest,tmax,2023-06-22,9,9,1,0.0
daily_latest,tmax,2023-06-23,9,9,1,0.42857142857142855
daily_latest,tmax,2023-06-24,9,9,1,0.0
daily_latest,tmax,2023-06-25,9,9,1,0.14285714285714285
daily_latest,tmax,2023-06-26,9,9,1,0.0
daily_latest,tmax,2023-06-27,9,9,1,0.0
daily_latest,tmax,2023-06-28,9,9,1,0.0
daily_latest,tmax,2023-06-29,9,9,1,0.2857142857142857
daily_latest,tmax,2023-06-30,9,9,1,0.0
daily_latest,tmax,2023-07-01,9,9,1,0.14285714285714285
daily_latest,tmax,2023-07-02,9,9,1,0.0
daily_latest,tmax,2023-07-03,9,9,1,0.0
daily_latest,tmax,2023-07-04,9,9,1,0.5714285714285714
daily_latest,tmax,2023-07-05,9,9,1,0.0
daily_latest,tmax,2023-07-06,9,9,1,0.0
daily_latest,tmax,2023-07-07,9,9,1,0.2857142857142857
daily_latest,tmax,2023-07-08,9,9,1,0.0
daily_latest,tmax,2023-07-09,9,9,1,0.0
daily_latest,tmax,2023-07-10,9,9,1,0.0
daily_latest,tmax,2023-07-11,9,9,1,0.0
daily_latest,tmax,2023-07-12,9,9,1,0.0
daily_latest,tmax,2023-07-13,9,9,1,0.0
daily_latest,tmax,2023-07-14,9,9,1,0.2857142857142857
daily_latest,tmax,2023-07-15,9,9,1,0.0
daily_latest,tmax,2023-07-16,9,9,1,0.0
daily_latest,tmax,2023-07-17,9,9,1,0.0
daily_latest,tmax,2023-07-18,9,9,1,0.14285714285714285
daily_latest,tmax,2023-07-19,9,9,1,0.14285714285714285
daily_latest,tmax,2023-07-20,9,9,1,0.14285714285714285
daily_latest,tmax,2023-07-21,9,9,1,0.0
daily_latest,tmax,2023-07-22,9,9,1,0.0
daily_latest,tmax,2023-07-23,9,9,1,0.2857142857142857
daily_latest,tmax,2023-07-24,9,9,1,0.0
daily_latest,tmax,2023-07-25,9,9,1,0.2857142857142857
daily_latest,tmax,2023-07-26,9,9,1,0.0
daily_latest,tmax,2023-07-27,9,9,1,0.0
daily_latest,tmax,2023-07-28,9,9,1,0.0
daily_latest,tmax,2023-07-29,9,9,1,0.2857142857142857
daily_latest,tmax,2023-07-30,9,9,1,0.0
daily_latest,tmax,2023-07-31,9,9,1,0.0
daily_latest,tmax,2023-08-01,9,9,1,0.14285714285714285
daily_latest,tmax,2023-08-02,9,9,1,0.14285714285714285
daily_latest,tmax,2023-08-03,9,9,1,0.2857142857142857
daily_latest,tmax,2023-08-04,9,9,1,0.14285714285714285
daily_latest,tmax,2023-08-05,9,9,1,0.14285714285714285
daily_latest,tmax,2023-08-06,9,9,1,0.14285714285714285
daily_latest,tmax,2023-08-07,9,9,1,0.0
daily_latest,tmax,2023-08-08,9,9,1,0.0
daily_latest,tmax,2023-08-09,9,9,1,0.0
daily_latest,tmax,2023-08-10,9,9,1,0.0
daily_latest,tmax,2023-08-11,9,9,1,0.0
daily_latest,tmax,2023-08-12,9,9,1,0.0
daily_latest,tmax,2023-08-13,9,9,1,0.0
daily_latest,tmax,2023-08-14,9,9,1,0.0
daily_latest,tmax,2023-08-15,9,9,1,0.2857142857142857
daily_latest,tmax,2023-08-16,9,9,1,0.14285714285714285
daily_latest,tmax,2023-08-17,9,9,1,0.42857142857142855
daily_latest,tmax,2023-08-18,9,9,1,0.2857142857142857
daily_latest,tmax,2023-08-19,9,9,1,0.14285714285714285
daily_latest,tmax,2023-08-20,9,9,1,0.14285714285714285
daily_latest,tmax,2023-08-21,9,9,1,0.14285714285714285
daily_latest,tmax,2023-08-22,9,9,1,0.14285714285714285
daily_latest,tmax,2023-08-23,9,9,1,0.14285714285714285
daily_latest,tmax,2023-08-24,9,9,1,0.14285714285714285
daily_latest,tmax,2023-08-25,9,9,1,0.14285714285714285
daily_latest,tmax,2023-08-26,9,9,1,0.0
daily_latest,tmax,2023-08-27,9,9,1,0.0
daily_latest,tmax,2023-08-28,9,9,1,0.14285714285714285
daily_latest,tmax,2023-08-29,9,9,1,0.2857142857142857
daily_latest,tmax,2023-08-30,9,9,1,0.14285714285714285
daily_latest,tmax,2023-08-31,9,9,1,0.2857142857142857
daily_latest,tmax,2023-09-01,9,9,1,0.2857142857142857
daily_latest,tmax,2023-09-02,9,9,1,0.14285714285714285
daily_latest,tmax,2023-09-03,9,9,1,0.2857142857142857
daily_latest,tmax,2023-09-04,9,9,1,0.14285714285714285
daily_latest,tmax,2023-09-05,9,9,1,0.14285714285714285
daily_latest,tmax,2023-09-06,9,9,1,0.2857142857142857
daily_latest,tmax,2023-09-07,9,9,1,0.42857142857142855
daily_latest,tmax,2023-09-08,9,9,1,0.0
daily_latest,tmax,2023-09-09,9,9,1,0.0
daily_latest,tmax,2023-09-10,9,9,1,0.0
daily_latest,tmax,2023-09-11,9,9,1,0.0
daily_latest,tmax,2023-09-12,9,9,1,0.0
daily_latest,tmax,2023-09-13,9,9,1,0.0
daily_latest,tmax,2023-09-14,9,9,1,0.14285714285714285
daily_latest,tmax,2023-09-15,9,9,1,0.2857142857142857
daily_latest,tmax,2023-09-16,9,9,1,0.42857142857142855
daily_latest,tmax,2023-09-17,9,9,1,0.42857142857142855
daily_latest,tmax,2023-09-18,9,9,1,0.2857142857142857
daily_latest,tmax,2023-09-19,9,9,1,0.2857142857142857
daily_latest,tmax,2023-09-20,9,9,1,0.0
daily_latest,tmax,2023-09-21,9,9,1,0.0
daily_latest,tmax,2023-09-22,9,9,1,0.0
daily_latest,tmax,2023-09-23,9,9,1,0.0
daily_latest,tmax,2023-09-24,9,9,1,0.0
daily_latest,tmax,2023-09-25,9,9,1,0.0
daily_latest,tmax,2023-09-26,9,9,1,0.0
daily_latest,tmax,2023-09-27,9,9,1,0.0
daily_latest,tmax,2023-09-28,9,9,1,0.0
daily_latest,tmax,2023-09-29,9,9,1,0.42857142857142855
daily_latest,tmax,2023-09-30,9,9,1,0.2857142857142857
daily_latest,tmax,2023-10-01,9,9,1,0.0
daily_latest,tmax,2023-10-02,9,9,1,0.0
daily_latest,tmax,2023-10-03,9,9,1,0.0
daily_latest,tmax,2023-10-04,9,9,1,0.42857142857142855
daily_latest,tmax,2023-10-05,9,9,1,0.0
daily_latest,tmax,2023-10-06,9,9,1,0.0
daily_latest,tmax,2023-10-07,9,9,1,0.2857142857142857
daily_latest,tmax,2023-10-08,9,9,1,0.0
daily_latest,tmax,2023-10-09,9,9,1,0.0
daily_latest,tmax,2023-10-10,9,9,1,0.14285714285714285
daily_latest,tmax,2023-10-11,9,9,1,0.0
daily_latest,tmax,2023-10-12,9,9,1,0.0
daily_latest,tmax,2023-10-13,9,9,1,0.42857142857142855
daily_latest,tmax,2023-10-14,9,9,1,0.42857142857142855
daily_latest,tmax,2023-10-15,9,9,1,0.0
daily_latest,tmax,2023-10-16,9,9,1,0.14285714285714285
daily_latest,tmax,2023-10-17,9,9,1,0.0
daily_latest,tmax,2023-10-18,9,9,1,0.0
daily_latest,tmax,2023-10-19,9,9,1,0.0
daily_latest,tmax,2023-10-20,9,9,1,0.0
daily_latest,tmax,2023-10-21,9,9,1,0.5714285714285714
daily_latest,tmax,2023-10-22,9,9,1,0.2857142857142857
daily_latest,tmax,2023-10-23,9,9,1,0.2857142857142857
daily_latest,tmax,2023-10-24,9,9,1,0.2857142857142857
daily_latest,tmax,2023-10-25,9,9,1,0.0
daily_latest,tmax,2023-10-26,9,9,1,0.0
daily_latest,tmax,2023-10-27,9,9,1,0.42857142857142855
daily_latest,tmax,2023-10-28,9,9,1,0.14285714285714285
daily_latest,tmax,2023-10-29,9,9,1,0.14285714285714285
daily_latest,tmax,2023-10-30,9,9,1,0.14285714285714285
daily_latest,tmax,2023-10-31,9,9,1,0.0
daily_latest,tmax,2023-11-01,9,9,1,0.0
daily_latest,tmax,2023-11-02,9,9,1,0.0
daily_latest,tmax,2023-11-03,9,9,1,0.14285714285714285
daily_latest,tmax,2023-11-04,9,9,1,0.14285714285714285
daily_latest,tmax,2023-11-05,9,9,1,0.0
daily_latest,tmax,2023-11-06,9,9,1,0.2857142857142857
daily_latest,tmax,2023-11-07,9,9,1,0.42857142857142855
daily_latest,tmax,2023-11-08,9,9,1,0.14285714285714285
daily_latest,tmax,2023-11-09,9,9,1,0.14285714285714285
daily_latest,tmax,2023-11-10,9,9,1,0.42857142857142855
daily_latest,tmax,2023-11-11,9,9,1,0.42857142857142855
daily_latest,tmax,2023-11-12,9,9,1,0.2857142857142857
daily_latest,tmax,2023-11-13,9,9,1,0.14285714285714285
daily_latest,tmax,2023-11-14,9,9,1,0.0
daily_latest,tmax,2023-11-15,9,9,1,0.14285714285714285
daily_latest,tmax,2023-11-16,9,9,1,0.14285714285714285
daily_latest,tmax,2023-11-17,9,9,1,0.0
daily_latest,tmax,2023-11-18,9,9,1,0.0
daily_latest,tmax,2023-11-19,9,9,1,0.2857142857142857
daily_latest,tmax,2023-11-20,9,9,1,0.0
daily_latest,tmax,2023-11-21,9,9,1,0.0
daily_latest,tmax,2023-11-22,9,9,1,0.0
daily_latest,tmax,2023-11-23,9,9,1,0.14285714285714285
daily_latest,tmax,2023-11-24,9,9,1,0.0
daily_latest,tmax,2023-11-25,9,9,1,0.2857142857142857
daily_latest,tmax,2023-11-26,9,9,1,0.14285714285714285
daily_latest,tmax,2023-11-27,9,9,1,0.0
daily_latest,tmax,2023-11-28,9,9,1,0.0
daily_latest,tmax,2023-11-29,9,9,1,0.0
daily_latest,tmax,2023-11-30,9,9,1,0.2857142857142857
daily_latest,tmax,2023-12-01,9,9,1,0.0
daily_latest,tmax,2023-12-02,9,9,1,0.0
daily_latest,tmax,2023-12-03,9,9,1,0.14285714285714285
daily_latest,tmax,2023-12-04,9,9,1,0.0
daily_latest,tmax,2023-12-05,9,9,1,0.2857142857142857
daily_latest,tmax,2023-12-06,9,9,1,0.2857142857142857
daily_latest,tmax,2023-12-07,9,9,1,0.14285714285714285
daily_latest,tmax,2023-12-08,9,9,1,0.42857142857142855
daily_latest,tmax,2023-12-09,9,9,1,0.0
daily_latest,tmax,2023-12-10,9,9,1,0.0
daily_latest,tmax,2023-12-11,9,9,1,0.0
daily_latest,tmax,2023-12-12,9,9,1,0.2857142857142857
daily_latest,tmax,2023-12-13,9,9,1,0.0
daily_latest,tmax,2023-12-14,9,9,1,0.0
daily_latest,tmax,2023-12-15,9,9,1,0.0
daily_latest,tmax,2023-12-16,9,9,1,0.14285714285714285
daily_latest,tmax,2023-12-17,9,9,1,0.14285714285714285
daily_latest,tmax,2023-12-18,9,9,1,0.14285714285714285
daily_latest,tmax,2023-12-19,9,9,1,0.42857142857142855
daily_latest,tmax,2023-12-20,9,9,1,0.0
daily_latest,tmax,2023-12-21,9,9,1,0.0
daily_latest,tmax,2023-12-22,9,9,1,0.0
daily_latest,tmax,2023-12-23,9,9,1,0.0
daily_latest,tmax,2023-12-24,9,9,1,0.0
daily_latest,tmax,2023-12-25,9,9,1,0.0
daily_latest,tmax,2023-12-26,9,9,1,0.14285714285714285
daily_latest,tmax,2023-12-27,9,9,1,0.14285714285714285
daily_latest,tmax,2023-12-28,9,9,1,0.2857142857142857
daily_latest,tmax,2023-12-29,9,9,1,0.0
daily_latest,tmax,2023-12-30,9,9,1,0.42857142857142855
daily_latest,tmax,2023-12-31,9,9,1,0.0
daily_latest,tmax,2024-01-01,9,9,1,0.14285714285714285
daily_latest,tmax,2024-01-02,9,9,1,0.0
daily_latest,tmax,2024-01-03,9,9,1,0.14285714285714285
daily_latest,tmax,2024-01-04,9,9,1,0.14285714285714285
daily_latest,tmax,2024-01-05,9,9,1,0.14285714285714285
daily_latest,tmax,2024-01-06,9,9,1,0.14285714285714285
daily_latest,tmax,2024-01-07,9,9,1,0.0
daily_latest,tmax,2024-01-08,9,9,1,0.0
daily_latest,tmax,2024-01-09,9,9,1,0.2857142857142857
daily_latest,tmax,2024-01-10,9,9,1,0.0
daily_latest,tmax,2024-01-11,9,9,1,0.2857142857142857
daily_latest,tmax,2024-01-12,9,9,1,0.0
daily_latest,tmax,2024-01-13,9,9,1,0.14285714285714285
daily_latest,tmax,2024-01-14,9,9,1,0.0
daily_latest,tmax,2024-01-15,9,9,1,0.0
daily_latest,tmax,2024-01-16,9,9,1,0.14285714285714285
daily_latest,tmax,2024-01-17,9,9,1,0.5714285714285714
daily_latest,tmax,2024-01-18,9,9,1,0.2857142857142857
daily_latest,tmax,2024-01-19,9,9,1,0.0
daily_latest,tmax,2024-01-20,9,9,1,0.14285714285714285
daily_latest,tmax,2024-01-21,9,9,1,0.14285714285714285
daily_latest,tmax,2024-01-22,9,9,1,0.42857142857142855
daily_latest,tmax,2024-01-23,9,9,1,0.0
daily_latest,tmax,2024-01-24,9,9,1,0.0
daily_latest,tmax,2024-01-25,9,9,1,0.2857142857142857
daily_latest,tmax,2024-01-26,9,9,1,0.2857142857142857
daily_latest,tmax,2024-01-27,9,9,1,0.14285714285714285
daily_latest,tmax,2024-01-28,9,9,1,0.14285714285714285
daily_latest,tmax,2024-01-29,9,9,1,0.0
daily_latest,tmax,2024-01-30,9,9,1,0.0
daily_latest,tmax,2024-01-31,9,9,1,0.14285714285714285
daily_latest,tmax,2024-02-01,9,9,1,0.42857142857142855
daily_latest,tmax,2024-02-02,9,9,1,0.0
daily_latest,tmax,2024-02-03,9,9,1,0.14285714285714285
daily_latest,tmax,2024-02-04,9,9,1,0.2857142857142857
daily_latest,tmax,2024-02-05,9,9,1,0.2857142857142857
daily_latest,tmax,2024-02-06,9,9,1,0.2857142857142857
daily_latest,tmax,2024-02-07,9,9,1,0.2857142857142857
daily_latest,tmax,2024-02-08,9,9,1,0.0
daily_latest,tmax,2024-02-09,9,9,1,0.2857142857142857
daily_latest,tmax,2024-02-10,9,9,1,0.42857142857142855
daily_latest,tmax,2024-02-11,9,9,1,0.0
daily_latest,tmax,2024-02-12,9,9,1,0.42857142857142855
daily_latest,tmax,2024-02-13,9,9,1,0.2857142857142857
daily_latest,tmax,2024-02-14,9,9,1,0.0
daily_latest,tmax,2024-02-15,9,9,1,0.0
daily_latest,tmax,2024-02-16,9,9,1,0.14285714285714285
daily_latest,tmax,2024-02-17,9,9,1,0.14285714285714285
daily_latest,tmax,2024-02-18,9,9,1,0.0
daily_latest,tmax,2024-02-19,9,9,1,0.14285714285714285
daily_latest,tmax,2024-02-20,9,9,1,0.0
daily_latest,tmax,2024-02-21,9,9,1,0.0
daily_latest,tmax,2024-02-22,9,9,1,0.2857142857142857
daily_latest,tmax,2024-02-23,9,9,1,0.14285714285714285
daily_latest,tmax,2024-02-24,9,9,1,0.14285714285714285
daily_latest,tmax,2024-02-25,9,9,1,0.14285714285714285
daily_latest,tmax,2024-02-26,9,9,1,0.2857142857142857
daily_latest,tmax,2024-02-27,9,9,1,0.0
daily_latest,tmax,2024-02-28,9,9,1,0.14285714285714285
daily_latest,tmax,2024-02-29,9,9,1,0.2857142857142857
daily_latest,tmax,2024-03-01,9,9,1,0.2857142857142857
daily_latest,tmax,2024-03-02,9,9,1,0.0
daily_latest,tmax,2024-03-03,9,9,1,0.0
daily_latest,tmax,2024-03-04,9,9,1,0.2857142857142857
daily_latest,tmax,2024-03-05,9,9,1,0.0
daily_latest,tmax,2024-03-06,9,9,1,0.14285714285714285
daily_latest,tmax,2024-03-07,9,9,1,0.0
daily_latest,tmax,2024-03-08,9,9,1,0.14285714285714285
daily_latest,tmax,2024-03-09,9,9,1,0.0
daily_latest,tmax,2024-03-10,9,9,1,0.0
daily_latest,tmax,2024-03-11,9,9,1,0.0
daily_latest,tmax,2024-03-12,9,9,1,0.14285714285714285
daily_latest,tmax,2024-03-13,9,9,1,0.0
daily_latest,tmax,2024-03-14,9,9,1,0.0
daily_latest,tmax,2024-03-15,9,9,1,0.0
daily_latest,tmax,2024-03-16,9,9,1,0.14285714285714285
daily_latest,tmax,2024-03-17,9,9,1,0.14285714285714285
daily_latest,tmax,2024-03-18,9,9,1,0.5714285714285714
daily_latest,tmax,2024-03-19,9,9,1,0.0
daily_latest,tmax,2024-03-20,9,9,1,0.5714285714285714
daily_latest,tmax,2024-03-21,9,9,1,0.2857142857142857
daily_latest,tmax,2024-03-22,9,9,1,0.0
daily_latest,tmax,2024-03-23,9,9,1,0.0
daily_latest,tmax,2024-03-24,9,9,1,0.0
daily_latest,tmax,2024-03-25,9,9,1,0.0
daily_latest,tmax,2024-03-26,9,9,1,0.0
daily_latest,tmax,2024-03-27,9,9,1,0.0
daily_latest,tmax,2024-03-28,9,9,1,0.0
daily_latest,tmax,2024-03-29,9,9,1,0.0
daily_latest,tmax,2024-03-30,9,9,1,0.0
daily_latest,tmax,2024-03-31,9,9,1,0.2857142857142857
daily_latest,tmax,2024-04-01,9,9,1,0.2857142857142857
daily_latest,tmax,2024-04-02,9,9,1,0.0
daily_latest,tmax,2024-04-03,9,9,1,0.14285714285714285
daily_latest,tmax,2024-04-04,9,9,1,0.14285714285714285
daily_latest,tmax,2024-04-05,9,9,1,0.2857142857142857
daily_latest,tmax,2024-04-06,9,9,1,0.14285714285714285
daily_latest,tmax,2024-04-07,9,9,1,0.14285714285714285
daily_latest,tmax,2024-04-08,9,9,1,0.5714285714285714
daily_latest,tmax,2024-04-09,9,9,1,0.42857142857142855
daily_latest,tmax,2024-04-10,9,9,1,0.2857142857142857
daily_latest,tmax,2024-04-11,9,9,1,0.42857142857142855
daily_latest,tmax,2024-04-12,9,9,1,0.14285714285714285
daily_latest,tmax,2024-04-13,9,9,1,0.0
daily_latest,tmax,2024-04-14,9,9,1,0.0
daily_latest,tmax,2024-04-15,9,9,1,0.2857142857142857
daily_latest,tmax,2024-04-16,9,9,1,0.0
daily_latest,tmax,2024-04-17,9,9,1,0.0
daily_latest,tmax,2024-04-18,9,9,1,0.0
daily_latest,tmax,2024-04-19,9,9,1,0.2857142857142857
daily_latest,tmax,2024-04-20,9,9,1,0.14285714285714285
daily_latest,tmax,2024-04-21,9,9,1,0.14285714285714285
daily_latest,tmax,2024-04-22,9,9,1,0.0
daily_latest,tmax,2024-04-23,9,9,1,0.2857142857142857
daily_latest,tmax,2024-04-24,9,9,1,0.14285714285714285
daily_latest,tmax,2024-04-25,9,9,1,0.5714285714285714
daily_latest,tmax,2024-04-26,9,9,1,0.0
daily_latest,tmax,2024-04-27,9,9,1,0.14285714285714285
daily_latest,tmax,2024-04-28,9,9,1,0.14285714285714285
daily_latest,tmax,2024-04-29,9,9,1,0.2857142857142857
daily_latest,tmax,2024-04-30,9,9,1,0.0
daily_latest,tmax,2024-05-01,9,9,1,0.14285714285714285
daily_latest,tmax,2024-05-02,9,9,1,0.0
daily_latest,tmax,2024-05-03,9,9,1,0.2857142857142857
daily_latest,tmax,2024-05-04,9,9,1,0.14285714285714285
daily_latest,tmax,2024-05-05,9,9,1,0.2857142857142857
daily_latest,tmax,2024-05-06,9,9,1,0.0
daily_latest,tmax,2024-05-07,9,9,1,0.0
daily_latest,tmax,2024-05-08,9,9,1,0.42857142857142855
daily_latest,tmax,2024-05-09,9,9,1,0.2857142857142857
daily_latest,tmax,2024-05-10,9,9,1,0.14285714285714285
daily_latest,tmax,2024-05-11,9,9,1,0.14285714285714285
daily_latest,tmax,2024-05-12,9,9,1,0.2857142857142857
daily_latest,tmax,2024-05-13,9,9,1,0.14285714285714285
daily_latest,tmax,2024-05-14,9,9,1,0.42857142857142855
daily_latest,tmax,2024-05-15,9,9,1,0.42857142857142855
daily_latest,tmax,2024-05-16,9,9,1,0.2857142857142857
daily_latest,tmax,2024-05-17,9,9,1,0.14285714285714285
daily_latest,tmax,2024-05-18,9,9,1,0.14285714285714285
daily_latest,tmax,2024-05-19,9,9,1,0.42857142857142855
daily_latest,tmax,2024-05-20,9,9,1,0.2857142857142857
daily_latest,tmax,2024-05-21,9,9,1,0.0
daily_latest,tmax,2024-05-22,9,9,1,0.42857142857142855
daily_latest,tmax,2024-05-23,9,9,1,0.2857142857142857
daily_latest,tmax,2024-05-24,9,9,1,0.0
daily_latest,tmax,2024-05-25,9,9,1,0.2857142857142857
daily_latest,tmax,2024-05-26,9,9,1,0.2857142857142857
daily_latest,tmax,2024-05-27,9,9,1,0.42857142857142855
daily_latest,tmax,2024-05-28,9,9,1,0.2857142857142857
daily_latest,tmax,2024-05-29,9,9,1,0.14285714285714285
daily_latest,tmax,2024-05-30,9,9,1,0.2857142857142857
daily_latest,tmax,2024-05-31,9,9,1,0.5714285714285714
daily_latest,tmax,2024-06-01,9,9,1,0.14285714285714285
daily_latest,tmax,2024-06-02,9,9,1,0.0
daily_latest,tmax,2024-06-03,9,9,1,0.14285714285714285
daily_latest,tmax,2024-06-04,9,9,1,0.5714285714285714
daily_latest,tmax,2024-06-05,9,9,1,0.14285714285714285
daily_latest,tmax,2024-06-06,9,9,1,0.14285714285714285
daily_latest,tmax,2024-06-07,9,9,1,0.0
daily_latest,tmax,2024-06-08,9,9,1,0.14285714285714285
daily_latest,tmax,2024-06-09,9,9,1,0.14285714285714285
daily_latest,tmax,2024-06-10,9,9,1,0.14285714285714285
daily_latest,tmax,2024-06-11,9,9,1,0.0
daily_latest,tmax,2024-06-12,9,9,1,0.0
daily_latest,tmax,2024-06-13,9,9,1,0.0
daily_latest,tmax,2024-06-14,9,9,1,0.0
daily_latest,tmax,2024-06-15,9,9,1,0.2857142857142857
daily_latest,tmax,2024-06-16,9,9,1,0.14285714285714285
daily_latest,tmax,2024-06-17,9,9,1,0.14285714285714285
daily_latest,tmax,2024-06-18,9,9,1,0.14285714285714285
daily_latest,tmax,2024-06-19,9,9,1,0.0
daily_latest,tmax,2024-06-20,9,9,1,0.0
daily_latest,tmax,2024-06-21,9,9,1,0.14285714285714285
daily_latest,tmax,2024-06-22,9,9,1,0.0
daily_latest,tmax,2024-06-23,9,9,1,0.14285714285714285
daily_latest,tmax,2024-06-24,9,9,1,0.0
daily_latest,tmax,2024-06-25,9,9,1,0.2857142857142857
daily_latest,tmax,2024-06-26,9,9,1,0.0
daily_latest,tmax,2024-06-27,9,9,1,0.0
daily_latest,tmax,2024-06-28,9,9,1,0.0
daily_latest,tmax,2024-06-29,9,9,1,0.14285714285714285
daily_latest,tmax,2024-06-30,9,9,1,0.0
daily_latest,tmax,2024-07-01,9,9,1,0.0
daily_latest,tmax,2024-07-02,9,9,1,0.0
daily_latest,tmax,2024-07-03,9,9,1,0.0
daily_latest,tmax,2024-07-04,9,9,1,0.14285714285714285
daily_latest,tmax,2024-07-05,9,9,1,0.0
daily_latest,tmax,2024-07-06,9,9,1,0.14285714285714285
daily_latest,tmax,2024-07-07,9,9,1,0.0
daily_latest,tmax,2024-07-08,9,9,1,0.0
daily_latest,tmax,2024-07-09,9,9,1,0.2857142857142857
daily_latest,tmax,2024-07-10,9,9,1,0.14285714285714285
daily_latest,tmax,2024-07-11,9,9,1,0.0
daily_latest,tmax,2024-07-12,9,9,1,0.14285714285714285
daily_latest,tmax,2024-07-13,9,9,1,0.0
daily_latest,tmax,2024-07-14,9,9,1,0.0
daily_latest,tmax,2024-07-15,9,9,1,0.14285714285714285
daily_latest,tmax,2024-07-16,9,9,1,0.0
daily_latest,tmax,2024-07-17,9,9,1,0.0
daily_latest,tmax,2024-07-18,9,9,1,0.0
daily_latest,tmax,2024-07-19,9,9,1,0.14285714285714285
daily_latest,tmax,2024-07-20,9,9,1,0.14285714285714285
daily_latest,tmax,2024-07-21,9,9,1,0.0
daily_latest,tmax,2024-07-22,9,9,1,0.2857142857142857
daily_latest,tmax,2024-07-23,9,9,1,0.14285714285714285
daily_latest,tmax,2024-07-24,9,9,1,0.14285714285714285
daily_latest,tmax,2024-07-25,9,9,1,0.0
daily_latest,tmax,2024-07-26,9,9,1,0.2857142857142857
daily_latest,tmax,2024-07-27,9,9,1,0.0
daily_latest,tmax,2024-07-28,9,9,1,0.0
daily_latest,tmax,2024-07-29,9,9,1,0.0
daily_latest,tmax,2024-07-30,9,9,1,0.0
daily_latest,tmax,2024-07-31,9,9,1,0.2857142857142857
daily_latest,tmax,2024-08-01,9,9,1,0.0
daily_latest,tmax,2024-08-02,9,9,1,0.0
daily_latest,tmax,2024-08-03,9,9,1,0.0
daily_latest,tmax,2024-08-04,9,9,1,0.0
daily_latest,tmax,2024-08-05,9,9,1,0.0
daily_latest,tmax,2024-08-06,9,9,1,0.2857142857142857
daily_latest,tmax,2024-08-07,9,9,1,0.14285714285714285
daily_latest,tmax,2024-08-08,9,9,1,0.0
daily_latest,tmax,2024-08-09,9,9,1,0.0
daily_latest,tmax,2024-08-10,9,9,1,0.14285714285714285
daily_latest,tmax,2024-08-11,9,9,1,0.0
daily_latest,tmax,2024-08-12,9,9,1,0.14285714285714285
daily_latest,tmax,2024-08-13,9,9,1,0.0
daily_latest,tmax,2024-08-14,9,9,1,0.14285714285714285
daily_latest,tmax,2024-08-15,9,9,1,0.0
daily_latest,tmax,2024-08-16,9,9,1,0.0
daily_latest,tmax,2024-08-17,9,9,1,0.0
daily_latest,tmax,2024-08-18,9,9,1,0.0
daily_latest,tmax,2024-08-19,9,9,1,0.0
daily_latest,tmax,2024-08-20,9,9,1,0.0
daily_latest,tmax,2024-08-21,9,9,1,0.14285714285714285
daily_latest,tmax,2024-08-22,9,9,1,0.14285714285714285
daily_latest,tmax,2024-08-23,9,9,1,0.14285714285714285
daily_latest,tmax,2024-08-24,9,9,1,0.0
daily_latest,tmax,2024-08-25,9,9,1,0.0
daily_latest,tmax,2024-08-26,9,9,1,0.14285714285714285
daily_latest,tmax,2024-08-27,9,9,1,0.14285714285714285
daily_latest,tmax,2024-08-28,9,9,1,0.14285714285714285
daily_latest,tmax,2024-08-29,9,9,1,0.2857142857142857
daily_latest,tmax,2024-08-30,9,9,1,0.0
daily_latest,tmax,2024-08-31,9,9,1,0.0
daily_latest,tmax,2024-09-01,9,9,1,0.0
daily_latest,tmax,2024-09-02,9,9,1,0.0
daily_latest,tmax,2024-09-03,9,9,1,0.0
daily_latest,tmax,2024-09-04,9,9,1,0.0
daily_latest,tmax,2024-09-05,9,9,1,0.2857142857142857
daily_latest,tmax,2024-09-06,9,9,1,0.0
daily_latest,tmax,2024-09-07,9,9,1,0.14285714285714285
daily_latest,tmax,2024-09-08,9,9,1,0.14285714285714285
daily_latest,tmax,2024-09-09,9,9,1,0.0
daily_latest,tmax,2024-09-10,9,9,1,0.14285714285714285
daily_latest,tmax,2024-09-11,9,9,1,0.2857142857142857
daily_latest,tmax,2024-09-12,9,9,1,0.2857142857142857
daily_latest,tmax,2024-09-13,9,9,1,0.14285714285714285
daily_latest,tmax,2024-09-14,9,9,1,0.14285714285714285
daily_latest,tmax,2024-09-15,9,9,1,0.14285714285714285
daily_latest,tmax,2024-09-16,9,9,1,0.14285714285714285
daily_latest,tmax,2024-09-17,9,9,1,0.2857142857142857
daily_latest,tmax,2024-09-18,9,9,1,0.14285714285714285
daily_latest,tmax,2024-09-19,9,9,1,0.0
daily_latest,tmax,2024-09-20,9,9,1,0.2857142857142857
daily_latest,tmax,2024-09-21,9,9,1,0.0
daily_latest,tmax,2024-09-22,9,9,1,0.0
daily_latest,tmax,2024-09-23,9,9,1,0.0
daily_latest,tmax,2024-09-24,9,9,1,0.2857142857142857
daily_latest,tmax,2024-09-25,9,9,1,0.2857142857142857
daily_latest,tmax,2024-09-26,9,9,1,0.14285714285714285
daily_latest,tmax,2024-09-27,9,9,1,0.0
daily_latest,tmax,2024-09-28,9,9,1,0.2857142857142857
daily_latest,tmax,2024-09-29,9,9,1,0.0
daily_latest,tmax,2024-09-30,9,9,1,0.0
daily_latest,tmax,2024-10-01,9,9,1,0.14285714285714285
daily_latest,tmax,2024-10-02,9,9,1,0.2857142857142857
daily_latest,tmax,2024-10-03,9,9,1,0.2857142857142857
daily_latest,tmax,2024-10-04,9,9,1,0.14285714285714285
daily_latest,tmax,2024-10-05,9,9,1,0.0
daily_latest,tmax,2024-10-06,9,9,1,0.0
daily_latest,tmax,2024-10-07,9,9,1,0.0
daily_latest,tmax,2024-10-08,9,9,1,0.0
daily_latest,tmax,2024-10-09,9,9,1,0.14285714285714285
daily_latest,tmax,2024-10-10,9,9,1,0.14285714285714285
daily_latest,tmax,2024-10-11,9,9,1,0.14285714285714285
daily_latest,tmax,2024-10-12,9,9,1,0.0
daily_latest,tmax,2024-10-13,9,9,1,0.14285714285714285
daily_latest,tmax,2024-10-14,9,9,1,0.2857142857142857
daily_latest,tmax,2024-10-15,9,9,1,0.14285714285714285
daily_latest,tmax,2024-10-16,9,9,1,0.14285714285714285
daily_latest,tmax,2024-10-17,9,9,1,0.14285714285714285
daily_latest,tmax,2024-10-18,9,9,1,0.14285714285714285
daily_latest,tmax,2024-10-19,9,9,1,0.0
daily_latest,tmax,2024-10-20,9,9,1,0.14285714285714285
daily_latest,tmax,2024-10-21,9,9,1,0.0
daily_latest,tmax,2024-10-22,9,9,1,0.0
daily_latest,tmax,2024-10-23,9,9,1,0.14285714285714285
daily_latest,tmax,2024-10-24,9,9,1,0.2857142857142857
daily_latest,tmax,2024-10-25,9,9,1,0.2857142857142857
daily_latest,tmax,2024-10-26,9,9,1,0.2857142857142857
daily_latest,tmax,2024-10-27,9,9,1,0.42857142857142855
daily_latest,tmax,2024-10-28,9,9,1,0.2857142857142857
daily_latest,tmax,2024-10-29,9,9,1,0.7142857142857143
daily_latest,tmax,2024-10-30,9,9,1,0.0
daily_latest,tmax,2024-10-31,9,9,1,0.0
daily_latest,tmax,2024-11-01,9,9,1,0.14285714285714285
daily_latest,tmax,2024-11-02,9,9,1,0.0
daily_latest,tmax,2024-11-03,9,9,1,0.2857142857142857
daily_latest,tmax,2024-11-04,9,9,1,0.14285714285714285
daily_latest,tmax,2024-11-05,9,9,1,0.0
daily_latest,tmax,2024-11-06,9,9,1,0.0
daily_latest,tmax,2024-11-07,9,9,1,0.14285714285714285
daily_latest,tmax,2024-11-08,9,9,1,0.2857142857142857
daily_latest,tmax,2024-11-09,9,9,1,0.14285714285714285
daily_latest,tmax,2024-11-10,9,9,1,0.14285714285714285
daily_latest,tmax,2024-11-11,9,9,1,0.2857142857142857
daily_latest,tmax,2024-11-12,9,9,1,0.0
daily_latest,tmax,2024-11-13,9,9,1,0.0
daily_latest,tmax,2024-11-14,9,9,1,0.0
daily_latest,tmax,2024-11-15,9,9,1,0.2857142857142857
daily_latest,tmax,2024-11-16,9,9,1,0.0
daily_latest,tmax,2024-11-17,9,9,1,0.0
daily_latest,tmax,2024-11-18,9,9,1,0.0
daily_latest,tmax,2024-11-19,9,9,1,0.0
daily_latest,tmax,2024-11-20,9,9,1,0.0
daily_latest,tmax,2024-11-21,9,9,1,0.0
daily_latest,tmax,2024-11-22,9,9,1,0.0
daily_latest,tmax,2024-11-23,9,9,1,0.0
daily_latest,tmax,2024-11-24,9,9,1,0.0
daily_latest,tmax,2024-11-25,9,9,1,0.14285714285714285
daily_latest,tmax,2024-11-26,9,9,1,0.2857142857142857
daily_latest,tmax,2024-11-27,9,9,1,0.2857142857142857
daily_latest,tmax,2024-11-28,9,9,1,0.0
daily_latest,tmax,2024-11-29,9,9,1,0.14285714285714285
daily_latest,tmax,2024-11-30,9,9,1,0.14285714285714285
daily_latest,tmax,2024-12-01,9,9,1,0.0
daily_latest,tmax,2024-12-02,9,9,1,0.0
daily_latest,tmax,2024-12-03,9,9,1,0.0
daily_latest,tmax,2024-12-04,9,9,1,0.0
daily_latest,tmax,2024-12-05,9,9,1,0.0
daily_latest,tmax,2024-12-06,9,9,1,0.14285714285714285
daily_latest,tmax,2024-12-07,9,9,1,0.2857142857142857
daily_latest,tmax,2024-12-08,9,9,1,0.14285714285714285
daily_latest,tmax,2024-12-09,9,9,1,0.0
daily_latest,tmax,2024-12-10,9,9,1,0.0
daily_latest,tmax,2024-12-11,9,9,1,0.0
daily_latest,tmax,2024-12-12,9,9,1,0.14285714285714285
daily_latest,tmax,2024-12-13,9,9,1,0.14285714285714285
daily_latest,tmax,2024-12-14,9,9,1,0.14285714285714285
daily_latest,tmax,2024-12-15,9,9,1,0.2857142857142857
daily_latest,tmax,2024-12-16,9,9,1,0.14285714285714285
daily_latest,tmax,2024-12-17,9,9,1,0.0
daily_latest,tmax,2024-12-18,9,9,1,0.0
daily_latest,tmax,2024-12-19,9,9,1,0.0
daily_latest,tmax,2024-12-20,9,9,1,0.14285714285714285
daily_latest,tmax,2024-12-21,9,9,1,0.5714285714285714
daily_latest,tmax,2024-12-22,9,9,1,0.0
daily_latest,tmax,2024-12-23,9,9,1,0.0
daily_latest,tmax,2024-12-24,9,9,1,0.0
daily_latest,tmax,2024-12-25,9,9,1,0.42857142857142855
daily_latest,tmax,2024-12-26,9,9,1,0.14285714285714285
daily_latest,tmax,2024-12-27,8,8,1,0.16666666666666666
daily_latest,tmax,2024-12-28,9,9,1,0.14285714285714285
daily_latest,tmax,2024-12-29,9,9,1,0.2857142857142857
daily_latest,tmax,2024-12-30,9,9,1,0.2857142857142857
daily_latest,tmax,2024-12-31,9,9,1,0.14285714285714285
daily_latest,tmax,2025-01-01,9,9,1,0.0
daily_latest,tmax,2025-01-02,9,9,1,0.2857142857142857
daily_latest,tmax,2025-01-03,9,9,1,0.0
daily_latest,tmax,2025-01-04,9,9,1,0.0
daily_latest,tmax,2025-01-05,9,9,1,0.2857142857142857
daily_latest,tmax,2025-01-06,9,9,1,0.0
daily_latest,tmax,2025-01-07,9,9,1,0.0
daily_latest,tmax,2025-01-08,9,9,1,0.14285714285714285
daily_latest,tmax,2025-01-09,9,9,1,0.2857142857142857
daily_latest,tmax,2025-01-10,9,9,1,0.42857142857142855
daily_latest,tmax,2025-01-11,9,9,1,0.0
daily_latest,tmax,2025-01-12,9,9,1,0.0
daily_latest,tmax,2025-01-13,9,9,1,0.14285714285714285
daily_latest,tmax,2025-01-14,9,9,1,0.2857142857142857
daily_latest,tmax,2025-01-15,9,9,1,0.14285714285714285
daily_latest,tmax,2025-01-16,9,9,1,0.0
daily_latest,tmax,2025-01-17,9,9,1,0.0
daily_latest,tmax,2025-01-18,9,9,1,0.0
daily_latest,tmax,2025-01-19,9,9,1,0.14285714285714285
daily_latest,tmax,2025-01-20,9,9,1,0.2857142857142857
daily_latest,tmax,2025-01-21,9,9,1,0.14285714285714285
daily_latest,tmax,2025-01-22,9,9,1,0.0
daily_latest,tmax,2025-01-23,9,9,1,0.2857142857142857
daily_latest,tmax,2025-01-24,9,9,1,0.0
daily_latest,tmax,2025-01-25,9,9,1,0.14285714285714285
daily_latest,tmax,2025-01-26,9,9,1,0.14285714285714285
daily_latest,tmax,2025-01-27,9,9,1,0.2857142857142857
daily_latest,tmax,2025-01-28,9,9,1,0.0
daily_latest,tmax,2025-01-29,9,9,1,0.0
daily_latest,tmax,2025-01-30,9,9,1,0.0
daily_latest,tmax,2025-01-31,9,9,1,0.0
daily_latest,tmax,2025-02-01,9,9,1,0.14285714285714285
daily_latest,tmax,2025-02-02,9,9,1,0.14285714285714285
daily_latest,tmax,2025-02-03,9,9,1,0.2857142857142857
daily_latest,tmax,2025-02-04,9,9,1,0.42857142857142855
daily_latest,tmax,2025-02-05,9,9,1,0.0
daily_latest,tmax,2025-02-06,9,9,1,0.0
daily_latest,tmax,2025-02-07,9,9,1,0.14285714285714285
daily_latest,tmax,2025-02-08,9,9,1,0.14285714285714285
daily_latest,tmax,2025-02-09,9,9,1,0.0
daily_latest,tmax,2025-02-10,9,9,1,0.14285714285714285
daily_latest,tmax,2025-02-11,9,9,1,0.14285714285714285
daily_latest,tmax,2025-02-12,9,9,1,0.14285714285714285
daily_latest,tmax,2025-02-13,9,9,1,0.14285714285714285
daily_latest,tmax,2025-02-14,9,9,1,0.0
daily_latest,tmax,2025-02-15,9,9,1,0.2857142857142857
daily_latest,tmax,2025-02-16,9,9,1,0.14285714285714285
daily_latest,tmax,2025-02-17,9,9,1,0.14285714285714285
daily_latest,tmax,2025-02-18,9,9,1,0.14285714285714285
daily_latest,tmax,2025-02-19,9,9,1,0.0
daily_latest,tmax,2025-02-20,9,9,1,0.14285714285714285
daily_latest,tmax,2025-02-21,9,9,1,0.5714285714285714
daily_latest,tmax,2025-02-22,9,9,1,0.0
daily_latest,tmax,2025-02-23,9,9,1,0.0
daily_latest,tmax,2025-02-24,9,9,1,0.0
daily_latest,tmax,2025-02-25,9,9,1,0.0
daily_latest,tmax,2025-02-26,9,9,1,0.0
daily_latest,tmax,2025-02-27,9,9,1,0.0
daily_latest,tmax,2025-02-28,9,9,1,0.2857142857142857
daily_latest,tmax,2025-03-01,9,9,1,0.2857142857142857
daily_latest,tmax,2025-03-02,9,9,1,0.0
daily_latest,tmax,2025-03-03,9,9,1,0.14285714285714285
daily_latest,tmax,2025-03-04,9,9,1,0.5714285714285714
daily_latest,tmax,2025-03-05,9,9,1,0.14285714285714285
daily_latest,tmax,2025-03-06,9,9,1,0.14285714285714285
daily_latest,tmax,2025-03-07,9,9,1,0.0
daily_latest,tmax,2025-03-08,9,9,1,0.42857142857142855
daily_latest,tmax,2025-03-09,9,9,1,0.0
daily_latest,tmax,2025-03-10,9,9,1,0.0
daily_latest,tmax,2025-03-11,9,9,1,0.2857142857142857
daily_latest,tmax,2025-03-12,9,9,1,0.0
daily_latest,tmax,2025-03-13,9,9,1,0.14285714285714285
daily_latest,tmax,2025-03-14,9,9,1,0.0
daily_latest,tmax,2025-03-15,9,9,1,0.14285714285714285
daily_latest,tmax,2025-03-16,9,9,1,0.14285714285714285
daily_latest,tmax,2025-03-17,9,9,1,0.42857142857142855
daily_latest,tmax,2025-03-18,9,9,1,0.0
daily_latest,tmax,2025-03-19,9,9,1,0.0
daily_latest,tmax,2025-03-20,9,9,1,0.0
daily_latest,tmax,2025-03-21,9,9,1,0.0
daily_latest,tmax,2025-03-22,9,9,1,0.0
daily_latest,tmax,2025-03-23,9,9,1,0.0
daily_latest,tmax,2025-03-24,9,9,1,0.42857142857142855
daily_latest,tmax,2025-03-25,9,9,1,0.0
daily_latest,tmax,2025-03-26,9,9,1,0.0
daily_latest,tmax,2025-03-27,9,9,1,0.0
daily_latest,tmax,2025-03-28,9,9,1,0.0
daily_latest,tmax,2025-03-29,9,9,1,0.2857142857142857
daily_latest,tmax,2025-03-30,9,9,1,0.0
daily_latest,tmax,2025-03-31,9,9,1,0.2857142857142857
daily_latest,tmax,2025-04-01,9,9,1,0.2857142857142857
daily_latest,tmax,2025-04-02,9,9,1,0.14285714285714285
daily_latest,tmax,2025-04-03,9,9,1,0.0
daily_latest,tmax,2025-04-04,9,9,1,0.0
daily_latest,tmax,2025-04-05,9,9,1,0.0
daily_latest,tmax,2025-04-06,9,9,1,0.2857142857142857
daily_latest,tmax,2025-04-07,9,9,1,0.2857142857142857
daily_latest,tmax,2025-04-08,9,9,1,0.14285714285714285
daily_latest,tmax,2025-04-09,9,9,1,0.14285714285714285
daily_latest,tmax,2025-04-10,9,9,1,0.0
daily_latest,tmax,2025-04-11,9,9,1,0.14285714285714285
daily_latest,tmax,2025-04-12,9,9,1,0.14285714285714285
daily_latest,tmax,2025-04-13,9,9,1,0.2857142857142857
daily_latest,tmax,2025-04-14,9,9,1,0.0
daily_latest,tmax,2025-04-15,9,9,1,0.0
daily_latest,tmax,2025-04-16,9,9,1,0.0
daily_latest,tmax,2025-04-17,9,9,1,0.0
daily_latest,tmax,2025-04-18,9,9,1,0.0
daily_latest,tmax,2025-04-19,9,9,1,0.14285714285714285
daily_latest,tmax,2025-04-20,9,9,1,0.0
daily_latest,tmax,2025-04-21,9,9,1,0.0
daily_latest,tmax,2025-04-22,9,9,1,0.0
daily_latest,tmax,2025-04-23,9,9,1,0.14285714285714285
daily_latest,tmax,2025-04-24,9,9,1,0.0
daily_latest,tmax,2025-04-25,9,9,1,0.2857142857142857
daily_latest,tmax,2025-04-26,9,9,1,0.2857142857142857
daily_latest,tmax,2025-04-27,9,9,1,0.42857142857142855
daily_latest,tmax,2025-04-28,9,9,1,0.42857142857142855
daily_latest,tmax,2025-04-29,9,9,1,0.42857142857142855
daily_latest,tmax,2025-04-30,9,9,1,0.0
daily_latest,tmax,2025-05-01,9,9,1,0.0
daily_latest,tmax,2025-05-02,9,9,1,0.0
daily_latest,tmax,2025-05-03,9,9,1,0.5714285714285714
daily_latest,tmax,2025-05-04,9,9,1,0.14285714285714285
daily_latest,tmax,2025-05-05,9,9,1,0.0
daily_latest,tmax,2025-05-06,9,9,1,0.14285714285714285
daily_latest,tmax,2025-05-07,9,9,1,0.2857142857142857
daily_latest,tmax,2025-05-08,9,9,1,0.0
daily_latest,tmax,2025-05-09,9,9,1,0.14285714285714285
daily_latest,tmax,2025-05-10,9,9,1,0.0
daily_latest,tmax,2025-05-11,9,9,1,0.0
daily_latest,tmax,2025-05-12,9,9,1,0.0
daily_latest,tmax,2025-05-13,9,9,1,0.2857142857142857
daily_latest,tmax,2025-05-14,9,9,1,0.2857142857142857
daily_latest,tmax,2025-05-15,9,9,1,0.14285714285714285
daily_latest,tmax,2025-05-16,9,9,1,0.2857142857142857
daily_latest,tmax,2025-05-17,9,9,1,0.0
daily_latest,tmax,2025-05-18,9,9,1,0.14285714285714285
daily_latest,tmax,2025-05-19,9,9,1,0.2857142857142857
daily_latest,tmax,2025-05-20,9,9,1,0.14285714285714285
daily_latest,tmax,2025-05-21,9,9,1,0.0
daily_latest,tmax,2025-05-22,9,9,1,0.0
daily_latest,tmax,2025-05-23,9,9,1,0.0
daily_latest,tmax,2025-05-24,9,9,1,0.0
daily_latest,tmax,2025-05-25,9,9,1,0.2857142857142857
daily_latest,tmax,2025-05-26,9,9,1,0.5714285714285714
daily_latest,tmax,2025-05-27,9,9,1,0.0
daily_latest,tmax,2025-05-28,9,9,1,0.2857142857142857
daily_latest,tmax,2025-05-29,9,9,1,0.2857142857142857
daily_latest,tmax,2025-05-30,9,9,1,0.0
daily_latest,tmax,2025-05-31,9,9,1,0.0
daily_latest,tmax,2025-06-01,9,9,1,0.0
daily_latest,tmax,2025-06-02,9,9,1,0.0
daily_latest,tmax,2025-06-03,9,9,1,0.0
daily_latest,tmax,2025-06-04,9,9,1,0.0
daily_latest,tmax,2025-06-05,9,9,1,0.2857142857142857
daily_latest,tmax,2025-06-06,9,9,1,0.2857142857142857
daily_latest,tmax,2025-06-07,9,9,1,0.14285714285714285
daily_latest,tmax,2025-06-08,9,9,1,0.0
daily_latest,tmax,2025-06-09,9,9,1,0.0
daily_latest,tmax,2025-06-10,9,9,1,0.0
daily_latest,tmax,2025-06-11,9,9,1,0.14285714285714285
daily_latest,tmax,2025-06-12,9,9,1,0.14285714285714285
daily_latest,tmax,2025-06-13,9,9,1,0.0
daily_latest,tmax,2025-06-14,9,9,1,0.0
daily_latest,tmax,2025-06-15,9,9,1,0.14285714285714285
daily_latest,tmax,2025-06-16,9,9,1,0.0
daily_latest,tmax,2025-06-17,9,9,1,0.14285714285714285
daily_latest,tmax,2025-06-18,9,9,1,0.2857142857142857
daily_latest,tmax,2025-06-19,9,9,1,0.2857142857142857
daily_latest,tmax,2025-06-20,9,9,1,0.2857142857142857
daily_latest,tmax,2025-06-21,9,9,1,0.0
daily_latest,tmax,2025-06-22,9,9,1,0.0
daily_latest,tmax,2025-06-23,9,9,1,0.0
daily_latest,tmax,2025-06-24,9,9,1,0.14285714285714285
daily_latest,tmax,2025-06-25,9,9,1,0.0
daily_latest,tmax,2025-06-26,9,9,1,0.14285714285714285
daily_latest,tmax,2025-06-27,9,9,1,0.42857142857142855
daily_latest,tmax,2025-06-28,9,9,1,0.14285714285714285
daily_latest,tmax,2025-06-29,9,9,1,0.0
daily_latest,tmax,2025-06-30,9,9,1,0.0
daily_latest,tmax,2025-07-01,9,9,1,0.2857142857142857
daily_latest,tmax,2025-07-02,9,9,1,0.14285714285714285
daily_latest,tmax,2025-07-03,9,9,1,0.2857142857142857
daily_latest,tmax,2025-07-04,9,9,1,0.2857142857142857
daily_latest,tmax,2025-07-05,9,9,1,0.14285714285714285
daily_latest,tmax,2025-07-06,9,9,1,0.0
daily_latest,tmax,2025-07-07,9,9,1,0.14285714285714285
daily_latest,tmax,2025-07-08,9,9,1,0.14285714285714285
daily_latest,tmax,2025-07-09,9,9,1,0.42857142857142855
daily_latest,tmax,2025-07-10,9,9,1,0.2857142857142857
daily_latest,tmax,2025-07-11,9,9,1,0.0
daily_latest,tmax,2025-07-12,9,9,1,0.0
daily_latest,tmax,2025-07-13,9,9,1,0.14285714285714285
daily_latest,tmax,2025-07-14,9,9,1,0.0
daily_latest,tmax,2025-07-15,9,9,1,0.14285714285714285
daily_latest,tmax,2025-07-16,9,9,1,0.0
daily_latest,tmax,2025-07-17,9,9,1,0.14285714285714285
daily_latest,tmax,2025-07-18,9,9,1,0.42857142857142855
daily_latest,tmax,2025-07-19,9,9,1,0.14285714285714285
daily_latest,tmax,2025-07-20,9,9,1,0.14285714285714285
daily_latest,tmax,2025-07-21,9,9,1,0.2857142857142857
daily_latest,tmax,2025-07-22,9,9,1,0.14285714285714285
daily_latest,tmax,2025-07-23,9,9,1,0.42857142857142855
daily_latest,tmax,2025-07-24,9,9,1,0.0
daily_latest,tmax,2025-07-25,9,9,1,0.0
daily_latest,tmax,2025-07-26,9,9,1,0.0
daily_latest,tmax,2025-07-27,9,9,1,0.2857142857142857
daily_latest,tmax,2025-07-28,9,9,1,0.14285714285714285
daily_latest,tmax,2025-07-29,9,9,1,0.42857142857142855
daily_latest,tmax,2025-07-30,9,9,1,0.5714285714285714
daily_latest,tmax,2025-07-31,9,9,1,0.2857142857142857
daily_latest,tmax,2025-08-01,9,9,1,0.0
daily_latest,tmax,2025-08-02,9,9,1,0.0
daily_latest,tmax,2025-08-03,9,9,1,0.0
daily_latest,tmax,2025-08-04,9,9,1,0.2857142857142857
daily_latest,tmax,2025-08-05,9,9,1,0.0
daily_latest,tmax,2025-08-06,9,9,1,0.0
daily_latest,tmax,2025-08-07,9,9,1,0.0
daily_latest,tmax,2025-08-08,9,9,1,0.0
daily_latest,tmax,2025-08-09,9,9,1,0.0
daily_latest,tmax,2025-08-10,9,9,1,0.0
daily_latest,tmax,2025-08-11,9,9,1,0.2857142857142857
daily_latest,tmax,2025-08-12,9,9,1,0.14285714285714285
daily_latest,tmax,2025-08-13,9,9,1,0.14285714285714285
daily_latest,tmax,2025-08-14,9,9,1,0.0
daily_latest,tmax,2025-08-15,9,9,1,0.0
daily_latest,tmax,2025-08-16,9,9,1,0.14285714285714285
daily_latest,tmax,2025-08-17,9,9,1,0.2857142857142857
daily_latest,tmax,2025-08-18,9,9,1,0.0
daily_latest,tmax,2025-08-19,9,9,1,0.0
daily_latest,tmax,2025-08-20,9,9,1,0.0
daily_latest,tmax,2025-08-21,9,9,1,0.2857142857142857
daily_latest,tmax,2025-08-22,9,9,1,0.14285714285714285
daily_latest,tmax,2025-08-23,9,9,1,0.0
daily_latest,tmax,2025-08-24,9,9,1,0.5714285714285714
daily_latest,tmax,2025-08-25,9,9,1,1.0
daily_latest,tmax,2025-08-26,9,9,1,0.42857142857142855
daily_latest,tmax,2025-08-27,9,9,1,0.14285714285714285
daily_latest,tmax,2025-08-28,9,9,1,0.14285714285714285
daily_latest,tmax,2025-08-29,9,9,1,0.2857142857142857
daily_latest,tmax,2025-08-30,9,9,1,0.14285714285714285
daily_latest,tmax,2025-08-31,9,9,1,0.0
daily_latest,tmax,2025-09-01,9,9,1,0.0
daily_latest,tmax,2025-09-02,9,9,1,0.0
daily_latest,tmax,2025-09-03,9,9,1,0.0
daily_latest,tmax,2025-09-04,9,9,1,0.2857142857142857
daily_latest,tmax,2025-09-05,9,9,1,0.2857142857142857
daily_latest,tmax,2025-09-06,9,9,1,0.2857142857142857
daily_latest,tmax,2025-09-07,9,9,1,0.42857142857142855
daily_latest,tmax,2025-09-08,9,9,1,0.0
daily_latest,tmax,2025-09-09,9,9,1,0.2857142857142857
daily_latest,tmax,2025-09-10,9,9,1,0.14285714285714285
daily_latest,tmax,2025-09-11,9,9,1,0.0
daily_latest,tmax,2025-09-12,9,9,1,0.0
daily_latest,tmax,2025-09-13,9,9,1,0.0
daily_latest,tmax,2025-09-14,9,9,1,0.0
daily_latest,tmax,2025-09-15,9,9,1,0.14285714285714285
daily_latest,tmax,2025-09-16,9,9,1,0.0
daily_latest,tmax,2025-09-17,9,9,1,0.14285714285714285
daily_latest,tmax,2025-09-18,9,9,1,0.2857142857142857
daily_latest,tmax,2025-09-19,9,9,1,0.2857142857142857
daily_latest,tmax,2025-09-20,9,9,1,0.2857142857142857
daily_latest,tmax,2025-09-21,9,9,1,0.0
daily_latest,tmax,2025-09-22,9,9,1,0.0
daily_latest,tmax,2025-09-23,9,9,1,0.42857142857142855
daily_latest,tmax,2025-09-24,9,9,1,0.14285714285714285
daily_latest,tmax,2025-09-25,9,9,1,0.0
daily_latest,tmax,2025-09-26,9,9,1,0.14285714285714285
daily_latest,tmax,2025-09-27,9,9,1,0.14285714285714285
daily_latest,tmax,2025-09-28,9,9,1,0.14285714285714285
daily_latest,tmax,2025-09-29,9,9,1,0.0
daily_latest,tmax,2025-09-30,9,9,1,0.0
daily_latest,tmax,2025-10-01,9,9,1,0.0
daily_latest,tmax,2025-10-02,9,9,1,0.0
daily_latest,tmax,2025-10-03,9,9,1,0.0
daily_latest,tmax,2025-10-04,9,9,1,0.14285714285714285
daily_latest,tmax,2025-10-05,9,9,1,0.2857142857142857
daily_latest,tmax,2025-10-06,9,9,1,0.0
daily_latest,tmax,2025-10-07,9,9,1,0.0
daily_latest,tmax,2025-10-08,9,9,1,0.0
daily_latest,tmax,2025-10-09,9,9,1,0.14285714285714285
daily_latest,tmax,2025-10-10,9,9,1,0.14285714285714285
daily_latest,tmax,2025-10-11,9,9,1,0.14285714285714285
daily_latest,tmax,2025-10-12,9,9,1,0.14285714285714285
daily_latest,tmax,2025-10-13,9,9,1,0.14285714285714285
daily_latest,tmax,2025-10-14,9,9,1,0.42857142857142855
daily_latest,tmax,2025-10-15,9,9,1,0.2857142857142857
daily_latest,tmax,2025-10-16,9,9,1,0.0
daily_latest,tmax,2025-10-17,9,9,1,0.14285714285714285
daily_latest,tmax,2025-10-18,9,9,1,0.14285714285714285
daily_latest,tmax,2025-10-19,9,9,1,0.0
daily_latest,tmax,2025-10-20,9,9,1,0.0
daily_latest,tmax,2025-10-21,9,9,1,0.0
daily_latest,tmax,2025-10-22,9,9,1,0.0
daily_latest,tmax,2025-10-23,9,9,1,0.2857142857142857
daily_latest,tmax,2025-10-24,9,9,1,0.2857142857142857
daily_latest,tmax,2025-10-25,9,9,1,0.14285714285714285
daily_latest,tmax,2025-10-26,9,9,1,0.42857142857142855
daily_latest,tmax,2025-10-27,9,9,1,0.2857142857142857
daily_latest,tmax,2025-10-28,9,9,1,0.2857142857142857
daily_latest,tmax,2025-10-29,9,9,1,0.2857142857142857
daily_latest,tmax,2025-10-30,9,9,1,0.2857142857142857
daily_latest,tmax,2025-10-31,9,9,1,0.0
daily_latest,tmax,2025-11-01,9,9,1,0.0
daily_latest,tmax,2025-11-02,9,9,1,0.0
daily_latest,tmax,2025-11-03,9,9,1,0.2857142857142857
daily_latest,tmax,2025-11-04,9,9,1,0.14285714285714285
daily_latest,tmax,2025-11-05,9,9,1,0.0
daily_latest,tmax,2025-11-06,9,9,1,0.14285714285714285
daily_latest,tmax,2025-11-07,9,9,1,0.0
daily_latest,tmax,2025-11-08,9,9,1,0.2857142857142857
daily_latest,tmax,2025-11-09,9,9,1,0.0
daily_latest,tmax,2025-11-10,9,9,1,0.2857142857142857
daily_latest,tmax,2025-11-11,9,9,1,0.0
daily_latest,tmax,2025-11-12,9,9,1,0.0
daily_latest,tmax,2025-11-13,9,9,1,0.2857142857142857
daily_latest,tmax,2025-11-14,9,9,1,0.14285714285714285
daily_latest,tmax,2025-11-15,9,9,1,0.2857142857142857
daily_latest,tmax,2025-11-16,9,9,1,0.42857142857142855
daily_latest,tmax,2025-11-17,9,9,1,0.0
daily_latest,tmax,2025-11-18,9,9,1,0.42857142857142855
daily_latest,tmax,2025-11-19,9,9,1,0.14285714285714285
daily_latest,tmax,2025-11-20,9,9,1,0.0
daily_latest,tmax,2025-11-21,9,9,1,0.14285714285714285
daily_latest,tmax,2025-11-22,9,9,1,0.14285714285714285
daily_latest,tmax,2025-11-23,9,9,1,0.14285714285714285
daily_latest,tmax,2025-11-24,9,9,1,0.0
daily_latest,tmax,2025-11-25,9,9,1,0.14285714285714285
daily_latest,tmax,2025-11-26,9,9,1,0.14285714285714285
daily_latest,tmax,2025-11-27,9,9,1,0.0
daily_latest,tmax,2025-11-28,9,9,1,0.0
daily_latest,tmax,2025-11-29,9,9,1,0.14285714285714285
daily_latest,tmax,2025-11-30,9,9,1,0.2857142857142857
daily_latest,tmax,2025-12-01,9,9,1,0.14285714285714285
daily_latest,tmax,2025-12-02,9,9,1,0.0
daily_latest,tmax,2025-12-03,9,9,1,0.42857142857142855
daily_latest,tmax,2025-12-04,9,9,1,0.42857142857142855
daily_latest,tmax,2025-12-05,9,9,1,0.2857142857142857
daily_latest,tmax,2025-12-06,9,9,1,0.0
daily_latest,tmax,2025-12-07,9,9,1,0.0
daily_latest,tmax,2025-12-08,9,9,1,0.0
daily_latest,tmax,2025-12-09,9,9,1,0.0
daily_latest,tmax,2025-12-10,9,9,1,0.42857142857142855
daily_latest,tmax,2025-12-11,9,9,1,0.14285714285714285
daily_latest,tmax,2025-12-12,9,9,1,0.0
daily_latest,tmax,2025-12-13,9,9,1,0.2857142857142857
daily_latest,tmax,2025-12-14,9,9,1,0.0
daily_latest,tmax,2025-12-15,9,9,1,0.14285714285714285
daily_latest,tmax,2025-12-16,9,9,1,0.2857142857142857
daily_latest,tmax,2025-12-17,9,9,1,0.0
daily_latest,tmax,2025-12-18,9,9,1,0.0
daily_latest,tmax,2025-12-19,9,9,1,0.0
daily_latest,tmax,2025-12-20,9,9,1,0.0
daily_latest,tmax,2025-12-21,9,9,1,0.0
daily_latest,tmax,2025-12-22,9,9,1,0.2857142857142857
daily_latest,tmax,2025-12-23,9,9,1,0.14285714285714285
daily_latest,tmax,2025-12-24,9,9,1,0.0
daily_latest,tmax,2025-12-25,9,9,1,0.0
daily_latest,tmax,2025-12-26,9,9,1,0.0
daily_latest,tmax,2025-12-27,9,9,1,0.2857142857142857
daily_latest,tmax,2025-12-28,9,9,1,0.0
daily_latest,tmax,2025-12-29,9,9,1,0.14285714285714285
daily_latest,tmax,2025-12-30,9,9,1,0.14285714285714285
daily_latest,tmax,2025-12-31,9,9,1,0.0
daily_latest,rh_min,2022-01-04,3,3,1,0.0
daily_latest,rh_min,2022-01-05,4,4,1,0.0
daily_latest,rh_min,2022-01-06,5,5,1,0.0
daily_latest,rh_min,2022-01-07,6,6,1,0.0
daily_latest,rh_min,2022-01-08,7,7,1,0.0
daily_latest,rh_min,2022-01-09,8,8,1,0.0
daily_latest,rh_min,2022-01-10,9,9,1,0.0
daily_latest,rh_min,2022-01-11,9,9,1,0.7142857142857143
daily_latest,rh_min,2022-01-12,9,9,1,0.7142857142857143
daily_latest,rh_min,2022-01-13,9,9,1,1.4285714285714286
daily_latest,rh_min,2022-01-14,9,9,1,0.7142857142857143
daily_latest,rh_min,2022-01-15,9,9,1,2.142857142857143
daily_latest,rh_min,2022-01-16,9,9,1,0.7142857142857143
daily_latest,rh_min,2022-01-17,9,9,1,0.0
daily_latest,rh_min,2022-01-18,9,9,1,0.7142857142857143
daily_latest,rh_min,2022-01-19,9,9,1,0.7142857142857143
daily_latest,rh_min,2022-01-20,9,9,1,2.142857142857143
daily_latest,rh_min,2022-01-21,9,9,1,0.0
daily_latest,rh_min,2022-01-22,9,9,1,0.0
daily_latest,rh_min,2022-01-23,9,9,1,0.0
daily_latest,rh_min,2022-01-24,9,9,1,0.0
daily_latest,rh_min,2022-01-25,9,9,1,0.0
daily_latest,rh_min,2022-01-26,9,9,1,0.7142857142857143
daily_latest,rh_min,2022-01-27,9,9,1,1.4285714285714286
daily_latest,rh_min,2022-01-28,9,9,1,0.0
daily_latest,rh_min,2022-01-29,9,9,1,0.7142857142857143
daily_latest,rh_min,2022-01-30,9,9,1,2.142857142857143
daily_latest,rh_min,2022-01-31,9,9,1,0.7142857142857143
daily_latest,rh_min,2022-02-01,9,9,1,0.0
daily_latest,rh_min,2022-02-02,9,9,1,0.0
daily_latest,rh_min,2022-02-03,9,9,1,0.0
daily_latest,rh_min,2022-02-04,9,9,1,0.0
daily_latest,rh_min,2022-02-05,9,9,1,0.0
daily_latest,rh_min,2022-02-06,9,9,1,0.0
daily_latest,rh_min,2022-02-07,9,9,1,0.7142857142857143
daily_latest,rh_min,2022-02-08,9,9,1,0.0
daily_latest,rh_min,2022-02-09,9,9,1,0.0
daily_latest,rh_min,2022-02-10,9,9,1,0.0
daily_latest,rh_min,2022-02-11,9,9,1,0.0
daily_latest,rh_min,2022-02-12,9,9,1,0.7142857142857143
daily_latest,rh_min,2022-02-13,9,9,1,0.0
daily_latest,rh_min,2022-02-14,9,9,1,0.7142857142857143
daily_latest,rh_min,2022-02-15,9,9,1,0.0
daily_latest,rh_min,2022-02-16,9,9,1,0.0
daily_latest,rh_min,2022-02-17,9,9,1,0.0
daily_latest,rh_min,2022-02-18,9,9,1,0.7142857142857143
daily_latest,rh_min,2022-02-19,9,9,1,0.7142857142857143
daily_latest,rh_min,2022-02-20,9,9,1,0.0
daily_latest,rh_min,2022-02-21,9,9,1,0.0
daily_latest,rh_min,2022-02-22,9,9,1,0.0
daily_latest,rh_min,2022-02-23,9,9,1,1.4285714285714286
daily_latest,rh_min,2022-02-24,9,9,1,2.142857142857143
daily_latest,rh_min,2022-02-25,9,9,1,0.7142857142857143
daily_latest,rh_min,2022-02-26,9,9,1,0.7142857142857143
daily_latest,rh_min,2022-02-27,9,9,1,2.142857142857143
daily_latest,rh_min,2022-02-28,9,9,1,0.7142857142857143
daily_latest,rh_min,2022-03-01,9,9,1,2.142857142857143
daily_latest,rh_min,2022-03-02,9,9,1,1.4285714285714286
daily_latest,rh_min,2022-03-03,9,9,1,0.7142857142857143
daily_latest,rh_min,2022-03-04,9,9,1,1.4285714285714286
daily_latest,rh_min,2022-03-05,9,9,1,0.0
daily_latest,rh_min,2022-03-06,9,9,1,0.7142857142857143
daily_latest,rh_min,2022-03-07,9,9,1,2.857142857142857
daily_latest,rh_min,2022-03-08,9,9,1,0.0
daily_latest,rh_min,2022-03-09,9,9,1,1.4285714285714286
daily_latest,rh_min,2022-03-10,9,9,1,0.0
daily_latest,rh_min,2022-03-11,9,9,1,0.0
daily_latest,rh_min,2022-03-12,9,9,1,0.0
daily_latest,rh_min,2022-03-13,9,9,1,0.7142857142857143
daily_latest,rh_min,2022-03-14,9,9,1,1.4285714285714286
daily_latest,rh_min,2022-03-15,9,9,1,0.7142857142857143
daily_latest,rh_min,2022-03-16,9,9,1,0.0
daily_latest,rh_min,2022-03-17,9,9,1,0.7142857142857143
daily_latest,rh_min,2022-03-18,9,9,1,0.7142857142857143
daily_latest,rh_min,2022-03-19,9,9,1,1.4285714285714286
daily_latest,rh_min,2022-03-20,9,9,1,2.142857142857143
daily_latest,rh_min,2022-03-21,9,9,1,1.4285714285714286
daily_latest,rh_min,2022-03-22,9,9,1,0.0
daily_latest,rh_min,2022-03-23,9,9,1,0.0
daily_latest,rh_min,2022-03-24,9,9,1,0.0
daily_latest,rh_min,2022-03-25,9,9,1,0.0
daily_latest,rh_min,2022-03-26,9,9,1,0.0
daily_latest,rh_min,2022-03-27,9,9,1,0.0
daily_latest,rh_min,2022-03-28,9,9,1,0.0
daily_latest,rh_min,2022-03-29,9,9,1,0.0
daily_latest,rh_min,2022-03-30,9,9,1,0.0
daily_latest,rh_min,2022-03-31,9,9,1,0.0
daily_latest,rh_min,2022-04-01,9,9,1,2.142857142857143
daily_latest,rh_min,2022-04-02,9,9,1,0.7142857142857143
daily_latest,rh_min,2022-04-03,9,9,1,2.142857142857143
daily_latest,rh_min,2022-04-04,9,9,1,0.0
daily_latest,rh_min,2022-04-05,9,9,1,0.7142857142857143
daily_latest,rh_min,2022-04-06,9,9,1,1.4285714285714286
daily_latest,rh_min,2022-04-07,9,9,1,0.0
daily_latest,rh_min,2022-04-08,9,9,1,0.0
daily_latest,rh_min,2022-04-09,9,9,1,0.0
daily_latest,rh_min,2022-04-10,9,9,1,0.7142857142857143
daily_latest,rh_min,2022-04-11,9,9,1,0.7142857142857143
daily_latest,rh_min,2022-04-12,9,9,1,0.7142857142857143
daily_latest,rh_min,2022-04-13,9,9,1,2.142857142857143
daily_latest,rh_min,2022-04-14,9,9,1,1.4285714285714286
daily_latest,rh_min,2022-04-15,9,9,1,2.857142857142857
daily_latest,rh_min,2022-04-16,9,9,1,3.5714285714285716
daily_latest,rh_min,2022-04-17,9,9,1,1.4285714285714286
daily_latest,rh_min,2022-04-18,9,9,1,1.4285714285714286
daily_latest,rh_min,2022-04-19,9,9,1,0.7142857142857143
daily_latest,rh_min,2022-04-20,9,9,1,0.0
daily_latest,rh_min,2022-04-21,9,9,1,0.0
daily_latest,rh_min,2022-04-22,9,9,1,0.7142857142857143
daily_latest,rh_min,2022-04-23,9,9,1,1.4285714285714286
daily_latest,rh_min,2022-04-24,9,9,1,1.4285714285714286
daily_latest,rh_min,2022-04-25,9,9,1,0.7142857142857143
daily_latest,rh_min,2022-04-26,9,9,1,0.0
daily_latest,rh_min,2022-04-27,9,9,1,0.0
daily_latest,rh_min,2022-04-28,9,9,1,0.0
daily_latest,rh_min,2022-04-29,9,9,1,0.0
daily_latest,rh_min,2022-04-30,9,9,1,0.0
daily_latest,rh_min,2022-05-01,9,9,1,0.0
daily_latest,rh_min,2022-05-02,9,9,1,0.0
daily_latest,rh_min,2022-05-03,9,9,1,2.857142857142857
daily_latest,rh_min,2022-05-04,9,9,1,2.142857142857143
daily_latest,rh_min,2022-05-05,9,9,1,1.4285714285714286
daily_latest,rh_min,2022-05-06,9,9,1,0.7142857142857143
daily_latest,rh_min,2022-05-07,9,9,1,0.7142857142857143
daily_latest,rh_min,2022-05-08,9,9,1,0.7142857142857143
daily_latest,rh_min,2022-05-09,9,9,1,1.4285714285714286
daily_latest,rh_min,2022-05-10,9,9,1,0.7142857142857143
daily_latest,rh_min,2022-05-11,9,9,1,0.0
daily_latest,rh_min,2022-05-12,9,9,1,0.0
daily_latest,rh_min,2022-05-13,9,9,1,0.0
daily_latest,rh_min,2022-05-14,9,9,1,0.0
daily_latest,rh_min,2022-05-15,9,9,1,0.0
daily_latest,rh_min,2022-05-16,9,9,1,0.0
daily_latest,rh_min,2022-05-17,9,9,1,0.0
daily_latest,rh_min,2022-05-18,9,9,1,0.0
daily_latest,rh_min,2022-05-19,9,9,1,1.4285714285714286
daily_latest,rh_min,2022-05-20,9,9,1,1.4285714285714286
daily_latest,rh_min,2022-05-21,9,9,1,1.4285714285714286
daily_latest,rh_min,2022-05-22,9,9,1,1.4285714285714286
daily_latest,rh_min,2022-05-23,9,9,1,0.7142857142857143
daily_latest,rh_min,2022-05-24,9,9,1,1.4285714285714286
daily_latest,rh_min,2022-05-25,9,9,1,0.0
daily_latest,rh_min,2022-05-26,9,9,1,0.7142857142857143
daily_latest,rh_min,2022-05-27,9,9,1,0.0
daily_latest,rh_min,2022-05-28,9,9,1,0.7142857142857143
daily_latest,rh_min,2022-05-29,9,9,1,0.7142857142857143
daily_latest,rh_min,2022-05-30,9,9,1,1.4285714285714286
daily_latest,rh_min,2022-05-31,9,9,1,0.7142857142857143
daily_latest,rh_min,2022-06-01,9,9,1,0.7142857142857143
daily_latest,rh_min,2022-06-02,9,9,1,0.7142857142857143
daily_latest,rh_min,2022-06-03,9,9,1,0.0
daily_latest,rh_min,2022-06-04,9,9,1,0.7142857142857143
daily_latest,rh_min,2022-06-05,9,9,1,0.0
daily_latest,rh_min,2022-06-06,9,9,1,0.0
daily_latest,rh_min,2022-06-07,9,9,1,0.0
daily_latest,rh_min,2022-06-08,9,9,1,0.0
daily_latest,rh_min,2022-06-09,9,9,1,0.0
daily_latest,rh_min,2022-06-10,9,9,1,0.0
daily_latest,rh_min,2022-06-11,9,9,1,0.7142857142857143
daily_latest,rh_min,2022-06-12,9,9,1,0.7142857142857143
daily_latest,rh_min,2022-06-13,9,9,1,0.0
daily_latest,rh_min,2022-06-14,9,9,1,0.0
daily_latest,rh_min,2022-06-15,9,9,1,0.0
daily_latest,rh_min,2022-06-16,9,9,1,0.0
daily_latest,rh_min,2022-06-17,9,9,1,0.0
daily_latest,rh_min,2022-06-18,9,9,1,0.0
daily_latest,rh_min,2022-06-19,9,9,1,0.7142857142857143
daily_latest,rh_min,2022-06-20,9,9,1,1.4285714285714286
daily_latest,rh_min,2022-06-21,9,9,1,0.0
daily_latest,rh_min,2022-06-22,9,9,1,0.0
daily_latest,rh_min,2022-06-23,9,9,1,0.0
daily_latest,rh_min,2022-06-24,9,9,1,0.0
daily_latest,rh_min,2022-06-25,9,9,1,0.0
daily_latest,rh_min,2022-06-26,9,9,1,0.0
daily_latest,rh_min,2022-06-27,9,9,1,2.142857142857143
daily_latest,rh_min,2022-06-28,9,9,1,0.7142857142857143
daily_latest,rh_min,2022-06-29,9,9,1,0.0
daily_latest,rh_min,2022-06-30,9,9,1,0.0
daily_latest,rh_min,2022-07-01,9,9,1,1.4285714285714286
daily_latest,rh_min,2022-07-02,9,9,1,0.0
daily_latest,rh_min,2022-07-03,9,9,1,0.0
daily_latest,rh_min,2022-07-04,9,9,1,0.7142857142857143
daily_latest,rh_min,2022-07-05,9,9,1,0.0
daily_latest,rh_min,2022-07-06,9,9,1,0.0
daily_latest,rh_min,2022-07-07,9,9,1,0.0
daily_latest,rh_min,2022-07-08,9,9,1,0.0
daily_latest,rh_min,2022-07-09,9,9,1,0.0
daily_latest,rh_min,2022-07-10,9,9,1,0.0
daily_latest,rh_min,2022-07-11,9,9,1,0.0
daily_latest,rh_min,2022-07-12,9,9,1,0.0
daily_latest,rh_min,2022-07-13,9,9,1,1.4285714285714286
daily_latest,rh_min,2022-07-14,9,9,1,1.4285714285714286
daily_latest,rh_min,2022-07-15,9,9,1,0.0
daily_latest,rh_min,2022-07-16,9,9,1,0.0
daily_latest,rh_min,2022-07-17,9,9,1,0.7142857142857143
daily_latest,rh_min,2022-07-18,9,9,1,0.7142857142857143
daily_latest,rh_min,2022-07-19,9,9,1,0.0
daily_latest,rh_min,2022-07-20,9,9,1,0.0
daily_latest,rh_min,2022-07-21,9,9,1,0.0
daily_latest,rh_min,2022-07-22,9,9,1,0.0
daily_latest,rh_min,2022-07-23,9,9,1,0.0
daily_latest,rh_min,2022-07-24,9,9,1,0.0
daily_latest,rh_min,2022-07-25,9,9,1,0.0
daily_latest,rh_min,2022-07-26,9,9,1,0.0
daily_latest,rh_min,2022-07-27,9,9,1,0.0
daily_latest,rh_min,2022-07-28,9,9,1,0.0
daily_latest,rh_min,2022-07-29,9,9,1,0.0
daily_latest,rh_min,2022-07-30,9,9,1,0.0
daily_latest,rh_min,2022-07-31,9,9,1,0.7142857142857143
daily_latest,rh_min,2022-08-01,9,9,1,0.0
daily_latest,rh_min,2022-08-02,9,9,1,1.4285714285714286
daily_latest,rh_min,2022-08-03,9,9,1,0.7142857142857143
daily_latest,rh_min,2022-08-04,9,9,1,0.0
daily_latest,rh_min,2022-08-05,9,9,1,0.0
daily_latest,rh_min,2022-08-06,9,9,1,0.7142857142857143
daily_latest,rh_min,2022-08-07,9,9,1,0.0
daily_latest,rh_min,2022-08-08,9,9,1,0.7142857142857143
daily_latest,rh_min,2022-08-09,9,9,1,0.0
daily_latest,rh_min,2022-08-10,9,9,1,0.7142857142857143
daily_latest,rh_min,2022-08-11,9,9,1,0.0
daily_latest,rh_min,2022-08-12,9,9,1,0.7142857142857143
daily_latest,rh_min,2022-08-13,9,9,1,3.5714285714285716
daily_latest,rh_min,2022-08-14,9,9,1,2.857142857142857
daily_latest,rh_min,2022-08-15,9,9,1,0.7142857142857143
daily_latest,rh_min,2022-08-16,9,9,1,2.142857142857143
daily_latest,rh_min,2022-08-17,9,9,1,0.0
daily_latest,rh_min,2022-08-18,9,9,1,0.0
daily_latest,rh_min,2022-08-19,9,9,1,0.7142857142857143
daily_latest,rh_min,2022-08-20,9,9,1,0.0
daily_latest,rh_min,2022-08-21,9,9,1,0.0
daily_latest,rh_min,2022-08-22,9,9,1,0.7142857142857143
daily_latest,rh_min,2022-08-23,9,9,1,0.0
daily_latest,rh_min,2022-08-24,9,9,1,0.7142857142857143
daily_latest,rh_min,2022-08-25,9,9,1,0.0
daily_latest,rh_min,2022-08-26,9,9,1,1.4285714285714286
daily_latest,rh_min,2022-08-27,9,9,1,0.0
daily_latest,rh_min,2022-08-28,9,9,1,0.0
daily_latest,rh_min,2022-08-29,9,9,1,0.0
daily_latest,rh_min,2022-08-30,9,9,1,1.4285714285714286
daily_latest,rh_min,2022-08-31,9,9,1,1.4285714285714286
daily_latest,rh_min,2022-09-01,9,9,1,1.4285714285714286
daily_latest,rh_min,2022-09-02,9,9,1,2.857142857142857
daily_latest,rh_min,2022-09-03,9,9,1,0.0
daily_latest,rh_min,2022-09-04,9,9,1,0.0
daily_latest,rh_min,2022-09-05,9,9,1,0.7142857142857143
daily_latest,rh_min,2022-09-06,9,9,1,0.0
daily_latest,rh_min,2022-09-07,9,9,1,1.4285714285714286
daily_latest,rh_min,2022-09-08,9,9,1,1.4285714285714286
daily_latest,rh_min,2022-09-09,9,9,1,0.7142857142857143
daily_latest,rh_min,2022-09-10,9,9,1,0.0
daily_latest,rh_min,2022-09-11,9,9,1,1.4285714285714286
daily_latest,rh_min,2022-09-12,9,9,1,1.4285714285714286
daily_latest,rh_min,2022-09-13,9,9,1,0.0
daily_latest,rh_min,2022-09-14,9,9,1,1.4285714285714286
daily_latest,rh_min,2022-09-15,9,9,1,0.0
daily_latest,rh_min,2022-09-16,9,9,1,0.0
daily_latest,rh_min,2022-09-17,9,9,1,1.4285714285714286
daily_latest,rh_min,2022-09-18,9,9,1,2.142857142857143
daily_latest,rh_min,2022-09-19,9,9,1,0.0
daily_latest,rh_min,2022-09-20,9,9,1,2.142857142857143
daily_latest,rh_min,2022-09-21,9,9,1,0.7142857142857143
daily_latest,rh_min,2022-09-22,9,9,1,0.0
daily_latest,rh_min,2022-09-23,9,9,1,0.7142857142857143
daily_latest,rh_min,2022-09-24,9,9,1,0.0
daily_latest,rh_min,2022-09-25,9,9,1,1.4285714285714286
daily_latest,rh_min,2022-09-26,9,9,1,1.4285714285714286
daily_latest,rh_min,2022-09-27,9,9,1,0.0
daily_latest,rh_min,2022-09-28,9,9,1,2.142857142857143
daily_latest,rh_min,2022-09-29,9,9,1,0.0
daily_latest,rh_min,2022-09-30,9,9,1,2.142857142857143
daily_latest,rh_min,2022-10-01,9,9,1,2.857142857142857
daily_latest,rh_min,2022-10-02,9,9,1,0.0
daily_latest,rh_min,2022-10-03,9,9,1,0.7142857142857143
daily_latest,rh_min,2022-10-04,9,9,1,0.0
daily_latest,rh_min,2022-10-05,9,9,1,0.0
daily_latest,rh_min,2022-10-06,9,9,1,2.142857142857143
daily_latest,rh_min,2022-10-07,9,9,1,1.4285714285714286
daily_latest,rh_min,2022-10-08,9,9,1,1.4285714285714286
daily_latest,rh_min,2022-10-09,9,9,1,2.857142857142857
daily_latest,rh_min,2022-10-10,9,9,1,0.0
daily_latest,rh_min,2022-10-11,9,9,1,0.7142857142857143
daily_latest,rh_min,2022-10-12,9,9,1,0.7142857142857143
daily_latest,rh_min,2022-10-13,9,9,1,0.7142857142857143
daily_latest,rh_min,2022-10-14,9,9,1,1.4285714285714286
daily_latest,rh_min,2022-10-15,9,9,1,1.4285714285714286
daily_latest,rh_min,2022-10-16,9,9,1,0.7142857142857143
daily_latest,rh_min,2022-10-17,9,9,1,2.857142857142857
daily_latest,rh_min,2022-10-18,9,9,1,4.285714285714286
daily_latest,rh_min,2022-10-19,9,9,1,0.7142857142857143
daily_latest,rh_min,2022-10-20,9,9,1,2.142857142857143
daily_latest,rh_min,2022-10-21,9,9,1,0.0
daily_latest,rh_min,2022-10-22,9,9,1,1.4285714285714286
daily_latest,rh_min,2022-10-23,9,9,1,1.4285714285714286
daily_latest,rh_min,2022-10-24,9,9,1,1.4285714285714286
daily_latest,rh_min,2022-10-25,9,9,1,2.857142857142857
daily_latest,rh_min,2022-10-26,9,9,1,0.7142857142857143
daily_latest,rh_min,2022-10-27,9,9,1,2.142857142857143
daily_latest,rh_min,2022-10-28,9,9,1,0.7142857142857143
daily_latest,rh_min,2022-10-29,9,9,1,1.4285714285714286
daily_latest,rh_min,2022-10-30,9,9,1,0.0
daily_latest,rh_min,2022-10-31,9,9,1,2.857142857142857
daily_latest,rh_min,2022-11-01,9,9,1,6.428571428571429
daily_latest,rh_min,2022-11-02,9,9,1,3.5714285714285716
daily_latest,rh_min,2022-11-03,9,9,1,0.0
daily_latest,rh_min,2022-11-04,9,9,1,0.0
daily_latest,rh_min,2022-11-05,9,9,1,0.7142857142857143
daily_latest,rh_min,2022-11-06,9,9,1,2.857142857142857
daily_latest,rh_min,2022-11-07,9,9,1,2.857142857142857
daily_latest,rh_min,2022-11-08,9,9,1,0.0
daily_latest,rh_min,2022-11-09,9,9,1,1.4285714285714286
daily_latest,rh_min,2022-11-10,9,9,1,1.4285714285714286
daily_latest,rh_min,2022-11-11,9,9,1,0.7142857142857143
daily_latest,rh_min,2022-11-12,9,9,1,0.7142857142857143
daily_latest,rh_min,2022-11-13,9,9,1,1.4285714285714286
daily_latest,rh_min,2022-11-14,9,9,1,1.4285714285714286
daily_latest,rh_min,2022-11-15,9,9,1,0.0
daily_latest,rh_min,2022-11-16,9,9,1,1.4285714285714286
daily_latest,rh_min,2022-11-17,9,9,1,1.4285714285714286
daily_latest,rh_min,2022-11-18,9,9,1,0.0
daily_latest,rh_min,2022-11-19,9,9,1,0.0
daily_latest,rh_min,2022-11-20,9,9,1,0.0
daily_latest,rh_min,2022-11-21,9,9,1,0.0
daily_latest,rh_min,2022-11-22,9,9,1,1.4285714285714286
daily_latest,rh_min,2022-11-23,9,9,1,0.0
daily_latest,rh_min,2022-11-24,9,9,1,0.0
daily_latest,rh_min,2022-11-25,9,9,1,0.0
daily_latest,rh_min,2022-11-26,9,9,1,1.4285714285714286
daily_latest,rh_min,2022-11-27,9,9,1,0.0
daily_latest,rh_min,2022-11-28,9,9,1,0.0
daily_latest,rh_min,2022-11-29,9,9,1,0.0
daily_latest,rh_min,2022-11-30,9,9,1,0.7142857142857143
daily_latest,rh_min,2022-12-01,9,9,1,0.7142857142857143
daily_latest,rh_min,2022-12-02,9,9,1,0.7142857142857143
daily_latest,rh_min,2022-12-03,9,9,1,0.0
daily_latest,rh_min,2022-12-04,9,9,1,0.7142857142857143
daily_latest,rh_min,2022-12-05,9,9,1,0.7142857142857143
daily_latest,rh_min,2022-12-06,9,9,1,1.4285714285714286
daily_latest,rh_min,2022-12-07,9,9,1,1.4285714285714286
daily_latest,rh_min,2022-12-08,9,9,1,1.4285714285714286
daily_latest,rh_min,2022-12-09,9,9,1,1.4285714285714286
daily_latest,rh_min,2022-12-10,9,9,1,0.0
daily_latest,rh_min,2022-12-11,9,9,1,0.0
daily_latest,rh_min,2022-12-12,9,9,1,2.857142857142857
daily_latest,rh_min,2022-12-13,9,9,1,5.714285714285714
daily_latest,rh_min,2022-12-14,9,9,1,5.714285714285714
daily_latest,rh_min,2022-12-15,9,9,1,2.857142857142857
daily_latest,rh_min,2022-12-16,9,9,1,3.5714285714285716
daily_latest,rh_min,2022-12-17,9,9,1,0.7142857142857143
daily_latest,rh_min,2022-12-18,9,9,1,0.0
daily_latest,rh_min,2022-12-19,9,9,1,2.142857142857143
daily_latest,rh_min,2022-12-20,9,9,1,0.0
daily_latest,rh_min,2022-12-21,9,9,1,0.7142857142857143
daily_latest,rh_min,2022-12-22,9,9,1,0.0
daily_latest,rh_min,2022-12-23,9,9,1,0.0
daily_latest,rh_min,2022-12-24,9,9,1,0.0
daily_latest,rh_min,2022-12-25,9,9,1,0.7142857142857143
daily_latest,rh_min,2022-12-26,9,9,1,0.7142857142857143
daily_latest,rh_min,2022-12-27,9,9,1,0.0
daily_latest,rh_min,2022-12-28,9,9,1,0.7142857142857143
daily_latest,rh_min,2022-12-29,9,9,1,2.142857142857143
daily_latest,rh_min,2022-12-30,9,9,1,0.0
daily_latest,rh_min,2022-12-31,9,9,1,0.0
daily_latest,rh_min,2023-01-01,9,9,1,0.7142857142857143
daily_latest,rh_min,2023-01-02,9,9,1,0.7142857142857143
daily_latest,rh_min,2023-01-03,9,9,1,1.4285714285714286
daily_latest,rh_min,2023-01-04,9,9,1,0.7142857142857143
daily_latest,rh_min,2023-01-05,9,9,1,2.142857142857143
daily_latest,rh_min,2023-01-06,9,9,1,0.7142857142857143
daily_latest,rh_min,2023-01-07,9,9,1,0.0
daily_latest,rh_min,2023-01-08,9,9,1,1.4285714285714286
daily_latest,rh_min,2023-01-09,9,9,1,1.4285714285714286
daily_latest,rh_min,2023-01-10,9,9,1,0.7142857142857143
daily_latest,rh_min,2023-01-11,9,9,1,1.4285714285714286
daily_latest,rh_min,2023-01-12,9,9,1,0.0
daily_latest,rh_min,2023-01-13,9,9,1,1.4285714285714286
daily_latest,rh_min,2023-01-14,9,9,1,1.4285714285714286
daily_latest,rh_min,2023-01-15,9,9,1,0.0
daily_latest,rh_min,2023-01-16,9,9,1,0.7142857142857143
daily_latest,rh_min,2023-01-17,9,9,1,1.4285714285714286
daily_latest,rh_min,2023-01-18,9,9,1,2.142857142857143
daily_latest,rh_min,2023-01-19,9,9,1,1.4285714285714286
daily_latest,rh_min,2023-01-20,9,9,1,0.0
daily_latest,rh_min,2023-01-21,9,9,1,0.0
daily_latest,rh_min,2023-01-22,9,9,1,0.0
daily_latest,rh_min,2023-01-23,9,9,1,0.7142857142857143
daily_latest,rh_min,2023-01-24,9,9,1,2.857142857142857
daily_latest,rh_min,2023-01-25,9,9,1,1.4285714285714286
daily_latest,rh_min,2023-01-26,9,9,1,0.7142857142857143
daily_latest,rh_min,2023-01-27,9,9,1,1.4285714285714286
daily_latest,rh_min,2023-01-28,9,9,1,0.0
daily_latest,rh_min,2023-01-29,9,9,1,0.0
daily_latest,rh_min,2023-01-30,9,9,1,0.0
daily_latest,rh_min,2023-01-31,9,9,1,0.0
daily_latest,rh_min,2023-02-01,9,9,1,0.7142857142857143
daily_latest,rh_min,2023-02-02,9,9,1,0.7142857142857143
daily_latest,rh_min,2023-02-03,9,9,1,0.7142857142857143
daily_latest,rh_min,2023-02-04,9,9,1,0.7142857142857143
daily_latest,rh_min,2023-02-05,9,9,1,0.7142857142857143
daily_latest,rh_min,2023-02-06,9,9,1,0.7142857142857143
daily_latest,rh_min,2023-02-07,9,9,1,0.0
daily_latest,rh_min,2023-02-08,9,9,1,0.7142857142857143
daily_latest,rh_min,2023-02-09,9,9,1,0.0
daily_latest,rh_min,2023-02-10,9,9,1,0.7142857142857143
daily_latest,rh_min,2023-02-11,9,9,1,0.0
daily_latest,rh_min,2023-02-12,9,9,1,0.0
daily_latest,rh_min,2023-02-13,9,9,1,0.0
daily_latest,rh_min,2023-02-14,9,9,1,0.0
daily_latest,rh_min,2023-02-15,9,9,1,0.0
daily_latest,rh_min,2023-02-16,9,9,1,0.7142857142857143
daily_latest,rh_min,2023-02-17,9,9,1,0.0
daily_latest,rh_min,2023-02-18,9,9,1,0.7142857142857143
daily_latest,rh_min,2023-02-19,9,9,1,1.4285714285714286
daily_latest,rh_min,2023-02-20,9,9,1,0.0
daily_latest,rh_min,2023-02-21,9,9,1,0.0
daily_latest,rh_min,2023-02-22,9,9,1,0.0
daily_latest,rh_min,2023-02-23,9,9,1,1.4285714285714286
daily_latest,rh_min,2023-02-24,9,9,1,1.4285714285714286
daily_latest,rh_min,2023-02-25,9,9,1,0.0
daily_latest,rh_min,2023-02-26,9,9,1,0.7142857142857143
daily_latest,rh_min,2023-02-27,9,9,1,1.4285714285714286
daily_latest,rh_min,2023-02-28,9,9,1,1.4285714285714286
daily_latest,rh_min,2023-03-01,9,9,1,0.7142857142857143
daily_latest,rh_min,2023-03-02,9,9,1,0.0
daily_latest,rh_min,2023-03-03,9,9,1,0.0
daily_latest,rh_min,2023-03-04,9,9,1,0.0
daily_latest,rh_min,2023-03-05,9,9,1,0.0
daily_latest,rh_min,2023-03-06,9,9,1,0.0
daily_latest,rh_min,2023-03-07,9,9,1,0.0
daily_latest,rh_min,2023-03-08,9,9,1,0.0
daily_latest,rh_min,2023-03-09,9,9,1,1.4285714285714286
daily_latest,rh_min,2023-03-10,9,9,1,0.7142857142857143
daily_latest,rh_min,2023-03-11,9,9,1,0.0
daily_latest,rh_min,2023-03-12,9,9,1,0.7142857142857143
daily_latest,rh_min,2023-03-13,9,9,1,0.0
daily_latest,rh_min,2023-03-14,9,9,1,1.4285714285714286
daily_latest,rh_min,2023-03-15,9,9,1,0.0
daily_latest,rh_min,2023-03-16,9,9,1,1.4285714285714286
daily_latest,rh_min,2023-03-17,9,9,1,0.7142857142857143
daily_latest,rh_min,2023-03-18,9,9,1,0.7142857142857143
daily_latest,rh_min,2023-03-19,9,9,1,2.142857142857143
daily_latest,rh_min,2023-03-20,9,9,1,0.0
daily_latest,rh_min,2023-03-21,9,9,1,0.0
daily_latest,rh_min,2023-03-22,9,9,1,0.0
daily_latest,rh_min,2023-03-23,9,9,1,1.4285714285714286
daily_latest,rh_min,2023-03-24,9,9,1,0.7142857142857143
daily_latest,rh_min,2023-03-25,9,9,1,0.7142857142857143
daily_latest,rh_min,2023-03-26,9,9,1,1.4285714285714286
daily_latest,rh_min,2023-03-27,9,9,1,0.0
daily_latest,rh_min,2023-03-28,9,9,1,0.0
daily_latest,rh_min,2023-03-29,9,9,1,0.0
daily_latest,rh_min,2023-03-30,9,9,1,0.0
daily_latest,rh_min,2023-03-31,9,9,1,0.0
daily_latest,rh_min,2023-04-01,9,9,1,0.0
daily_latest,rh_min,2023-04-02,9,9,1,0.7142857142857143
daily_latest,rh_min,2023-04-03,9,9,1,0.0
daily_latest,rh_min,2023-04-04,9,9,1,0.7142857142857143
daily_latest,rh_min,2023-04-05,9,9,1,0.7142857142857143
daily_latest,rh_min,2023-04-06,9,9,1,0.7142857142857143
daily_latest,rh_min,2023-04-07,9,9,1,0.7142857142857143
daily_latest,rh_min,2023-04-08,9,9,1,1.4285714285714286
daily_latest,rh_min,2023-04-09,9,9,1,0.0
daily_latest,rh_min,2023-04-10,9,9,1,0.0
daily_latest,rh_min,2023-04-11,9,9,1,0.0
daily_latest,rh_min,2023-04-12,9,9,1,0.0
daily_latest,rh_min,2023-04-13,9,9,1,0.7142857142857143
daily_latest,rh_min,2023-04-14,9,9,1,0.0
daily_latest,rh_min,2023-04-15,9,9,1,2.857142857142857
daily_latest,rh_min,2023-04-16,9,9,1,2.142857142857143
daily_latest,rh_min,2023-04-17,9,9,1,0.0
daily_latest,rh_min,2023-04-18,9,9,1,0.0
daily_latest,rh_min,2023-04-19,9,9,1,0.7142857142857143
daily_latest,rh_min,2023-04-20,9,9,1,0.7142857142857143
daily_latest,rh_min,2023-04-21,9,9,1,0.0
daily_latest,rh_min,2023-04-22,9,9,1,0.0
daily_latest,rh_min,2023-04-23,9,9,1,0.7142857142857143
daily_latest,rh_min,2023-04-24,9,9,1,0.7142857142857143
daily_latest,rh_min,2023-04-25,9,9,1,0.0
daily_latest,rh_min,2023-04-26,9,9,1,0.7142857142857143
daily_latest,rh_min,2023-04-27,9,9,1,0.7142857142857143
daily_latest,rh_min,2023-04-28,9,9,1,0.0
daily_latest,rh_min,2023-04-29,9,9,1,0.7142857142857143
daily_latest,rh_min,2023-04-30,9,9,1,0.0
daily_latest,rh_min,2023-05-01,9,9,1,0.7142857142857143
daily_latest,rh_min,2023-05-02,9,9,1,0.0
daily_latest,rh_min,2023-05-03,9,9,1,0.7142857142857143
daily_latest,rh_min,2023-05-04,9,9,1,0.7142857142857143
daily_latest,rh_min,2023-05-05,9,9,1,0.7142857142857143
daily_latest,rh_min,2023-05-06,9,9,1,1.4285714285714286
daily_latest,rh_min,2023-05-07,9,9,1,0.7142857142857143
daily_latest,rh_min,2023-05-08,9,9,1,0.0
daily_latest,rh_min,2023-05-09,9,9,1,0.7142857142857143
daily_latest,rh_min,2023-05-10,9,9,1,1.4285714285714286
daily_latest,rh_min,2023-05-11,9,9,1,1.4285714285714286
daily_latest,rh_min,2023-05-12,9,9,1,1.4285714285714286
daily_latest,rh_min,2023-05-13,9,9,1,0.0
daily_latest,rh_min,2023-05-14,9,9,1,0.0
daily_latest,rh_min,2023-05-15,9,9,1,0.7142857142857143
daily_latest,rh_min,2023-05-16,9,9,1,0.0
daily_latest,rh_min,2023-05-17,9,9,1,0.0
daily_latest,rh_min,2023-05-18,9,9,1,0.7142857142857143
daily_latest,rh_min,2023-05-19,9,9,1,0.7142857142857143
daily_latest,rh_min,2023-05-20,9,9,1,0.0
daily_latest,rh_min,2023-05-21,9,9,1,0.0
daily_latest,rh_min,2023-05-22,9,9,1,0.0
daily_latest,rh_min,2023-05-23,9,9,1,0.0
daily_latest,rh_min,2023-05-24,9,9,1,1.4285714285714286
daily_latest,rh_min,2023-05-25,9,9,1,0.0
daily_latest,rh_min,2023-05-26,9,9,1,0.0
daily_latest,rh_min,2023-05-27,9,9,1,0.0
daily_latest,rh_min,2023-05-28,9,9,1,0.7142857142857143
daily_latest,rh_min,2023-05-29,9,9,1,2.142857142857143
daily_latest,rh_min,2023-05-30,9,9,1,0.0
daily_latest,rh_min,2023-05-31,9,9,1,0.0
daily_latest,rh_min,2023-06-01,9,9,1,0.0
daily_latest,rh_min,2023-06-02,9,9,1,0.0
daily_latest,rh_min,2023-06-03,9,9,1,0.7142857142857143
daily_latest,rh_min,2023-06-04,9,9,1,0.7142857142857143
daily_latest,rh_min,2023-06-05,9,9,1,0.0
daily_latest,rh_min,2023-06-06,9,9,1,0.7142857142857143
daily_latest,rh_min,2023-06-07,9,9,1,0.7142857142857143
daily_latest,rh_min,2023-06-08,9,9,1,0.0
daily_latest,rh_min,2023-06-09,9,9,1,0.0
daily_latest,rh_min,2023-06-10,9,9,1,0.0
daily_latest,rh_min,2023-06-11,9,9,1,0.0
daily_latest,rh_min,2023-06-12,9,9,1,0.7142857142857143
daily_latest,rh_min,2023-06-13,9,9,1,0.7142857142857143
daily_latest,rh_min,2023-06-14,9,9,1,0.0
daily_latest,rh_min,2023-06-15,9,9,1,1.4285714285714286
daily_latest,rh_min,2023-06-16,9,9,1,0.0
daily_latest,rh_min,2023-06-17,9,9,1,1.4285714285714286
daily_latest,rh_min,2023-06-18,9,9,1,0.0
daily_latest,rh_min,2023-06-19,9,9,1,0.7142857142857143
daily_latest,rh_min,2023-06-20,9,9,1,0.0
daily_latest,rh_min,2023-06-21,9,9,1,0.7142857142857143
daily_latest,rh_min,2023-06-22,9,9,1,0.0
daily_latest,rh_min,2023-06-23,9,9,1,0.0
daily_latest,rh_min,2023-06-24,9,9,1,0.0
daily_latest,rh_min,2023-06-25,9,9,1,0.0
daily_latest,rh_min,2023-06-26,9,9,1,0.0
daily_latest,rh_min,2023-06-27,9,9,1,0.0
daily_latest,rh_min,2023-06-28,9,9,1,0.0
daily_latest,rh_min,2023-06-29,9,9,1,0.0
daily_latest,rh_min,2023-06-30,9,9,1,0.0
daily_latest,rh_min,2023-07-01,9,9,1,0.7142857142857143
daily_latest,rh_min,2023-07-02,9,9,1,0.0
daily_latest,rh_min,2023-07-03,9,9,1,0.0
daily_latest,rh_min,2023-07-04,9,9,1,2.142857142857143
daily_latest,rh_min,2023-07-05,9,9,1,0.7142857142857143
daily_latest,rh_min,2023-07-06,9,9,1,0.0
daily_latest,rh_min,2023-07-07,9,9,1,1.4285714285714286
daily_latest,rh_min,2023-07-08,9,9,1,0.0
daily_latest,rh_min,2023-07-09,9,9,1,0.0
daily_latest,rh_min,2023-07-10,9,9,1,0.0
daily_latest,rh_min,2023-07-11,9,9,1,0.0
daily_latest,rh_min,2023-07-12,9,9,1,0.7142857142857143
daily_latest,rh_min,2023-07-13,9,9,1,0.0
daily_latest,rh_min,2023-07-14,9,9,1,1.4285714285714286
daily_latest,rh_min,2023-07-15,9,9,1,0.0
daily_latest,rh_min,2023-07-16,9,9,1,0.0
daily_latest,rh_min,2023-07-17,9,9,1,0.0
daily_latest,rh_min,2023-07-18,9,9,1,0.0
daily_latest,rh_min,2023-07-19,9,9,1,0.0
daily_latest,rh_min,2023-07-20,9,9,1,0.7142857142857143
daily_latest,rh_min,2023-07-21,9,9,1,0.0
daily_latest,rh_min,2023-07-22,9,9,1,0.0
daily_latest,rh_min,2023-07-23,9,9,1,0.0
daily_latest,rh_min,2023-07-24,9,9,1,0.0
daily_latest,rh_min,2023-07-25,9,9,1,0.7142857142857143
daily_latest,rh_min,2023-07-26,9,9,1,0.0
daily_latest,rh_min,2023-07-27,9,9,1,0.0
daily_latest,rh_min,2023-07-28,9,9,1,0.0
daily_latest,rh_min,2023-07-29,9,9,1,0.0
daily_latest,rh_min,2023-07-30,9,9,1,0.0
daily_latest,rh_min,2023-07-31,9,9,1,0.0
daily_latest,rh_min,2023-08-01,9,9,1,0.0
daily_latest,rh_min,2023-08-02,9,9,1,0.0
daily_latest,rh_min,2023-08-03,9,9,1,0.7142857142857143
daily_latest,rh_min,2023-08-04,9,9,1,2.142857142857143
daily_latest,rh_min,2023-08-05,9,9,1,0.7142857142857143
daily_latest,rh_min,2023-08-06,9,9,1,1.4285714285714286
daily_latest,rh_min,2023-08-07,9,9,1,2.142857142857143
daily_latest,rh_min,2023-08-08,9,9,1,1.4285714285714286
daily_latest,rh_min,2023-08-09,9,9,1,0.7142857142857143
daily_latest,rh_min,2023-08-10,9,9,1,2.142857142857143
daily_latest,rh_min,2023-08-11,9,9,1,1.4285714285714286
daily_latest,rh_min,2023-08-12,9,9,1,2.142857142857143
daily_latest,rh_min,2023-08-13,9,9,1,0.7142857142857143
daily_latest,rh_min,2023-08-14,9,9,1,2.142857142857143
daily_latest,rh_min,2023-08-15,9,9,1,2.142857142857143
daily_latest,rh_min,2023-08-16,9,9,1,4.285714285714286
daily_latest,rh_min,2023-08-17,9,9,1,0.7142857142857143
daily_latest,rh_min,2023-08-18,9,9,1,1.4285714285714286
daily_latest,rh_min,2023-08-19,9,9,1,0.7142857142857143
daily_latest,rh_min,2023-08-20,9,9,1,0.7142857142857143
daily_latest,rh_min,2023-08-21,9,9,1,1.4285714285714286
daily_latest,rh_min,2023-08-22,9,9,1,1.4285714285714286
daily_latest,rh_min,2023-08-23,9,9,1,1.4285714285714286
daily_latest,rh_min,2023-08-24,9,9,1,0.7142857142857143
daily_latest,rh_min,2023-08-25,9,9,1,1.4285714285714286
daily_latest,rh_min,2023-08-26,9,9,1,0.7142857142857143
daily_latest,rh_min,2023-08-27,9,9,1,0.7142857142857143
daily_latest,rh_min,2023-08-28,9,9,1,0.7142857142857143
daily_latest,rh_min,2023-08-29,9,9,1,0.0
daily_latest,rh_min,2023-08-30,9,9,1,1.4285714285714286
daily_latest,rh_min,2023-08-31,9,9,1,0.7142857142857143
daily_latest,rh_min,2023-09-01,9,9,1,0.7142857142857143
daily_latest,rh_min,2023-09-02,9,9,1,0.7142857142857143
daily_latest,rh_min,2023-09-03,9,9,1,0.0
daily_latest,rh_min,2023-09-04,9,9,1,1.4285714285714286
daily_latest,rh_min,2023-09-05,9,9,1,0.0
daily_latest,rh_min,2023-09-06,9,9,1,0.0
daily_latest,rh_min,2023-09-07,9,9,1,1.4285714285714286
daily_latest,rh_min,2023-09-08,9,9,1,1.4285714285714286
daily_latest,rh_min,2023-09-09,9,9,1,1.4285714285714286
daily_latest,rh_min,2023-09-10,9,9,1,0.7142857142857143
daily_latest,rh_min,2023-09-11,9,9,1,3.5714285714285716
daily_latest,rh_min,2023-09-12,9,9,1,2.857142857142857
daily_latest,rh_min,2023-09-13,9,9,1,0.7142857142857143
daily_latest,rh_min,2023-09-14,9,9,1,2.142857142857143
daily_latest,rh_min,2023-09-15,9,9,1,0.7142857142857143
daily_latest,rh_min,2023-09-16,9,9,1,0.0
daily_latest,rh_min,2023-09-17,9,9,1,0.0
daily_latest,rh_min,2023-09-18,9,9,1,0.7142857142857143
daily_latest,rh_min,2023-09-19,9,9,1,1.4285714285714286
daily_latest,rh_min,2023-09-20,9,9,1,0.0
daily_latest,rh_min,2023-09-21,9,9,1,0.0
daily_latest,rh_min,2023-09-22,9,9,1,0.0
daily_latest,rh_min,2023-09-23,9,9,1,0.7142857142857143
daily_latest,rh_min,2023-09-24,9,9,1,0.7142857142857143
daily_latest,rh_min,2023-09-25,9,9,1,0.7142857142857143
daily_latest,rh_min,2023-09-26,9,9,1,0.0
daily_latest,rh_min,2023-09-27,9,9,1,1.4285714285714286
daily_latest,rh_min,2023-09-28,9,9,1,0.7142857142857143
daily_latest,rh_min,2023-09-29,9,9,1,2.857142857142857
daily_latest,rh_min,2023-09-30,9,9,1,2.142857142857143
daily_latest,rh_min,2023-10-01,9,9,1,0.7142857142857143
daily_latest,rh_min,2023-10-02,9,9,1,0.0
daily_latest,rh_min,2023-10-03,9,9,1,0.7142857142857143
daily_latest,rh_min,2023-10-04,9,9,1,0.0
daily_latest,rh_min,2023-10-05,9,9,1,0.7142857142857143
daily_latest,rh_min,2023-10-06,9,9,1,1.4285714285714286
daily_latest,rh_min,2023-10-07,9,9,1,2.142857142857143
daily_latest,rh_min,2023-10-08,9,9,1,0.7142857142857143
daily_latest,rh_min,2023-10-09,9,9,1,2.142857142857143
daily_latest,rh_min,2023-10-10,9,9,1,1.4285714285714286
daily_latest,rh_min,2023-10-11,9,9,1,0.7142857142857143
daily_latest,rh_min,2023-10-12,9,9,1,1.4285714285714286
daily_latest,rh_min,2023-10-13,9,9,1,2.857142857142857
daily_latest,rh_min,2023-10-14,9,9,1,4.285714285714286
daily_latest,rh_min,2023-10-15,9,9,1,2.142857142857143
daily_latest,rh_min,2023-10-16,9,9,1,1.4285714285714286
daily_latest,rh_min,2023-10-17,9,9,1,1.4285714285714286
daily_latest,rh_min,2023-10-18,9,9,1,0.7142857142857143
daily_latest,rh_min,2023-10-19,9,9,1,0.7142857142857143
daily_latest,rh_min,2023-10-20,9,9,1,0.0
daily_latest,rh_min,2023-10-21,9,9,1,2.142857142857143
daily_latest,rh_min,2023-10-22,9,9,1,0.0
daily_latest,rh_min,2023-10-23,9,9,1,0.7142857142857143
daily_latest,rh_min,2023-10-24,9,9,1,0.7142857142857143
daily_latest,rh_min,2023-10-25,9,9,1,0.7142857142857143
daily_latest,rh_min,2023-10-26,9,9,1,1.4285714285714286
daily_latest,rh_min,2023-10-27,9,9,1,1.4285714285714286
daily_latest,rh_min,2023-10-28,9,9,1,0.7142857142857143
daily_latest,rh_min,2023-10-29,9,9,1,1.4285714285714286
daily_latest,rh_min,2023-10-30,9,9,1,2.142857142857143
daily_latest,rh_min,2023-10-31,9,9,1,0.7142857142857143
daily_latest,rh_min,2023-11-01,9,9,1,0.0
daily_latest,rh_min,2023-11-02,9,9,1,0.7142857142857143
daily_latest,rh_min,2023-11-03,9,9,1,1.4285714285714286
daily_latest,rh_min,2023-11-04,9,9,1,0.0
daily_latest,rh_min,2023-11-05,9,9,1,0.0
daily_latest,rh_min,2023-11-06,9,9,1,0.0
daily_latest,rh_min,2023-11-07,9,9,1,1.4285714285714286
daily_latest,rh_min,2023-11-08,9,9,1,0.7142857142857143
daily_latest,rh_min,2023-11-09,9,9,1,1.4285714285714286
daily_latest,rh_min,2023-11-10,9,9,1,1.4285714285714286
daily_latest,rh_min,2023-11-11,9,9,1,0.0
daily_latest,rh_min,2023-11-12,9,9,1,0.0
daily_latest,rh_min,2023-11-13,9,9,1,0.0
daily_latest,rh_min,2023-11-14,9,9,1,2.142857142857143
daily_latest,rh_min,2023-11-15,9,9,1,2.142857142857143
daily_latest,rh_min,2023-11-16,9,9,1,0.0
daily_latest,rh_min,2023-11-17,9,9,1,0.0
daily_latest,rh_min,2023-11-18,9,9,1,0.0
daily_latest,rh_min,2023-11-19,9,9,1,1.4285714285714286
daily_latest,rh_min,2023-11-20,9,9,1,0.0
daily_latest,rh_min,2023-11-21,9,9,1,1.4285714285714286
daily_latest,rh_min,2023-11-22,9,9,1,0.0
daily_latest,rh_min,2023-11-23,9,9,1,1.4285714285714286
daily_latest,rh_min,2023-11-24,9,9,1,0.0
daily_latest,rh_min,2023-11-25,9,9,1,2.142857142857143
daily_latest,rh_min,2023-11-26,9,9,1,0.0
daily_latest,rh_min,2023-11-27,9,9,1,2.142857142857143
daily_latest,rh_min,2023-11-28,9,9,1,0.7142857142857143
daily_latest,rh_min,2023-11-29,9,9,1,2.857142857142857
daily_latest,rh_min,2023-11-30,9,9,1,3.5714285714285716
daily_latest,rh_min,2023-12-01,9,9,1,1.4285714285714286
daily_latest,rh_min,2023-12-02,9,9,1,2.857142857142857
daily_latest,rh_min,2023-12-03,9,9,1,2.142857142857143
daily_latest,rh_min,2023-12-04,9,9,1,1.4285714285714286
daily_latest,rh_min,2023-12-05,9,9,1,0.7142857142857143
daily_latest,rh_min,2023-12-06,9,9,1,2.142857142857143
daily_latest,rh_min,2023-12-07,9,9,1,0.7142857142857143
daily_latest,rh_min,2023-12-08,9,9,1,2.857142857142857
daily_latest,rh_min,2023-12-09,9,9,1,0.7142857142857143
daily_latest,rh_min,2023-12-10,9,9,1,0.0
daily_latest,rh_min,2023-12-11,9,9,1,0.0
daily_latest,rh_min,2023-12-12,9,9,1,1.4285714285714286
daily_latest,rh_min,2023-12-13,9,9,1,0.0
daily_latest,rh_min,2023-12-14,9,9,1,0.0
daily_latest,rh_min,2023-12-15,9,9,1,0.0
daily_latest,rh_min,2023-12-16,9,9,1,0.0
daily_latest,rh_min,2023-12-17,9,9,1,0.0
daily_latest,rh_min,2023-12-18,9,9,1,2.142857142857143
daily_latest,rh_min,2023-12-19,9,9,1,2.142857142857143
daily_latest,rh_min,2023-12-20,9,9,1,0.7142857142857143
daily_latest,rh_min,2023-12-21,9,9,1,0.7142857142857143
daily_latest,rh_min,2023-12-22,9,9,1,0.0
daily_latest,rh_min,2023-12-23,9,9,1,3.5714285714285716
daily_latest,rh_min,2023-12-24,9,9,1,0.7142857142857143
daily_latest,rh_min,2023-12-25,9,9,1,0.7142857142857143
daily_latest,rh_min,2023-12-26,9,9,1,2.142857142857143
daily_latest,rh_min,2023-12-27,9,9,1,2.857142857142857
daily_latest,rh_min,2023-12-28,9,9,1,3.5714285714285716
daily_latest,rh_min,2023-12-29,9,9,1,0.0
daily_latest,rh_min,2023-12-30,9,9,1,0.7142857142857143
daily_latest,rh_min,2023-12-31,9,9,1,2.142857142857143
daily_latest,rh_min,2024-01-01,9,9,1,1.4285714285714286
daily_latest,rh_min,2024-01-02,9,9,1,2.142857142857143
daily_latest,rh_min,2024-01-03,9,9,1,1.4285714285714286
daily_latest,rh_min,2024-01-04,9,9,1,0.7142857142857143
daily_latest,rh_min,2024-01-05,9,9,1,0.0
daily_latest,rh_min,2024-01-06,9,9,1,0.0
daily_latest,rh_min,2024-01-07,9,9,1,2.142857142857143
daily_latest,rh_min,2024-01-08,9,9,1,0.7142857142857143
daily_latest,rh_min,2024-01-09,9,9,1,2.142857142857143
daily_latest,rh_min,2024-01-10,9,9,1,0.0
daily_latest,rh_min,2024-01-11,9,9,1,0.0
daily_latest,rh_min,2024-01-12,9,9,1,0.0
daily_latest,rh_min,2024-01-13,9,9,1,0.0
daily_latest,rh_min,2024-01-14,9,9,1,0.0
daily_latest,rh_min,2024-01-15,9,9,1,0.0
daily_latest,rh_min,2024-01-16,9,9,1,0.0
daily_latest,rh_min,2024-01-17,9,9,1,0.0
daily_latest,rh_min,2024-01-18,9,9,1,0.7142857142857143
daily_latest,rh_min,2024-01-19,9,9,1,0.7142857142857143
daily_latest,rh_min,2024-01-20,9,9,1,0.7142857142857143
daily_latest,rh_min,2024-01-21,9,9,1,0.0
daily_latest,rh_min,2024-01-22,9,9,1,3.5714285714285716
daily_latest,rh_min,2024-01-23,9,9,1,6.428571428571429
daily_latest,rh_min,2024-01-24,9,9,1,2.857142857142857
daily_latest,rh_min,2024-01-25,9,9,1,0.0
daily_latest,rh_min,2024-01-26,9,9,1,2.857142857142857
daily_latest,rh_min,2024-01-27,9,9,1,2.857142857142857
daily_latest,rh_min,2024-01-28,9,9,1,1.4285714285714286
daily_latest,rh_min,2024-01-29,9,9,1,2.142857142857143
daily_latest,rh_min,2024-01-30,9,9,1,1.4285714285714286
daily_latest,rh_min,2024-01-31,9,9,1,0.7142857142857143
daily_latest,rh_min,2024-02-01,9,9,1,0.7142857142857143
daily_latest,rh_min,2024-02-02,9,9,1,1.4285714285714286
daily_latest,rh_min,2024-02-03,9,9,1,0.7142857142857143
daily_latest,rh_min,2024-02-04,9,9,1,0.0
daily_latest,rh_min,2024-02-05,9,9,1,0.7142857142857143
daily_latest,rh_min,2024-02-06,9,9,1,0.0
daily_latest,rh_min,2024-02-07,9,9,1,0.0
daily_latest,rh_min,2024-02-08,9,9,1,0.0
daily_latest,rh_min,2024-02-09,9,9,1,1.4285714285714286
daily_latest,rh_min,2024-02-10,9,9,1,0.7142857142857143
daily_latest,rh_min,2024-02-11,9,9,1,0.0
daily_latest,rh_min,2024-02-12,9,9,1,0.0
daily_latest,rh_min,2024-02-13,9,9,1,0.0
daily_latest,rh_min,2024-02-14,9,9,1,0.0
daily_latest,rh_min,2024-02-15,9,9,1,1.4285714285714286
daily_latest,rh_min,2024-02-16,9,9,1,0.7142857142857143
daily_latest,rh_min,2024-02-17,9,9,1,0.0
daily_latest,rh_min,2024-02-18,9,9,1,0.0
daily_latest,rh_min,2024-02-19,9,9,1,1.4285714285714286
daily_latest,rh_min,2024-02-20,9,9,1,0.7142857142857143
daily_latest,rh_min,2024-02-21,9,9,1,0.7142857142857143
daily_latest,rh_min,2024-02-22,9,9,1,0.7142857142857143
daily_latest,rh_min,2024-02-23,9,9,1,0.0
daily_latest,rh_min,2024-02-24,9,9,1,1.4285714285714286
daily_latest,rh_min,2024-02-25,9,9,1,2.142857142857143
daily_latest,rh_min,2024-02-26,9,9,1,0.0
daily_latest,rh_min,2024-02-27,9,9,1,0.7142857142857143
daily_latest,rh_min,2024-02-28,9,9,1,0.0
daily_latest,rh_min,2024-02-29,9,9,1,0.7142857142857143
daily_latest,rh_min,2024-03-01,9,9,1,0.7142857142857143
daily_latest,rh_min,2024-03-02,9,9,1,0.7142857142857143
daily_latest,rh_min,2024-03-03,9,9,1,0.0
daily_latest,rh_min,2024-03-04,9,9,1,0.0
daily_latest,rh_min,2024-03-05,9,9,1,0.0
daily_latest,rh_min,2024-03-06,9,9,1,0.0
daily_latest,rh_min,2024-03-07,9,9,1,1.4285714285714286
daily_latest,rh_min,2024-03-08,9,9,1,5.0
daily_latest,rh_min,2024-03-09,9,9,1,1.4285714285714286
daily_latest,rh_min,2024-03-10,9,9,1,0.0
daily_latest,rh_min,2024-03-11,9,9,1,0.0
daily_latest,rh_min,2024-03-12,9,9,1,0.7142857142857143
daily_latest,rh_min,2024-03-13,9,9,1,1.4285714285714286
daily_latest,rh_min,2024-03-14,9,9,1,0.7142857142857143
daily_latest,rh_min,2024-03-15,9,9,1,0.7142857142857143
daily_latest,rh_min,2024-03-16,9,9,1,0.0
daily_latest,rh_min,2024-03-17,9,9,1,0.7142857142857143
daily_latest,rh_min,2024-03-18,9,9,1,1.4285714285714286
daily_latest,rh_min,2024-03-19,9,9,1,0.7142857142857143
daily_latest,rh_min,2024-03-20,9,9,1,0.0
daily_latest,rh_min,2024-03-21,9,9,1,1.4285714285714286
daily_latest,rh_min,2024-03-22,9,9,1,0.7142857142857143
daily_latest,rh_min,2024-03-23,9,9,1,0.7142857142857143
daily_latest,rh_min,2024-03-24,9,9,1,0.0
daily_latest,rh_min,2024-03-25,9,9,1,2.142857142857143
daily_latest,rh_min,2024-03-26,9,9,1,0.7142857142857143
daily_latest,rh_min,2024-03-27,9,9,1,1.4285714285714286
daily_latest,rh_min,2024-03-28,9,9,1,0.0
daily_latest,rh_min,2024-03-29,9,9,1,0.7142857142857143
daily_latest,rh_min,2024-03-30,9,9,1,1.4285714285714286
daily_latest,rh_min,2024-03-31,9,9,1,3.5714285714285716
daily_latest,rh_min,2024-04-01,9,9,1,1.4285714285714286
daily_latest,rh_min,2024-04-02,9,9,1,0.7142857142857143
daily_latest,rh_min,2024-04-03,9,9,1,0.7142857142857143
daily_latest,rh_min,2024-04-04,9,9,1,0.0
daily_latest,rh_min,2024-04-05,9,9,1,0.0
daily_latest,rh_min,2024-04-06,9,9,1,0.7142857142857143
daily_latest,rh_min,2024-04-07,9,9,1,0.0
daily_latest,rh_min,2024-04-08,9,9,1,3.5714285714285716
daily_latest,rh_min,2024-04-09,9,9,1,0.7142857142857143
daily_latest,rh_min,2024-04-10,9,9,1,0.0
daily_latest,rh_min,2024-04-11,9,9,1,1.4285714285714286
daily_latest,rh_min,2024-04-12,9,9,1,0.0
daily_latest,rh_min,2024-04-13,9,9,1,0.7142857142857143
daily_latest,rh_min,2024-04-14,9,9,1,0.7142857142857143
daily_latest,rh_min,2024-04-15,9,9,1,0.0
daily_latest,rh_min,2024-04-16,9,9,1,0.0
daily_latest,rh_min,2024-04-17,9,9,1,0.0
daily_latest,rh_min,2024-04-18,9,9,1,0.7142857142857143
daily_latest,rh_min,2024-04-19,9,9,1,0.7142857142857143
daily_latest,rh_min,2024-04-20,9,9,1,0.7142857142857143
daily_latest,rh_min,2024-04-21,9,9,1,0.0
daily_latest,rh_min,2024-04-22,9,9,1,0.0
daily_latest,rh_min,2024-04-23,9,9,1,0.0
daily_latest,rh_min,2024-04-24,9,9,1,0.7142857142857143
daily_latest,rh_min,2024-04-25,9,9,1,0.7142857142857143
daily_latest,rh_min,2024-04-26,9,9,1,0.0
daily_latest,rh_min,2024-04-27,9,9,1,1.4285714285714286
daily_latest,rh_min,2024-04-28,9,9,1,1.4285714285714286
daily_latest,rh_min,2024-04-29,9,9,1,0.0
daily_latest,rh_min,2024-04-30,9,9,1,0.0
daily_latest,rh_min,2024-05-01,9,9,1,0.7142857142857143
daily_latest,rh_min,2024-05-02,9,9,1,0.0
daily_latest,rh_min,2024-05-03,9,9,1,0.7142857142857143
daily_latest,rh_min,2024-05-04,9,9,1,0.7142857142857143
daily_latest,rh_min,2024-05-05,9,9,1,0.0
daily_latest,rh_min,2024-05-06,9,9,1,0.0
daily_latest,rh_min,2024-05-07,9,9,1,0.0
daily_latest,rh_min,2024-05-08,9,9,1,0.0
daily_latest,rh_min,2024-05-09,9,9,1,2.142857142857143
daily_latest,rh_min,2024-05-10,9,9,1,0.0
daily_latest,rh_min,2024-05-11,9,9,1,0.7142857142857143
daily_latest,rh_min,2024-05-12,9,9,1,0.0
daily_latest,rh_min,2024-05-13,9,9,1,0.0
daily_latest,rh_min,2024-05-14,9,9,1,0.0
daily_latest,rh_min,2024-05-15,9,9,1,0.7142857142857143
daily_latest,rh_min,2024-05-16,9,9,1,2.142857142857143
daily_latest,rh_min,2024-05-17,9,9,1,0.0
daily_latest,rh_min,2024-05-18,9,9,1,0.7142857142857143
daily_latest,rh_min,2024-05-19,9,9,1,2.857142857142857
daily_latest,rh_min,2024-05-20,9,9,1,0.0
daily_latest,rh_min,2024-05-21,9,9,1,0.0
daily_latest,rh_min,2024-05-22,9,9,1,1.4285714285714286
daily_latest,rh_min,2024-05-23,9,9,1,2.142857142857143
daily_latest,rh_min,2024-05-24,9,9,1,0.0
daily_latest,rh_min,2024-05-25,9,9,1,1.4285714285714286
daily_latest,rh_min,2024-05-26,9,9,1,0.0
daily_latest,rh_min,2024-05-27,9,9,1,0.7142857142857143
daily_latest,rh_min,2024-05-28,9,9,1,0.0
daily_latest,rh_min,2024-05-29,9,9,1,0.0
daily_latest,rh_min,2024-05-30,9,9,1,0.7142857142857143
daily_latest,rh_min,2024-05-31,9,9,1,0.0
daily_latest,rh_min,2024-06-01,9,9,1,0.0
daily_latest,rh_min,2024-06-02,9,9,1,1.4285714285714286
daily_latest,rh_min,2024-06-03,9,9,1,0.7142857142857143
daily_latest,rh_min,2024-06-04,9,9,1,1.4285714285714286
daily_latest,rh_min,2024-06-05,9,9,1,0.7142857142857143
daily_latest,rh_min,2024-06-06,9,9,1,0.0
daily_latest,rh_min,2024-06-07,9,9,1,0.7142857142857143
daily_latest,rh_min,2024-06-08,9,9,1,0.7142857142857143
daily_latest,rh_min,2024-06-09,9,9,1,0.0
daily_latest,rh_min,2024-06-10,9,9,1,0.7142857142857143
daily_latest,rh_min,2024-06-11,9,9,1,0.7142857142857143
daily_latest,rh_min,2024-06-12,9,9,1,0.7142857142857143
daily_latest,rh_min,2024-06-13,9,9,1,0.0
daily_latest,rh_min,2024-06-14,9,9,1,0.7142857142857143
daily_latest,rh_min,2024-06-15,9,9,1,0.7142857142857143
daily_latest,rh_min,2024-06-16,9,9,1,0.7142857142857143
daily_latest,rh_min,2024-06-17,9,9,1,0.7142857142857143
daily_latest,rh_min,2024-06-18,9,9,1,1.4285714285714286
daily_latest,rh_min,2024-06-19,9,9,1,0.7142857142857143
daily_latest,rh_min,2024-06-20,9,9,1,0.7142857142857143
daily_latest,rh_min,2024-06-21,9,9,1,0.0
daily_latest,rh_min,2024-06-22,9,9,1,0.0
daily_latest,rh_min,2024-06-23,9,9,1,0.0
daily_latest,rh_min,2024-06-24,9,9,1,0.0
daily_latest,rh_min,2024-06-25,9,9,1,0.7142857142857143
daily_latest,rh_min,2024-06-26,9,9,1,0.0
daily_latest,rh_min,2024-06-27,9,9,1,0.7142857142857143
daily_latest,rh_min,2024-06-28,9,9,1,0.7142857142857143
daily_latest,rh_min,2024-06-29,9,9,1,2.142857142857143
daily_latest,rh_min,2024-06-30,9,9,1,2.142857142857143
daily_latest,rh_min,2024-07-01,9,9,1,1.4285714285714286
daily_latest,rh_min,2024-07-02,9,9,1,1.4285714285714286
daily_latest,rh_min,2024-07-03,9,9,1,2.142857142857143
daily_latest,rh_min,2024-07-04,9,9,1,2.142857142857143
daily_latest,rh_min,2024-07-05,9,9,1,0.0
daily_latest,rh_min,2024-07-06,9,9,1,0.7142857142857143
daily_latest,rh_min,2024-07-07,9,9,1,0.0
daily_latest,rh_min,2024-07-08,9,9,1,0.0
daily_latest,rh_min,2024-07-09,9,9,1,1.4285714285714286
daily_latest,rh_min,2024-07-10,9,9,1,0.7142857142857143
daily_latest,rh_min,2024-07-11,9,9,1,0.7142857142857143
daily_latest,rh_min,2024-07-12,9,9,1,0.7142857142857143
daily_latest,rh_min,2024-07-13,9,9,1,0.7142857142857143
daily_latest,rh_min,2024-07-14,9,9,1,0.7142857142857143
daily_latest,rh_min,2024-07-15,9,9,1,0.7142857142857143
daily_latest,rh_min,2024-07-16,9,9,1,0.0
daily_latest,rh_min,2024-07-17,9,9,1,0.0
daily_latest,rh_min,2024-07-18,9,9,1,0.0
daily_latest,rh_min,2024-07-19,9,9,1,2.142857142857143
daily_latest,rh_min,2024-07-20,9,9,1,0.7142857142857143
daily_latest,rh_min,2024-07-21,9,9,1,0.0
daily_latest,rh_min,2024-07-22,9,9,1,0.0
daily_latest,rh_min,2024-07-23,9,9,1,1.4285714285714286
daily_latest,rh_min,2024-07-24,9,9,1,0.7142857142857143
daily_latest,rh_min,2024-07-25,9,9,1,0.7142857142857143
daily_latest,rh_min,2024-07-26,9,9,1,2.142857142857143
daily_latest,rh_min,2024-07-27,9,9,1,0.0
daily_latest,rh_min,2024-07-28,9,9,1,0.0
daily_latest,rh_min,2024-07-29,9,9,1,0.0
daily_latest,rh_min,2024-07-30,9,9,1,0.0
daily_latest,rh_min,2024-07-31,9,9,1,0.7142857142857143
daily_latest,rh_min,2024-08-01,9,9,1,0.7142857142857143
daily_latest,rh_min,2024-08-02,9,9,1,0.0
daily_latest,rh_min,2024-08-03,9,9,1,0.0
daily_latest,rh_min,2024-08-04,9,9,1,0.0
daily_latest,rh_min,2024-08-05,9,9,1,0.0
daily_latest,rh_min,2024-08-06,9,9,1,2.857142857142857
daily_latest,rh_min,2024-08-07,9,9,1,2.142857142857143
daily_latest,rh_min,2024-08-08,9,9,1,1.4285714285714286
daily_latest,rh_min,2024-08-09,9,9,1,0.0
daily_latest,rh_min,2024-08-10,9,9,1,0.7142857142857143
daily_latest,rh_min,2024-08-11,9,9,1,1.4285714285714286
daily_latest,rh_min,2024-08-12,9,9,1,0.7142857142857143
daily_latest,rh_min,2024-08-13,9,9,1,0.7142857142857143
daily_latest,rh_min,2024-08-14,9,9,1,0.7142857142857143
daily_latest,rh_min,2024-08-15,9,9,1,0.0
daily_latest,rh_min,2024-08-16,9,9,1,1.4285714285714286
daily_latest,rh_min,2024-08-17,9,9,1,0.0
daily_latest,rh_min,2024-08-18,9,9,1,1.4285714285714286
daily_latest,rh_min,2024-08-19,9,9,1,0.0
daily_latest,rh_min,2024-08-20,9,9,1,0.0
daily_latest,rh_min,2024-08-21,9,9,1,0.7142857142857143
daily_latest,rh_min,2024-08-22,9,9,1,0.0
daily_latest,rh_min,2024-08-23,9,9,1,1.4285714285714286
daily_latest,rh_min,2024-08-24,9,9,1,0.7142857142857143
daily_latest,rh_min,2024-08-25,9,9,1,0.0
daily_latest,rh_min,2024-08-26,9,9,1,2.142857142857143
daily_latest,rh_min,2024-08-27,9,9,1,0.0
daily_latest,rh_min,2024-08-28,9,9,1,0.7142857142857143
daily_latest,rh_min,2024-08-29,9,9,1,1.4285714285714286
daily_latest,rh_min,2024-08-30,9,9,1,0.7142857142857143
daily_latest,rh_min,2024-08-31,9,9,1,0.7142857142857143
daily_latest,rh_min,2024-09-01,9,9,1,1.4285714285714286
daily_latest,rh_min,2024-09-02,9,9,1,0.7142857142857143
daily_latest,rh_min,2024-09-03,9,9,1,0.0
daily_latest,rh_min,2024-09-04,9,9,1,0.7142857142857143
daily_latest,rh_min,2024-09-05,9,9,1,0.7142857142857143
daily_latest,rh_min,2024-09-06,9,9,1,0.0
daily_latest,rh_min,2024-09-07,9,9,1,0.7142857142857143
daily_latest,rh_min,2024-09-08,9,9,1,0.7142857142857143
daily_latest,rh_min,2024-09-09,9,9,1,0.0
daily_latest,rh_min,2024-09-10,9,9,1,1.4285714285714286
daily_latest,rh_min,2024-09-11,9,9,1,0.7142857142857143
daily_latest,rh_min,2024-09-12,9,9,1,0.7142857142857143
daily_latest,rh_min,2024-09-13,9,9,1,1.4285714285714286
daily_latest,rh_min,2024-09-14,9,9,1,0.7142857142857143
daily_latest,rh_min,2024-09-15,9,9,1,1.4285714285714286
daily_latest,rh_min,2024-09-16,9,9,1,0.7142857142857143
daily_latest,rh_min,2024-09-17,9,9,1,0.0
daily_latest,rh_min,2024-09-18,9,9,1,0.0
daily_latest,rh_min,2024-09-19,9,9,1,1.4285714285714286
daily_latest,rh_min,2024-09-20,9,9,1,1.4285714285714286
daily_latest,rh_min,2024-09-21,9,9,1,0.7142857142857143
daily_latest,rh_min,2024-09-22,9,9,1,1.4285714285714286
daily_latest,rh_min,2024-09-23,9,9,1,0.0
daily_latest,rh_min,2024-09-24,9,9,1,0.0
daily_latest,rh_min,2024-09-25,9,9,1,1.4285714285714286
daily_latest,rh_min,2024-09-26,9,9,1,1.4285714285714286
daily_latest,rh_min,2024-09-27,9,9,1,0.0
daily_latest,rh_min,2024-09-28,9,9,1,0.7142857142857143
daily_latest,rh_min,2024-09-29,9,9,1,0.0
daily_latest,rh_min,2024-09-30,9,9,1,0.0
daily_latest,rh_min,2024-10-01,9,9,1,0.0
daily_latest,rh_min,2024-10-02,9,9,1,0.0
daily_latest,rh_min,2024-10-03,9,9,1,0.0
daily_latest,rh_min,2024-10-04,9,9,1,0.0
daily_latest,rh_min,2024-10-05,9,9,1,0.7142857142857143
daily_latest,rh_min,2024-10-06,9,9,1,2.857142857142857
daily_latest,rh_min,2024-10-07,9,9,1,3.5714285714285716
daily_latest,rh_min,2024-10-08,9,9,1,0.0
daily_latest,rh_min,2024-10-09,9,9,1,2.857142857142857
daily_latest,rh_min,2024-10-10,9,9,1,2.857142857142857
daily_latest,rh_min,2024-10-11,9,9,1,0.7142857142857143
daily_latest,rh_min,2024-10-12,9,9,1,0.0
daily_latest,rh_min,2024-10-13,9,9,1,0.7142857142857143
daily_latest,rh_min,2024-10-14,9,9,1,0.0
daily_latest,rh_min,2024-10-15,9,9,1,1.4285714285714286
daily_latest,rh_min,2024-10-16,9,9,1,2.857142857142857
daily_latest,rh_min,2024-10-17,9,9,1,1.4285714285714286
daily_latest,rh_min,2024-10-18,9,9,1,0.7142857142857143
daily_latest,rh_min,2024-10-19,9,9,1,0.7142857142857143
daily_latest,rh_min,2024-10-20,9,9,1,0.0
daily_latest,rh_min,2024-10-21,9,9,1,1.4285714285714286
daily_latest,rh_min,2024-10-22,9,9,1,0.0
daily_latest,rh_min,2024-10-23,9,9,1,0.0
daily_latest,rh_min,2024-10-24,9,9,1,0.7142857142857143
daily_latest,rh_min,2024-10-25,9,9,1,5.0
daily_latest,rh_min,2024-10-26,9,9,1,4.285714285714286
daily_latest,rh_min,2024-10-27,9,9,1,0.0
daily_latest,rh_min,2024-10-28,9,9,1,2.142857142857143
daily_latest,rh_min,2024-10-29,9,9,1,2.857142857142857
daily_latest,rh_min,2024-10-30,9,9,1,0.0
daily_latest,rh_min,2024-10-31,9,9,1,0.7142857142857143
daily_latest,rh_min,2024-11-01,9,9,1,0.0
daily_latest,rh_min,2024-11-02,9,9,1,0.0
daily_latest,rh_min,2024-11-03,9,9,1,2.142857142857143
daily_latest,rh_min,2024-11-04,9,9,1,2.142857142857143
daily_latest,rh_min,2024-11-05,9,9,1,0.7142857142857143
daily_latest,rh_min,2024-11-06,9,9,1,0.0
daily_latest,rh_min,2024-11-07,9,9,1,0.0
daily_latest,rh_min,2024-11-08,9,9,1,0.0
daily_latest,rh_min,2024-11-09,9,9,1,2.857142857142857
daily_latest,rh_min,2024-11-10,9,9,1,0.0
daily_latest,rh_min,2024-11-11,9,9,1,0.0
daily_latest,rh_min,2024-11-12,9,9,1,0.0
daily_latest,rh_min,2024-11-13,9,9,1,0.0
daily_latest,rh_min,2024-11-14,9,9,1,0.7142857142857143
daily_latest,rh_min,2024-11-15,9,9,1,0.0
daily_latest,rh_min,2024-11-16,9,9,1,0.0
daily_latest,rh_min,2024-11-17,9,9,1,0.0
daily_latest,rh_min,2024-11-18,9,9,1,0.0
daily_latest,rh_min,2024-11-19,9,9,1,1.4285714285714286
daily_latest,rh_min,2024-11-20,9,9,1,1.4285714285714286
daily_latest,rh_min,2024-11-21,9,9,1,1.4285714285714286
daily_latest,rh_min,2024-11-22,9,9,1,0.7142857142857143
daily_latest,rh_min,2024-11-23,9,9,1,0.7142857142857143
daily_latest,rh_min,2024-11-24,9,9,1,0.0
daily_latest,rh_min,2024-11-25,9,9,1,0.7142857142857143
daily_latest,rh_min,2024-11-26,9,9,1,0.0
daily_latest,rh_min,2024-11-27,9,9,1,0.0
daily_latest,rh_min,2024-11-28,9,9,1,0.0
daily_latest,rh_min,2024-11-29,9,9,1,0.0
daily_latest,rh_min,2024-11-30,9,9,1,0.7142857142857143
daily_latest,rh_min,2024-12-01,9,9,1,1.4285714285714286
daily_latest,rh_min,2024-12-02,9,9,1,0.7142857142857143
daily_latest,rh_min,2024-12-03,9,9,1,0.0
daily_latest,rh_min,2024-12-04,9,9,1,0.0
daily_latest,rh_min,2024-12-05,9,9,1,0.0
daily_latest,rh_min,2024-12-06,9,9,1,0.7142857142857143
daily_latest,rh_min,2024-12-07,9,9,1,2.142857142857143
daily_latest,rh_min,2024-12-08,9,9,1,0.0
daily_latest,rh_min,2024-12-09,9,9,1,1.4285714285714286
daily_latest,rh_min,2024-12-10,9,9,1,0.0
daily_latest,rh_min,2024-12-11,9,9,1,0.7142857142857143
daily_latest,rh_min,2024-12-12,9,9,1,0.0
daily_latest,rh_min,2024-12-13,9,9,1,0.7142857142857143
daily_latest,rh_min,2024-12-14,9,9,1,0.0
daily_latest,rh_min,2024-12-15,9,9,1,0.0
daily_latest,rh_min,2024-12-16,9,9,1,0.0
daily_latest,rh_min,2024-12-17,9,9,1,0.7142857142857143
daily_latest,rh_min,2024-12-18,9,9,1,0.0
daily_latest,rh_min,2024-12-19,9,9,1,0.0
daily_latest,rh_min,2024-12-20,9,9,1,0.0
daily_latest,rh_min,2024-12-21,9,9,1,0.0
daily_latest,rh_min,2024-12-22,9,9,1,0.0
daily_latest,rh_min,2024-12-23,9,9,1,3.5714285714285716
daily_latest,rh_min,2024-12-24,9,9,1,2.142857142857143
daily_latest,rh_min,2024-12-25,9,9,1,2.142857142857143
daily_latest,rh_min,2024-12-26,9,9,1,0.0
daily_latest,rh_min,2024-12-27,8,8,1,3.3333333333333335
daily_latest,rh_min,2024-12-28,9,9,1,0.7142857142857143
daily_latest,rh_min,2024-12-29,9,9,1,0.0
daily_latest,rh_min,2024-12-30,9,9,1,1.4285714285714286
daily_latest,rh_min,2024-12-31,9,9,1,0.7142857142857143
daily_latest,rh_min,2025-01-01,9,9,1,2.857142857142857
daily_latest,rh_min,2025-01-02,9,9,1,1.4285714285714286
daily_latest,rh_min,2025-01-03,9,9,1,0.0
daily_latest,rh_min,2025-01-04,9,9,1,0.0
daily_latest,rh_min,2025-01-05,9,9,1,0.7142857142857143
daily_latest,rh_min,2025-01-06,9,9,1,0.7142857142857143
daily_latest,rh_min,2025-01-07,9,9,1,0.0
daily_latest,rh_min,2025-01-08,9,9,1,0.7142857142857143
daily_latest,rh_min,2025-01-09,9,9,1,2.142857142857143
daily_latest,rh_min,2025-01-10,9,9,1,0.7142857142857143
daily_latest,rh_min,2025-01-11,9,9,1,0.7142857142857143
daily_latest,rh_min,2025-01-12,9,9,1,0.0
daily_latest,rh_min,2025-01-13,9,9,1,1.4285714285714286
daily_latest,rh_min,2025-01-14,9,9,1,1.4285714285714286
daily_latest,rh_min,2025-01-15,9,9,1,0.7142857142857143
daily_latest,rh_min,2025-01-16,9,9,1,0.7142857142857143
daily_latest,rh_min,2025-01-17,9,9,1,2.857142857142857
daily_latest,rh_min,2025-01-18,9,9,1,0.0
daily_latest,rh_min,2025-01-19,9,9,1,0.0
daily_latest,rh_min,2025-01-20,9,9,1,1.4285714285714286
daily_latest,rh_min,2025-01-21,9,9,1,4.285714285714286
daily_latest,rh_min,2025-01-22,9,9,1,1.4285714285714286
daily_latest,rh_min,2025-01-23,9,9,1,0.0
daily_latest,rh_min,2025-01-24,9,9,1,0.0
daily_latest,rh_min,2025-01-25,9,9,1,0.0
daily_latest,rh_min,2025-01-26,9,9,1,0.0
daily_latest,rh_min,2025-01-27,9,9,1,1.4285714285714286
daily_latest,rh_min,2025-01-28,9,9,1,0.0
daily_latest,rh_min,2025-01-29,9,9,1,0.7142857142857143
daily_latest,rh_min,2025-01-30,9,9,1,0.0
daily_latest,rh_min,2025-01-31,9,9,1,0.0
daily_latest,rh_min,2025-02-01,9,9,1,0.7142857142857143
daily_latest,rh_min,2025-02-02,9,9,1,1.4285714285714286
daily_latest,rh_min,2025-02-03,9,9,1,0.7142857142857143
daily_latest,rh_min,2025-02-04,9,9,1,1.4285714285714286
daily_latest,rh_min,2025-02-05,9,9,1,0.0
daily_latest,rh_min,2025-02-06,9,9,1,2.142857142857143
daily_latest,rh_min,2025-02-07,9,9,1,2.142857142857143
daily_latest,rh_min,2025-02-08,9,9,1,1.4285714285714286
daily_latest,rh_min,2025-02-09,9,9,1,1.4285714285714286
daily_latest,rh_min,2025-02-10,9,9,1,0.0
daily_latest,rh_min,2025-02-11,9,9,1,0.7142857142857143
daily_latest,rh_min,2025-02-12,9,9,1,0.7142857142857143
daily_latest,rh_min,2025-02-13,9,9,1,1.4285714285714286
daily_latest,rh_min,2025-02-14,9,9,1,1.4285714285714286
daily_latest,rh_min,2025-02-15,9,9,1,1.4285714285714286
daily_latest,rh_min,2025-02-16,9,9,1,1.4285714285714286
daily_latest,rh_min,2025-02-17,9,9,1,0.0
daily_latest,rh_min,2025-02-18,9,9,1,0.7142857142857143
daily_latest,rh_min,2025-02-19,9,9,1,1.4285714285714286
daily_latest,rh_min,2025-02-20,9,9,1,0.0
daily_latest,rh_min,2025-02-21,9,9,1,0.0
daily_latest,rh_min,2025-02-22,9,9,1,0.0
daily_latest,rh_min,2025-02-23,9,9,1,1.4285714285714286
daily_latest,rh_min,2025-02-24,9,9,1,0.7142857142857143
daily_latest,rh_min,2025-02-25,9,9,1,0.7142857142857143
daily_latest,rh_min,2025-02-26,9,9,1,2.857142857142857
daily_latest,rh_min,2025-02-27,9,9,1,2.142857142857143
daily_latest,rh_min,2025-02-28,9,9,1,2.857142857142857
daily_latest,rh_min,2025-03-01,9,9,1,0.7142857142857143
daily_latest,rh_min,2025-03-02,9,9,1,0.0
daily_latest,rh_min,2025-03-03,9,9,1,0.0
daily_latest,rh_min,2025-03-04,9,9,1,1.4285714285714286
daily_latest,rh_min,2025-03-05,9,9,1,0.0
daily_latest,rh_min,2025-03-06,9,9,1,0.7142857142857143
daily_latest,rh_min,2025-03-07,9,9,1,0.7142857142857143
daily_latest,rh_min,2025-03-08,9,9,1,0.7142857142857143
daily_latest,rh_min,2025-03-09,9,9,1,0.7142857142857143
daily_latest,rh_min,2025-03-10,9,9,1,0.7142857142857143
daily_latest,rh_min,2025-03-11,9,9,1,0.7142857142857143
daily_latest,rh_min,2025-03-12,9,9,1,0.7142857142857143
daily_latest,rh_min,2025-03-13,9,9,1,1.4285714285714286
daily_latest,rh_min,2025-03-14,9,9,1,1.4285714285714286
daily_latest,rh_min,2025-03-15,9,9,1,0.7142857142857143
daily_latest,rh_min,2025-03-16,9,9,1,0.0
daily_latest,rh_min,2025-03-17,9,9,1,0.0
daily_latest,rh_min,2025-03-18,9,9,1,0.0
daily_latest,rh_min,2025-03-19,9,9,1,0.0
daily_latest,rh_min,2025-03-20,9,9,1,0.0
daily_latest,rh_min,2025-03-21,9,9,1,0.0
daily_latest,rh_min,2025-03-22,9,9,1,0.0
daily_latest,rh_min,2025-03-23,9,9,1,0.0
daily_latest,rh_min,2025-03-24,9,9,1,0.7142857142857143
daily_latest,rh_min,2025-03-25,9,9,1,0.0
daily_latest,rh_min,2025-03-26,9,9,1,0.7142857142857143
daily_latest,rh_min,2025-03-27,9,9,1,0.0
daily_latest,rh_min,2025-03-28,9,9,1,0.7142857142857143
daily_latest,rh_min,2025-03-29,9,9,1,0.7142857142857143
daily_latest,rh_min,2025-03-30,9,9,1,0.0
daily_latest,rh_min,2025-03-31,9,9,1,0.7142857142857143
daily_latest,rh_min,2025-04-01,9,9,1,0.7142857142857143
daily_latest,rh_min,2025-04-02,9,9,1,0.7142857142857143
daily_latest,rh_min,2025-04-03,9,9,1,0.0
daily_latest,rh_min,2025-04-04,9,9,1,0.7142857142857143
daily_latest,rh_min,2025-04-05,9,9,1,1.4285714285714286
daily_latest,rh_min,2025-04-06,9,9,1,0.0
daily_latest,rh_min,2025-04-07,9,9,1,1.4285714285714286
daily_latest,rh_min,2025-04-08,9,9,1,0.0
daily_latest,rh_min,2025-04-09,9,9,1,0.0
daily_latest,rh_min,2025-04-10,9,9,1,0.0
daily_latest,rh_min,2025-04-11,9,9,1,0.7142857142857143
daily_latest,rh_min,2025-04-12,9,9,1,0.7142857142857143
daily_latest,rh_min,2025-04-13,9,9,1,0.0
daily_latest,rh_min,2025-04-14,9,9,1,0.0
daily_latest,rh_min,2025-04-15,9,9,1,0.0
daily_latest,rh_min,2025-04-16,9,9,1,1.4285714285714286
daily_latest,rh_min,2025-04-17,9,9,1,2.857142857142857
daily_latest,rh_min,2025-04-18,9,9,1,0.0
daily_latest,rh_min,2025-04-19,9,9,1,0.0
daily_latest,rh_min,2025-04-20,9,9,1,0.0
daily_latest,rh_min,2025-04-21,9,9,1,0.0
daily_latest,rh_min,2025-04-22,9,9,1,0.0
daily_latest,rh_min,2025-04-23,9,9,1,0.0
daily_latest,rh_min,2025-04-24,9,9,1,0.0
daily_latest,rh_min,2025-04-25,9,9,1,2.142857142857143
daily_latest,rh_min,2025-04-26,9,9,1,0.0
daily_latest,rh_min,2025-04-27,9,9,1,0.7142857142857143
daily_latest,rh_min,2025-04-28,9,9,1,1.4285714285714286
daily_latest,rh_min,2025-04-29,9,9,1,0.0
daily_latest,rh_min,2025-04-30,9,9,1,0.7142857142857143
daily_latest,rh_min,2025-05-01,9,9,1,0.7142857142857143
daily_latest,rh_min,2025-05-02,9,9,1,0.7142857142857143
daily_latest,rh_min,2025-05-03,9,9,1,0.7142857142857143
daily_latest,rh_min,2025-05-04,9,9,1,0.7142857142857143
daily_latest,rh_min,2025-05-05,9,9,1,0.7142857142857143
daily_latest,rh_min,2025-05-06,9,9,1,1.4285714285714286
daily_latest,rh_min,2025-05-07,9,9,1,0.0
daily_latest,rh_min,2025-05-08,9,9,1,0.0
daily_latest,rh_min,2025-05-09,9,9,1,0.0
daily_latest,rh_min,2025-05-10,9,9,1,0.0
daily_latest,rh_min,2025-05-11,9,9,1,0.0
daily_latest,rh_min,2025-05-12,9,9,1,0.0
daily_latest,rh_min,2025-05-13,9,9,1,0.0
daily_latest,rh_min,2025-05-14,9,9,1,0.0
daily_latest,rh_min,2025-05-15,9,9,1,0.0
daily_latest,rh_min,2025-05-16,9,9,1,0.0
daily_latest,rh_min,2025-05-17,9,9,1,0.0
daily_latest,rh_min,2025-05-18,9,9,1,0.7142857142857143
daily_latest,rh_min,2025-05-19,9,9,1,1.4285714285714286
daily_latest,rh_min,2025-05-20,9,9,1,1.4285714285714286
daily_latest,rh_min,2025-05-21,9,9,1,0.0
daily_latest,rh_min,2025-05-22,9,9,1,0.0
daily_latest,rh_min,2025-05-23,9,9,1,0.0
daily_latest,rh_min,2025-05-24,9,9,1,0.0
daily_latest,rh_min,2025-05-25,9,9,1,0.0
daily_latest,rh_min,2025-05-26,9,9,1,1.4285714285714286
daily_latest,rh_min,2025-05-27,9,9,1,0.0
daily_latest,rh_min,2025-05-28,9,9,1,0.0
daily_latest,rh_min,2025-05-29,9,9,1,0.0
daily_latest,rh_min,2025-05-30,9,9,1,1.4285714285714286
daily_latest,rh_min,2025-05-31,9,9,1,0.0
daily_latest,rh_min,2025-06-01,9,9,1,1.4285714285714286
daily_latest,rh_min,2025-06-02,9,9,1,1.4285714285714286
daily_latest,rh_min,2025-06-03,9,9,1,0.7142857142857143
daily_latest,rh_min,2025-06-04,9,9,1,0.7142857142857143
daily_latest,rh_min,2025-06-05,9,9,1,0.0
daily_latest,rh_min,2025-06-06,9,9,1,0.0
daily_latest,rh_min,2025-06-07,9,9,1,0.0
daily_latest,rh_min,2025-06-08,9,9,1,0.0
daily_latest,rh_min,2025-06-09,9,9,1,0.0
daily_latest,rh_min,2025-06-10,9,9,1,0.0
daily_latest,rh_min,2025-06-11,9,9,1,0.7142857142857143
daily_latest,rh_min,2025-06-12,9,9,1,0.0
daily_latest,rh_min,2025-06-13,9,9,1,0.0
daily_latest,rh_min,2025-06-14,9,9,1,0.0
daily_latest,rh_min,2025-06-15,9,9,1,0.7142857142857143
daily_latest,rh_min,2025-06-16,9,9,1,0.0
daily_latest,rh_min,2025-06-17,9,9,1,0.0
daily_latest,rh_min,2025-06-18,9,9,1,0.0
daily_latest,rh_min,2025-06-19,9,9,1,1.4285714285714286
daily_latest,rh_min,2025-06-20,9,9,1,2.142857142857143
daily_latest,rh_min,2025-06-21,9,9,1,0.0
daily_latest,rh_min,2025-06-22,9,9,1,0.0
daily_latest,rh_min,2025-06-23,9,9,1,0.0
daily_latest,rh_min,2025-06-24,9,9,1,0.0
daily_latest,rh_min,2025-06-25,9,9,1,0.0
daily_latest,rh_min,2025-06-26,9,9,1,2.142857142857143
daily_latest,rh_min,2025-06-27,9,9,1,2.857142857142857
daily_latest,rh_min,2025-06-28,9,9,1,0.7142857142857143
daily_latest,rh_min,2025-06-29,9,9,1,1.4285714285714286
daily_latest,rh_min,2025-06-30,9,9,1,1.4285714285714286
daily_latest,rh_min,2025-07-01,9,9,1,0.7142857142857143
daily_latest,rh_min,2025-07-02,9,9,1,1.4285714285714286
daily_latest,rh_min,2025-07-03,9,9,1,1.4285714285714286
daily_latest,rh_min,2025-07-04,9,9,1,1.4285714285714286
daily_latest,rh_min,2025-07-05,9,9,1,1.4285714285714286
daily_latest,rh_min,2025-07-06,9,9,1,0.7142857142857143
daily_latest,rh_min,2025-07-07,9,9,1,0.7142857142857143
daily_latest,rh_min,2025-07-08,9,9,1,0.7142857142857143
daily_latest,rh_min,2025-07-09,9,9,1,2.142857142857143
daily_latest,rh_min,2025-07-10,9,9,1,0.7142857142857143
daily_latest,rh_min,2025-07-11,9,9,1,0.0
daily_latest,rh_min,2025-07-12,9,9,1,0.0
daily_latest,rh_min,2025-07-13,9,9,1,0.0
daily_latest,rh_min,2025-07-14,9,9,1,0.7142857142857143
daily_latest,rh_min,2025-07-15,9,9,1,0.7142857142857143
daily_latest,rh_min,2025-07-16,9,9,1,0.0
daily_latest,rh_min,2025-07-17,9,9,1,1.4285714285714286
daily_latest,rh_min,2025-07-18,9,9,1,2.142857142857143
daily_latest,rh_min,2025-07-19,9,9,1,0.7142857142857143
daily_latest,rh_min,2025-07-20,9,9,1,0.7142857142857143
daily_latest,rh_min,2025-07-21,9,9,1,0.7142857142857143
daily_latest,rh_min,2025-07-22,9,9,1,0.7142857142857143
daily_latest,rh_min,2025-07-23,9,9,1,2.142857142857143
daily_latest,rh_min,2025-07-24,9,9,1,0.7142857142857143
daily_latest,rh_min,2025-07-25,9,9,1,0.7142857142857143
daily_latest,rh_min,2025-07-26,9,9,1,0.7142857142857143
daily_latest,rh_min,2025-07-27,9,9,1,1.4285714285714286
daily_latest,rh_min,2025-07-28,9,9,1,0.7142857142857143
daily_latest,rh_min,2025-07-29,9,9,1,0.7142857142857143
daily_latest,rh_min,2025-07-30,9,9,1,2.857142857142857
daily_latest,rh_min,2025-07-31,9,9,1,1.4285714285714286
daily_latest,rh_min,2025-08-01,9,9,1,0.7142857142857143
daily_latest,rh_min,2025-08-02,9,9,1,0.0
daily_latest,rh_min,2025-08-03,9,9,1,0.0
daily_latest,rh_min,2025-08-04,9,9,1,0.0
daily_latest,rh_min,2025-08-05,9,9,1,0.0
daily_latest,rh_min,2025-08-06,9,9,1,0.0
daily_latest,rh_min,2025-08-07,9,9,1,0.7142857142857143
daily_latest,rh_min,2025-08-08,9,9,1,1.4285714285714286
daily_latest,rh_min,2025-08-09,9,9,1,0.0
daily_latest,rh_min,2025-08-10,9,9,1,0.7142857142857143
daily_latest,rh_min,2025-08-11,9,9,1,1.4285714285714286
daily_latest,rh_min,2025-08-12,9,9,1,0.7142857142857143
daily_latest,rh_min,2025-08-13,9,9,1,0.7142857142857143
daily_latest,rh_min,2025-08-14,9,9,1,0.0
daily_latest,rh_min,2025-08-15,9,9,1,0.7142857142857143
daily_latest,rh_min,2025-08-16,9,9,1,0.7142857142857143
daily_latest,rh_min,2025-08-17,9,9,1,0.7142857142857143
daily_latest,rh_min,2025-08-18,9,9,1,0.0
daily_latest,rh_min,2025-08-19,9,9,1,0.0
daily_latest,rh_min,2025-08-20,9,9,1,0.0
daily_latest,rh_min,2025-08-21,9,9,1,1.4285714285714286
daily_latest,rh_min,2025-08-22,9,9,1,0.7142857142857143
daily_latest,rh_min,2025-08-23,9,9,1,0.0
daily_latest,rh_min,2025-08-24,9,9,1,0.7142857142857143
daily_latest,rh_min,2025-08-25,9,9,1,3.5714285714285716
daily_latest,rh_min,2025-08-26,9,9,1,2.857142857142857
daily_latest,rh_min,2025-08-27,9,9,1,2.857142857142857
daily_latest,rh_min,2025-08-28,9,9,1,1.4285714285714286
daily_latest,rh_min,2025-08-29,9,9,1,2.857142857142857
daily_latest,rh_min,2025-08-30,9,9,1,2.142857142857143
daily_latest,rh_min,2025-08-31,9,9,1,2.857142857142857
daily_latest,rh_min,2025-09-01,9,9,1,2.857142857142857
daily_latest,rh_min,2025-09-02,9,9,1,1.4285714285714286
daily_latest,rh_min,2025-09-03,9,9,1,1.4285714285714286
daily_latest,rh_min,2025-09-04,9,9,1,2.857142857142857
daily_latest,rh_min,2025-09-05,9,9,1,1.4285714285714286
daily_latest,rh_min,2025-09-06,9,9,1,1.4285714285714286
daily_latest,rh_min,2025-09-07,9,9,1,0.7142857142857143
daily_latest,rh_min,2025-09-08,9,9,1,0.0
daily_latest,rh_min,2025-09-09,9,9,1,0.7142857142857143
daily_latest,rh_min,2025-09-10,9,9,1,0.7142857142857143
daily_latest,rh_min,2025-09-11,9,9,1,0.0
daily_latest,rh_min,2025-09-12,9,9,1,0.0
daily_latest,rh_min,2025-09-13,9,9,1,0.0
daily_latest,rh_min,2025-09-14,9,9,1,0.0
daily_latest,rh_min,2025-09-15,9,9,1,0.0
daily_latest,rh_min,2025-09-16,9,9,1,0.7142857142857143
daily_latest,rh_min,2025-09-17,9,9,1,1.4285714285714286
daily_latest,rh_min,2025-09-18,9,9,1,2.857142857142857
daily_latest,rh_min,2025-09-19,9,9,1,2.142857142857143
daily_latest,rh_min,2025-09-20,9,9,1,1.4285714285714286
daily_latest,rh_min,2025-09-21,9,9,1,0.0
daily_latest,rh_min,2025-09-22,9,9,1,0.0
daily_latest,rh_min,2025-09-23,9,9,1,0.7142857142857143
daily_latest,rh_min,2025-09-24,9,9,1,0.0
daily_latest,rh_min,2025-09-25,9,9,1,0.0
daily_latest,rh_min,2025-09-26,9,9,1,0.0
daily_latest,rh_min,2025-09-27,9,9,1,0.0
daily_latest,rh_min,2025-09-28,9,9,1,0.7142857142857143
daily_latest,rh_min,2025-09-29,9,9,1,0.0
daily_latest,rh_min,2025-09-30,9,9,1,0.0
daily_latest,rh_min,2025-10-01,9,9,1,1.4285714285714286
daily_latest,rh_min,2025-10-02,9,9,1,1.4285714285714286
daily_latest,rh_min,2025-10-03,9,9,1,0.7142857142857143
daily_latest,rh_min,2025-10-04,9,9,1,1.4285714285714286
daily_latest,rh_min,2025-10-05,9,9,1,0.7142857142857143
daily_latest,rh_min,2025-10-06,9,9,1,0.0
daily_latest,rh_min,2025-10-07,9,9,1,0.0
daily_latest,rh_min,2025-10-08,9,9,1,0.7142857142857143
daily_latest,rh_min,2025-10-09,9,9,1,2.857142857142857
daily_latest,rh_min,2025-10-10,9,9,1,2.857142857142857
daily_latest,rh_min,2025-10-11,9,9,1,0.7142857142857143
daily_latest,rh_min,2025-10-12,9,9,1,0.7142857142857143
daily_latest,rh_min,2025-10-13,9,9,1,0.7142857142857143
daily_latest,rh_min,2025-10-14,9,9,1,2.142857142857143
daily_latest,rh_min,2025-10-15,9,9,1,2.857142857142857
daily_latest,rh_min,2025-10-16,9,9,1,0.0
daily_latest,rh_min,2025-10-17,9,9,1,0.0
daily_latest,rh_min,2025-10-18,9,9,1,0.7142857142857143
daily_latest,rh_min,2025-10-19,9,9,1,0.0
daily_latest,rh_min,2025-10-20,9,9,1,0.7142857142857143
daily_latest,rh_min,2025-10-21,9,9,1,0.0
daily_latest,rh_min,2025-10-22,9,9,1,1.4285714285714286
daily_latest,rh_min,2025-10-23,9,9,1,3.5714285714285716
daily_latest,rh_min,2025-10-24,9,9,1,1.4285714285714286
daily_latest,rh_min,2025-10-25,9,9,1,2.142857142857143
daily_latest,rh_min,2025-10-26,9,9,1,1.4285714285714286
daily_latest,rh_min,2025-10-27,9,9,1,3.5714285714285716
daily_latest,rh_min,2025-10-28,9,9,1,5.0
daily_latest,rh_min,2025-10-29,9,9,1,0.7142857142857143
daily_latest,rh_min,2025-10-30,9,9,1,0.0
daily_latest,rh_min,2025-10-31,9,9,1,0.0
daily_latest,rh_min,2025-11-01,9,9,1,2.142857142857143
daily_latest,rh_min,2025-11-02,9,9,1,2.857142857142857
daily_latest,rh_min,2025-11-03,9,9,1,1.4285714285714286
daily_latest,rh_min,2025-11-04,9,9,1,2.857142857142857
daily_latest,rh_min,2025-11-05,9,9,1,0.7142857142857143
daily_latest,rh_min,2025-11-06,9,9,1,0.0
daily_latest,rh_min,2025-11-07,9,9,1,0.0
daily_latest,rh_min,2025-11-08,9,9,1,0.7142857142857143
daily_latest,rh_min,2025-11-09,9,9,1,0.0
daily_latest,rh_min,2025-11-10,9,9,1,0.0
daily_latest,rh_min,2025-11-11,9,9,1,0.0
daily_latest,rh_min,2025-11-12,9,9,1,0.7142857142857143
daily_latest,rh_min,2025-11-13,9,9,1,1.4285714285714286
daily_latest,rh_min,2025-11-14,9,9,1,0.7142857142857143
daily_latest,rh_min,2025-11-15,9,9,1,1.4285714285714286
daily_latest,rh_min,2025-11-16,9,9,1,0.7142857142857143
daily_latest,rh_min,2025-11-17,9,9,1,2.142857142857143
daily_latest,rh_min,2025-11-18,9,9,1,0.0
daily_latest,rh_min,2025-11-19,9,9,1,1.4285714285714286
daily_latest,rh_min,2025-11-20,9,9,1,0.0
daily_latest,rh_min,2025-11-21,9,9,1,0.0
daily_latest,rh_min,2025-11-22,9,9,1,0.7142857142857143
daily_latest,rh_min,2025-11-23,9,9,1,0.0
daily_latest,rh_min,2025-11-24,9,9,1,0.7142857142857143
daily_latest,rh_min,2025-11-25,9,9,1,0.7142857142857143
daily_latest,rh_min,2025-11-26,9,9,1,1.4285714285714286
daily_latest,rh_min,2025-11-27,9,9,1,0.0
daily_latest,rh_min,2025-11-28,9,9,1,0.0
daily_latest,rh_min,2025-11-29,9,9,1,1.4285714285714286
daily_latest,rh_min,2025-11-30,9,9,1,0.0
daily_latest,rh_min,2025-12-01,9,9,1,0.7142857142857143
daily_latest,rh_min,2025-12-02,9,9,1,0.0
daily_latest,rh_min,2025-12-03,9,9,1,0.0
daily_latest,rh_min,2025-12-04,9,9,1,0.7142857142857143
daily_latest,rh_min,2025-12-05,9,9,1,0.7142857142857143
daily_latest,rh_min,2025-12-06,9,9,1,0.7142857142857143
daily_latest,rh_min,2025-12-07,9,9,1,0.7142857142857143
daily_latest,rh_min,2025-12-08,9,9,1,0.7142857142857143
daily_latest,rh_min,2025-12-09,9,9,1,0.0
daily_latest,rh_min,2025-12-10,9,9,1,0.7142857142857143
daily_latest,rh_min,2025-12-11,9,9,1,0.7142857142857143
daily_latest,rh_min,2025-12-12,9,9,1,0.7142857142857143
daily_latest,rh_min,2025-12-13,9,9,1,0.0
daily_latest,rh_min,2025-12-14,9,9,1,1.4285714285714286
daily_latest,rh_min,2025-12-15,9,9,1,1.4285714285714286
daily_latest,rh_min,2025-12-16,9,9,1,0.7142857142857143
daily_latest,rh_min,2025-12-17,9,9,1,2.857142857142857
daily_latest,rh_min,2025-12-18,9,9,1,1.4285714285714286
daily_latest,rh_min,2025-12-19,9,9,1,0.7142857142857143
daily_latest,rh_min,2025-12-20,9,9,1,0.0
daily_latest,rh_min,2025-12-21,9,9,1,0.0
daily_latest,rh_min,2025-12-22,9,9,1,0.7142857142857143
daily_latest,rh_min,2025-12-23,9,9,1,0.0
daily_latest,rh_min,2025-12-24,9,9,1,0.7142857142857143
daily_latest,rh_min,2025-12-25,9,9,1,0.7142857142857143
daily_latest,rh_min,2025-12-26,9,9,1,0.7142857142857143
daily_latest,rh_min,2025-12-27,9,9,1,0.0
daily_latest,rh_min,2025-12-28,9,9,1,0.0
daily_latest,rh_min,2025-12-29,9,9,1,0.0
daily_latest,rh_min,2025-12-30,9,9,1,3.5714285714285716
daily_latest,rh_min,2025-12-31,9,9,1,0.0
daily_latest,rh_max,2022-01-04,3,3,1,0.0
daily_latest,rh_max,2022-01-05,4,4,1,0.0
daily_latest,rh_max,2022-01-06,5,5,1,0.0
daily_latest,rh_max,2022-01-07,6,6,1,1.25
daily_latest,rh_max,2022-01-08,7,7,1,1.0
daily_latest,rh_max,2022-01-09,8,8,1,0.0
daily_latest,rh_max,2022-01-10,9,9,1,0.0
daily_latest,rh_max,2022-01-11,9,9,1,0.7142857142857143
daily_latest,rh_max,2022-01-12,9,9,1,0.0
daily_latest,rh_max,2022-01-13,9,9,1,0.7142857142857143
daily_latest,rh_max,2022-01-14,9,9,1,0.0
daily_latest,rh_max,2022-01-15,9,9,1,0.7142857142857143
daily_latest,rh_max,2022-01-16,9,9,1,0.0
daily_latest,rh_max,2022-01-17,9,9,1,0.0
daily_latest,rh_max,2022-01-18,9,9,1,0.7142857142857143
daily_latest,rh_max,2022-01-19,9,9,1,0.0
daily_latest,rh_max,2022-01-20,9,9,1,1.4285714285714286
daily_latest,rh_max,2022-01-21,9,9,1,0.0
daily_latest,rh_max,2022-01-22,9,9,1,0.0
daily_latest,rh_max,2022-01-23,9,9,1,0.0
daily_latest,rh_max,2022-01-24,9,9,1,0.0
daily_latest,rh_max,2022-01-25,9,9,1,1.4285714285714286
daily_latest,rh_max,2022-01-26,9,9,1,0.7142857142857143
daily_latest,rh_max,2022-01-27,9,9,1,0.7142857142857143
daily_latest,rh_max,2022-01-28,9,9,1,1.4285714285714286
daily_latest,rh_max,2022-01-29,9,9,1,0.0
daily_latest,rh_max,2022-01-30,9,9,1,2.142857142857143
daily_latest,rh_max,2022-01-31,9,9,1,0.0
daily_latest,rh_max,2022-02-01,9,9,1,0.0
daily_latest,rh_max,2022-02-02,9,9,1,0.0
daily_latest,rh_max,2022-02-03,9,9,1,0.0
daily_latest,rh_max,2022-02-04,9,9,1,1.4285714285714286
daily_latest,rh_max,2022-02-05,9,9,1,0.0
daily_latest,rh_max,2022-02-06,9,9,1,0.0
daily_latest,rh_max,2022-02-07,9,9,1,0.0
daily_latest,rh_max,2022-02-08,9,9,1,1.4285714285714286
daily_latest,rh_max,2022-02-09,9,9,1,0.0
daily_latest,rh_max,2022-02-10,9,9,1,0.0
daily_latest,rh_max,2022-02-11,9,9,1,0.0
daily_latest,rh_max,2022-02-12,9,9,1,0.7142857142857143
daily_latest,rh_max,2022-02-13,9,9,1,0.0
daily_latest,rh_max,2022-02-14,9,9,1,0.7142857142857143
daily_latest,rh_max,2022-02-15,9,9,1,0.7142857142857143
daily_latest,rh_max,2022-02-16,9,9,1,0.0
daily_latest,rh_max,2022-02-17,9,9,1,0.0
daily_latest,rh_max,2022-02-18,9,9,1,0.0
daily_latest,rh_max,2022-02-19,9,9,1,1.4285714285714286
daily_latest,rh_max,2022-02-20,9,9,1,0.0
daily_latest,rh_max,2022-02-21,9,9,1,0.0
daily_latest,rh_max,2022-02-22,9,9,1,0.0
daily_latest,rh_max,2022-02-23,9,9,1,0.0
daily_latest,rh_max,2022-02-24,9,9,1,2.142857142857143
daily_latest,rh_max,2022-02-25,9,9,1,1.4285714285714286
daily_latest,rh_max,2022-02-26,9,9,1,0.0
daily_latest,rh_max,2022-02-27,9,9,1,0.0
daily_latest,rh_max,2022-02-28,9,9,1,0.0
daily_latest,rh_max,2022-03-01,9,9,1,0.0
daily_latest,rh_max,2022-03-02,9,9,1,0.0
daily_latest,rh_max,2022-03-03,9,9,1,0.7142857142857143
daily_latest,rh_max,2022-03-04,9,9,1,0.0
daily_latest,rh_max,2022-03-05,9,9,1,0.0
daily_latest,rh_max,2022-03-06,9,9,1,2.857142857142857
daily_latest,rh_max,2022-03-07,9,9,1,1.4285714285714286
daily_latest,rh_max,2022-03-08,9,9,1,0.0
daily_latest,rh_max,2022-03-09,9,9,1,0.0
daily_latest,rh_max,2022-03-10,9,9,1,0.0
daily_latest,rh_max,2022-03-11,9,9,1,0.7142857142857143
daily_latest,rh_max,2022-03-12,9,9,1,0.0
daily_latest,rh_max,2022-03-13,9,9,1,0.7142857142857143
daily_latest,rh_max,2022-03-14,9,9,1,0.0
daily_latest,rh_max,2022-03-15,9,9,1,0.0
daily_latest,rh_max,2022-03-16,9,9,1,0.0
daily_latest,rh_max,2022-03-17,9,9,1,0.0
daily_latest,rh_max,2022-03-18,9,9,1,0.0
daily_latest,rh_max,2022-03-19,9,9,1,0.0
daily_latest,rh_max,2022-03-20,9,9,1,0.0
daily_latest,rh_max,2022-03-21,9,9,1,0.0
daily_latest,rh_max,2022-03-22,9,9,1,0.0
daily_latest,rh_max,2022-03-23,9,9,1,0.0
daily_latest,rh_max,2022-03-24,9,9,1,0.0
daily_latest,rh_max,2022-03-25,9,9,1,0.0
daily_latest,rh_max,2022-03-26,9,9,1,0.0
daily_latest,rh_max,2022-03-27,9,9,1,0.0
daily_latest,rh_max,2022-03-28,9,9,1,0.0
daily_latest,rh_max,2022-03-29,9,9,1,0.0
daily_latest,rh_max,2022-03-30,9,9,1,0.0
daily_latest,rh_max,2022-03-31,9,9,1,1.4285714285714286
daily_latest,rh_max,2022-04-01,9,9,1,0.7142857142857143
daily_latest,rh_max,2022-04-02,9,9,1,0.0
daily_latest,rh_max,2022-04-03,9,9,1,1.4285714285714286
daily_latest,rh_max,2022-04-04,9,9,1,0.7142857142857143
daily_latest,rh_max,2022-04-05,9,9,1,0.7142857142857143
daily_latest,rh_max,2022-04-06,9,9,1,0.7142857142857143
daily_latest,rh_max,2022-04-07,9,9,1,0.0
daily_latest,rh_max,2022-04-08,9,9,1,0.0
daily_latest,rh_max,2022-04-09,9,9,1,0.0
daily_latest,rh_max,2022-04-10,9,9,1,0.7142857142857143
daily_latest,rh_max,2022-04-11,9,9,1,0.0
daily_latest,rh_max,2022-04-12,9,9,1,1.4285714285714286
daily_latest,rh_max,2022-04-13,9,9,1,0.0
daily_latest,rh_max,2022-04-14,9,9,1,0.7142857142857143
daily_latest,rh_max,2022-04-15,9,9,1,0.7142857142857143
daily_latest,rh_max,2022-04-16,9,9,1,2.857142857142857
daily_latest,rh_max,2022-04-17,9,9,1,1.4285714285714286
daily_latest,rh_max,2022-04-18,9,9,1,0.0
daily_latest,rh_max,2022-04-19,9,9,1,0.0
daily_latest,rh_max,2022-04-20,9,9,1,0.0
daily_latest,rh_max,2022-04-21,9,9,1,0.0
daily_latest,rh_max,2022-04-22,9,9,1,0.0
daily_latest,rh_max,2022-04-23,9,9,1,0.0
daily_latest,rh_max,2022-04-24,9,9,1,0.0
daily_latest,rh_max,2022-04-25,9,9,1,0.0
daily_latest,rh_max,2022-04-26,9,9,1,0.0
daily_latest,rh_max,2022-04-27,9,9,1,0.7142857142857143
daily_latest,rh_max,2022-04-28,9,9,1,0.0
daily_latest,rh_max,2022-04-29,9,9,1,0.0
daily_latest,rh_max,2022-04-30,9,9,1,0.0
daily_latest,rh_max,2022-05-01,9,9,1,0.0
daily_latest,rh_max,2022-05-02,9,9,1,0.0
daily_latest,rh_max,2022-05-03,9,9,1,0.0
daily_latest,rh_max,2022-05-04,9,9,1,2.142857142857143
daily_latest,rh_max,2022-05-05,9,9,1,0.0
daily_latest,rh_max,2022-05-06,9,9,1,1.4285714285714286
daily_latest,rh_max,2022-05-07,9,9,1,0.0
daily_latest,rh_max,2022-05-08,9,9,1,0.0
daily_latest,rh_max,2022-05-09,9,9,1,0.0
daily_latest,rh_max,2022-05-10,9,9,1,0.0
daily_latest,rh_max,2022-05-11,9,9,1,0.0
daily_latest,rh_max,2022-05-12,9,9,1,0.0
daily_latest,rh_max,2022-05-13,9,9,1,0.0
daily_latest,rh_max,2022-05-14,9,9,1,0.0
daily_latest,rh_max,2022-05-15,9,9,1,0.0
daily_latest,rh_max,2022-05-16,9,9,1,0.0
daily_latest,rh_max,2022-05-17,9,9,1,0.0
daily_latest,rh_max,2022-05-18,9,9,1,0.7142857142857143
daily_latest,rh_max,2022-05-19,9,9,1,0.0
daily_latest,rh_max,2022-05-20,9,9,1,0.7142857142857143
daily_latest,rh_max,2022-05-21,9,9,1,0.7142857142857143
daily_latest,rh_max,2022-05-22,9,9,1,0.7142857142857143
daily_latest,rh_max,2022-05-23,9,9,1,2.142857142857143
daily_latest,rh_max,2022-05-24,9,9,1,1.4285714285714286
daily_latest,rh_max,2022-05-25,9,9,1,0.0
daily_latest,rh_max,2022-05-26,9,9,1,0.0
daily_latest,rh_max,2022-05-27,9,9,1,0.0
daily_latest,rh_max,2022-05-28,9,9,1,0.0
daily_latest,rh_max,2022-05-29,9,9,1,0.7142857142857143
daily_latest,rh_max,2022-05-30,9,9,1,0.7142857142857143
daily_latest,rh_max,2022-05-31,9,9,1,0.7142857142857143
daily_latest,rh_max,2022-06-01,9,9,1,0.0
daily_latest,rh_max,2022-06-02,9,9,1,0.7142857142857143
daily_latest,rh_max,2022-06-03,9,9,1,0.0
daily_latest,rh_max,2022-06-04,9,9,1,0.0
daily_latest,rh_max,2022-06-05,9,9,1,0.0
daily_latest,rh_max,2022-06-06,9,9,1,0.0
daily_latest,rh_max,2022-06-07,9,9,1,0.0
daily_latest,rh_max,2022-06-08,9,9,1,0.0
daily_latest,rh_max,2022-06-09,9,9,1,0.0
daily_latest,rh_max,2022-06-10,9,9,1,0.0
daily_latest,rh_max,2022-06-11,9,9,1,0.0
daily_latest,rh_max,2022-06-12,9,9,1,0.0
daily_latest,rh_max,2022-06-13,9,9,1,0.0
daily_latest,rh_max,2022-06-14,9,9,1,0.0
daily_latest,rh_max,2022-06-15,9,9,1,0.0
daily_latest,rh_max,2022-06-16,9,9,1,0.0
daily_latest,rh_max,2022-06-17,9,9,1,0.0
daily_latest,rh_max,2022-06-18,9,9,1,0.7142857142857143
daily_latest,rh_max,2022-06-19,9,9,1,0.7142857142857143
daily_latest,rh_max,2022-06-20,9,9,1,0.0
daily_latest,rh_max,2022-06-21,9,9,1,0.0
daily_latest,rh_max,2022-06-22,9,9,1,0.0
daily_latest,rh_max,2022-06-23,9,9,1,0.0
daily_latest,rh_max,2022-06-24,9,9,1,0.0
daily_latest,rh_max,2022-06-25,9,9,1,0.0
daily_latest,rh_max,2022-06-26,9,9,1,0.0
daily_latest,rh_max,2022-06-27,9,9,1,0.0
daily_latest,rh_max,2022-06-28,9,9,1,0.0
daily_latest,rh_max,2022-06-29,9,9,1,0.0
daily_latest,rh_max,2022-06-30,9,9,1,0.0
daily_latest,rh_max,2022-07-01,9,9,1,0.0
daily_latest,rh_max,2022-07-02,9,9,1,0.0
daily_latest,rh_max,2022-07-03,9,9,1,0.0
daily_latest,rh_max,2022-07-04,9,9,1,0.0
daily_latest,rh_max,2022-07-05,9,9,1,0.0
daily_latest,rh_max,2022-07-06,9,9,1,0.0
daily_latest,rh_max,2022-07-07,9,9,1,0.0
daily_latest,rh_max,2022-07-08,9,9,1,0.0
daily_latest,rh_max,2022-07-09,9,9,1,0.7142857142857143
daily_latest,rh_max,2022-07-10,9,9,1,0.0
daily_latest,rh_max,2022-07-11,9,9,1,0.0
daily_latest,rh_max,2022-07-12,9,9,1,0.0
daily_latest,rh_max,2022-07-13,9,9,1,0.7142857142857143
daily_latest,rh_max,2022-07-14,9,9,1,1.4285714285714286
daily_latest,rh_max,2022-07-15,9,9,1,0.0
daily_latest,rh_max,2022-07-16,9,9,1,0.0
daily_latest,rh_max,2022-07-17,9,9,1,0.7142857142857143
daily_latest,rh_max,2022-07-18,9,9,1,0.0
daily_latest,rh_max,2022-07-19,9,9,1,0.0
daily_latest,rh_max,2022-07-20,9,9,1,0.7142857142857143
daily_latest,rh_max,2022-07-21,9,9,1,0.0
daily_latest,rh_max,2022-07-22,9,9,1,2.142857142857143
daily_latest,rh_max,2022-07-23,9,9,1,0.0
daily_latest,rh_max,2022-07-24,9,9,1,0.0
daily_latest,rh_max,2022-07-25,9,9,1,0.0
daily_latest,rh_max,2022-07-26,9,9,1,0.7142857142857143
daily_latest,rh_max,2022-07-27,9,9,1,1.4285714285714286
daily_latest,rh_max,2022-07-28,9,9,1,0.0
daily_latest,rh_max,2022-07-29,9,9,1,0.0
daily_latest,rh_max,2022-07-30,9,9,1,0.0
daily_latest,rh_max,2022-07-31,9,9,1,0.0
daily_latest,rh_max,2022-08-01,9,9,1,0.0
daily_latest,rh_max,2022-08-02,9,9,1,1.4285714285714286
daily_latest,rh_max,2022-08-03,9,9,1,0.0
daily_latest,rh_max,2022-08-04,9,9,1,0.0
daily_latest,rh_max,2022-08-05,9,9,1,0.0
daily_latest,rh_max,2022-08-06,9,9,1,0.0
daily_latest,rh_max,2022-08-07,9,9,1,0.0
daily_latest,rh_max,2022-08-08,9,9,1,0.7142857142857143
daily_latest,rh_max,2022-08-09,9,9,1,0.0
daily_latest,rh_max,2022-08-10,9,9,1,0.0
daily_latest,rh_max,2022-08-11,9,9,1,0.0
daily_latest,rh_max,2022-08-12,9,9,1,0.0
daily_latest,rh_max,2022-08-13,9,9,1,0.7142857142857143
daily_latest,rh_max,2022-08-14,9,9,1,1.4285714285714286
daily_latest,rh_max,2022-08-15,9,9,1,0.7142857142857143
daily_latest,rh_max,2022-08-16,9,9,1,1.4285714285714286
daily_latest,rh_max,2022-08-17,9,9,1,0.0
daily_latest,rh_max,2022-08-18,9,9,1,0.7142857142857143
daily_latest,rh_max,2022-08-19,9,9,1,0.0
daily_latest,rh_max,2022-08-20,9,9,1,0.0
daily_latest,rh_max,2022-08-21,9,9,1,0.0
daily_latest,rh_max,2022-08-22,9,9,1,0.0
daily_latest,rh_max,2022-08-23,9,9,1,0.7142857142857143
daily_latest,rh_max,2022-08-24,9,9,1,0.0
daily_latest,rh_max,2022-08-25,9,9,1,0.7142857142857143
daily_latest,rh_max,2022-08-26,9,9,1,0.0
daily_latest,rh_max,2022-08-27,9,9,1,0.0
daily_latest,rh_max,2022-08-28,9,9,1,0.7142857142857143
daily_latest,rh_max,2022-08-29,9,9,1,0.7142857142857143
daily_latest,rh_max,2022-08-30,9,9,1,2.142857142857143
daily_latest,rh_max,2022-08-31,9,9,1,0.7142857142857143
daily_latest,rh_max,2022-09-01,9,9,1,0.0
daily_latest,rh_max,2022-09-02,9,9,1,0.0
daily_latest,rh_max,2022-09-03,9,9,1,0.0
daily_latest,rh_max,2022-09-04,9,9,1,1.4285714285714286
daily_latest,rh_max,2022-09-05,9,9,1,0.0
daily_latest,rh_max,2022-09-06,9,9,1,0.7142857142857143
daily_latest,rh_max,2022-09-07,9,9,1,0.0
daily_latest,rh_max,2022-09-08,9,9,1,0.0
daily_latest,rh_max,2022-09-09,9,9,1,0.0
daily_latest,rh_max,2022-09-10,9,9,1,1.4285714285714286
daily_latest,rh_max,2022-09-11,9,9,1,2.142857142857143
daily_latest,rh_max,2022-09-12,9,9,1,1.4285714285714286
daily_latest,rh_max,2022-09-13,9,9,1,1.4285714285714286
daily_latest,rh_max,2022-09-14,9,9,1,0.7142857142857143
daily_latest,rh_max,2022-09-15,9,9,1,0.7142857142857143
daily_latest,rh_max,2022-09-16,9,9,1,1.4285714285714286
daily_latest,rh_max,2022-09-17,9,9,1,0.0
daily_latest,rh_max,2022-09-18,9,9,1,2.142857142857143
daily_latest,rh_max,2022-09-19,9,9,1,1.4285714285714286
daily_latest,rh_max,2022-09-20,9,9,1,0.0
daily_latest,rh_max,2022-09-21,9,9,1,0.7142857142857143
daily_latest,rh_max,2022-09-22,9,9,1,0.0
daily_latest,rh_max,2022-09-23,9,9,1,0.7142857142857143
daily_latest,rh_max,2022-09-24,9,9,1,0.0
daily_latest,rh_max,2022-09-25,9,9,1,1.4285714285714286
daily_latest,rh_max,2022-09-26,9,9,1,0.0
daily_latest,rh_max,2022-09-27,9,9,1,0.0
daily_latest,rh_max,2022-09-28,9,9,1,0.0
daily_latest,rh_max,2022-09-29,9,9,1,0.7142857142857143
daily_latest,rh_max,2022-09-30,9,9,1,0.7142857142857143
daily_latest,rh_max,2022-10-01,9,9,1,0.0
daily_latest,rh_max,2022-10-02,9,9,1,0.0
daily_latest,rh_max,2022-10-03,9,9,1,0.0
daily_latest,rh_max,2022-10-04,9,9,1,0.7142857142857143
daily_latest,rh_max,2022-10-05,9,9,1,0.0
daily_latest,rh_max,2022-10-06,9,9,1,1.4285714285714286
daily_latest,rh_max,2022-10-07,9,9,1,0.7142857142857143
daily_latest,rh_max,2022-10-08,9,9,1,1.4285714285714286
daily_latest,rh_max,2022-10-09,9,9,1,2.142857142857143
daily_latest,rh_max,2022-10-10,9,9,1,3.5714285714285716
daily_latest,rh_max,2022-10-11,9,9,1,0.0
daily_latest,rh_max,2022-10-12,9,9,1,0.0
daily_latest,rh_max,2022-10-13,9,9,1,0.0
daily_latest,rh_max,2022-10-14,9,9,1,0.0
daily_latest,rh_max,2022-10-15,9,9,1,1.4285714285714286
daily_latest,rh_max,2022-10-16,9,9,1,2.142857142857143
daily_latest,rh_max,2022-10-17,9,9,1,3.5714285714285716
daily_latest,rh_max,2022-10-18,9,9,1,5.714285714285714
daily_latest,rh_max,2022-10-19,9,9,1,2.142857142857143
daily_latest,rh_max,2022-10-20,9,9,1,2.857142857142857
daily_latest,rh_max,2022-10-21,9,9,1,0.0
daily_latest,rh_max,2022-10-22,9,9,1,2.857142857142857
daily_latest,rh_max,2022-10-23,9,9,1,2.142857142857143
daily_latest,rh_max,2022-10-24,9,9,1,0.7142857142857143
daily_latest,rh_max,2022-10-25,9,9,1,0.0
daily_latest,rh_max,2022-10-26,9,9,1,0.0
daily_latest,rh_max,2022-10-27,9,9,1,1.4285714285714286
daily_latest,rh_max,2022-10-28,9,9,1,0.7142857142857143
daily_latest,rh_max,2022-10-29,9,9,1,2.142857142857143
daily_latest,rh_max,2022-10-30,9,9,1,0.0
daily_latest,rh_max,2022-10-31,9,9,1,1.4285714285714286
daily_latest,rh_max,2022-11-01,9,9,1,3.5714285714285716
daily_latest,rh_max,2022-11-02,9,9,1,1.4285714285714286
daily_latest,rh_max,2022-11-03,9,9,1,0.0
daily_latest,rh_max,2022-11-04,9,9,1,0.0
daily_latest,rh_max,2022-11-05,9,9,1,0.0
daily_latest,rh_max,2022-11-06,9,9,1,1.4285714285714286
daily_latest,rh_max,2022-11-07,9,9,1,2.857142857142857
daily_latest,rh_max,2022-11-08,9,9,1,2.857142857142857
daily_latest,rh_max,2022-11-09,9,9,1,1.4285714285714286
daily_latest,rh_max,2022-11-10,9,9,1,0.7142857142857143
daily_latest,rh_max,2022-11-11,9,9,1,0.7142857142857143
daily_latest,rh_max,2022-11-12,9,9,1,0.0
daily_latest,rh_max,2022-11-13,9,9,1,1.4285714285714286
daily_latest,rh_max,2022-11-14,9,9,1,0.0
daily_latest,rh_max,2022-11-15,9,9,1,0.0
daily_latest,rh_max,2022-11-16,9,9,1,2.142857142857143
daily_latest,rh_max,2022-11-17,9,9,1,2.142857142857143
daily_latest,rh_max,2022-11-18,9,9,1,0.0
daily_latest,rh_max,2022-11-19,9,9,1,0.0
daily_latest,rh_max,2022-11-20,9,9,1,0.0
daily_latest,rh_max,2022-11-21,9,9,1,0.0
daily_latest,rh_max,2022-11-22,9,9,1,1.4285714285714286
daily_latest,rh_max,2022-11-23,9,9,1,0.0
daily_latest,rh_max,2022-11-24,9,9,1,0.0
daily_latest,rh_max,2022-11-25,9,9,1,0.0
daily_latest,rh_max,2022-11-26,9,9,1,1.4285714285714286
daily_latest,rh_max,2022-11-27,9,9,1,0.0
daily_latest,rh_max,2022-11-28,9,9,1,0.0
daily_latest,rh_max,2022-11-29,9,9,1,0.0
daily_latest,rh_max,2022-11-30,9,9,1,0.0
daily_latest,rh_max,2022-12-01,9,9,1,0.7142857142857143
daily_latest,rh_max,2022-12-02,9,9,1,0.7142857142857143
daily_latest,rh_max,2022-12-03,9,9,1,0.0
daily_latest,rh_max,2022-12-04,9,9,1,0.0
daily_latest,rh_max,2022-12-05,9,9,1,0.7142857142857143
daily_latest,rh_max,2022-12-06,9,9,1,0.7142857142857143
daily_latest,rh_max,2022-12-07,9,9,1,0.7142857142857143
daily_latest,rh_max,2022-12-08,9,9,1,0.7142857142857143
daily_latest,rh_max,2022-12-09,9,9,1,0.0
daily_latest,rh_max,2022-12-10,9,9,1,0.0
daily_latest,rh_max,2022-12-11,9,9,1,0.0
daily_latest,rh_max,2022-12-12,9,9,1,0.7142857142857143
daily_latest,rh_max,2022-12-13,9,9,1,2.857142857142857
daily_latest,rh_max,2022-12-14,9,9,1,2.857142857142857
daily_latest,rh_max,2022-12-15,9,9,1,2.857142857142857
daily_latest,rh_max,2022-12-16,9,9,1,0.7142857142857143
daily_latest,rh_max,2022-12-17,9,9,1,0.7142857142857143
daily_latest,rh_max,2022-12-18,9,9,1,0.0
daily_latest,rh_max,2022-12-19,9,9,1,2.857142857142857
daily_latest,rh_max,2022-12-20,9,9,1,0.0
daily_latest,rh_max,2022-12-21,9,9,1,0.0
daily_latest,rh_max,2022-12-22,9,9,1,1.4285714285714286
daily_latest,rh_max,2022-12-23,9,9,1,0.0
daily_latest,rh_max,2022-12-24,9,9,1,0.0
daily_latest,rh_max,2022-12-25,9,9,1,0.7142857142857143
daily_latest,rh_max,2022-12-26,9,9,1,0.7142857142857143
daily_latest,rh_max,2022-12-27,9,9,1,0.0
daily_latest,rh_max,2022-12-28,9,9,1,0.7142857142857143
daily_latest,rh_max,2022-12-29,9,9,1,1.4285714285714286
daily_latest,rh_max,2022-12-30,9,9,1,0.0
daily_latest,rh_max,2022-12-31,9,9,1,0.0
daily_latest,rh_max,2023-01-01,9,9,1,0.0
daily_latest,rh_max,2023-01-02,9,9,1,0.7142857142857143
daily_latest,rh_max,2023-01-03,9,9,1,0.7142857142857143
daily_latest,rh_max,2023-01-04,9,9,1,0.7142857142857143
daily_latest,rh_max,2023-01-05,9,9,1,0.0
daily_latest,rh_max,2023-01-06,9,9,1,0.7142857142857143
daily_latest,rh_max,2023-01-07,9,9,1,0.0
daily_latest,rh_max,2023-01-08,9,9,1,2.857142857142857
daily_latest,rh_max,2023-01-09,9,9,1,0.0
daily_latest,rh_max,2023-01-10,9,9,1,0.0
daily_latest,rh_max,2023-01-11,9,9,1,0.0
daily_latest,rh_max,2023-01-12,9,9,1,0.7142857142857143
daily_latest,rh_max,2023-01-13,9,9,1,0.0
daily_latest,rh_max,2023-01-14,9,9,1,0.0
daily_latest,rh_max,2023-01-15,9,9,1,0.0
daily_latest,rh_max,2023-01-16,9,9,1,0.7142857142857143
daily_latest,rh_max,2023-01-17,9,9,1,0.7142857142857143
daily_latest,rh_max,2023-01-18,9,9,1,0.7142857142857143
daily_latest,rh_max,2023-01-19,9,9,1,0.7142857142857143
daily_latest,rh_max,2023-01-20,9,9,1,0.0
daily_latest,rh_max,2023-01-21,9,9,1,0.7142857142857143
daily_latest,rh_max,2023-01-22,9,9,1,0.0
daily_latest,rh_max,2023-01-23,9,9,1,0.7142857142857143
daily_latest,rh_max,2023-01-24,9,9,1,0.0
daily_latest,rh_max,2023-01-25,9,9,1,0.0
daily_latest,rh_max,2023-01-26,9,9,1,0.7142857142857143
daily_latest,rh_max,2023-01-27,9,9,1,4.285714285714286
daily_latest,rh_max,2023-01-28,9,9,1,1.4285714285714286
daily_latest,rh_max,2023-01-29,9,9,1,1.4285714285714286
daily_latest,rh_max,2023-01-30,9,9,1,0.0
daily_latest,rh_max,2023-01-31,9,9,1,0.0
daily_latest,rh_max,2023-02-01,9,9,1,0.0
daily_latest,rh_max,2023-02-02,9,9,1,0.0
daily_latest,rh_max,2023-02-03,9,9,1,0.0
daily_latest,rh_max,2023-02-04,9,9,1,0.0
daily_latest,rh_max,2023-02-05,9,9,1,1.4285714285714286
daily_latest,rh_max,2023-02-06,9,9,1,0.0
daily_latest,rh_max,2023-02-07,9,9,1,0.0
daily_latest,rh_max,2023-02-08,9,9,1,0.0
daily_latest,rh_max,2023-02-09,9,9,1,0.0
daily_latest,rh_max,2023-02-10,9,9,1,0.0
daily_latest,rh_max,2023-02-11,9,9,1,0.0
daily_latest,rh_max,2023-02-12,9,9,1,0.0
daily_latest,rh_max,2023-02-13,9,9,1,0.0
daily_latest,rh_max,2023-02-14,9,9,1,2.142857142857143
daily_latest,rh_max,2023-02-15,9,9,1,0.0
daily_latest,rh_max,2023-02-16,9,9,1,0.7142857142857143
daily_latest,rh_max,2023-02-17,9,9,1,0.0
daily_latest,rh_max,2023-02-18,9,9,1,0.7142857142857143
daily_latest,rh_max,2023-02-19,9,9,1,1.4285714285714286
daily_latest,rh_max,2023-02-20,9,9,1,0.0
daily_latest,rh_max,2023-02-21,9,9,1,0.0
daily_latest,rh_max,2023-02-22,9,9,1,0.0
daily_latest,rh_max,2023-02-23,9,9,1,0.7142857142857143
daily_latest,rh_max,2023-02-24,9,9,1,0.0
daily_latest,rh_max,2023-02-25,9,9,1,0.0
daily_latest,rh_max,2023-02-26,9,9,1,0.0
daily_latest,rh_max,2023-02-27,9,9,1,0.0
daily_latest,rh_max,2023-02-28,9,9,1,0.7142857142857143
daily_latest,rh_max,2023-03-01,9,9,1,0.0
daily_latest,rh_max,2023-03-02,9,9,1,0.0
daily_latest,rh_max,2023-03-03,9,9,1,1.4285714285714286
daily_latest,rh_max,2023-03-04,9,9,1,0.0
daily_latest,rh_max,2023-03-05,9,9,1,0.0
daily_latest,rh_max,2023-03-06,9,9,1,1.4285714285714286
daily_latest,rh_max,2023-03-07,9,9,1,0.0
daily_latest,rh_max,2023-03-08,9,9,1,0.0
daily_latest,rh_max,2023-03-09,9,9,1,0.7142857142857143
daily_latest,rh_max,2023-03-10,9,9,1,0.7142857142857143
daily_latest,rh_max,2023-03-11,9,9,1,0.7142857142857143
daily_latest,rh_max,2023-03-12,9,9,1,0.7142857142857143
daily_latest,rh_max,2023-03-13,9,9,1,0.0
daily_latest,rh_max,2023-03-14,9,9,1,0.0
daily_latest,rh_max,2023-03-15,9,9,1,0.0
daily_latest,rh_max,2023-03-16,9,9,1,1.4285714285714286
daily_latest,rh_max,2023-03-17,9,9,1,0.0
daily_latest,rh_max,2023-03-18,9,9,1,0.0
daily_latest,rh_max,2023-03-19,9,9,1,0.7142857142857143
daily_latest,rh_max,2023-03-20,9,9,1,0.0
daily_latest,rh_max,2023-03-21,9,9,1,0.0
daily_latest,rh_max,2023-03-22,9,9,1,0.0
daily_latest,rh_max,2023-03-23,9,9,1,0.0
daily_latest,rh_max,2023-03-24,9,9,1,0.0
daily_latest,rh_max,2023-03-25,9,9,1,0.0
daily_latest,rh_max,2023-03-26,9,9,1,0.0
daily_latest,rh_max,2023-03-27,9,9,1,0.0
daily_latest,rh_max,2023-03-28,9,9,1,0.0
daily_latest,rh_max,2023-03-29,9,9,1,0.0
daily_latest,rh_max,2023-03-30,9,9,1,0.0
daily_latest,rh_max,2023-03-31,9,9,1,0.0
daily_latest,rh_max,2023-04-01,9,9,1,0.0
daily_latest,rh_max,2023-04-02,9,9,1,0.0
daily_latest,rh_max,2023-04-03,9,9,1,0.0
daily_latest,rh_max,2023-04-04,9,9,1,0.0
daily_latest,rh_max,2023-04-05,9,9,1,0.7142857142857143
daily_latest,rh_max,2023-04-06,9,9,1,0.0
daily_latest,rh_max,2023-04-07,9,9,1,0.0
daily_latest,rh_max,2023-04-08,9,9,1,0.0
daily_latest,rh_max,2023-04-09,9,9,1,0.7142857142857143
daily_latest,rh_max,2023-04-10,9,9,1,0.0
daily_latest,rh_max,2023-04-11,9,9,1,0.0
daily_latest,rh_max,2023-04-12,9,9,1,0.0
daily_latest,rh_max,2023-04-13,9,9,1,0.0
daily_latest,rh_max,2023-04-14,9,9,1,0.0
daily_latest,rh_max,2023-04-15,9,9,1,2.142857142857143
daily_latest,rh_max,2023-04-16,9,9,1,0.7142857142857143
daily_latest,rh_max,2023-04-17,9,9,1,0.0
daily_latest,rh_max,2023-04-18,9,9,1,0.0
daily_latest,rh_max,2023-04-19,9,9,1,0.0
daily_latest,rh_max,2023-04-20,9,9,1,0.0
daily_latest,rh_max,2023-04-21,9,9,1,0.0
daily_latest,rh_max,2023-04-22,9,9,1,0.0
daily_latest,rh_max,2023-04-23,9,9,1,0.7142857142857143
daily_latest,rh_max,2023-04-24,9,9,1,0.7142857142857143
daily_latest,rh_max,2023-04-25,9,9,1,0.7142857142857143
daily_latest,rh_max,2023-04-26,9,9,1,0.7142857142857143
daily_latest,rh_max,2023-04-27,9,9,1,0.7142857142857143
daily_latest,rh_max,2023-04-28,9,9,1,0.0
daily_latest,rh_max,2023-04-29,9,9,1,0.0
daily_latest,rh_max,2023-04-30,9,9,1,0.7142857142857143
daily_latest,rh_max,2023-05-01,9,9,1,0.0
daily_latest,rh_max,2023-05-02,9,9,1,0.0
daily_latest,rh_max,2023-05-03,9,9,1,1.4285714285714286
daily_latest,rh_max,2023-05-04,9,9,1,0.0
daily_latest,rh_max,2023-05-05,9,9,1,0.0
daily_latest,rh_max,2023-05-06,9,9,1,0.0
daily_latest,rh_max,2023-05-07,9,9,1,0.0
daily_latest,rh_max,2023-05-08,9,9,1,0.0
daily_latest,rh_max,2023-05-09,9,9,1,2.142857142857143
daily_latest,rh_max,2023-05-10,9,9,1,2.857142857142857
daily_latest,rh_max,2023-05-11,9,9,1,1.4285714285714286
daily_latest,rh_max,2023-05-12,9,9,1,1.4285714285714286
daily_latest,rh_max,2023-05-13,9,9,1,0.7142857142857143
daily_latest,rh_max,2023-05-14,9,9,1,0.0
daily_latest,rh_max,2023-05-15,9,9,1,0.0
daily_latest,rh_max,2023-05-16,9,9,1,0.7142857142857143
daily_latest,rh_max,2023-05-17,9,9,1,1.4285714285714286
daily_latest,rh_max,2023-05-18,9,9,1,0.0
daily_latest,rh_max,2023-05-19,9,9,1,0.7142857142857143
daily_latest,rh_max,2023-05-20,9,9,1,0.0
daily_latest,rh_max,2023-05-21,9,9,1,0.0
daily_latest,rh_max,2023-05-22,9,9,1,0.7142857142857143
daily_latest,rh_max,2023-05-23,9,9,1,0.0
daily_latest,rh_max,2023-05-24,9,9,1,1.4285714285714286
daily_latest,rh_max,2023-05-25,9,9,1,0.0
daily_latest,rh_max,2023-05-26,9,9,1,0.0
daily_latest,rh_max,2023-05-27,9,9,1,0.0
daily_latest,rh_max,2023-05-28,9,9,1,0.7142857142857143
daily_latest,rh_max,2023-05-29,9,9,1,1.4285714285714286
daily_latest,rh_max,2023-05-30,9,9,1,1.4285714285714286
daily_latest,rh_max,2023-05-31,9,9,1,0.0
daily_latest,rh_max,2023-06-01,9,9,1,0.0
daily_latest,rh_max,2023-06-02,9,9,1,0.0
daily_latest,rh_max,2023-06-03,9,9,1,0.7142857142857143
daily_latest,rh_max,2023-06-04,9,9,1,0.0
daily_latest,rh_max,2023-06-05,9,9,1,0.0
daily_latest,rh_max,2023-06-06,9,9,1,0.0
daily_latest,rh_max,2023-06-07,9,9,1,0.0
daily_latest,rh_max,2023-06-08,9,9,1,0.0
daily_latest,rh_max,2023-06-09,9,9,1,0.0
daily_latest,rh_max,2023-06-10,9,9,1,0.0
daily_latest,rh_max,2023-06-11,9,9,1,0.0
daily_latest,rh_max,2023-06-12,9,9,1,0.0
daily_latest,rh_max,2023-06-13,9,9,1,0.0
daily_latest,rh_max,2023-06-14,9,9,1,0.0
daily_latest,rh_max,2023-06-15,9,9,1,0.0
daily_latest,rh_max,2023-06-16,9,9,1,0.0
daily_latest,rh_max,2023-06-17,9,9,1,0.0
daily_latest,rh_max,2023-06-18,9,9,1,0.0
daily_latest,rh_max,2023-06-19,9,9,1,0.0
daily_latest,rh_max,2023-06-20,9,9,1,0.0
daily_latest,rh_max,2023-06-21,9,9,1,0.0
daily_latest,rh_max,2023-06-22,9,9,1,0.0
daily_latest,rh_max,2023-06-23,9,9,1,0.0
daily_latest,rh_max,2023-06-24,9,9,1,0.0
daily_latest,rh_max,2023-06-25,9,9,1,0.0
daily_latest,rh_max,2023-06-26,9,9,1,0.0
daily_latest,rh_max,2023-06-27,9,9,1,0.0
daily_latest,rh_max,2023-06-28,9,9,1,0.0
daily_latest,rh_max,2023-06-29,9,9,1,0.0
daily_latest,rh_max,2023-06-30,9,9,1,0.0
daily_latest,rh_max,2023-07-01,9,9,1,0.0
daily_latest,rh_max,2023-07-02,9,9,1,0.0
daily_latest,rh_max,2023-07-03,9,9,1,0.0
daily_latest,rh_max,2023-07-04,9,9,1,0.0
daily_latest,rh_max,2023-07-05,9,9,1,0.0
daily_latest,rh_max,2023-07-06,9,9,1,0.0
daily_latest,rh_max,2023-07-07,9,9,1,0.0
daily_latest,rh_max,2023-07-08,9,9,1,0.0
daily_latest,rh_max,2023-07-09,9,9,1,0.0
daily_latest,rh_max,2023-07-10,9,9,1,0.0
daily_latest,rh_max,2023-07-11,9,9,1,0.7142857142857143
daily_latest,rh_max,2023-07-12,9,9,1,1.4285714285714286
daily_latest,rh_max,2023-07-13,9,9,1,0.7142857142857143
daily_latest,rh_max,2023-07-14,9,9,1,0.0
daily_latest,rh_max,2023-07-15,9,9,1,0.0
daily_latest,rh_max,2023-07-16,9,9,1,0.0
daily_latest,rh_max,2023-07-17,9,9,1,0.0
daily_latest,rh_max,2023-07-18,9,9,1,0.0
daily_latest,rh_max,2023-07-19,9,9,1,0.0
daily_latest,rh_max,2023-07-20,9,9,1,0.0
daily_latest,rh_max,2023-07-21,9,9,1,0.0
daily_latest,rh_max,2023-07-22,9,9,1,2.142857142857143
daily_latest,rh_max,2023-07-23,9,9,1,0.0
daily_latest,rh_max,2023-07-24,9,9,1,0.7142857142857143
daily_latest,rh_max,2023-07-25,9,9,1,0.0
daily_latest,rh_max,2023-07-26,9,9,1,0.0
daily_latest,rh_max,2023-07-27,9,9,1,0.0
daily_latest,rh_max,2023-07-28,9,9,1,0.0
daily_latest,rh_max,2023-07-29,9,9,1,0.0
daily_latest,rh_max,2023-07-30,9,9,1,0.0
daily_latest,rh_max,2023-07-31,9,9,1,0.0
daily_latest,rh_max,2023-08-01,9,9,1,0.0
daily_latest,rh_max,2023-08-02,9,9,1,0.0
daily_latest,rh_max,2023-08-03,9,9,1,0.0
daily_latest,rh_max,2023-08-04,9,9,1,0.0
daily_latest,rh_max,2023-08-05,9,9,1,0.0
daily_latest,rh_max,2023-08-06,9,9,1,0.0
daily_latest,rh_max,2023-08-07,9,9,1,0.0
daily_latest,rh_max,2023-08-08,9,9,1,0.0
daily_latest,rh_max,2023-08-09,9,9,1,0.0
daily_latest,rh_max,2023-08-10,9,9,1,0.7142857142857143
daily_latest,rh_max,2023-08-11,9,9,1,0.7142857142857143
daily_latest,rh_max,2023-08-12,9,9,1,0.7142857142857143
daily_latest,rh_max,2023-08-13,9,9,1,0.0
daily_latest,rh_max,2023-08-14,9,9,1,0.0
daily_latest,rh_max,2023-08-15,9,9,1,0.7142857142857143
daily_latest,rh_max,2023-08-16,9,9,1,0.0
daily_latest,rh_max,2023-08-17,9,9,1,0.0
daily_latest,rh_max,2023-08-18,9,9,1,0.0
daily_latest,rh_max,2023-08-19,9,9,1,0.0
daily_latest,rh_max,2023-08-20,9,9,1,0.7142857142857143
daily_latest,rh_max,2023-08-21,9,9,1,1.4285714285714286
daily_latest,rh_max,2023-08-22,9,9,1,0.0
daily_latest,rh_max,2023-08-23,9,9,1,1.4285714285714286
daily_latest,rh_max,2023-08-24,9,9,1,0.0
daily_latest,rh_max,2023-08-25,9,9,1,1.4285714285714286
daily_latest,rh_max,2023-08-26,9,9,1,0.7142857142857143
daily_latest,rh_max,2023-08-27,9,9,1,0.7142857142857143
daily_latest,rh_max,2023-08-28,9,9,1,0.7142857142857143
daily_latest,rh_max,2023-08-29,9,9,1,0.0
daily_latest,rh_max,2023-08-30,9,9,1,0.7142857142857143
daily_latest,rh_max,2023-08-31,9,9,1,0.0
daily_latest,rh_max,2023-09-01,9,9,1,0.7142857142857143
daily_latest,rh_max,2023-09-02,9,9,1,0.0
daily_latest,rh_max,2023-09-03,9,9,1,0.0
daily_latest,rh_max,2023-09-04,9,9,1,0.7142857142857143
daily_latest,rh_max,2023-09-05,9,9,1,1.4285714285714286
daily_latest,rh_max,2023-09-06,9,9,1,0.0
daily_latest,rh_max,2023-09-07,9,9,1,0.0
daily_latest,rh_max,2023-09-08,9,9,1,0.0
daily_latest,rh_max,2023-09-09,9,9,1,0.7142857142857143
daily_latest,rh_max,2023-09-10,9,9,1,0.7142857142857143
daily_latest,rh_max,2023-09-11,9,9,1,2.142857142857143
daily_latest,rh_max,2023-09-12,9,9,1,1.4285714285714286
daily_latest,rh_max,2023-09-13,9,9,1,0.0
daily_latest,rh_max,2023-09-14,9,9,1,0.0
daily_latest,rh_max,2023-09-15,9,9,1,0.7142857142857143
daily_latest,rh_max,2023-09-16,9,9,1,0.0
daily_latest,rh_max,2023-09-17,9,9,1,0.0
daily_latest,rh_max,2023-09-18,9,9,1,0.7142857142857143
daily_latest,rh_max,2023-09-19,9,9,1,0.0
daily_latest,rh_max,2023-09-20,9,9,1,0.0
daily_latest,rh_max,2023-09-21,9,9,1,0.7142857142857143
daily_latest,rh_max,2023-09-22,9,9,1,0.0
daily_latest,rh_max,2023-09-23,9,9,1,0.7142857142857143
daily_latest,rh_max,2023-09-24,9,9,1,0.0
daily_latest,rh_max,2023-09-25,9,9,1,0.7142857142857143
daily_latest,rh_max,2023-09-26,9,9,1,0.0
daily_latest,rh_max,2023-09-27,9,9,1,0.0
daily_latest,rh_max,2023-09-28,9,9,1,0.0
daily_latest,rh_max,2023-09-29,9,9,1,0.0
daily_latest,rh_max,2023-09-30,9,9,1,0.0
daily_latest,rh_max,2023-10-01,9,9,1,0.0
daily_latest,rh_max,2023-10-02,9,9,1,0.0
daily_latest,rh_max,2023-10-03,9,9,1,1.4285714285714286
daily_latest,rh_max,2023-10-04,9,9,1,0.7142857142857143
daily_latest,rh_max,2023-10-05,9,9,1,2.142857142857143
daily_latest,rh_max,2023-10-06,9,9,1,2.142857142857143
daily_latest,rh_max,2023-10-07,9,9,1,0.0
daily_latest,rh_max,2023-10-08,9,9,1,1.4285714285714286
daily_latest,rh_max,2023-10-09,9,9,1,2.142857142857143
daily_latest,rh_max,2023-10-10,9,9,1,0.0
daily_latest,rh_max,2023-10-11,9,9,1,0.7142857142857143
daily_latest,rh_max,2023-10-12,9,9,1,2.142857142857143
daily_latest,rh_max,2023-10-13,9,9,1,2.142857142857143
daily_latest,rh_max,2023-10-14,9,9,1,2.142857142857143
daily_latest,rh_max,2023-10-15,9,9,1,1.4285714285714286
daily_latest,rh_max,2023-10-16,9,9,1,2.857142857142857
daily_latest,rh_max,2023-10-17,9,9,1,1.4285714285714286
daily_latest,rh_max,2023-10-18,9,9,1,0.0
daily_latest,rh_max,2023-10-19,9,9,1,0.0
daily_latest,rh_max,2023-10-20,9,9,1,0.0
daily_latest,rh_max,2023-10-21,9,9,1,0.0
daily_latest,rh_max,2023-10-22,9,9,1,0.0
daily_latest,rh_max,2023-10-23,9,9,1,0.0
daily_latest,rh_max,2023-10-24,9,9,1,0.0
daily_latest,rh_max,2023-10-25,9,9,1,0.0
daily_latest,rh_max,2023-10-26,9,9,1,0.0
daily_latest,rh_max,2023-10-27,9,9,1,0.0
daily_latest,rh_max,2023-10-28,9,9,1,0.7142857142857143
daily_latest,rh_max,2023-10-29,9,9,1,0.0
daily_latest,rh_max,2023-10-30,9,9,1,0.7142857142857143
daily_latest,rh_max,2023-10-31,9,9,1,0.0
daily_latest,rh_max,2023-11-01,9,9,1,0.0
daily_latest,rh_max,2023-11-02,9,9,1,0.7142857142857143
daily_latest,rh_max,2023-11-03,9,9,1,0.7142857142857143
daily_latest,rh_max,2023-11-04,9,9,1,0.7142857142857143
daily_latest,rh_max,2023-11-05,9,9,1,0.7142857142857143
daily_latest,rh_max,2023-11-06,9,9,1,0.7142857142857143
daily_latest,rh_max,2023-11-07,9,9,1,1.4285714285714286
daily_latest,rh_max,2023-11-08,9,9,1,3.5714285714285716
daily_latest,rh_max,2023-11-09,9,9,1,0.7142857142857143
daily_latest,rh_max,2023-11-10,9,9,1,0.0
daily_latest,rh_max,2023-11-11,9,9,1,1.4285714285714286
daily_latest,rh_max,2023-11-12,9,9,1,0.7142857142857143
daily_latest,rh_max,2023-11-13,9,9,1,0.7142857142857143
daily_latest,rh_max,2023-11-14,9,9,1,2.142857142857143
daily_latest,rh_max,2023-11-15,9,9,1,0.7142857142857143
daily_latest,rh_max,2023-11-16,9,9,1,0.0
daily_latest,rh_max,2023-11-17,9,9,1,0.0
daily_latest,rh_max,2023-11-18,9,9,1,0.0
daily_latest,rh_max,2023-11-19,9,9,1,0.7142857142857143
daily_latest,rh_max,2023-11-20,9,9,1,0.7142857142857143
daily_latest,rh_max,2023-11-21,9,9,1,0.7142857142857143
daily_latest,rh_max,2023-11-22,9,9,1,0.0
daily_latest,rh_max,2023-11-23,9,9,1,0.0
daily_latest,rh_max,2023-11-24,9,9,1,0.0
daily_latest,rh_max,2023-11-25,9,9,1,0.7142857142857143
daily_latest,rh_max,2023-11-26,9,9,1,0.0
daily_latest,rh_max,2023-11-27,9,9,1,0.0
daily_latest,rh_max,2023-11-28,9,9,1,3.5714285714285716
daily_latest,rh_max,2023-11-29,9,9,1,2.142857142857143
daily_latest,rh_max,2023-11-30,9,9,1,0.7142857142857143
daily_latest,rh_max,2023-12-01,9,9,1,0.0
daily_latest,rh_max,2023-12-02,9,9,1,0.0
daily_latest,rh_max,2023-12-03,9,9,1,0.0
daily_latest,rh_max,2023-12-04,9,9,1,0.7142857142857143
daily_latest,rh_max,2023-12-05,9,9,1,1.4285714285714286
daily_latest,rh_max,2023-12-06,9,9,1,2.142857142857143
daily_latest,rh_max,2023-12-07,9,9,1,0.7142857142857143
daily_latest,rh_max,2023-12-08,9,9,1,1.4285714285714286
daily_latest,rh_max,2023-12-09,9,9,1,0.0
daily_latest,rh_max,2023-12-10,9,9,1,0.0
daily_latest,rh_max,2023-12-11,9,9,1,0.0
daily_latest,rh_max,2023-12-12,9,9,1,0.0
daily_latest,rh_max,2023-12-13,9,9,1,0.0
daily_latest,rh_max,2023-12-14,9,9,1,0.0
daily_latest,rh_max,2023-12-15,9,9,1,0.0
daily_latest,rh_max,2023-12-16,9,9,1,0.0
daily_latest,rh_max,2023-12-17,9,9,1,0.7142857142857143
daily_latest,rh_max,2023-12-18,9,9,1,1.4285714285714286
daily_latest,rh_max,2023-12-19,9,9,1,0.7142857142857143
daily_latest,rh_max,2023-12-20,9,9,1,1.4285714285714286
daily_latest,rh_max,2023-12-21,9,9,1,0.7142857142857143
daily_latest,rh_max,2023-12-22,9,9,1,0.0
daily_latest,rh_max,2023-12-23,9,9,1,5.0
daily_latest,rh_max,2023-12-24,9,9,1,0.7142857142857143
daily_latest,rh_max,2023-12-25,9,9,1,2.857142857142857
daily_latest,rh_max,2023-12-26,9,9,1,0.7142857142857143
daily_latest,rh_max,2023-12-27,9,9,1,1.4285714285714286
daily_latest,rh_max,2023-12-28,9,9,1,1.4285714285714286
daily_latest,rh_max,2023-12-29,9,9,1,0.7142857142857143
daily_latest,rh_max,2023-12-30,9,9,1,2.142857142857143
daily_latest,rh_max,2023-12-31,9,9,1,0.0
daily_latest,rh_max,2024-01-01,9,9,1,0.7142857142857143
daily_latest,rh_max,2024-01-02,9,9,1,0.7142857142857143
daily_latest,rh_max,2024-01-03,9,9,1,0.7142857142857143
daily_latest,rh_max,2024-01-04,9,9,1,0.7142857142857143
daily_latest,rh_max,2024-01-05,9,9,1,0.0
daily_latest,rh_max,2024-01-06,9,9,1,0.0
daily_latest,rh_max,2024-01-07,9,9,1,0.7142857142857143
daily_latest,rh_max,2024-01-08,9,9,1,0.0
daily_latest,rh_max,2024-01-09,9,9,1,2.142857142857143
daily_latest,rh_max,2024-01-10,9,9,1,2.142857142857143
daily_latest,rh_max,2024-01-11,9,9,1,0.0
daily_latest,rh_max,2024-01-12,9,9,1,0.0
daily_latest,rh_max,2024-01-13,9,9,1,0.0
daily_latest,rh_max,2024-01-14,9,9,1,0.0
daily_latest,rh_max,2024-01-15,9,9,1,0.0
daily_latest,rh_max,2024-01-16,9,9,1,0.0
daily_latest,rh_max,2024-01-17,9,9,1,0.7142857142857143
daily_latest,rh_max,2024-01-18,9,9,1,0.7142857142857143
daily_latest,rh_max,2024-01-19,9,9,1,0.7142857142857143
daily_latest,rh_max,2024-01-20,9,9,1,0.0
daily_latest,rh_max,2024-01-21,9,9,1,0.0
daily_latest,rh_max,2024-01-22,9,9,1,4.285714285714286
daily_latest,rh_max,2024-01-23,9,9,1,0.0
daily_latest,rh_max,2024-01-24,9,9,1,4.285714285714286
daily_latest,rh_max,2024-01-25,9,9,1,0.7142857142857143
daily_latest,rh_max,2024-01-26,9,9,1,2.142857142857143
daily_latest,rh_max,2024-01-27,9,9,1,0.7142857142857143
daily_latest,rh_max,2024-01-28,9,9,1,0.7142857142857143
daily_latest,rh_max,2024-01-29,9,9,1,0.7142857142857143
daily_latest,rh_max,2024-01-30,9,9,1,0.0
daily_latest,rh_max,2024-01-31,9,9,1,2.857142857142857
daily_latest,rh_max,2024-02-01,9,9,1,0.0
daily_latest,rh_max,2024-02-02,9,9,1,0.0
daily_latest,rh_max,2024-02-03,9,9,1,0.7142857142857143
daily_latest,rh_max,2024-02-04,9,9,1,0.0
daily_latest,rh_max,2024-02-05,9,9,1,0.0
daily_latest,rh_max,2024-02-06,9,9,1,0.7142857142857143
daily_latest,rh_max,2024-02-07,9,9,1,0.0
daily_latest,rh_max,2024-02-08,9,9,1,0.0
daily_latest,rh_max,2024-02-09,9,9,1,2.142857142857143
daily_latest,rh_max,2024-02-10,9,9,1,1.4285714285714286
daily_latest,rh_max,2024-02-11,9,9,1,0.0
daily_latest,rh_max,2024-02-12,9,9,1,0.0
daily_latest,rh_max,2024-02-13,9,9,1,0.0
daily_latest,rh_max,2024-02-14,9,9,1,1.4285714285714286
daily_latest,rh_max,2024-02-15,9,9,1,0.7142857142857143
daily_latest,rh_max,2024-02-16,9,9,1,0.0
daily_latest,rh_max,2024-02-17,9,9,1,0.0
daily_latest,rh_max,2024-02-18,9,9,1,0.0
daily_latest,rh_max,2024-02-19,9,9,1,0.0
daily_latest,rh_max,2024-02-20,9,9,1,0.0
daily_latest,rh_max,2024-02-21,9,9,1,0.7142857142857143
daily_latest,rh_max,2024-02-22,9,9,1,0.0
daily_latest,rh_max,2024-02-23,9,9,1,0.7142857142857143
daily_latest,rh_max,2024-02-24,9,9,1,1.4285714285714286
daily_latest,rh_max,2024-02-25,9,9,1,2.142857142857143
daily_latest,rh_max,2024-02-26,9,9,1,1.4285714285714286
daily_latest,rh_max,2024-02-27,9,9,1,0.7142857142857143
daily_latest,rh_max,2024-02-28,9,9,1,0.0
daily_latest,rh_max,2024-02-29,9,9,1,0.0
daily_latest,rh_max,2024-03-01,9,9,1,0.7142857142857143
daily_latest,rh_max,2024-03-02,9,9,1,2.142857142857143
daily_latest,rh_max,2024-03-03,9,9,1,0.0
daily_latest,rh_max,2024-03-04,9,9,1,0.0
daily_latest,rh_max,2024-03-05,9,9,1,0.0
daily_latest,rh_max,2024-03-06,9,9,1,0.0
daily_latest,rh_max,2024-03-07,9,9,1,1.4285714285714286
daily_latest,rh_max,2024-03-08,9,9,1,2.142857142857143
daily_latest,rh_max,2024-03-09,9,9,1,0.0
daily_latest,rh_max,2024-03-10,9,9,1,0.0
daily_latest,rh_max,2024-03-11,9,9,1,0.0
daily_latest,rh_max,2024-03-12,9,9,1,0.0
daily_latest,rh_max,2024-03-13,9,9,1,1.4285714285714286
daily_latest,rh_max,2024-03-14,9,9,1,0.0
daily_latest,rh_max,2024-03-15,9,9,1,0.7142857142857143
daily_latest,rh_max,2024-03-16,9,9,1,0.0
daily_latest,rh_max,2024-03-17,9,9,1,0.7142857142857143
daily_latest,rh_max,2024-03-18,9,9,1,1.4285714285714286
daily_latest,rh_max,2024-03-19,9,9,1,0.7142857142857143
daily_latest,rh_max,2024-03-20,9,9,1,0.0
daily_latest,rh_max,2024-03-21,9,9,1,1.4285714285714286
daily_latest,rh_max,2024-03-22,9,9,1,0.0
daily_latest,rh_max,2024-03-23,9,9,1,0.0
daily_latest,rh_max,2024-03-24,9,9,1,0.7142857142857143
daily_latest,rh_max,2024-03-25,9,9,1,0.7142857142857143
daily_latest,rh_max,2024-03-26,9,9,1,0.7142857142857143
daily_latest,rh_max,2024-03-27,9,9,1,1.4285714285714286
daily_latest,rh_max,2024-03-28,9,9,1,0.0
daily_latest,rh_max,2024-03-29,9,9,1,0.0
daily_latest,rh_max,2024-03-30,9,9,1,0.0
daily_latest,rh_max,2024-03-31,9,9,1,0.0
daily_latest,rh_max,2024-04-01,9,9,1,0.0
daily_latest,rh_max,2024-04-02,9,9,1,1.4285714285714286
daily_latest,rh_max,2024-04-03,9,9,1,0.0
daily_latest,rh_max,2024-04-04,9,9,1,0.7142857142857143
daily_latest,rh_max,2024-04-05,9,9,1,0.0
daily_latest,rh_max,2024-04-06,9,9,1,0.0
daily_latest,rh_max,2024-04-07,9,9,1,0.0
daily_latest,rh_max,2024-04-08,9,9,1,0.0
daily_latest,rh_max,2024-04-09,9,9,1,0.0
daily_latest,rh_max,2024-04-10,9,9,1,1.4285714285714286
daily_latest,rh_max,2024-04-11,9,9,1,1.4285714285714286
daily_latest,rh_max,2024-04-12,9,9,1,0.7142857142857143
daily_latest,rh_max,2024-04-13,9,9,1,0.7142857142857143
daily_latest,rh_max,2024-04-14,9,9,1,0.7142857142857143
daily_latest,rh_max,2024-04-15,9,9,1,0.0
daily_latest,rh_max,2024-04-16,9,9,1,1.4285714285714286
daily_latest,rh_max,2024-04-17,9,9,1,0.0
daily_latest,rh_max,2024-04-18,9,9,1,0.0
daily_latest,rh_max,2024-04-19,9,9,1,0.0
daily_latest,rh_max,2024-04-20,9,9,1,0.0
daily_latest,rh_max,2024-04-21,9,9,1,0.0
daily_latest,rh_max,2024-04-22,9,9,1,0.0
daily_latest,rh_max,2024-04-23,9,9,1,0.0
daily_latest,rh_max,2024-04-24,9,9,1,0.0
daily_latest,rh_max,2024-04-25,9,9,1,0.0
daily_latest,rh_max,2024-04-26,9,9,1,0.0
daily_latest,rh_max,2024-04-27,9,9,1,0.0
daily_latest,rh_max,2024-04-28,9,9,1,0.0
daily_latest,rh_max,2024-04-29,9,9,1,0.0
daily_latest,rh_max,2024-04-30,9,9,1,0.0
daily_latest,rh_max,2024-05-01,9,9,1,0.0
daily_latest,rh_max,2024-05-02,9,9,1,0.0
daily_latest,rh_max,2024-05-03,9,9,1,0.0
daily_latest,rh_max,2024-05-04,9,9,1,0.7142857142857143
daily_latest,rh_max,2024-05-05,9,9,1,0.0
daily_latest,rh_max,2024-05-06,9,9,1,1.4285714285714286
daily_latest,rh_max,2024-05-07,9,9,1,0.0
daily_latest,rh_max,2024-05-08,9,9,1,0.0
daily_latest,rh_max,2024-05-09,9,9,1,1.4285714285714286
daily_latest,rh_max,2024-05-10,9,9,1,1.4285714285714286
daily_latest,rh_max,2024-05-11,9,9,1,1.4285714285714286
daily_latest,rh_max,2024-05-12,9,9,1,0.0
daily_latest,rh_max,2024-05-13,9,9,1,0.0
daily_latest,rh_max,2024-05-14,9,9,1,0.0
daily_latest,rh_max,2024-05-15,9,9,1,0.0
daily_latest,rh_max,2024-05-16,9,9,1,0.0
daily_latest,rh_max,2024-05-17,9,9,1,0.0
daily_latest,rh_max,2024-05-18,9,9,1,0.7142857142857143
daily_latest,rh_max,2024-05-19,9,9,1,0.7142857142857143
daily_latest,rh_max,2024-05-20,9,9,1,0.0
daily_latest,rh_max,2024-05-21,9,9,1,0.0
daily_latest,rh_max,2024-05-22,9,9,1,0.0
daily_latest,rh_max,2024-05-23,9,9,1,0.7142857142857143
daily_latest,rh_max,2024-05-24,9,9,1,0.0
daily_latest,rh_max,2024-05-25,9,9,1,0.7142857142857143
daily_latest,rh_max,2024-05-26,9,9,1,0.7142857142857143
daily_latest,rh_max,2024-05-27,9,9,1,0.0
daily_latest,rh_max,2024-05-28,9,9,1,0.0
daily_latest,rh_max,2024-05-29,9,9,1,0.0
daily_latest,rh_max,2024-05-30,9,9,1,0.0
daily_latest,rh_max,2024-05-31,9,9,1,0.0
daily_latest,rh_max,2024-06-01,9,9,1,0.0
daily_latest,rh_max,2024-06-02,9,9,1,0.0
daily_latest,rh_max,2024-06-03,9,9,1,0.7142857142857143
daily_latest,rh_max,2024-06-04,9,9,1,1.4285714285714286
daily_latest,rh_max,2024-06-05,9,9,1,0.7142857142857143
daily_latest,rh_max,2024-06-06,9,9,1,0.7142857142857143
daily_latest,rh_max,2024-06-07,9,9,1,0.0
daily_latest,rh_max,2024-06-08,9,9,1,0.0
daily_latest,rh_max,2024-06-09,9,9,1,0.0
daily_latest,rh_max,2024-06-10,9,9,1,0.0
daily_latest,rh_max,2024-06-11,9,9,1,2.142857142857143
daily_latest,rh_max,2024-06-12,9,9,1,1.4285714285714286
daily_latest,rh_max,2024-06-13,9,9,1,0.0
daily_latest,rh_max,2024-06-14,9,9,1,0.0
daily_latest,rh_max,2024-06-15,9,9,1,0.0
daily_latest,rh_max,2024-06-16,9,9,1,0.7142857142857143
daily_latest,rh_max,2024-06-17,9,9,1,0.0
daily_latest,rh_max,2024-06-18,9,9,1,0.0
daily_latest,rh_max,2024-06-19,9,9,1,0.0
daily_latest,rh_max,2024-06-20,9,9,1,0.0
daily_latest,rh_max,2024-06-21,9,9,1,0.0
daily_latest,rh_max,2024-06-22,9,9,1,0.7142857142857143
daily_latest,rh_max,2024-06-23,9,9,1,0.7142857142857143
daily_latest,rh_max,2024-06-24,9,9,1,0.0
daily_latest,rh_max,2024-06-25,9,9,1,0.0
daily_latest,rh_max,2024-06-26,9,9,1,0.7142857142857143
daily_latest,rh_max,2024-06-27,9,9,1,1.4285714285714286
daily_latest,rh_max,2024-06-28,9,9,1,0.0
daily_latest,rh_max,2024-06-29,9,9,1,0.0
daily_latest,rh_max,2024-06-30,9,9,1,0.0
daily_latest,rh_max,2024-07-01,9,9,1,0.0
daily_latest,rh_max,2024-07-02,9,9,1,0.0
daily_latest,rh_max,2024-07-03,9,9,1,2.142857142857143
daily_latest,rh_max,2024-07-04,9,9,1,2.142857142857143
daily_latest,rh_max,2024-07-05,9,9,1,0.0
daily_latest,rh_max,2024-07-06,9,9,1,1.4285714285714286
daily_latest,rh_max,2024-07-07,9,9,1,0.0
daily_latest,rh_max,2024-07-08,9,9,1,0.0
daily_latest,rh_max,2024-07-09,9,9,1,0.0
daily_latest,rh_max,2024-07-10,9,9,1,1.4285714285714286
daily_latest,rh_max,2024-07-11,9,9,1,0.7142857142857143
daily_latest,rh_max,2024-07-12,9,9,1,0.0
daily_latest,rh_max,2024-07-13,9,9,1,0.7142857142857143
daily_latest,rh_max,2024-07-14,9,9,1,0.7142857142857143
daily_latest,rh_max,2024-07-15,9,9,1,0.0
daily_latest,rh_max,2024-07-16,9,9,1,0.0
daily_latest,rh_max,2024-07-17,9,9,1,0.0
daily_latest,rh_max,2024-07-18,9,9,1,0.0
daily_latest,rh_max,2024-07-19,9,9,1,0.7142857142857143
daily_latest,rh_max,2024-07-20,9,9,1,2.142857142857143
daily_latest,rh_max,2024-07-21,9,9,1,0.0
daily_latest,rh_max,2024-07-22,9,9,1,0.0
daily_latest,rh_max,2024-07-23,9,9,1,0.0
daily_latest,rh_max,2024-07-24,9,9,1,0.7142857142857143
daily_latest,rh_max,2024-07-25,9,9,1,0.0
daily_latest,rh_max,2024-07-26,9,9,1,0.7142857142857143
daily_latest,rh_max,2024-07-27,9,9,1,0.0
daily_latest,rh_max,2024-07-28,9,9,1,0.0
daily_latest,rh_max,2024-07-29,9,9,1,0.0
daily_latest,rh_max,2024-07-30,9,9,1,0.0
daily_latest,rh_max,2024-07-31,9,9,1,0.0
daily_latest,rh_max,2024-08-01,9,9,1,0.0
daily_latest,rh_max,2024-08-02,9,9,1,0.0
daily_latest,rh_max,2024-08-03,9,9,1,1.4285714285714286
daily_latest,rh_max,2024-08-04,9,9,1,0.0
daily_latest,rh_max,2024-08-05,9,9,1,0.0
daily_latest,rh_max,2024-08-06,9,9,1,0.0
daily_latest,rh_max,2024-08-07,9,9,1,0.0
daily_latest,rh_max,2024-08-08,9,9,1,0.0
daily_latest,rh_max,2024-08-09,9,9,1,1.4285714285714286
daily_latest,rh_max,2024-08-10,9,9,1,0.7142857142857143
daily_latest,rh_max,2024-08-11,9,9,1,0.7142857142857143
daily_latest,rh_max,2024-08-12,9,9,1,0.0
daily_latest,rh_max,2024-08-13,9,9,1,0.0
daily_latest,rh_max,2024-08-14,9,9,1,0.0
daily_latest,rh_max,2024-08-15,9,9,1,0.0
daily_latest,rh_max,2024-08-16,9,9,1,0.0
daily_latest,rh_max,2024-08-17,9,9,1,0.0
daily_latest,rh_max,2024-08-18,9,9,1,0.0
daily_latest,rh_max,2024-08-19,9,9,1,0.0
daily_latest,rh_max,2024-08-20,9,9,1,0.0
daily_latest,rh_max,2024-08-21,9,9,1,0.0
daily_latest,rh_max,2024-08-22,9,9,1,0.7142857142857143
daily_latest,rh_max,2024-08-23,9,9,1,0.0
daily_latest,rh_max,2024-08-24,9,9,1,0.0
daily_latest,rh_max,2024-08-25,9,9,1,0.0
daily_latest,rh_max,2024-08-26,9,9,1,0.7142857142857143
daily_latest,rh_max,2024-08-27,9,9,1,1.4285714285714286
daily_latest,rh_max,2024-08-28,9,9,1,0.7142857142857143
daily_latest,rh_max,2024-08-29,9,9,1,0.0
daily_latest,rh_max,2024-08-30,9,9,1,0.0
daily_latest,rh_max,2024-08-31,9,9,1,0.0
daily_latest,rh_max,2024-09-01,9,9,1,0.0
daily_latest,rh_max,2024-09-02,9,9,1,0.0
daily_latest,rh_max,2024-09-03,9,9,1,0.0
daily_latest,rh_max,2024-09-04,9,9,1,2.142857142857143
daily_latest,rh_max,2024-09-05,9,9,1,0.0
daily_latest,rh_max,2024-09-06,9,9,1,0.0
daily_latest,rh_max,2024-09-07,9,9,1,0.0
daily_latest,rh_max,2024-09-08,9,9,1,0.0
daily_latest,rh_max,2024-09-09,9,9,1,0.0
daily_latest,rh_max,2024-09-10,9,9,1,1.4285714285714286
daily_latest,rh_max,2024-09-11,9,9,1,0.7142857142857143
daily_latest,rh_max,2024-09-12,9,9,1,0.7142857142857143
daily_latest,rh_max,2024-09-13,9,9,1,1.4285714285714286
daily_latest,rh_max,2024-09-14,9,9,1,2.142857142857143
daily_latest,rh_max,2024-09-15,9,9,1,0.0
daily_latest,rh_max,2024-09-16,9,9,1,0.0
daily_latest,rh_max,2024-09-17,9,9,1,0.0
daily_latest,rh_max,2024-09-18,9,9,1,0.0
daily_latest,rh_max,2024-09-19,9,9,1,0.0
daily_latest,rh_max,2024-09-20,9,9,1,0.0
daily_latest,rh_max,2024-09-21,9,9,1,0.7142857142857143
daily_latest,rh_max,2024-09-22,9,9,1,0.7142857142857143
daily_latest,rh_max,2024-09-23,9,9,1,0.0
daily_latest,rh_max,2024-09-24,9,9,1,0.0
daily_latest,rh_max,2024-09-25,9,9,1,0.0
daily_latest,rh_max,2024-09-26,9,9,1,0.0
daily_latest,rh_max,2024-09-27,9,9,1,0.7142857142857143
daily_latest,rh_max,2024-09-28,9,9,1,0.7142857142857143
daily_latest,rh_max,2024-09-29,9,9,1,0.0
daily_latest,rh_max,2024-09-30,9,9,1,0.0
daily_latest,rh_max,2024-10-01,9,9,1,0.0
daily_latest,rh_max,2024-10-02,9,9,1,0.0
daily_latest,rh_max,2024-10-03,9,9,1,0.0
daily_latest,rh_max,2024-10-04,9,9,1,1.4285714285714286
daily_latest,rh_max,2024-10-05,9,9,1,1.4285714285714286
daily_latest,rh_max,2024-10-06,9,9,1,1.4285714285714286
daily_latest,rh_max,2024-10-07,9,9,1,0.7142857142857143
daily_latest,rh_max,2024-10-08,9,9,1,0.7142857142857143
daily_latest,rh_max,2024-10-09,9,9,1,0.0
daily_latest,rh_max,2024-10-10,9,9,1,0.7142857142857143
daily_latest,rh_max,2024-10-11,9,9,1,0.7142857142857143
daily_latest,rh_max,2024-10-12,9,9,1,0.0
daily_latest,rh_max,2024-10-13,9,9,1,0.7142857142857143
daily_latest,rh_max,2024-10-14,9,9,1,0.0
daily_latest,rh_max,2024-10-15,9,9,1,0.7142857142857143
daily_latest,rh_max,2024-10-16,9,9,1,0.0
daily_latest,rh_max,2024-10-17,9,9,1,0.7142857142857143
daily_latest,rh_max,2024-10-18,9,9,1,0.0
daily_latest,rh_max,2024-10-19,9,9,1,0.0
daily_latest,rh_max,2024-10-20,9,9,1,0.7142857142857143
daily_latest,rh_max,2024-10-21,9,9,1,0.0
daily_latest,rh_max,2024-10-22,9,9,1,0.0
daily_latest,rh_max,2024-10-23,9,9,1,0.0
daily_latest,rh_max,2024-10-24,9,9,1,0.0
daily_latest,rh_max,2024-10-25,9,9,1,2.857142857142857
daily_latest,rh_max,2024-10-26,9,9,1,1.4285714285714286
daily_latest,rh_max,2024-10-27,9,9,1,0.7142857142857143
daily_latest,rh_max,2024-10-28,9,9,1,3.5714285714285716
daily_latest,rh_max,2024-10-29,9,9,1,4.285714285714286
daily_latest,rh_max,2024-10-30,9,9,1,2.142857142857143
daily_latest,rh_max,2024-10-31,9,9,1,0.7142857142857143
daily_latest,rh_max,2024-11-01,9,9,1,0.7142857142857143
daily_latest,rh_max,2024-11-02,9,9,1,0.0
daily_latest,rh_max,2024-11-03,9,9,1,1.4285714285714286
daily_latest,rh_max,2024-11-04,9,9,1,2.142857142857143
daily_latest,rh_max,2024-11-05,9,9,1,0.0
daily_latest,rh_max,2024-11-06,9,9,1,0.7142857142857143
daily_latest,rh_max,2024-11-07,9,9,1,0.7142857142857143
daily_latest,rh_max,2024-11-08,9,9,1,0.0
daily_latest,rh_max,2024-11-09,9,9,1,1.4285714285714286
daily_latest,rh_max,2024-11-10,9,9,1,0.0
daily_latest,rh_max,2024-11-11,9,9,1,0.0
daily_latest,rh_max,2024-11-12,9,9,1,0.0
daily_latest,rh_max,2024-11-13,9,9,1,0.0
daily_latest,rh_max,2024-11-14,9,9,1,0.0
daily_latest,rh_max,2024-11-15,9,9,1,0.0
daily_latest,rh_max,2024-11-16,9,9,1,0.7142857142857143
daily_latest,rh_max,2024-11-17,9,9,1,1.4285714285714286
daily_latest,rh_max,2024-11-18,9,9,1,2.142857142857143
daily_latest,rh_max,2024-11-19,9,9,1,1.4285714285714286
daily_latest,rh_max,2024-11-20,9,9,1,0.7142857142857143
daily_latest,rh_max,2024-11-21,9,9,1,1.4285714285714286
daily_latest,rh_max,2024-11-22,9,9,1,0.0
daily_latest,rh_max,2024-11-23,9,9,1,0.7142857142857143
daily_latest,rh_max,2024-11-24,9,9,1,0.7142857142857143
daily_latest,rh_max,2024-11-25,9,9,1,1.4285714285714286
daily_latest,rh_max,2024-11-26,9,9,1,1.4285714285714286
daily_latest,rh_max,2024-11-27,9,9,1,1.4285714285714286
daily_latest,rh_max,2024-11-28,9,9,1,0.0
daily_latest,rh_max,2024-11-29,9,9,1,0.0
daily_latest,rh_max,2024-11-30,9,9,1,0.7142857142857143
daily_latest,rh_max,2024-12-01,9,9,1,0.7142857142857143
daily_latest,rh_max,2024-12-02,9,9,1,0.7142857142857143
daily_latest,rh_max,2024-12-03,9,9,1,0.0
daily_latest,rh_max,2024-12-04,9,9,1,1.4285714285714286
daily_latest,rh_max,2024-12-05,9,9,1,1.4285714285714286
daily_latest,rh_max,2024-12-06,9,9,1,2.142857142857143
daily_latest,rh_max,2024-12-07,9,9,1,0.0
daily_latest,rh_max,2024-12-08,9,9,1,0.7142857142857143
daily_latest,rh_max,2024-12-09,9,9,1,2.142857142857143
daily_latest,rh_max,2024-12-10,9,9,1,0.0
daily_latest,rh_max,2024-12-11,9,9,1,0.0
daily_latest,rh_max,2024-12-12,9,9,1,0.0
daily_latest,rh_max,2024-12-13,9,9,1,0.7142857142857143
daily_latest,rh_max,2024-12-14,9,9,1,0.0
daily_latest,rh_max,2024-12-15,9,9,1,1.4285714285714286
daily_latest,rh_max,2024-12-16,9,9,1,1.4285714285714286
daily_latest,rh_max,2024-12-17,9,9,1,0.7142857142857143
daily_latest,rh_max,2024-12-18,9,9,1,0.0
daily_latest,rh_max,2024-12-19,9,9,1,0.0
daily_latest,rh_max,2024-12-20,9,9,1,2.142857142857143
daily_latest,rh_max,2024-12-21,9,9,1,3.5714285714285716
daily_latest,rh_max,2024-12-22,9,9,1,1.4285714285714286
daily_latest,rh_max,2024-12-23,9,9,1,0.7142857142857143
daily_latest,rh_max,2024-12-24,9,9,1,0.7142857142857143
daily_latest,rh_max,2024-12-25,9,9,1,0.0
daily_latest,rh_max,2024-12-26,9,9,1,0.0
daily_latest,rh_max,2024-12-27,8,8,1,1.6666666666666667
daily_latest,rh_max,2024-12-28,9,9,1,2.142857142857143
daily_latest,rh_max,2024-12-29,9,9,1,0.0
daily_latest,rh_max,2024-12-30,9,9,1,0.7142857142857143
daily_latest,rh_max,2024-12-31,9,9,1,1.4285714285714286
daily_latest,rh_max,2025-01-01,9,9,1,1.4285714285714286
daily_latest,rh_max,2025-01-02,9,9,1,0.0
daily_latest,rh_max,2025-01-03,9,9,1,2.142857142857143
daily_latest,rh_max,2025-01-04,9,9,1,0.7142857142857143
daily_latest,rh_max,2025-01-05,9,9,1,0.7142857142857143
daily_latest,rh_max,2025-01-06,9,9,1,1.4285714285714286
daily_latest,rh_max,2025-01-07,9,9,1,0.0
daily_latest,rh_max,2025-01-08,9,9,1,0.0
daily_latest,rh_max,2025-01-09,9,9,1,0.0
daily_latest,rh_max,2025-01-10,9,9,1,0.0
daily_latest,rh_max,2025-01-11,9,9,1,0.7142857142857143
daily_latest,rh_max,2025-01-12,9,9,1,0.0
daily_latest,rh_max,2025-01-13,9,9,1,1.4285714285714286
daily_latest,rh_max,2025-01-14,9,9,1,1.4285714285714286
daily_latest,rh_max,2025-01-15,9,9,1,2.142857142857143
daily_latest,rh_max,2025-01-16,9,9,1,4.285714285714286
daily_latest,rh_max,2025-01-17,9,9,1,0.7142857142857143
daily_latest,rh_max,2025-01-18,9,9,1,0.0
daily_latest,rh_max,2025-01-19,9,9,1,0.7142857142857143
daily_latest,rh_max,2025-01-20,9,9,1,2.142857142857143
daily_latest,rh_max,2025-01-21,9,9,1,2.142857142857143
daily_latest,rh_max,2025-01-22,9,9,1,1.4285714285714286
daily_latest,rh_max,2025-01-23,9,9,1,0.0
daily_latest,rh_max,2025-01-24,9,9,1,0.0
daily_latest,rh_max,2025-01-25,9,9,1,0.0
daily_latest,rh_max,2025-01-26,9,9,1,0.0
daily_latest,rh_max,2025-01-27,9,9,1,1.4285714285714286
daily_latest,rh_max,2025-01-28,9,9,1,0.0
daily_latest,rh_max,2025-01-29,9,9,1,0.7142857142857143
daily_latest,rh_max,2025-01-30,9,9,1,0.0
daily_latest,rh_max,2025-01-31,9,9,1,0.0
daily_latest,rh_max,2025-02-01,9,9,1,0.7142857142857143
daily_latest,rh_max,2025-02-02,9,9,1,0.0
daily_latest,rh_max,2025-02-03,9,9,1,0.0
daily_latest,rh_max,2025-02-04,9,9,1,2.857142857142857
daily_latest,rh_max,2025-02-05,9,9,1,2.142857142857143
daily_latest,rh_max,2025-02-06,9,9,1,0.7142857142857143
daily_latest,rh_max,2025-02-07,9,9,1,0.7142857142857143
daily_latest,rh_max,2025-02-08,9,9,1,0.0
daily_latest,rh_max,2025-02-09,9,9,1,2.142857142857143
daily_latest,rh_max,2025-02-10,9,9,1,0.0
daily_latest,rh_max,2025-02-11,9,9,1,0.0
daily_latest,rh_max,2025-02-12,9,9,1,0.0
daily_latest,rh_max,2025-02-13,9,9,1,0.0
daily_latest,rh_max,2025-02-14,9,9,1,0.7142857142857143
daily_latest,rh_max,2025-02-15,9,9,1,2.142857142857143
daily_latest,rh_max,2025-02-16,9,9,1,1.4285714285714286
daily_latest,rh_max,2025-02-17,9,9,1,2.857142857142857
daily_latest,rh_max,2025-02-18,9,9,1,0.7142857142857143
daily_latest,rh_max,2025-02-19,9,9,1,0.7142857142857143
daily_latest,rh_max,2025-02-20,9,9,1,0.0
daily_latest,rh_max,2025-02-21,9,9,1,0.0
daily_latest,rh_max,2025-02-22,9,9,1,0.0
daily_latest,rh_max,2025-02-23,9,9,1,0.0
daily_latest,rh_max,2025-02-24,9,9,1,0.0
daily_latest,rh_max,2025-02-25,9,9,1,0.0
daily_latest,rh_max,2025-02-26,9,9,1,0.0
daily_latest,rh_max,2025-02-27,9,9,1,0.0
daily_latest,rh_max,2025-02-28,9,9,1,0.0
daily_latest,rh_max,2025-03-01,9,9,1,0.0
daily_latest,rh_max,2025-03-02,9,9,1,0.0
daily_latest,rh_max,2025-03-03,9,9,1,0.0
daily_latest,rh_max,2025-03-04,9,9,1,0.0
daily_latest,rh_max,2025-03-05,9,9,1,0.0
daily_latest,rh_max,2025-03-06,9,9,1,0.0
daily_latest,rh_max,2025-03-07,9,9,1,0.0
daily_latest,rh_max,2025-03-08,9,9,1,0.0
daily_latest,rh_max,2025-03-09,9,9,1,0.0
daily_latest,rh_max,2025-03-10,9,9,1,0.0
daily_latest,rh_max,2025-03-11,9,9,1,0.7142857142857143
daily_latest,rh_max,2025-03-12,9,9,1,0.7142857142857143
daily_latest,rh_max,2025-03-13,9,9,1,0.0
daily_latest,rh_max,2025-03-14,9,9,1,1.4285714285714286
daily_latest,rh_max,2025-03-15,9,9,1,0.0
daily_latest,rh_max,2025-03-16,9,9,1,0.0
daily_latest,rh_max,2025-03-17,9,9,1,1.4285714285714286
daily_latest,rh_max,2025-03-18,9,9,1,2.857142857142857
daily_latest,rh_max,2025-03-19,9,9,1,1.4285714285714286
daily_latest,rh_max,2025-03-20,9,9,1,0.7142857142857143
daily_latest,rh_max,2025-03-21,9,9,1,0.0
daily_latest,rh_max,2025-03-22,9,9,1,0.7142857142857143
daily_latest,rh_max,2025-03-23,9,9,1,0.7142857142857143
daily_latest,rh_max,2025-03-24,9,9,1,0.0
daily_latest,rh_max,2025-03-25,9,9,1,0.7142857142857143
daily_latest,rh_max,2025-03-26,9,9,1,0.0
daily_latest,rh_max,2025-03-27,9,9,1,0.0
daily_latest,rh_max,2025-03-28,9,9,1,0.0
daily_latest,rh_max,2025-03-29,9,9,1,0.0
daily_latest,rh_max,2025-03-30,9,9,1,0.0
daily_latest,rh_max,2025-03-31,9,9,1,0.7142857142857143
daily_latest,rh_max,2025-04-01,9,9,1,0.7142857142857143
daily_latest,rh_max,2025-04-02,9,9,1,0.7142857142857143
daily_latest,rh_max,2025-04-03,9,9,1,0.7142857142857143
daily_latest,rh_max,2025-04-04,9,9,1,1.4285714285714286
daily_latest,rh_max,2025-04-05,9,9,1,0.0
daily_latest,rh_max,2025-04-06,9,9,1,0.0
daily_latest,rh_max,2025-04-07,9,9,1,0.7142857142857143
daily_latest,rh_max,2025-04-08,9,9,1,0.7142857142857143
daily_latest,rh_max,2025-04-09,9,9,1,0.0
daily_latest,rh_max,2025-04-10,9,9,1,0.0
daily_latest,rh_max,2025-04-11,9,9,1,0.0
daily_latest,rh_max,2025-04-12,9,9,1,0.7142857142857143
daily_latest,rh_max,2025-04-13,9,9,1,0.0
daily_latest,rh_max,2025-04-14,9,9,1,0.0
daily_latest,rh_max,2025-04-15,9,9,1,0.0
daily_latest,rh_max,2025-04-16,9,9,1,1.4285714285714286
daily_latest,rh_max,2025-04-17,9,9,1,1.4285714285714286
daily_latest,rh_max,2025-04-18,9,9,1,0.0
daily_latest,rh_max,2025-04-19,9,9,1,0.0
daily_latest,rh_max,2025-04-20,9,9,1,0.7142857142857143
daily_latest,rh_max,2025-04-21,9,9,1,0.0
daily_latest,rh_max,2025-04-22,9,9,1,0.0
daily_latest,rh_max,2025-04-23,9,9,1,0.7142857142857143
daily_latest,rh_max,2025-04-24,9,9,1,0.7142857142857143
daily_latest,rh_max,2025-04-25,9,9,1,0.0
daily_latest,rh_max,2025-04-26,9,9,1,0.0
daily_latest,rh_max,2025-04-27,9,9,1,1.4285714285714286
daily_latest,rh_max,2025-04-28,9,9,1,1.4285714285714286
daily_latest,rh_max,2025-04-29,9,9,1,0.7142857142857143
daily_latest,rh_max,2025-04-30,9,9,1,2.142857142857143
daily_latest,rh_max,2025-05-01,9,9,1,1.4285714285714286
daily_latest,rh_max,2025-05-02,9,9,1,0.0
daily_latest,rh_max,2025-05-03,9,9,1,0.0
daily_latest,rh_max,2025-05-04,9,9,1,0.0
daily_latest,rh_max,2025-05-05,9,9,1,0.0
daily_latest,rh_max,2025-05-06,9,9,1,0.0
daily_latest,rh_max,2025-05-07,9,9,1,0.0
daily_latest,rh_max,2025-05-08,9,9,1,0.0
daily_latest,rh_max,2025-05-09,9,9,1,0.0
daily_latest,rh_max,2025-05-10,9,9,1,0.0
daily_latest,rh_max,2025-05-11,9,9,1,0.0
daily_latest,rh_max,2025-05-12,9,9,1,0.0
daily_latest,rh_max,2025-05-13,9,9,1,0.0
daily_latest,rh_max,2025-05-14,9,9,1,0.0
daily_latest,rh_max,2025-05-15,9,9,1,0.0
daily_latest,rh_max,2025-05-16,9,9,1,0.0
daily_latest,rh_max,2025-05-17,9,9,1,0.0
daily_latest,rh_max,2025-05-18,9,9,1,0.0
daily_latest,rh_max,2025-05-19,9,9,1,0.0
daily_latest,rh_max,2025-05-20,9,9,1,0.0
daily_latest,rh_max,2025-05-21,9,9,1,0.0
daily_latest,rh_max,2025-05-22,9,9,1,0.0
daily_latest,rh_max,2025-05-23,9,9,1,0.7142857142857143
daily_latest,rh_max,2025-05-24,9,9,1,0.0
daily_latest,rh_max,2025-05-25,9,9,1,0.0
daily_latest,rh_max,2025-05-26,9,9,1,0.7142857142857143
daily_latest,rh_max,2025-05-27,9,9,1,0.0
daily_latest,rh_max,2025-05-28,9,9,1,0.0
daily_latest,rh_max,2025-05-29,9,9,1,0.0
daily_latest,rh_max,2025-05-30,9,9,1,0.7142857142857143
daily_latest,rh_max,2025-05-31,9,9,1,0.0
daily_latest,rh_max,2025-06-01,9,9,1,0.0
daily_latest,rh_max,2025-06-02,9,9,1,0.0
daily_latest,rh_max,2025-06-03,9,9,1,0.0
daily_latest,rh_max,2025-06-04,9,9,1,0.0
daily_latest,rh_max,2025-06-05,9,9,1,0.0
daily_latest,rh_max,2025-06-06,9,9,1,0.0
daily_latest,rh_max,2025-06-07,9,9,1,0.0
daily_latest,rh_max,2025-06-08,9,9,1,0.0
daily_latest,rh_max,2025-06-09,9,9,1,0.0
daily_latest,rh_max,2025-06-10,9,9,1,0.0
daily_latest,rh_max,2025-06-11,9,9,1,1.4285714285714286
daily_latest,rh_max,2025-06-12,9,9,1,0.0
daily_latest,rh_max,2025-06-13,9,9,1,0.0
daily_latest,rh_max,2025-06-14,9,9,1,0.0
daily_latest,rh_max,2025-06-15,9,9,1,0.0
daily_latest,rh_max,2025-06-16,9,9,1,0.7142857142857143
daily_latest,rh_max,2025-06-17,9,9,1,0.0
daily_latest,rh_max,2025-06-18,9,9,1,0.0
daily_latest,rh_max,2025-06-19,9,9,1,0.7142857142857143
daily_latest,rh_max,2025-06-20,9,9,1,1.4285714285714286
daily_latest,rh_max,2025-06-21,9,9,1,0.0
daily_latest,rh_max,2025-06-22,9,9,1,0.7142857142857143
daily_latest,rh_max,2025-06-23,9,9,1,2.142857142857143
daily_latest,rh_max,2025-06-24,9,9,1,0.0
daily_latest,rh_max,2025-06-25,9,9,1,0.7142857142857143
daily_latest,rh_max,2025-06-26,9,9,1,0.0
daily_latest,rh_max,2025-06-27,9,9,1,0.0
daily_latest,rh_max,2025-06-28,9,9,1,0.0
daily_latest,rh_max,2025-06-29,9,9,1,0.0
daily_latest,rh_max,2025-06-30,9,9,1,0.0
daily_latest,rh_max,2025-07-01,9,9,1,0.0
daily_latest,rh_max,2025-07-02,9,9,1,0.7142857142857143
daily_latest,rh_max,2025-07-03,9,9,1,1.4285714285714286
daily_latest,rh_max,2025-07-04,9,9,1,1.4285714285714286
daily_latest,rh_max,2025-07-05,9,9,1,0.7142857142857143
daily_latest,rh_max,2025-07-06,9,9,1,0.7142857142857143
daily_latest,rh_max,2025-07-07,9,9,1,0.0
daily_latest,rh_max,2025-07-08,9,9,1,0.0
daily_latest,rh_max,2025-07-09,9,9,1,0.0
daily_latest,rh_max,2025-07-10,9,9,1,0.0
daily_latest,rh_max,2025-07-11,9,9,1,0.0
daily_latest,rh_max,2025-07-12,9,9,1,0.0
daily_latest,rh_max,2025-07-13,9,9,1,0.7142857142857143
daily_latest,rh_max,2025-07-14,9,9,1,0.0
daily_latest,rh_max,2025-07-15,9,9,1,1.4285714285714286
daily_latest,rh_max,2025-07-16,9,9,1,0.7142857142857143
daily_latest,rh_max,2025-07-17,9,9,1,2.142857142857143
daily_latest,rh_max,2025-07-18,9,9,1,0.7142857142857143
daily_latest,rh_max,2025-07-19,9,9,1,0.0
daily_latest,rh_max,2025-07-20,9,9,1,0.0
daily_latest,rh_max,2025-07-21,9,9,1,0.0
daily_latest,rh_max,2025-07-22,9,9,1,0.0
daily_latest,rh_max,2025-07-23,9,9,1,0.0
daily_latest,rh_max,2025-07-24,9,9,1,0.0
daily_latest,rh_max,2025-07-25,9,9,1,0.7142857142857143
daily_latest,rh_max,2025-07-26,9,9,1,0.7142857142857143
daily_latest,rh_max,2025-07-27,9,9,1,0.0
daily_latest,rh_max,2025-07-28,9,9,1,0.0
daily_latest,rh_max,2025-07-29,9,9,1,0.0
daily_latest,rh_max,2025-07-30,9,9,1,0.7142857142857143
daily_latest,rh_max,2025-07-31,9,9,1,0.7142857142857143
daily_latest,rh_max,2025-08-01,9,9,1,0.7142857142857143
daily_latest,rh_max,2025-08-02,9,9,1,0.0
daily_latest,rh_max,2025-08-03,9,9,1,0.0
daily_latest,rh_max,2025-08-04,9,9,1,0.0
daily_latest,rh_max,2025-08-05,9,9,1,0.0
daily_latest,rh_max,2025-08-06,9,9,1,0.0
daily_latest,rh_max,2025-08-07,9,9,1,0.7142857142857143
daily_latest,rh_max,2025-08-08,9,9,1,0.0
daily_latest,rh_max,2025-08-09,9,9,1,0.7142857142857143
daily_latest,rh_max,2025-08-10,9,9,1,1.4285714285714286
daily_latest,rh_max,2025-08-11,9,9,1,1.4285714285714286
daily_latest,rh_max,2025-08-12,9,9,1,0.7142857142857143
daily_latest,rh_max,2025-08-13,9,9,1,0.0
daily_latest,rh_max,2025-08-14,9,9,1,0.0
daily_latest,rh_max,2025-08-15,9,9,1,0.0
daily_latest,rh_max,2025-08-16,9,9,1,0.7142857142857143
daily_latest,rh_max,2025-08-17,9,9,1,0.0
daily_latest,rh_max,2025-08-18,9,9,1,0.0
daily_latest,rh_max,2025-08-19,9,9,1,0.0
daily_latest,rh_max,2025-08-20,9,9,1,0.0
daily_latest,rh_max,2025-08-21,9,9,1,0.0
daily_latest,rh_max,2025-08-22,9,9,1,0.0
daily_latest,rh_max,2025-08-23,9,9,1,0.7142857142857143
daily_latest,rh_max,2025-08-24,9,9,1,0.0
daily_latest,rh_max,2025-08-25,9,9,1,0.0
daily_latest,rh_max,2025-08-26,9,9,1,1.4285714285714286
daily_latest,rh_max,2025-08-27,9,9,1,0.7142857142857143
daily_latest,rh_max,2025-08-28,9,9,1,0.0
daily_latest,rh_max,2025-08-29,9,9,1,0.0
daily_latest,rh_max,2025-08-30,9,9,1,2.142857142857143
daily_latest,rh_max,2025-08-31,9,9,1,1.4285714285714286
daily_latest,rh_max,2025-09-01,9,9,1,0.0
daily_latest,rh_max,2025-09-02,9,9,1,0.7142857142857143
daily_latest,rh_max,2025-09-03,9,9,1,0.0
daily_latest,rh_max,2025-09-04,9,9,1,0.7142857142857143
daily_latest,rh_max,2025-09-05,9,9,1,0.7142857142857143
daily_latest,rh_max,2025-09-06,9,9,1,0.0
daily_latest,rh_max,2025-09-07,9,9,1,0.0
daily_latest,rh_max,2025-09-08,9,9,1,0.0
daily_latest,rh_max,2025-09-09,9,9,1,0.0
daily_latest,rh_max,2025-09-10,9,9,1,1.4285714285714286
daily_latest,rh_max,2025-09-11,9,9,1,0.0
daily_latest,rh_max,2025-09-12,9,9,1,0.0
daily_latest,rh_max,2025-09-13,9,9,1,0.0
daily_latest,rh_max,2025-09-14,9,9,1,0.0
daily_latest,rh_max,2025-09-15,9,9,1,0.0
daily_latest,rh_max,2025-09-16,9,9,1,2.142857142857143
daily_latest,rh_max,2025-09-17,9,9,1,2.142857142857143
daily_latest,rh_max,2025-09-18,9,9,1,0.0
daily_latest,rh_max,2025-09-19,9,9,1,0.0
daily_latest,rh_max,2025-09-20,9,9,1,0.7142857142857143
daily_latest,rh_max,2025-09-21,9,9,1,0.0
daily_latest,rh_max,2025-09-22,9,9,1,0.0
daily_latest,rh_max,2025-09-23,9,9,1,0.0
daily_latest,rh_max,2025-09-24,9,9,1,0.0
daily_latest,rh_max,2025-09-25,9,9,1,0.0
daily_latest,rh_max,2025-09-26,9,9,1,0.0
daily_latest,rh_max,2025-09-27,9,9,1,0.0
daily_latest,rh_max,2025-09-28,9,9,1,2.142857142857143
daily_latest,rh_max,2025-09-29,9,9,1,1.4285714285714286
daily_latest,rh_max,2025-09-30,9,9,1,0.0
daily_latest,rh_max,2025-10-01,9,9,1,0.0
daily_latest,rh_max,2025-10-02,9,9,1,0.0
daily_latest,rh_max,2025-10-03,9,9,1,0.0
daily_latest,rh_max,2025-10-04,9,9,1,0.0
daily_latest,rh_max,2025-10-05,9,9,1,0.0
daily_latest,rh_max,2025-10-06,9,9,1,0.7142857142857143
daily_latest,rh_max,2025-10-07,9,9,1,0.0
daily_latest,rh_max,2025-10-08,9,9,1,0.0
daily_latest,rh_max,2025-10-09,9,9,1,1.4285714285714286
daily_latest,rh_max,2025-10-10,9,9,1,1.4285714285714286
daily_latest,rh_max,2025-10-11,9,9,1,0.7142857142857143
daily_latest,rh_max,2025-10-12,9,9,1,0.7142857142857143
daily_latest,rh_max,2025-10-13,9,9,1,0.0
daily_latest,rh_max,2025-10-14,9,9,1,0.0
daily_latest,rh_max,2025-10-15,9,9,1,1.4285714285714286
daily_latest,rh_max,2025-10-16,9,9,1,0.7142857142857143
daily_latest,rh_max,2025-10-17,9,9,1,0.7142857142857143
daily_latest,rh_max,2025-10-18,9,9,1,1.4285714285714286
daily_latest,rh_max,2025-10-19,9,9,1,1.4285714285714286
daily_latest,rh_max,2025-10-20,9,9,1,1.4285714285714286
daily_latest,rh_max,2025-10-21,9,9,1,0.0
daily_latest,rh_max,2025-10-22,9,9,1,0.0
daily_latest,rh_max,2025-10-23,9,9,1,2.142857142857143
daily_latest,rh_max,2025-10-24,9,9,1,0.7142857142857143
daily_latest,rh_max,2025-10-25,9,9,1,1.4285714285714286
daily_latest,rh_max,2025-10-26,9,9,1,0.7142857142857143
daily_latest,rh_max,2025-10-27,9,9,1,2.142857142857143
daily_latest,rh_max,2025-10-28,9,9,1,1.4285714285714286
daily_latest,rh_max,2025-10-29,9,9,1,0.7142857142857143
daily_latest,rh_max,2025-10-30,9,9,1,0.7142857142857143
daily_latest,rh_max,2025-10-31,9,9,1,1.4285714285714286
daily_latest,rh_max,2025-11-01,9,9,1,1.4285714285714286
daily_latest,rh_max,2025-11-02,9,9,1,1.4285714285714286
daily_latest,rh_max,2025-11-03,9,9,1,0.0
daily_latest,rh_max,2025-11-04,9,9,1,0.0
daily_latest,rh_max,2025-11-05,9,9,1,0.7142857142857143
daily_latest,rh_max,2025-11-06,9,9,1,0.0
daily_latest,rh_max,2025-11-07,9,9,1,0.0
daily_latest,rh_max,2025-11-08,9,9,1,0.0
daily_latest,rh_max,2025-11-09,9,9,1,0.0
daily_latest,rh_max,2025-11-10,9,9,1,0.0
daily_latest,rh_max,2025-11-11,9,9,1,0.0
daily_latest,rh_max,2025-11-12,9,9,1,0.0
daily_latest,rh_max,2025-11-13,9,9,1,1.4285714285714286
daily_latest,rh_max,2025-11-14,9,9,1,0.0
daily_latest,rh_max,2025-11-15,9,9,1,0.0
daily_latest,rh_max,2025-11-16,9,9,1,0.7142857142857143
daily_latest,rh_max,2025-11-17,9,9,1,1.4285714285714286
daily_latest,rh_max,2025-11-18,9,9,1,0.7142857142857143
daily_latest,rh_max,2025-11-19,9,9,1,2.857142857142857
daily_latest,rh_max,2025-11-20,9,9,1,0.0
daily_latest,rh_max,2025-11-21,9,9,1,0.0
daily_latest,rh_max,2025-11-22,9,9,1,0.7142857142857143
daily_latest,rh_max,2025-11-23,9,9,1,0.7142857142857143
daily_latest,rh_max,2025-11-24,9,9,1,0.7142857142857143
daily_latest,rh_max,2025-11-25,9,9,1,1.4285714285714286
daily_latest,rh_max,2025-11-26,9,9,1,2.142857142857143
daily_latest,rh_max,2025-11-27,9,9,1,0.0
daily_latest,rh_max,2025-11-28,9,9,1,0.0
daily_latest,rh_max,2025-11-29,9,9,1,2.142857142857143
daily_latest,rh_max,2025-11-30,9,9,1,0.7142857142857143
daily_latest,rh_max,2025-12-01,9,9,1,0.0
daily_latest,rh_max,2025-12-02,9,9,1,0.0
daily_latest,rh_max,2025-12-03,9,9,1,0.7142857142857143
daily_latest,rh_max,2025-12-04,9,9,1,1.4285714285714286
daily_latest,rh_max,2025-12-05,9,9,1,1.4285714285714286
daily_latest,rh_max,2025-12-06,9,9,1,0.0
daily_latest,rh_max,2025-12-07,9,9,1,1.4285714285714286
daily_latest,rh_max,2025-12-08,9,9,1,2.142857142857143
daily_latest,rh_max,2025-12-09,9,9,1,0.0
daily_latest,rh_max,2025-12-10,9,9,1,0.7142857142857143
daily_latest,rh_max,2025-12-11,9,9,1,0.7142857142857143
daily_latest,rh_max,2025-12-12,9,9,1,0.0
daily_latest,rh_max,2025-12-13,9,9,1,0.0
daily_latest,rh_max,2025-12-14,9,9,1,5.0
daily_latest,rh_max,2025-12-15,9,9,1,0.0
daily_latest,rh_max,2025-12-16,9,9,1,0.0
daily_latest,rh_max,2025-12-17,9,9,1,0.7142857142857143
daily_latest,rh_max,2025-12-18,9,9,1,0.7142857142857143
daily_latest,rh_max,2025-12-19,9,9,1,0.0
daily_latest,rh_max,2025-12-20,9,9,1,0.7142857142857143
daily_latest,rh_max,2025-12-21,9,9,1,0.7142857142857143
daily_latest,rh_max,2025-12-22,9,9,1,1.4285714285714286
daily_latest,rh_max,2025-12-23,9,9,1,0.0
daily_latest,rh_max,2025-12-24,9,9,1,0.7142857142857143
daily_latest,rh_max,2025-12-25,9,9,1,1.4285714285714286
daily_latest,rh_max,2025-12-26,9,9,1,0.0
daily_latest,rh_max,2025-12-27,9,9,1,0.0
daily_latest,rh_max,2025-12-28,9,9,1,0.0
daily_latest,rh_max,2025-12-29,9,9,1,0.0
daily_latest,rh_max,2025-12-30,9,9,1,1.4285714285714286
daily_latest,rh_max,2025-12-31,9,9,1,0.0
