design,factor,variable,lead,contrast,mae_difference,ci_low,ci_high,interpretation
all_available,coast,Tmax,1,transition minus near,0.02026404877976362,-0.027695673690345292,0.06590538295128165,"All available: dates differ by station; strict common: very small date sample. Conditional descriptive interval, not causal."
all_available,coast,Tmax,1,inland minus near,0.9784320239969473,0.9152393265232295,1.0371267898211896,"All available: dates differ by station; strict common: very small date sample. Conditional descriptive interval, not causal."
all_available,coast,Tmax,1,inland minus transition,0.9581679752171837,0.8952263319910575,1.021179613851121,"All available: dates differ by station; strict common: very small date sample. Conditional descriptive interval, not causal."
all_available,region,Tmax,1,KL minus HKI,0.022415504768242167,-0.03129959103195093,0.07274111706184307,"All available: dates differ by station; strict common: very small date sample. Conditional descriptive interval, not causal."
all_available,region,Tmax,1,NT minus HKI,0.2950016462605658,0.24416970927828668,0.3443685883131267,"All available: dates differ by station; strict common: very small date sample. Conditional descriptive interval, not causal."
all_available,region,Tmax,1,Islands minus HKI,0.656281004830551,0.5881450971803922,0.7275435654204444,"All available: dates differ by station; strict common: very small date sample. Conditional descriptive interval, not causal."
all_available,region,Tmax,1,NT minus KL,0.27258614149232363,0.2425476811142118,0.3021044919428549,"All available: dates differ by station; strict common: very small date sample. Conditional descriptive interval, not causal."
all_available,region,Tmax,1,Islands minus KL,0.6338655000623088,0.5394767342263016,0.7327343081643498,"All available: dates differ by station; strict common: very small date sample. Conditional descriptive interval, not causal."
all_available,region,Tmax,1,Islands minus NT,0.36127935856998517,0.26983624940036155,0.45673368717036966,"All available: dates differ by station; strict common: very small date sample. Conditional descriptive interval, not causal."
strict_common,coast,Tmax,1,transition minus near,0.19597222222222244,0.009522380952381138,0.3815096014492755,"All available: dates differ by station; strict common: very small date sample. Conditional descriptive interval, not causal."
strict_common,coast,Tmax,1,inland minus near,0.9970833333333338,0.7184423076923085,1.2915019736842106,"All available: dates differ by station; strict common: very small date sample. Conditional descriptive interval, not causal."
strict_common,coast,Tmax,1,inland minus transition,0.8011111111111113,0.6257386363636359,1.0136949404761901,"All available: dates differ by station; strict common: very small date sample. Conditional descriptive interval, not causal."
strict_common,region,Tmax,1,KL minus HKI,0.20250000000000035,-0.046695652173912784,0.40859047619047656,"All available: dates differ by station; strict common: very small date sample. Conditional descriptive interval, not causal."
strict_common,region,Tmax,1,NT minus HKI,0.3780208333333335,0.11195128676470574,0.6196808388157892,"All available: dates differ by station; strict common: very small date sample. Conditional descriptive interval, not causal."
strict_common,region,Tmax,1,Islands minus HKI,0.5129166666666669,0.27595238095238095,0.7353288810483872,"All available: dates differ by station; strict common: very small date sample. Conditional descriptive interval, not causal."
strict_common,region,Tmax,1,NT minus KL,0.17552083333333313,0.048607789855072504,0.31526851365546193,"All available: dates differ by station; strict common: very small date sample. Conditional descriptive interval, not causal."
strict_common,region,Tmax,1,Islands minus KL,0.31041666666666656,0.037183712121212395,0.613598214285714,"All available: dates differ by station; strict common: very small date sample. Conditional descriptive interval, not causal."
strict_common,region,Tmax,1,Islands minus NT,0.13489583333333344,-0.1966077769886363,0.46130468750000003,"All available: dates differ by station; strict common: very small date sample. Conditional descriptive interval, not causal."
lowland_available,coast,Tmax,1,transition minus near,0.02026404877976362,-0.027695673690345292,0.06590538295128165,"All available: dates differ by station; strict common: very small date sample. Conditional descriptive interval, not causal."
lowland_available,coast,Tmax,1,inland minus near,0.602565101500131,0.520951600414542,0.6798357675561053,"All available: dates differ by station; strict common: very small date sample. Conditional descriptive interval, not causal."
lowland_available,coast,Tmax,1,inland minus transition,0.5823010527203674,0.5183366829475147,0.6429802666920686,"All available: dates differ by station; strict common: very small date sample. Conditional descriptive interval, not causal."
lowland_available,region,Tmax,1,KL minus HKI,0.022415504768242167,-0.03129959103195093,0.07274111706184307,"All available: dates differ by station; strict common: very small date sample. Conditional descriptive interval, not causal."
lowland_available,region,Tmax,1,NT minus HKI,0.2950016462605658,0.24416970927828668,0.3443685883131267,"All available: dates differ by station; strict common: very small date sample. Conditional descriptive interval, not causal."
lowland_available,region,Tmax,1,Islands minus HKI,0.022618023649872088,-0.020791865252425275,0.06749062572181601,"All available: dates differ by station; strict common: very small date sample. Conditional descriptive interval, not causal."
lowland_available,region,Tmax,1,NT minus KL,0.27258614149232363,0.2425476811142118,0.3021044919428549,"All available: dates differ by station; strict common: very small date sample. Conditional descriptive interval, not causal."
lowland_available,region,Tmax,1,Islands minus KL,0.0002025188816299206,-0.0505947641524452,0.05326962649887485,"All available: dates differ by station; strict common: very small date sample. Conditional descriptive interval, not causal."
lowland_available,region,Tmax,1,Islands minus NT,-0.2723836226106937,-0.3196303289109375,-0.22478566148228513,"All available: dates differ by station; strict common: very small date sample. Conditional descriptive interval, not causal."
all_available,coast,Tmax,2,transition minus near,0.0485180665841729,0.0005631050285399403,0.09511097095096908,"All available: dates differ by station; strict common: very small date sample. Conditional descriptive interval, not causal."
all_available,coast,Tmax,2,inland minus near,1.021863542989991,0.948141736294118,1.0931242825668042,"All available: dates differ by station; strict common: very small date sample. Conditional descriptive interval, not causal."
all_available,coast,Tmax,2,inland minus transition,0.973345476405818,0.9044892685622133,1.0454165688418036,"All available: dates differ by station; strict common: very small date sample. Conditional descriptive interval, not causal."
all_available,region,Tmax,2,KL minus HKI,0.06751289845896902,0.015755924258914346,0.11899546187728355,"All available: dates differ by station; strict common: very small date sample. Conditional descriptive interval, not causal."
all_available,region,Tmax,2,NT minus HKI,0.3390167821071979,0.2858387110049291,0.39333585916557073,"All available: dates differ by station; strict common: very small date sample. Conditional descriptive interval, not causal."
all_available,region,Tmax,2,Islands minus HKI,0.6644470969242808,0.5899892896305402,0.7403413481904249,"All available: dates differ by station; strict common: very small date sample. Conditional descriptive interval, not causal."
all_available,region,Tmax,2,NT minus KL,0.27150388364822886,0.23874427216143893,0.3039484560422282,"All available: dates differ by station; strict common: very small date sample. Conditional descriptive interval, not causal."
all_available,region,Tmax,2,Islands minus KL,0.5969341984653118,0.5013308346716059,0.699462649952978,"All available: dates differ by station; strict common: very small date sample. Conditional descriptive interval, not causal."
all_available,region,Tmax,2,Islands minus NT,0.32543031481708296,0.22614374893708175,0.4259344765610756,"All available: dates differ by station; strict common: very small date sample. Conditional descriptive interval, not causal."
strict_common,coast,Tmax,2,transition minus near,0.1751388888888885,-0.029031666666666577,0.38532476076555006,"All available: dates differ by station; strict common: very small date sample. Conditional descriptive interval, not causal."
strict_common,coast,Tmax,2,inland minus near,0.8645833333333337,0.4860683333333334,1.2470083333333335,"All available: dates differ by station; strict common: very small date sample. Conditional descriptive interval, not causal."
strict_common,coast,Tmax,2,inland minus transition,0.6894444444444452,0.42632412280701787,0.9572599206349204,"All available: dates differ by station; strict common: very small date sample. Conditional descriptive interval, not causal."
strict_common,region,Tmax,2,KL minus HKI,0.18083333333333385,-0.037041666666666584,0.3715857699805072,"All available: dates differ by station; strict common: very small date sample. Conditional descriptive interval, not causal."
strict_common,region,Tmax,2,NT minus HKI,0.2764583333333335,-0.011876953124999862,0.5461392045454547,"All available: dates differ by station; strict common: very small date sample. Conditional descriptive interval, not causal."
strict_common,region,Tmax,2,Islands minus HKI,0.4587500000000002,0.2235749999999998,0.6882937500000003,"All available: dates differ by station; strict common: very small date sample. Conditional descriptive interval, not causal."
strict_common,region,Tmax,2,NT minus KL,0.09562499999999963,-0.03615513392857141,0.24467552631578945,"All available: dates differ by station; strict common: very small date sample. Conditional descriptive interval, not causal."
strict_common,region,Tmax,2,Islands minus KL,0.27791666666666637,-0.013125000000000173,0.5782615546218487,"All available: dates differ by station; strict common: very small date sample. Conditional descriptive interval, not causal."
strict_common,region,Tmax,2,Islands minus NT,0.18229166666666674,-0.20925368788819929,0.5356656249999996,"All available: dates differ by station; strict common: very small date sample. Conditional descriptive interval, not causal."
lowland_available,coast,Tmax,2,transition minus near,0.0485180665841729,0.0005631050285399403,0.09511097095096908,"All available: dates differ by station; strict common: very small date sample. Conditional descriptive interval, not causal."
lowland_available,coast,Tmax,2,inland minus near,0.6702662849369831,0.5705817648604091,0.7659727845693073,"All available: dates differ by station; strict common: very small date sample. Conditional descriptive interval, not causal."
lowland_available,coast,Tmax,2,inland minus transition,0.6217482183528102,0.5480965977827629,0.6955249543170074,"All available: dates differ by station; strict common: very small date sample. Conditional descriptive interval, not causal."
lowland_available,region,Tmax,2,KL minus HKI,0.06751289845896902,0.015755924258914346,0.11899546187728355,"All available: dates differ by station; strict common: very small date sample. Conditional descriptive interval, not causal."
lowland_available,region,Tmax,2,NT minus HKI,0.3390167821071979,0.2858387110049291,0.39333585916557073,"All available: dates differ by station; strict common: very small date sample. Conditional descriptive interval, not causal."
lowland_available,region,Tmax,2,Islands minus HKI,0.04781712994287135,0.00037473744375635695,0.09458201826860616,"All available: dates differ by station; strict common: very small date sample. Conditional descriptive interval, not causal."
lowland_available,region,Tmax,2,NT minus KL,0.27150388364822886,0.23874427216143893,0.3039484560422282,"All available: dates differ by station; strict common: very small date sample. Conditional descriptive interval, not causal."
lowland_available,region,Tmax,2,Islands minus KL,-0.019695768516097667,-0.07438231762823919,0.03525456371055903,"All available: dates differ by station; strict common: very small date sample. Conditional descriptive interval, not causal."
lowland_available,region,Tmax,2,Islands minus NT,-0.29119965216432653,-0.3453236191886921,-0.2366199178270954,"All available: dates differ by station; strict common: very small date sample. Conditional descriptive interval, not causal."
all_available,coast,Tmax,3,transition minus near,0.0714461496034946,0.020860416326430358,0.1213191016685023,"All available: dates differ by station; strict common: very small date sample. Conditional descriptive interval, not causal."
all_available,coast,Tmax,3,inland minus near,1.050360554814045,0.9700942710655681,1.1314432168115638,"All available: dates differ by station; strict common: very small date sample. Conditional descriptive interval, not causal."
all_available,coast,Tmax,3,inland minus transition,0.9789144052105505,0.904813581014171,1.0553819675886216,"All available: dates differ by station; strict common: very small date sample. Conditional descriptive interval, not causal."
all_available,region,Tmax,3,KL minus HKI,0.10601881487212061,0.05279384327149146,0.1580402659057773,"All available: dates differ by station; strict common: very small date sample. Conditional descriptive interval, not causal."
all_available,region,Tmax,3,NT minus HKI,0.377464418375399,0.3208344187332308,0.4360645191007114,"All available: dates differ by station; strict common: very small date sample. Conditional descriptive interval, not causal."
all_available,region,Tmax,3,Islands minus HKI,0.6609358537763441,0.5830905809682644,0.7418385891650763,"All available: dates differ by station; strict common: very small date sample. Conditional descriptive interval, not causal."
all_available,region,Tmax,3,NT minus KL,0.2714456035032784,0.23563639511266601,0.30537763354922964,"All available: dates differ by station; strict common: very small date sample. Conditional descriptive interval, not causal."
all_available,region,Tmax,3,Islands minus KL,0.5549170389042235,0.4533918607914502,0.6610225522237868,"All available: dates differ by station; strict common: very small date sample. Conditional descriptive interval, not causal."
all_available,region,Tmax,3,Islands minus NT,0.2834714354009451,0.17751345431804413,0.3872485115828113,"All available: dates differ by station; strict common: very small date sample. Conditional descriptive interval, not causal."
strict_common,coast,Tmax,3,transition minus near,0.1684722222222217,-0.030546701388888237,0.3826782894736844,"All available: dates differ by station; strict common: very small date sample. Conditional descriptive interval, not causal."
strict_common,coast,Tmax,3,inland minus near,0.8129166666666663,0.4273342105263165,1.202551136363637,"All available: dates differ by station; strict common: very small date sample. Conditional descriptive interval, not causal."
strict_common,coast,Tmax,3,inland minus transition,0.6444444444444446,0.38087999999999994,0.917676388888889,"All available: dates differ by station; strict common: very small date sample. Conditional descriptive interval, not causal."
strict_common,region,Tmax,3,KL minus HKI,0.18583333333333352,-0.02213596491228038,0.37588218390804606,"All available: dates differ by station; strict common: very small date sample. Conditional descriptive interval, not causal."
strict_common,region,Tmax,3,NT minus HKI,0.2471874999999999,-0.04617987132352959,0.5291535218253969,"All available: dates differ by station; strict common: very small date sample. Conditional descriptive interval, not causal."
strict_common,region,Tmax,3,Islands minus HKI,0.45500000000000007,0.18128135451505015,0.7109835714285713,"All available: dates differ by station; strict common: very small date sample. Conditional descriptive interval, not causal."
strict_common,region,Tmax,3,NT minus KL,0.061354166666666377,-0.07926004464285688,0.2164068014705876,"All available: dates differ by station; strict common: very small date sample. Conditional descriptive interval, not causal."
strict_common,region,Tmax,3,Islands minus KL,0.26916666666666655,-0.05347159090909132,0.5750138888888894,"All available: dates differ by station; strict common: very small date sample. Conditional descriptive interval, not causal."
strict_common,region,Tmax,3,Islands minus NT,0.20781250000000018,-0.20882513456937793,0.5738984374999996,"All available: dates differ by station; strict common: very small date sample. Conditional descriptive interval, not causal."
lowland_available,coast,Tmax,3,transition minus near,0.0714461496034946,0.020860416326430358,0.1213191016685023,"All available: dates differ by station; strict common: very small date sample. Conditional descriptive interval, not causal."
lowland_available,coast,Tmax,3,inland minus near,0.7256840288154074,0.618527597570675,0.8308454293709939,"All available: dates differ by station; strict common: very small date sample. Conditional descriptive interval, not causal."
lowland_available,coast,Tmax,3,inland minus transition,0.6542378792119128,0.5749181295515721,0.7353615416545698,"All available: dates differ by station; strict common: very small date sample. Conditional descriptive interval, not causal."
lowland_available,region,Tmax,3,KL minus HKI,0.10601881487212061,0.05279384327149146,0.1580402659057773,"All available: dates differ by station; strict common: very small date sample. Conditional descriptive interval, not causal."
lowland_available,region,Tmax,3,NT minus HKI,0.377464418375399,0.3208344187332308,0.4360645191007114,"All available: dates differ by station; strict common: very small date sample. Conditional descriptive interval, not causal."
lowland_available,region,Tmax,3,Islands minus HKI,0.06611699470615129,0.018322052615303903,0.11675802577136528,"All available: dates differ by station; strict common: very small date sample. Conditional descriptive interval, not causal."
lowland_available,region,Tmax,3,NT minus KL,0.2714456035032784,0.23563639511266601,0.30537763354922964,"All available: dates differ by station; strict common: very small date sample. Conditional descriptive interval, not causal."
lowland_available,region,Tmax,3,Islands minus KL,-0.039901820165969326,-0.09632160442842905,0.018179679987601866,"All available: dates differ by station; strict common: very small date sample. Conditional descriptive interval, not causal."
lowland_available,region,Tmax,3,Islands minus NT,-0.3113474236692477,-0.3698019570273278,-0.2507025547189818,"All available: dates differ by station; strict common: very small date sample. Conditional descriptive interval, not causal."
all_available,coast,Tmax,4,transition minus near,0.0837145240881445,0.03158971785393931,0.13576850237439497,"All available: dates differ by station; strict common: very small date sample. Conditional descriptive interval, not causal."
all_available,coast,Tmax,4,inland minus near,1.063467273485344,0.9803027198793535,1.145501267549097,"All available: dates differ by station; strict common: very small date sample. Conditional descriptive interval, not causal."
all_available,coast,Tmax,4,inland minus transition,0.9797527493971996,0.9064081007578668,1.060486822335525,"All available: dates differ by station; strict common: very small date sample. Conditional descriptive interval, not causal."
all_available,region,Tmax,4,KL minus HKI,0.127289616340736,0.07277336314024026,0.18085463754463432,"All available: dates differ by station; strict common: very small date sample. Conditional descriptive interval, not causal."
all_available,region,Tmax,4,NT minus HKI,0.39292523826606796,0.33457088213156594,0.45063580300567796,"All available: dates differ by station; strict common: very small date sample. Conditional descriptive interval, not causal."
all_available,region,Tmax,4,Islands minus HKI,0.6650967042026108,0.5874163041794969,0.7466382789754168,"All available: dates differ by station; strict common: very small date sample. Conditional descriptive interval, not causal."
all_available,region,Tmax,4,NT minus KL,0.26563562192533197,0.23030630274092326,0.29885376165076905,"All available: dates differ by station; strict common: very small date sample. Conditional descriptive interval, not causal."
all_available,region,Tmax,4,Islands minus KL,0.5378070878618748,0.433619664851714,0.6470015322174522,"All available: dates differ by station; strict common: very small date sample. Conditional descriptive interval, not causal."
all_available,region,Tmax,4,Islands minus NT,0.27217146593654284,0.16485269238658604,0.38120679135780955,"All available: dates differ by station; strict common: very small date sample. Conditional descriptive interval, not causal."
strict_common,coast,Tmax,4,transition minus near,0.14958333333333296,-0.06541035353535413,0.3975863636363629,"All available: dates differ by station; strict common: very small date sample. Conditional descriptive interval, not causal."
strict_common,coast,Tmax,4,inland minus near,0.7612500000000002,0.38347867647058803,1.1682606060606058,"All available: dates differ by station; strict common: very small date sample. Conditional descriptive interval, not causal."
strict_common,coast,Tmax,4,inland minus transition,0.6116666666666672,0.36510606060606066,0.873765873015873,"All available: dates differ by station; strict common: very small date sample. Conditional descriptive interval, not causal."
strict_common,region,Tmax,4,KL minus HKI,0.13916666666666688,-0.06672222222222156,0.35400294117647046,"All available: dates differ by station; strict common: very small date sample. Conditional descriptive interval, not causal."
strict_common,region,Tmax,4,NT minus HKI,0.20656249999999998,-0.050581060606060144,0.48302233455882326,"All available: dates differ by station; strict common: very small date sample. Conditional descriptive interval, not causal."
strict_common,region,Tmax,4,Islands minus HKI,0.41541666666666677,0.11119047619047673,0.685547321428571,"All available: dates differ by station; strict common: very small date sample. Conditional descriptive interval, not causal."
strict_common,region,Tmax,4,NT minus KL,0.0673958333333331,-0.060816090838509175,0.208992011278196,"All available: dates differ by station; strict common: very small date sample. Conditional descriptive interval, not causal."
strict_common,region,Tmax,4,Islands minus KL,0.2762499999999999,-0.08454000000000002,0.6100238095238095,"All available: dates differ by station; strict common: very small date sample. Conditional descriptive interval, not causal."
strict_common,region,Tmax,4,Islands minus NT,0.20885416666666679,-0.23271666666666618,0.5890771484374995,"All available: dates differ by station; strict common: very small date sample. Conditional descriptive interval, not causal."
lowland_available,coast,Tmax,4,transition minus near,0.0837145240881445,0.03158971785393931,0.13576850237439497,"All available: dates differ by station; strict common: very small date sample. Conditional descriptive interval, not causal."
lowland_available,coast,Tmax,4,inland minus near,0.7503011307492706,0.6407296003971382,0.8579982626827228,"All available: dates differ by station; strict common: very small date sample. Conditional descriptive interval, not causal."
lowland_available,coast,Tmax,4,inland minus transition,0.6665866066611261,0.5850910343506882,0.749605036371022,"All available: dates differ by station; strict common: very small date sample. Conditional descriptive interval, not causal."
lowland_available,region,Tmax,4,KL minus HKI,0.127289616340736,0.07277336314024026,0.18085463754463432,"All available: dates differ by station; strict common: very small date sample. Conditional descriptive interval, not causal."
lowland_available,region,Tmax,4,NT minus HKI,0.39292523826606796,0.33457088213156594,0.45063580300567796,"All available: dates differ by station; strict common: very small date sample. Conditional descriptive interval, not causal."
lowland_available,region,Tmax,4,Islands minus HKI,0.08130071877113099,0.03394119015721995,0.13163640431230855,"All available: dates differ by station; strict common: very small date sample. Conditional descriptive interval, not causal."
lowland_available,region,Tmax,4,NT minus KL,0.26563562192533197,0.23030630274092326,0.29885376165076905,"All available: dates differ by station; strict common: very small date sample. Conditional descriptive interval, not causal."
lowland_available,region,Tmax,4,Islands minus KL,-0.045988897569605,-0.10451761673094162,0.013466937222760844,"All available: dates differ by station; strict common: very small date sample. Conditional descriptive interval, not causal."
lowland_available,region,Tmax,4,Islands minus NT,-0.31162451949493697,-0.3711576659135932,-0.2501686802923965,"All available: dates differ by station; strict common: very small date sample. Conditional descriptive interval, not causal."
all_available,coast,Tmax,5,transition minus near,0.10047475042486109,0.04477984651061851,0.15742428179307988,"All available: dates differ by station; strict common: very small date sample. Conditional descriptive interval, not causal."
all_available,coast,Tmax,5,inland minus near,1.084119063798526,0.9981342390666736,1.167542682628571,"All available: dates differ by station; strict common: very small date sample. Conditional descriptive interval, not causal."
all_available,coast,Tmax,5,inland minus transition,0.983644313373665,0.910032663526359,1.0629280772795862,"All available: dates differ by station; strict common: very small date sample. Conditional descriptive interval, not causal."
all_available,region,Tmax,5,KL minus HKI,0.15621994153060892,0.09969751910043366,0.21353183392585526,"All available: dates differ by station; strict common: very small date sample. Conditional descriptive interval, not causal."
all_available,region,Tmax,5,NT minus HKI,0.40752330460607555,0.34754882609458787,0.467102146805073,"All available: dates differ by station; strict common: very small date sample. Conditional descriptive interval, not causal."
all_available,region,Tmax,5,Islands minus HKI,0.669744321768887,0.5860376632456081,0.7572045530815684,"All available: dates differ by station; strict common: very small date sample. Conditional descriptive interval, not causal."
all_available,region,Tmax,5,NT minus KL,0.25130336307546663,0.21471519605453881,0.2861904885349232,"All available: dates differ by station; strict common: very small date sample. Conditional descriptive interval, not causal."
all_available,region,Tmax,5,Islands minus KL,0.5135243802382781,0.4066304169022233,0.6306486302908403,"All available: dates differ by station; strict common: very small date sample. Conditional descriptive interval, not causal."
all_available,region,Tmax,5,Islands minus NT,0.26222101716281143,0.15092283864686418,0.3775211368299438,"All available: dates differ by station; strict common: very small date sample. Conditional descriptive interval, not causal."
strict_common,coast,Tmax,5,transition minus near,0.1345833333333335,-0.08402499999999986,0.3692127536231881,"All available: dates differ by station; strict common: very small date sample. Conditional descriptive interval, not causal."
strict_common,coast,Tmax,5,inland minus near,0.7495833333333333,0.37332142857142875,1.1555454545454544,"All available: dates differ by station; strict common: very small date sample. Conditional descriptive interval, not causal."
strict_common,coast,Tmax,5,inland minus transition,0.6149999999999998,0.36876262626262657,0.8804581105169341,"All available: dates differ by station; strict common: very small date sample. Conditional descriptive interval, not causal."
strict_common,region,Tmax,5,KL minus HKI,0.09916666666666663,-0.10526491228070228,0.3040315789473685,"All available: dates differ by station; strict common: very small date sample. Conditional descriptive interval, not causal."
strict_common,region,Tmax,5,NT minus HKI,0.17093749999999996,-0.07933637152777756,0.42767343750000003,"All available: dates differ by station; strict common: very small date sample. Conditional descriptive interval, not causal."
strict_common,region,Tmax,5,Islands minus HKI,0.41208333333333336,0.10363474025974015,0.6830060399159664,"All available: dates differ by station; strict common: very small date sample. Conditional descriptive interval, not causal."
strict_common,region,Tmax,5,NT minus KL,0.07177083333333334,-0.057039826127819604,0.2154791666666667,"All available: dates differ by station; strict common: very small date sample. Conditional descriptive interval, not causal."
strict_common,region,Tmax,5,Islands minus KL,0.31291666666666673,-0.036091032608695305,0.6307403273809524,"All available: dates differ by station; strict common: very small date sample. Conditional descriptive interval, not causal."
strict_common,region,Tmax,5,Islands minus NT,0.2411458333333334,-0.17664522058823545,0.6065005286654133,"All available: dates differ by station; strict common: very small date sample. Conditional descriptive interval, not causal."
lowland_available,coast,Tmax,5,transition minus near,0.10047475042486109,0.04477984651061851,0.15742428179307988,"All available: dates differ by station; strict common: very small date sample. Conditional descriptive interval, not causal."
lowland_available,coast,Tmax,5,inland minus near,0.783093797439453,0.6673673918727375,0.8971493904066451,"All available: dates differ by station; strict common: very small date sample. Conditional descriptive interval, not causal."
lowland_available,coast,Tmax,5,inland minus transition,0.6826190470145919,0.5996383299388791,0.7675007783568246,"All available: dates differ by station; strict common: very small date sample. Conditional descriptive interval, not causal."
lowland_available,region,Tmax,5,KL minus HKI,0.15621994153060892,0.09969751910043366,0.21353183392585526,"All available: dates differ by station; strict common: very small date sample. Conditional descriptive interval, not causal."
lowland_available,region,Tmax,5,NT minus HKI,0.40752330460607555,0.34754882609458787,0.467102146805073,"All available: dates differ by station; strict common: very small date sample. Conditional descriptive interval, not causal."
lowland_available,region,Tmax,5,Islands minus HKI,0.09633312713512909,0.042635282585351826,0.1503172541121748,"All available: dates differ by station; strict common: very small date sample. Conditional descriptive interval, not causal."
lowland_available,region,Tmax,5,NT minus KL,0.25130336307546663,0.21471519605453881,0.2861904885349232,"All available: dates differ by station; strict common: very small date sample. Conditional descriptive interval, not causal."
lowland_available,region,Tmax,5,Islands minus KL,-0.059886814395479826,-0.12776891943429883,0.010023158772457828,"All available: dates differ by station; strict common: very small date sample. Conditional descriptive interval, not causal."
lowland_available,region,Tmax,5,Islands minus NT,-0.31119017747094646,-0.3797087453255155,-0.24023739661114293,"All available: dates differ by station; strict common: very small date sample. Conditional descriptive interval, not causal."
all_available,coast,Tmax,6,transition minus near,0.12215383786236345,0.06332769494405097,0.18327407439205717,"All available: dates differ by station; strict common: very small date sample. Conditional descriptive interval, not causal."
all_available,coast,Tmax,6,inland minus near,1.0946461939058962,1.0098084826839426,1.1791473994737665,"All available: dates differ by station; strict common: very small date sample. Conditional descriptive interval, not causal."
all_available,coast,Tmax,6,inland minus transition,0.9724923560435328,0.898229345381423,1.0506175360989491,"All available: dates differ by station; strict common: very small date sample. Conditional descriptive interval, not causal."
all_available,region,Tmax,6,KL minus HKI,0.19293717018077983,0.13630703071059447,0.25022712127961577,"All available: dates differ by station; strict common: very small date sample. Conditional descriptive interval, not causal."
all_available,region,Tmax,6,NT minus HKI,0.43029572620500334,0.3718131654922177,0.4883667817424438,"All available: dates differ by station; strict common: very small date sample. Conditional descriptive interval, not causal."
all_available,region,Tmax,6,Islands minus HKI,0.6708496471174188,0.5877294528793363,0.7615702090726829,"All available: dates differ by station; strict common: very small date sample. Conditional descriptive interval, not causal."
all_available,region,Tmax,6,NT minus KL,0.2373585560242235,0.20115850622266085,0.2726553381123534,"All available: dates differ by station; strict common: very small date sample. Conditional descriptive interval, not causal."
all_available,region,Tmax,6,Islands minus KL,0.47791247693663896,0.3678545004709046,0.596096711085266,"All available: dates differ by station; strict common: very small date sample. Conditional descriptive interval, not causal."
all_available,region,Tmax,6,Islands minus NT,0.24055392091241545,0.12948100811441196,0.361486574022458,"All available: dates differ by station; strict common: very small date sample. Conditional descriptive interval, not causal."
strict_common,coast,Tmax,6,transition minus near,0.18319444444444444,-0.03617850877192996,0.41219204545454546,"All available: dates differ by station; strict common: very small date sample. Conditional descriptive interval, not causal."
strict_common,coast,Tmax,6,inland minus near,0.860416666666667,0.5169840909090906,1.202207065217391,"All available: dates differ by station; strict common: very small date sample. Conditional descriptive interval, not causal."
strict_common,coast,Tmax,6,inland minus transition,0.6772222222222226,0.4386509803921567,0.9072536231884062,"All available: dates differ by station; strict common: very small date sample. Conditional descriptive interval, not causal."
strict_common,region,Tmax,6,KL minus HKI,0.17083333333333317,-0.06002380952380957,0.3734074074074072,"All available: dates differ by station; strict common: very small date sample. Conditional descriptive interval, not causal."
strict_common,region,Tmax,6,NT minus HKI,0.2782291666666663,0.005637731481481698,0.5299310267857144,"All available: dates differ by station; strict common: very small date sample. Conditional descriptive interval, not causal."
strict_common,region,Tmax,6,Islands minus HKI,0.4079166666666665,0.08641785714285789,0.6796118421052628,"All available: dates differ by station; strict common: very small date sample. Conditional descriptive interval, not causal."
strict_common,region,Tmax,6,NT minus KL,0.10739583333333313,-0.02238504464285738,0.25020963541666624,"All available: dates differ by station; strict common: very small date sample. Conditional descriptive interval, not causal."
strict_common,region,Tmax,6,Islands minus KL,0.2370833333333333,-0.1291809375000003,0.6085911764705882,"All available: dates differ by station; strict common: very small date sample. Conditional descriptive interval, not causal."
strict_common,region,Tmax,6,Islands minus NT,0.12968750000000018,-0.31353452380952457,0.5455883431085042,"All available: dates differ by station; strict common: very small date sample. Conditional descriptive interval, not causal."
lowland_available,coast,Tmax,6,transition minus near,0.12215383786236345,0.06332769494405097,0.18327407439205717,"All available: dates differ by station; strict common: very small date sample. Conditional descriptive interval, not causal."
lowland_available,coast,Tmax,6,inland minus near,0.8064680538736759,0.6868587711817254,0.9219143253673662,"All available: dates differ by station; strict common: very small date sample. Conditional descriptive interval, not causal."
lowland_available,coast,Tmax,6,inland minus transition,0.6843142160113125,0.5995781782315475,0.7675297446097545,"All available: dates differ by station; strict common: very small date sample. Conditional descriptive interval, not causal."
lowland_available,region,Tmax,6,KL minus HKI,0.19293717018077983,0.13630703071059447,0.25022712127961577,"All available: dates differ by station; strict common: very small date sample. Conditional descriptive interval, not causal."
lowland_available,region,Tmax,6,NT minus HKI,0.43029572620500334,0.3718131654922177,0.4883667817424438,"All available: dates differ by station; strict common: very small date sample. Conditional descriptive interval, not causal."
lowland_available,region,Tmax,6,Islands minus HKI,0.10948797235397945,0.05677861888933742,0.1634364556890643,"All available: dates differ by station; strict common: very small date sample. Conditional descriptive interval, not causal."
lowland_available,region,Tmax,6,NT minus KL,0.2373585560242235,0.20115850622266085,0.2726553381123534,"All available: dates differ by station; strict common: very small date sample. Conditional descriptive interval, not causal."
lowland_available,region,Tmax,6,Islands minus KL,-0.08344919782680038,-0.15241257862071034,-0.011384870112950167,"All available: dates differ by station; strict common: very small date sample. Conditional descriptive interval, not causal."
lowland_available,region,Tmax,6,Islands minus NT,-0.3208077538510239,-0.3912748962132366,-0.25010969371962827,"All available: dates differ by station; strict common: very small date sample. Conditional descriptive interval, not causal."
all_available,coast,Tmax,7,transition minus near,0.1327472375985308,0.06935848147920308,0.19598279014323267,"All available: dates differ by station; strict common: very small date sample. Conditional descriptive interval, not causal."
all_available,coast,Tmax,7,inland minus near,1.0945925959596967,1.0064738485151827,1.1804030187878647,"All available: dates differ by station; strict common: very small date sample. Conditional descriptive interval, not causal."
all_available,coast,Tmax,7,inland minus transition,0.9618453583611659,0.8857341593268102,1.0421946973798233,"All available: dates differ by station; strict common: very small date sample. Conditional descriptive interval, not causal."
all_available,region,Tmax,7,KL minus HKI,0.21247641557568353,0.1557009636888659,0.2707579355705195,"All available: dates differ by station; strict common: very small date sample. Conditional descriptive interval, not causal."
all_available,region,Tmax,7,NT minus HKI,0.4381417364180873,0.38088232210166306,0.49546808698275013,"All available: dates differ by station; strict common: very small date sample. Conditional descriptive interval, not causal."
all_available,region,Tmax,7,Islands minus HKI,0.6677818441028545,0.5795794526256679,0.7637318168647192,"All available: dates differ by station; strict common: very small date sample. Conditional descriptive interval, not causal."
all_available,region,Tmax,7,NT minus KL,0.22566532084240376,0.18919050027243173,0.26191000220317673,"All available: dates differ by station; strict common: very small date sample. Conditional descriptive interval, not causal."
all_available,region,Tmax,7,Islands minus KL,0.45530542852717093,0.34351441547140593,0.5763615295610677,"All available: dates differ by station; strict common: very small date sample. Conditional descriptive interval, not causal."
all_available,region,Tmax,7,Islands minus NT,0.22964010768476717,0.11327909100575581,0.3560108729194965,"All available: dates differ by station; strict common: very small date sample. Conditional descriptive interval, not causal."
strict_common,coast,Tmax,7,transition minus near,0.19597222222222221,-0.03615500000000002,0.42960074074074117,"All available: dates differ by station; strict common: very small date sample. Conditional descriptive interval, not causal."
strict_common,coast,Tmax,7,inland minus near,0.8487500000000003,0.48868979933110385,1.164075163398693,"All available: dates differ by station; strict common: very small date sample. Conditional descriptive interval, not causal."
strict_common,coast,Tmax,7,inland minus transition,0.6527777777777781,0.41213071895424835,0.8901468599033818,"All available: dates differ by station; strict common: very small date sample. Conditional descriptive interval, not causal."
strict_common,region,Tmax,7,KL minus HKI,0.16416666666666702,-0.08858214285714239,0.3926027777777775,"All available: dates differ by station; strict common: very small date sample. Conditional descriptive interval, not causal."
strict_common,region,Tmax,7,NT minus HKI,0.28312500000000007,-0.013021701388889018,0.5556886233660129,"All available: dates differ by station; strict common: very small date sample. Conditional descriptive interval, not causal."
strict_common,region,Tmax,7,Islands minus HKI,0.36750000000000016,0.0390230392156858,0.6970273809523813,"All available: dates differ by station; strict common: very small date sample. Conditional descriptive interval, not causal."
strict_common,region,Tmax,7,NT minus KL,0.11895833333333306,-0.014873069221968127,0.26020880084151454,"All available: dates differ by station; strict common: very small date sample. Conditional descriptive interval, not causal."
strict_common,region,Tmax,7,Islands minus KL,0.20333333333333314,-0.19191558823529423,0.6385111842105263,"All available: dates differ by station; strict common: very small date sample. Conditional descriptive interval, not causal."
strict_common,region,Tmax,7,Islands minus NT,0.08437500000000009,-0.360313895089286,0.5470688439849622,"All available: dates differ by station; strict common: very small date sample. Conditional descriptive interval, not causal."
lowland_available,coast,Tmax,7,transition minus near,0.1327472375985308,0.06935848147920308,0.19598279014323267,"All available: dates differ by station; strict common: very small date sample. Conditional descriptive interval, not causal."
lowland_available,coast,Tmax,7,inland minus near,0.825136177385636,0.7058927459009354,0.9422879732356901,"All available: dates differ by station; strict common: very small date sample. Conditional descriptive interval, not causal."
lowland_available,coast,Tmax,7,inland minus transition,0.6923889397871053,0.6082573303635526,0.7749348467630787,"All available: dates differ by station; strict common: very small date sample. Conditional descriptive interval, not causal."
lowland_available,region,Tmax,7,KL minus HKI,0.21247641557568353,0.1557009636888659,0.2707579355705195,"All available: dates differ by station; strict common: very small date sample. Conditional descriptive interval, not causal."
lowland_available,region,Tmax,7,NT minus HKI,0.4381417364180873,0.38088232210166306,0.49546808698275013,"All available: dates differ by station; strict common: very small date sample. Conditional descriptive interval, not causal."
lowland_available,region,Tmax,7,Islands minus HKI,0.12979630546068432,0.07645518586756307,0.18413538688281753,"All available: dates differ by station; strict common: very small date sample. Conditional descriptive interval, not causal."
lowland_available,region,Tmax,7,NT minus KL,0.22566532084240376,0.18919050027243173,0.26191000220317673,"All available: dates differ by station; strict common: very small date sample. Conditional descriptive interval, not causal."
lowland_available,region,Tmax,7,Islands minus KL,-0.0826801101149992,-0.15621273753727466,-0.009971707651962033,"All available: dates differ by station; strict common: very small date sample. Conditional descriptive interval, not causal."
lowland_available,region,Tmax,7,Islands minus NT,-0.30834543095740297,-0.38191686350848736,-0.23525954559421017,"All available: dates differ by station; strict common: very small date sample. Conditional descriptive interval, not causal."
all_available,coast,Tmax,8,transition minus near,0.1543677194073827,0.08960739874249272,0.22109037454458483,"All available: dates differ by station; strict common: very small date sample. Conditional descriptive interval, not causal."
all_available,coast,Tmax,8,inland minus near,1.0978083420867428,1.0069196377690888,1.1866831734598302,"All available: dates differ by station; strict common: very small date sample. Conditional descriptive interval, not causal."
all_available,coast,Tmax,8,inland minus transition,0.9434406226793601,0.8660077909027646,1.0258955386911452,"All available: dates differ by station; strict common: very small date sample. Conditional descriptive interval, not causal."
all_available,region,Tmax,8,KL minus HKI,0.23727348353590805,0.17649698485207266,0.2980050893722637,"All available: dates differ by station; strict common: very small date sample. Conditional descriptive interval, not causal."
all_available,region,Tmax,8,NT minus HKI,0.45492232255909504,0.39646567480064204,0.5157897694791623,"All available: dates differ by station; strict common: very small date sample. Conditional descriptive interval, not causal."
all_available,region,Tmax,8,Islands minus HKI,0.6485509394994164,0.5539352502551168,0.7474189647149397,"All available: dates differ by station; strict common: very small date sample. Conditional descriptive interval, not causal."
all_available,region,Tmax,8,NT minus KL,0.217648839023187,0.18022252843593978,0.2541105271603659,"All available: dates differ by station; strict common: very small date sample. Conditional descriptive interval, not causal."
all_available,region,Tmax,8,Islands minus KL,0.4112774559635084,0.29208535538799785,0.5419000559510283,"All available: dates differ by station; strict common: very small date sample. Conditional descriptive interval, not causal."
all_available,region,Tmax,8,Islands minus NT,0.1936286169403214,0.07152474282107922,0.32410482890895886,"All available: dates differ by station; strict common: very small date sample. Conditional descriptive interval, not causal."
strict_common,coast,Tmax,8,transition minus near,0.16763888888888978,-0.07262175324675343,0.42468888888888867,"All available: dates differ by station; strict common: very small date sample. Conditional descriptive interval, not causal."
strict_common,coast,Tmax,8,inland minus near,0.8404166666666675,0.47636500000000037,1.184569318181818,"All available: dates differ by station; strict common: very small date sample. Conditional descriptive interval, not causal."
strict_common,coast,Tmax,8,inland minus transition,0.6727777777777777,0.40572109533468537,0.9424956427015251,"All available: dates differ by station; strict common: very small date sample. Conditional descriptive interval, not causal."
strict_common,region,Tmax,8,KL minus HKI,0.19416666666666682,-0.0766710526315798,0.42802222222222247,"All available: dates differ by station; strict common: very small date sample. Conditional descriptive interval, not causal."
strict_common,region,Tmax,8,NT minus HKI,0.35729166666666723,0.026357505980861246,0.6546315516591252,"All available: dates differ by station; strict common: very small date sample. Conditional descriptive interval, not causal."
strict_common,region,Tmax,8,Islands minus HKI,0.4416666666666669,0.07865758145363398,0.8730499999999995,"All available: dates differ by station; strict common: very small date sample. Conditional descriptive interval, not causal."
strict_common,region,Tmax,8,NT minus KL,0.1631250000000004,-0.008006249999999786,0.3530843749999996,"All available: dates differ by station; strict common: very small date sample. Conditional descriptive interval, not causal."
strict_common,region,Tmax,8,Islands minus KL,0.24750000000000005,-0.17541579861111153,0.7535275000000001,"All available: dates differ by station; strict common: very small date sample. Conditional descriptive interval, not causal."
strict_common,region,Tmax,8,Islands minus NT,0.08437499999999964,-0.35000520833333343,0.5281423611111116,"All available: dates differ by station; strict common: very small date sample. Conditional descriptive interval, not causal."
lowland_available,coast,Tmax,8,transition minus near,0.1543677194073827,0.08960739874249272,0.22109037454458483,"All available: dates differ by station; strict common: very small date sample. Conditional descriptive interval, not causal."
lowland_available,coast,Tmax,8,inland minus near,0.853835222631629,0.7320685356334663,0.9772128305148748,"All available: dates differ by station; strict common: very small date sample. Conditional descriptive interval, not causal."
lowland_available,coast,Tmax,8,inland minus transition,0.6994675032242463,0.6110218205099598,0.7851428280188351,"All available: dates differ by station; strict common: very small date sample. Conditional descriptive interval, not causal."
lowland_available,region,Tmax,8,KL minus HKI,0.23727348353590805,0.17649698485207266,0.2980050893722637,"All available: dates differ by station; strict common: very small date sample. Conditional descriptive interval, not causal."
lowland_available,region,Tmax,8,NT minus HKI,0.45492232255909504,0.39646567480064204,0.5157897694791623,"All available: dates differ by station; strict common: very small date sample. Conditional descriptive interval, not causal."
lowland_available,region,Tmax,8,Islands minus HKI,0.13733685897373116,0.0823388963476827,0.19329509737201833,"All available: dates differ by station; strict common: very small date sample. Conditional descriptive interval, not causal."
lowland_available,region,Tmax,8,NT minus KL,0.217648839023187,0.18022252843593978,0.2541105271603659,"All available: dates differ by station; strict common: very small date sample. Conditional descriptive interval, not causal."
lowland_available,region,Tmax,8,Islands minus KL,-0.09993662456217689,-0.17831675737842534,-0.02382082204382538,"All available: dates differ by station; strict common: very small date sample. Conditional descriptive interval, not causal."
lowland_available,region,Tmax,8,Islands minus NT,-0.3175854635853639,-0.3945838143021418,-0.24127679596403356,"All available: dates differ by station; strict common: very small date sample. Conditional descriptive interval, not causal."
all_available,coast,Tmax,9,transition minus near,0.1481326385629842,0.08228984247528713,0.21510642691930565,"All available: dates differ by station; strict common: very small date sample. Conditional descriptive interval, not causal."
all_available,coast,Tmax,9,inland minus near,1.0989820887076012,1.005295339303409,1.1926974353389213,"All available: dates differ by station; strict common: very small date sample. Conditional descriptive interval, not causal."
all_available,coast,Tmax,9,inland minus transition,0.950849450144617,0.8716015534541933,1.0362475825127972,"All available: dates differ by station; strict common: very small date sample. Conditional descriptive interval, not causal."
all_available,region,Tmax,9,KL minus HKI,0.26205172790444786,0.1996031912963285,0.3265774592612833,"All available: dates differ by station; strict common: very small date sample. Conditional descriptive interval, not causal."
all_available,region,Tmax,9,NT minus HKI,0.4737338840074341,0.41333693776532443,0.5350090383361786,"All available: dates differ by station; strict common: very small date sample. Conditional descriptive interval, not causal."
all_available,region,Tmax,9,Islands minus HKI,0.6817537121133066,0.5865870061133056,0.7843072263125268,"All available: dates differ by station; strict common: very small date sample. Conditional descriptive interval, not causal."
all_available,region,Tmax,9,NT minus KL,0.21168215610298624,0.1738137537324865,0.24970523045441764,"All available: dates differ by station; strict common: very small date sample. Conditional descriptive interval, not causal."
all_available,region,Tmax,9,Islands minus KL,0.41970198420885874,0.29199019422774614,0.5554842518037933,"All available: dates differ by station; strict common: very small date sample. Conditional descriptive interval, not causal."
all_available,region,Tmax,9,Islands minus NT,0.2080198281058725,0.08548724143388853,0.3401644589540674,"All available: dates differ by station; strict common: very small date sample. Conditional descriptive interval, not causal."
strict_common,coast,Tmax,9,transition minus near,0.08013888888888898,-0.15540909090909097,0.35000833333333337,"All available: dates differ by station; strict common: very small date sample. Conditional descriptive interval, not causal."
strict_common,coast,Tmax,9,inland minus near,0.8179166666666671,0.46550757575757595,1.1641749999999995,"All available: dates differ by station; strict common: very small date sample. Conditional descriptive interval, not causal."
strict_common,coast,Tmax,9,inland minus transition,0.7377777777777781,0.4542061728395065,1.0101673563218387,"All available: dates differ by station; strict common: very small date sample. Conditional descriptive interval, not causal."
strict_common,region,Tmax,9,KL minus HKI,0.13916666666666688,-0.09633006535947694,0.3711458333333332,"All available: dates differ by station; strict common: very small date sample. Conditional descriptive interval, not causal."
strict_common,region,Tmax,9,NT minus HKI,0.36843749999999975,0.07736316287878811,0.6404484558823526,"All available: dates differ by station; strict common: very small date sample. Conditional descriptive interval, not causal."
strict_common,region,Tmax,9,Islands minus HKI,0.5408333333333335,0.1355144927536235,0.9702156250000001,"All available: dates differ by station; strict common: very small date sample. Conditional descriptive interval, not causal."
strict_common,region,Tmax,9,NT minus KL,0.22927083333333287,0.03283391203703713,0.42893131868131834,"All available: dates differ by station; strict common: very small date sample. Conditional descriptive interval, not causal."
strict_common,region,Tmax,9,Islands minus KL,0.4016666666666666,-0.0694399999999999,0.885700892857142,"All available: dates differ by station; strict common: very small date sample. Conditional descriptive interval, not causal."
strict_common,region,Tmax,9,Islands minus NT,0.17239583333333375,-0.27891015624999993,0.5917410714285707,"All available: dates differ by station; strict common: very small date sample. Conditional descriptive interval, not causal."
lowland_available,coast,Tmax,9,transition minus near,0.1481326385629842,0.08228984247528713,0.21510642691930565,"All available: dates differ by station; strict common: very small date sample. Conditional descriptive interval, not causal."
lowland_available,coast,Tmax,9,inland minus near,0.8569687326208868,0.7344504884505713,0.9864243558765178,"All available: dates differ by station; strict common: very small date sample. Conditional descriptive interval, not causal."
lowland_available,coast,Tmax,9,inland minus transition,0.7088360940579026,0.6193863993363369,0.7973986714541054,"All available: dates differ by station; strict common: very small date sample. Conditional descriptive interval, not causal."
lowland_available,region,Tmax,9,KL minus HKI,0.26205172790444786,0.1996031912963285,0.3265774592612833,"All available: dates differ by station; strict common: very small date sample. Conditional descriptive interval, not causal."
lowland_available,region,Tmax,9,NT minus HKI,0.4737338840074341,0.41333693776532443,0.5350090383361786,"All available: dates differ by station; strict common: very small date sample. Conditional descriptive interval, not causal."
lowland_available,region,Tmax,9,Islands minus HKI,0.17665849390946065,0.11883274214084757,0.23178848651848044,"All available: dates differ by station; strict common: very small date sample. Conditional descriptive interval, not causal."
lowland_available,region,Tmax,9,NT minus KL,0.21168215610298624,0.1738137537324865,0.24970523045441764,"All available: dates differ by station; strict common: very small date sample. Conditional descriptive interval, not causal."
lowland_available,region,Tmax,9,Islands minus KL,-0.08539323399498722,-0.16681944545670285,-0.008037202725572736,"All available: dates differ by station; strict common: very small date sample. Conditional descriptive interval, not causal."
lowland_available,region,Tmax,9,Islands minus NT,-0.29707539009797346,-0.37464082366287743,-0.22114996867335046,"All available: dates differ by station; strict common: very small date sample. Conditional descriptive interval, not causal."
all_available,coast,Tmin,1,transition minus near,0.04766983118810075,0.015349573655090275,0.08043181751520212,"All available: dates differ by station; strict common: very small date sample. Conditional descriptive interval, not causal."
all_available,coast,Tmin,1,inland minus near,1.2180666971424738,1.101944715883091,1.3347253874289295,"All available: dates differ by station; strict common: very small date sample. Conditional descriptive interval, not causal."
all_available,coast,Tmin,1,inland minus transition,1.170396865954373,1.0773451617533996,1.2636184556384824,"All available: dates differ by station; strict common: very small date sample. Conditional descriptive interval, not causal."
all_available,region,Tmin,1,KL minus HKI,-0.0001090874809930309,-0.026258078976982437,0.02669210544957201,"All available: dates differ by station; strict common: very small date sample. Conditional descriptive interval, not causal."
all_available,region,Tmin,1,NT minus HKI,0.5696564776192885,0.49870977430686275,0.6389622362873515,"All available: dates differ by station; strict common: very small date sample. Conditional descriptive interval, not causal."
all_available,region,Tmin,1,Islands minus HKI,0.9881716283912347,0.9436449727925122,1.033611590405285,"All available: dates differ by station; strict common: very small date sample. Conditional descriptive interval, not causal."
all_available,region,Tmin,1,NT minus KL,0.5697655651002815,0.4996408419248908,0.6408046771856689,"All available: dates differ by station; strict common: very small date sample. Conditional descriptive interval, not causal."
all_available,region,Tmin,1,Islands minus KL,0.9882807158722278,0.947324791805243,1.029740583920756,"All available: dates differ by station; strict common: very small date sample. Conditional descriptive interval, not causal."
all_available,region,Tmin,1,Islands minus NT,0.41851515077194623,0.33626247066144027,0.4990688147710086,"All available: dates differ by station; strict common: very small date sample. Conditional descriptive interval, not causal."
strict_common,coast,Tmin,1,transition minus near,0.11055555555555552,-0.025434523809523633,0.2563796720061022,"All available: dates differ by station; strict common: very small date sample. Conditional descriptive interval, not causal."
strict_common,coast,Tmin,1,inland minus near,1.2525,0.8490355072463772,1.762885714285714,"All available: dates differ by station; strict common: very small date sample. Conditional descriptive interval, not causal."
strict_common,coast,Tmin,1,inland minus transition,1.1419444444444444,0.8191441176470591,1.5518965517241377,"All available: dates differ by station; strict common: very small date sample. Conditional descriptive interval, not causal."
strict_common,region,Tmin,1,KL minus HKI,-0.02416666666666689,-0.17641287878787892,0.11466956521739109,"All available: dates differ by station; strict common: very small date sample. Conditional descriptive interval, not causal."
strict_common,region,Tmin,1,NT minus HKI,0.5525000000000001,0.25373958333333346,0.8936321428571427,"All available: dates differ by station; strict common: very small date sample. Conditional descriptive interval, not causal."
strict_common,region,Tmin,1,Islands minus HKI,0.9004166666666668,0.6572294642857147,1.1421745652173911,"All available: dates differ by station; strict common: very small date sample. Conditional descriptive interval, not causal."
strict_common,region,Tmin,1,NT minus KL,0.576666666666667,0.2857768049568968,0.9204602022058822,"All available: dates differ by station; strict common: very small date sample. Conditional descriptive interval, not causal."
strict_common,region,Tmin,1,Islands minus KL,0.9245833333333336,0.7578046875000004,1.087170608108108,"All available: dates differ by station; strict common: very small date sample. Conditional descriptive interval, not causal."
strict_common,region,Tmin,1,Islands minus NT,0.34791666666666665,-0.04486447010869554,0.6760576923076922,"All available: dates differ by station; strict common: very small date sample. Conditional descriptive interval, not causal."
lowland_available,coast,Tmin,1,transition minus near,0.04766983118810075,0.015349573655090275,0.08043181751520212,"All available: dates differ by station; strict common: very small date sample. Conditional descriptive interval, not causal."
lowland_available,coast,Tmin,1,inland minus near,0.6605707696582441,0.5280477759007616,0.791577136480767,"All available: dates differ by station; strict common: very small date sample. Conditional descriptive interval, not causal."
lowland_available,coast,Tmin,1,inland minus transition,0.6129009384701434,0.5032700902968084,0.7241149688444988,"All available: dates differ by station; strict common: very small date sample. Conditional descriptive interval, not causal."
lowland_available,region,Tmin,1,KL minus HKI,-0.0001090874809930309,-0.026258078976982437,0.02669210544957201,"All available: dates differ by station; strict common: very small date sample. Conditional descriptive interval, not causal."
lowland_available,region,Tmin,1,NT minus HKI,0.5696564776192885,0.49870977430686275,0.6389622362873515,"All available: dates differ by station; strict common: very small date sample. Conditional descriptive interval, not causal."
lowland_available,region,Tmin,1,Islands minus HKI,0.09864243811146345,0.06044218106533489,0.1386831326266672,"All available: dates differ by station; strict common: very small date sample. Conditional descriptive interval, not causal."
lowland_available,region,Tmin,1,NT minus KL,0.5697655651002815,0.4996408419248908,0.6408046771856689,"All available: dates differ by station; strict common: very small date sample. Conditional descriptive interval, not causal."
lowland_available,region,Tmin,1,Islands minus KL,0.09875152559245648,0.05804404771181755,0.14015680089203017,"All available: dates differ by station; strict common: very small date sample. Conditional descriptive interval, not causal."
lowland_available,region,Tmin,1,Islands minus NT,-0.47101403950782506,-0.5595722505466847,-0.38271555341194274,"All available: dates differ by station; strict common: very small date sample. Conditional descriptive interval, not causal."
all_available,coast,Tmin,2,transition minus near,0.0465683751266559,0.014047200872076337,0.0782408635411777,"All available: dates differ by station; strict common: very small date sample. Conditional descriptive interval, not causal."
all_available,coast,Tmin,2,inland minus near,1.2083983824966678,1.0927036629747005,1.3248690243554353,"All available: dates differ by station; strict common: very small date sample. Conditional descriptive interval, not causal."
all_available,coast,Tmin,2,inland minus transition,1.1618300073700119,1.0661984263354949,1.2555874074520368,"All available: dates differ by station; strict common: very small date sample. Conditional descriptive interval, not causal."
all_available,region,Tmin,2,KL minus HKI,0.055944505272204514,0.023060665625933008,0.08985715407670686,"All available: dates differ by station; strict common: very small date sample. Conditional descriptive interval, not causal."
all_available,region,Tmin,2,NT minus HKI,0.5909672914720059,0.5175720207239418,0.6637234108681788,"All available: dates differ by station; strict common: very small date sample. Conditional descriptive interval, not causal."
all_available,region,Tmin,2,Islands minus HKI,1.0173217776267862,0.9640512207990108,1.0712971681903325,"All available: dates differ by station; strict common: very small date sample. Conditional descriptive interval, not causal."
all_available,region,Tmin,2,NT minus KL,0.5350227861998014,0.4640003836494773,0.6063578687840216,"All available: dates differ by station; strict common: very small date sample. Conditional descriptive interval, not causal."
all_available,region,Tmin,2,Islands minus KL,0.9613772723545817,0.9191140928681919,1.00410951557977,"All available: dates differ by station; strict common: very small date sample. Conditional descriptive interval, not causal."
all_available,region,Tmin,2,Islands minus NT,0.42635448615478033,0.344036015440908,0.5062541679409064,"All available: dates differ by station; strict common: very small date sample. Conditional descriptive interval, not causal."
strict_common,coast,Tmin,2,transition minus near,0.09750000000000014,-0.03971416083916071,0.2426111111111109,"All available: dates differ by station; strict common: very small date sample. Conditional descriptive interval, not causal."
strict_common,coast,Tmin,2,inland minus near,1.2233333333333338,0.8199886363636364,1.7100921052631572,"All available: dates differ by station; strict common: very small date sample. Conditional descriptive interval, not causal."
strict_common,coast,Tmin,2,inland minus transition,1.1258333333333337,0.8091375855327466,1.5325443307757884,"All available: dates differ by station; strict common: very small date sample. Conditional descriptive interval, not causal."
strict_common,region,Tmin,2,KL minus HKI,0.040833333333333055,-0.10941647058823525,0.18945014880952313,"All available: dates differ by station; strict common: very small date sample. Conditional descriptive interval, not causal."
strict_common,region,Tmin,2,NT minus HKI,0.5883333333333334,0.2806362473060343,0.9440340909090909,"All available: dates differ by station; strict common: very small date sample. Conditional descriptive interval, not causal."
strict_common,region,Tmin,2,Islands minus HKI,0.9341666666666666,0.6870504563894525,1.19,"All available: dates differ by station; strict common: very small date sample. Conditional descriptive interval, not causal."
strict_common,region,Tmin,2,NT minus KL,0.5475000000000003,0.25871484375000003,0.8958807065217393,"All available: dates differ by station; strict common: very small date sample. Conditional descriptive interval, not causal."
strict_common,region,Tmin,2,Islands minus KL,0.8933333333333335,0.7241562500000004,1.0657965225563912,"All available: dates differ by station; strict common: very small date sample. Conditional descriptive interval, not causal."
strict_common,region,Tmin,2,Islands minus NT,0.3458333333333332,-0.03182741477272719,0.6457748111263739,"All available: dates differ by station; strict common: very small date sample. Conditional descriptive interval, not causal."
lowland_available,coast,Tmin,2,transition minus near,0.0465683751266559,0.014047200872076337,0.0782408635411777,"All available: dates differ by station; strict common: very small date sample. Conditional descriptive interval, not causal."
lowland_available,coast,Tmin,2,inland minus near,0.6515281524238805,0.5196570442607141,0.7797014633617569,"All available: dates differ by station; strict common: very small date sample. Conditional descriptive interval, not causal."
lowland_available,coast,Tmin,2,inland minus transition,0.6049597772972246,0.4957138878985135,0.7124800034645379,"All available: dates differ by station; strict common: very small date sample. Conditional descriptive interval, not causal."
lowland_available,region,Tmin,2,KL minus HKI,0.055944505272204514,0.023060665625933008,0.08985715407670686,"All available: dates differ by station; strict common: very small date sample. Conditional descriptive interval, not causal."
lowland_available,region,Tmin,2,NT minus HKI,0.5909672914720059,0.5175720207239418,0.6637234108681788,"All available: dates differ by station; strict common: very small date sample. Conditional descriptive interval, not causal."
lowland_available,region,Tmin,2,Islands minus HKI,0.132647394117142,0.09364556159537968,0.1732608486638083,"All available: dates differ by station; strict common: very small date sample. Conditional descriptive interval, not causal."
lowland_available,region,Tmin,2,NT minus KL,0.5350227861998014,0.4640003836494773,0.6063578687840216,"All available: dates differ by station; strict common: very small date sample. Conditional descriptive interval, not causal."
lowland_available,region,Tmin,2,Islands minus KL,0.07670288884493748,0.03682617945146942,0.1173139124474919,"All available: dates differ by station; strict common: very small date sample. Conditional descriptive interval, not causal."
lowland_available,region,Tmin,2,Islands minus NT,-0.4583198973548639,-0.5472790578319507,-0.3684658087779049,"All available: dates differ by station; strict common: very small date sample. Conditional descriptive interval, not causal."
all_available,coast,Tmin,3,transition minus near,0.04965454239960687,0.01976562674201467,0.08023590788497326,"All available: dates differ by station; strict common: very small date sample. Conditional descriptive interval, not causal."
all_available,coast,Tmin,3,inland minus near,1.1909608563728096,1.0758122157673882,1.3083050498157456,"All available: dates differ by station; strict common: very small date sample. Conditional descriptive interval, not causal."
all_available,coast,Tmin,3,inland minus transition,1.1413063139732027,1.0443038212064637,1.237034275580058,"All available: dates differ by station; strict common: very small date sample. Conditional descriptive interval, not causal."
all_available,region,Tmin,3,KL minus HKI,0.0676066872933585,0.031684661614875057,0.10547934374038684,"All available: dates differ by station; strict common: very small date sample. Conditional descriptive interval, not causal."
all_available,region,Tmin,3,NT minus HKI,0.5787268433664297,0.49962416376511176,0.6521795977302182,"All available: dates differ by station; strict common: very small date sample. Conditional descriptive interval, not causal."
all_available,region,Tmin,3,Islands minus HKI,1.0117832221686207,0.95383446271179,1.0697771633034785,"All available: dates differ by station; strict common: very small date sample. Conditional descriptive interval, not causal."
all_available,region,Tmin,3,NT minus KL,0.5111201560730712,0.4382861116973975,0.5826331761366248,"All available: dates differ by station; strict common: very small date sample. Conditional descriptive interval, not causal."
all_available,region,Tmin,3,Islands minus KL,0.9441765348752622,0.900674954056843,0.9888807467481201,"All available: dates differ by station; strict common: very small date sample. Conditional descriptive interval, not causal."
all_available,region,Tmin,3,Islands minus NT,0.43305637880219106,0.35005992256267393,0.5119060995265243,"All available: dates differ by station; strict common: very small date sample. Conditional descriptive interval, not causal."
strict_common,coast,Tmin,3,transition minus near,0.08972222222222226,-0.04413137254901988,0.23692647058823535,"All available: dates differ by station; strict common: very small date sample. Conditional descriptive interval, not causal."
strict_common,coast,Tmin,3,inland minus near,1.171666666666667,0.7651680555555558,1.6677392156862743,"All available: dates differ by station; strict common: very small date sample. Conditional descriptive interval, not causal."
strict_common,coast,Tmin,3,inland minus transition,1.0819444444444448,0.7595659722222227,1.493392156862745,"All available: dates differ by station; strict common: very small date sample. Conditional descriptive interval, not causal."
strict_common,region,Tmin,3,KL minus HKI,0.012499999999999956,-0.14359502262443374,0.16501785714285708,"All available: dates differ by station; strict common: very small date sample. Conditional descriptive interval, not causal."
strict_common,region,Tmin,3,NT minus HKI,0.4989583333333334,0.19441796875000025,0.8470568181818182,"All available: dates differ by station; strict common: very small date sample. Conditional descriptive interval, not causal."
strict_common,region,Tmin,3,Islands minus HKI,0.8833333333333333,0.6302917564655168,1.1429080882352938,"All available: dates differ by station; strict common: very small date sample. Conditional descriptive interval, not causal."
strict_common,region,Tmin,3,NT minus KL,0.48645833333333344,0.19940862068965498,0.8422604166666663,"All available: dates differ by station; strict common: very small date sample. Conditional descriptive interval, not causal."
strict_common,region,Tmin,3,Islands minus KL,0.8708333333333333,0.701594742063492,1.0477288851351347,"All available: dates differ by station; strict common: very small date sample. Conditional descriptive interval, not causal."
strict_common,region,Tmin,3,Islands minus NT,0.3843749999999999,0.005819424715909085,0.688224239864865,"All available: dates differ by station; strict common: very small date sample. Conditional descriptive interval, not causal."
lowland_available,coast,Tmin,3,transition minus near,0.04965454239960687,0.01976562674201467,0.08023590788497326,"All available: dates differ by station; strict common: very small date sample. Conditional descriptive interval, not causal."
lowland_available,coast,Tmin,3,inland minus near,0.6371517400412579,0.5099006165345796,0.7650829568643296,"All available: dates differ by station; strict common: very small date sample. Conditional descriptive interval, not causal."
lowland_available,coast,Tmin,3,inland minus transition,0.587497197641651,0.47830762663043536,0.6947524098591769,"All available: dates differ by station; strict common: very small date sample. Conditional descriptive interval, not causal."
lowland_available,region,Tmin,3,KL minus HKI,0.0676066872933585,0.031684661614875057,0.10547934374038684,"All available: dates differ by station; strict common: very small date sample. Conditional descriptive interval, not causal."
lowland_available,region,Tmin,3,NT minus HKI,0.5787268433664297,0.49962416376511176,0.6521795977302182,"All available: dates differ by station; strict common: very small date sample. Conditional descriptive interval, not causal."
lowland_available,region,Tmin,3,Islands minus HKI,0.13647659564575565,0.09376468480594385,0.179072047878996,"All available: dates differ by station; strict common: very small date sample. Conditional descriptive interval, not causal."
lowland_available,region,Tmin,3,NT minus KL,0.5111201560730712,0.4382861116973975,0.5826331761366248,"All available: dates differ by station; strict common: very small date sample. Conditional descriptive interval, not causal."
lowland_available,region,Tmin,3,Islands minus KL,0.06886990835239715,0.03132340053200202,0.10831494835959041,"All available: dates differ by station; strict common: very small date sample. Conditional descriptive interval, not causal."
lowland_available,region,Tmin,3,Islands minus NT,-0.442250247720674,-0.5285778124822376,-0.35590997623343507,"All available: dates differ by station; strict common: very small date sample. Conditional descriptive interval, not causal."
all_available,coast,Tmin,4,transition minus near,0.050494166972466115,0.02090016900851514,0.08159752894232324,"All available: dates differ by station; strict common: very small date sample. Conditional descriptive interval, not causal."
all_available,coast,Tmin,4,inland minus near,1.1873334646929534,1.070917469217801,1.3041192949812657,"All available: dates differ by station; strict common: very small date sample. Conditional descriptive interval, not causal."
all_available,coast,Tmin,4,inland minus transition,1.1368392977204873,1.0394513225727209,1.229717950504216,"All available: dates differ by station; strict common: very small date sample. Conditional descriptive interval, not causal."
all_available,region,Tmin,4,KL minus HKI,0.07251267851827325,0.03589333939607115,0.11068783733532235,"All available: dates differ by station; strict common: very small date sample. Conditional descriptive interval, not causal."
all_available,region,Tmin,4,NT minus HKI,0.576791349564481,0.4938400888614963,0.6526593696577756,"All available: dates differ by station; strict common: very small date sample. Conditional descriptive interval, not causal."
all_available,region,Tmin,4,Islands minus HKI,1.0149900473770068,0.9544852225046901,1.0755330110878971,"All available: dates differ by station; strict common: very small date sample. Conditional descriptive interval, not causal."
all_available,region,Tmin,4,NT minus KL,0.5042786710462077,0.4300009208714537,0.5766001551746096,"All available: dates differ by station; strict common: very small date sample. Conditional descriptive interval, not causal."
all_available,region,Tmin,4,Islands minus KL,0.9424773688587336,0.8979685193232975,0.9875697711293703,"All available: dates differ by station; strict common: very small date sample. Conditional descriptive interval, not causal."
all_available,region,Tmin,4,Islands minus NT,0.43819869781252585,0.3549708559073444,0.5164808655157662,"All available: dates differ by station; strict common: very small date sample. Conditional descriptive interval, not causal."
strict_common,coast,Tmin,4,transition minus near,0.0772222222222223,-0.051692901234567976,0.2142212854349951,"All available: dates differ by station; strict common: very small date sample. Conditional descriptive interval, not causal."
strict_common,coast,Tmin,4,inland minus near,1.0558333333333338,0.6077375776397518,1.6075291666666671,"All available: dates differ by station; strict common: very small date sample. Conditional descriptive interval, not causal."
strict_common,coast,Tmin,4,inland minus transition,0.9786111111111115,0.6013475000000004,1.4292333333333327,"All available: dates differ by station; strict common: very small date sample. Conditional descriptive interval, not causal."
strict_common,region,Tmin,4,KL minus HKI,0.004166666666666874,-0.14620588235294085,0.14701547619047592,"All available: dates differ by station; strict common: very small date sample. Conditional descriptive interval, not causal."
strict_common,region,Tmin,4,NT minus HKI,0.42197916666666657,0.07565000000000031,0.8237491020114941,"All available: dates differ by station; strict common: very small date sample. Conditional descriptive interval, not causal."
strict_common,region,Tmin,4,Islands minus HKI,0.8412499999999998,0.6002323717948721,1.1100580357142853,"All available: dates differ by station; strict common: very small date sample. Conditional descriptive interval, not causal."
strict_common,region,Tmin,4,NT minus KL,0.4178124999999997,0.11837801116333688,0.7970729166666667,"All available: dates differ by station; strict common: very small date sample. Conditional descriptive interval, not causal."
strict_common,region,Tmin,4,Islands minus KL,0.837083333333333,0.6655131578947366,1.021988095238095,"All available: dates differ by station; strict common: very small date sample. Conditional descriptive interval, not causal."
strict_common,region,Tmin,4,Islands minus NT,0.41927083333333326,0.03085493607954536,0.7194811698717948,"All available: dates differ by station; strict common: very small date sample. Conditional descriptive interval, not causal."
lowland_available,coast,Tmin,4,transition minus near,0.050494166972466115,0.02090016900851514,0.08159752894232324,"All available: dates differ by station; strict common: very small date sample. Conditional descriptive interval, not causal."
lowland_available,coast,Tmin,4,inland minus near,0.6331103391055632,0.5046455879289974,0.759220633060226,"All available: dates differ by station; strict common: very small date sample. Conditional descriptive interval, not causal."
lowland_available,coast,Tmin,4,inland minus transition,0.5826161721330971,0.47239706458151975,0.6904664377079984,"All available: dates differ by station; strict common: very small date sample. Conditional descriptive interval, not causal."
lowland_available,region,Tmin,4,KL minus HKI,0.07251267851827325,0.03589333939607115,0.11068783733532235,"All available: dates differ by station; strict common: very small date sample. Conditional descriptive interval, not causal."
lowland_available,region,Tmin,4,NT minus HKI,0.576791349564481,0.4938400888614963,0.6526593696577756,"All available: dates differ by station; strict common: very small date sample. Conditional descriptive interval, not causal."
lowland_available,region,Tmin,4,Islands minus HKI,0.14127690363206802,0.09610568414203248,0.1843698564964964,"All available: dates differ by station; strict common: very small date sample. Conditional descriptive interval, not causal."
lowland_available,region,Tmin,4,NT minus KL,0.5042786710462077,0.4300009208714537,0.5766001551746096,"All available: dates differ by station; strict common: very small date sample. Conditional descriptive interval, not causal."
lowland_available,region,Tmin,4,Islands minus KL,0.06876422511379476,0.029815525066553366,0.10802618934079947,"All available: dates differ by station; strict common: very small date sample. Conditional descriptive interval, not causal."
lowland_available,region,Tmin,4,Islands minus NT,-0.43551444593241295,-0.5214715159031411,-0.34955757191286074,"All available: dates differ by station; strict common: very small date sample. Conditional descriptive interval, not causal."
all_available,coast,Tmin,5,transition minus near,0.055882701428190185,0.02765187566336637,0.08610574145278004,"All available: dates differ by station; strict common: very small date sample. Conditional descriptive interval, not causal."
all_available,coast,Tmin,5,inland minus near,1.1794318125888406,1.0669742240408326,1.2922447758594116,"All available: dates differ by station; strict common: very small date sample. Conditional descriptive interval, not causal."
all_available,coast,Tmin,5,inland minus transition,1.1235491111606504,1.02699909450131,1.2155876261558536,"All available: dates differ by station; strict common: very small date sample. Conditional descriptive interval, not causal."
all_available,region,Tmin,5,KL minus HKI,0.07302908145580878,0.03392963747258715,0.11215580529770237,"All available: dates differ by station; strict common: very small date sample. Conditional descriptive interval, not causal."
all_available,region,Tmin,5,NT minus HKI,0.5589189895290689,0.47814083035007765,0.6342083455071592,"All available: dates differ by station; strict common: very small date sample. Conditional descriptive interval, not causal."
all_available,region,Tmin,5,Islands minus HKI,1.0024175584126183,0.9374207013766648,1.0672743612579567,"All available: dates differ by station; strict common: very small date sample. Conditional descriptive interval, not causal."
all_available,region,Tmin,5,NT minus KL,0.48588990807326016,0.4147327795880378,0.5578076591694573,"All available: dates differ by station; strict common: very small date sample. Conditional descriptive interval, not causal."
all_available,region,Tmin,5,Islands minus KL,0.9293884769568095,0.8782586893563629,0.9805342452527142,"All available: dates differ by station; strict common: very small date sample. Conditional descriptive interval, not causal."
all_available,region,Tmin,5,Islands minus NT,0.4434985688835493,0.3611385309689045,0.5206915187999565,"All available: dates differ by station; strict common: very small date sample. Conditional descriptive interval, not causal."
strict_common,coast,Tmin,5,transition minus near,0.06472222222222235,-0.06870000000000043,0.2088184523809521,"All available: dates differ by station; strict common: very small date sample. Conditional descriptive interval, not causal."
strict_common,coast,Tmin,5,inland minus near,1.0833333333333335,0.626028656126482,1.6277785714285702,"All available: dates differ by station; strict common: very small date sample. Conditional descriptive interval, not causal."
strict_common,coast,Tmin,5,inland minus transition,1.0186111111111111,0.642508241758242,1.4650178571428576,"All available: dates differ by station; strict common: very small date sample. Conditional descriptive interval, not causal."
strict_common,region,Tmin,5,KL minus HKI,0.030833333333333268,-0.11792355889724332,0.1780249999999998,"All available: dates differ by station; strict common: very small date sample. Conditional descriptive interval, not causal."
strict_common,region,Tmin,5,NT minus HKI,0.45510416666666664,0.10913338032581452,0.8602648026315787,"All available: dates differ by station; strict common: very small date sample. Conditional descriptive interval, not causal."
strict_common,region,Tmin,5,Islands minus HKI,0.8691666666666666,0.617632018716578,1.160203869047619,"All available: dates differ by station; strict common: very small date sample. Conditional descriptive interval, not causal."
strict_common,region,Tmin,5,NT minus KL,0.4242708333333334,0.1319328901397511,0.7938143382352939,"All available: dates differ by station; strict common: very small date sample. Conditional descriptive interval, not causal."
strict_common,region,Tmin,5,Islands minus KL,0.8383333333333334,0.6688809523809521,1.017053418803419,"All available: dates differ by station; strict common: very small date sample. Conditional descriptive interval, not causal."
strict_common,region,Tmin,5,Islands minus NT,0.4140625,0.03238541666666644,0.7152999281609191,"All available: dates differ by station; strict common: very small date sample. Conditional descriptive interval, not causal."
lowland_available,coast,Tmin,5,transition minus near,0.055882701428190185,0.02765187566336637,0.08610574145278004,"All available: dates differ by station; strict common: very small date sample. Conditional descriptive interval, not causal."
lowland_available,coast,Tmin,5,inland minus near,0.6283963752594597,0.5045325764668886,0.7548767256125783,"All available: dates differ by station; strict common: very small date sample. Conditional descriptive interval, not causal."
lowland_available,coast,Tmin,5,inland minus transition,0.5725136738312695,0.46385104700227,0.6801705836486741,"All available: dates differ by station; strict common: very small date sample. Conditional descriptive interval, not causal."
lowland_available,region,Tmin,5,KL minus HKI,0.07302908145580878,0.03392963747258715,0.11215580529770237,"All available: dates differ by station; strict common: very small date sample. Conditional descriptive interval, not causal."
lowland_available,region,Tmin,5,NT minus HKI,0.5589189895290689,0.47814083035007765,0.6342083455071592,"All available: dates differ by station; strict common: very small date sample. Conditional descriptive interval, not causal."
lowland_available,region,Tmin,5,Islands minus HKI,0.13556422514773003,0.08890346355597954,0.18118937906494678,"All available: dates differ by station; strict common: very small date sample. Conditional descriptive interval, not causal."
lowland_available,region,Tmin,5,NT minus KL,0.48588990807326016,0.4147327795880378,0.5578076591694573,"All available: dates differ by station; strict common: very small date sample. Conditional descriptive interval, not causal."
lowland_available,region,Tmin,5,Islands minus KL,0.06253514369192126,0.02230232964772639,0.1020612572541292,"All available: dates differ by station; strict common: very small date sample. Conditional descriptive interval, not causal."
lowland_available,region,Tmin,5,Islands minus NT,-0.4233547643813389,-0.5078287396634759,-0.34095535191005816,"All available: dates differ by station; strict common: very small date sample. Conditional descriptive interval, not causal."
all_available,coast,Tmin,6,transition minus near,0.06350781702351949,0.0349055285382073,0.09291305943672908,"All available: dates differ by station; strict common: very small date sample. Conditional descriptive interval, not causal."
all_available,coast,Tmin,6,inland minus near,1.1832431874500289,1.0732001710965142,1.2939404253638487,"All available: dates differ by station; strict common: very small date sample. Conditional descriptive interval, not causal."
all_available,coast,Tmin,6,inland minus transition,1.1197353704265094,1.023773246203573,1.2093545498444809,"All available: dates differ by station; strict common: very small date sample. Conditional descriptive interval, not causal."
all_available,region,Tmin,6,KL minus HKI,0.08724382785655038,0.04839294843080407,0.12498352657460267,"All available: dates differ by station; strict common: very small date sample. Conditional descriptive interval, not causal."
all_available,region,Tmin,6,NT minus HKI,0.5685495533272982,0.4889390059419959,0.6433721875289636,"All available: dates differ by station; strict common: very small date sample. Conditional descriptive interval, not causal."
all_available,region,Tmin,6,Islands minus HKI,1.00295483457845,0.9359735266617022,1.0689806490882885,"All available: dates differ by station; strict common: very small date sample. Conditional descriptive interval, not causal."
all_available,region,Tmin,6,NT minus KL,0.4813057254707478,0.4102933742734537,0.5522320380474101,"All available: dates differ by station; strict common: very small date sample. Conditional descriptive interval, not causal."
all_available,region,Tmin,6,Islands minus KL,0.9157110067218996,0.8659689376323683,0.9682598986028941,"All available: dates differ by station; strict common: very small date sample. Conditional descriptive interval, not causal."
all_available,region,Tmin,6,Islands minus NT,0.43440528125115185,0.3513918322500253,0.5129228225876429,"All available: dates differ by station; strict common: very small date sample. Conditional descriptive interval, not causal."
strict_common,coast,Tmin,6,transition minus near,0.09583333333333344,-0.02444722222222161,0.21979583333333289,"All available: dates differ by station; strict common: very small date sample. Conditional descriptive interval, not causal."
strict_common,coast,Tmin,6,inland minus near,1.1683333333333332,0.7415738888888894,1.6830441176470585,"All available: dates differ by station; strict common: very small date sample. Conditional descriptive interval, not causal."
strict_common,coast,Tmin,6,inland minus transition,1.0724999999999998,0.6997771604938272,1.5046165966386549,"All available: dates differ by station; strict common: very small date sample. Conditional descriptive interval, not causal."
strict_common,region,Tmin,6,KL minus HKI,0.04249999999999998,-0.11287946428571463,0.20319433198380524,"All available: dates differ by station; strict common: very small date sample. Conditional descriptive interval, not causal."
strict_common,region,Tmin,6,NT minus HKI,0.5420833333333335,0.19253473297213675,0.9206246120689658,"All available: dates differ by station; strict common: very small date sample. Conditional descriptive interval, not causal."
strict_common,region,Tmin,6,Islands minus HKI,0.8920833333333336,0.6320838815789471,1.1905625000000004,"All available: dates differ by station; strict common: very small date sample. Conditional descriptive interval, not causal."
strict_common,region,Tmin,6,NT minus KL,0.4995833333333335,0.20336584821428574,0.8582499999999995,"All available: dates differ by station; strict common: very small date sample. Conditional descriptive interval, not causal."
strict_common,region,Tmin,6,Islands minus KL,0.8495833333333336,0.6742509398496241,1.041471323529412,"All available: dates differ by station; strict common: very small date sample. Conditional descriptive interval, not causal."
strict_common,region,Tmin,6,Islands minus NT,0.3500000000000001,-0.019928267045454227,0.6342106119791664,"All available: dates differ by station; strict common: very small date sample. Conditional descriptive interval, not causal."
lowland_available,coast,Tmin,6,transition minus near,0.06350781702351949,0.0349055285382073,0.09291305943672908,"All available: dates differ by station; strict common: very small date sample. Conditional descriptive interval, not causal."
lowland_available,coast,Tmin,6,inland minus near,0.6352956452828131,0.5130341186245877,0.7576542307466394,"All available: dates differ by station; strict common: very small date sample. Conditional descriptive interval, not causal."
lowland_available,coast,Tmin,6,inland minus transition,0.5717878282592936,0.4654042370490411,0.6756099740569044,"All available: dates differ by station; strict common: very small date sample. Conditional descriptive interval, not causal."
lowland_available,region,Tmin,6,KL minus HKI,0.08724382785655038,0.04839294843080407,0.12498352657460267,"All available: dates differ by station; strict common: very small date sample. Conditional descriptive interval, not causal."
lowland_available,region,Tmin,6,NT minus HKI,0.5685495533272982,0.4889390059419959,0.6433721875289636,"All available: dates differ by station; strict common: very small date sample. Conditional descriptive interval, not causal."
lowland_available,region,Tmin,6,Islands minus HKI,0.13808423697352,0.09141199188162394,0.18481281508003014,"All available: dates differ by station; strict common: very small date sample. Conditional descriptive interval, not causal."
lowland_available,region,Tmin,6,NT minus KL,0.4813057254707478,0.4102933742734537,0.5522320380474101,"All available: dates differ by station; strict common: very small date sample. Conditional descriptive interval, not causal."
lowland_available,region,Tmin,6,Islands minus KL,0.05084040911696963,0.008665769281929286,0.09299864645456292,"All available: dates differ by station; strict common: very small date sample. Conditional descriptive interval, not causal."
lowland_available,region,Tmin,6,Islands minus NT,-0.43046531635377816,-0.5152764775993193,-0.3491149008808665,"All available: dates differ by station; strict common: very small date sample. Conditional descriptive interval, not causal."
all_available,coast,Tmin,7,transition minus near,0.07328721325402143,0.04446889155943115,0.10302334640603932,"All available: dates differ by station; strict common: very small date sample. Conditional descriptive interval, not causal."
all_available,coast,Tmin,7,inland minus near,1.180287183416817,1.068739047508872,1.2889236961753958,"All available: dates differ by station; strict common: very small date sample. Conditional descriptive interval, not causal."
all_available,coast,Tmin,7,inland minus transition,1.1069999701627955,1.0120666861190515,1.1973982987264415,"All available: dates differ by station; strict common: very small date sample. Conditional descriptive interval, not causal."
all_available,region,Tmin,7,KL minus HKI,0.09296847653237883,0.05179855819461855,0.13235995603551365,"All available: dates differ by station; strict common: very small date sample. Conditional descriptive interval, not causal."
all_available,region,Tmin,7,NT minus HKI,0.5648102993927764,0.481795480998856,0.641854909471034,"All available: dates differ by station; strict common: very small date sample. Conditional descriptive interval, not causal."
all_available,region,Tmin,7,Islands minus HKI,0.9886064034661648,0.9168844292315949,1.060601389214991,"All available: dates differ by station; strict common: very small date sample. Conditional descriptive interval, not causal."
all_available,region,Tmin,7,NT minus KL,0.47184182286039755,0.40095496572152595,0.5431230859989793,"All available: dates differ by station; strict common: very small date sample. Conditional descriptive interval, not causal."
all_available,region,Tmin,7,Islands minus KL,0.895637926933786,0.8422432131031262,0.9521603134530818,"All available: dates differ by station; strict common: very small date sample. Conditional descriptive interval, not causal."
all_available,region,Tmin,7,Islands minus NT,0.4237961040733884,0.3399019230336573,0.5033336415111271,"All available: dates differ by station; strict common: very small date sample. Conditional descriptive interval, not causal."
strict_common,coast,Tmin,7,transition minus near,0.12611111111111106,0.008930652680652762,0.2402184493491792,"All available: dates differ by station; strict common: very small date sample. Conditional descriptive interval, not causal."
strict_common,coast,Tmin,7,inland minus near,1.2141666666666673,0.7968638392857142,1.7147628571428575,"All available: dates differ by station; strict common: very small date sample. Conditional descriptive interval, not causal."
strict_common,coast,Tmin,7,inland minus transition,1.0880555555555562,0.7422892156862749,1.508235294117648,"All available: dates differ by station; strict common: very small date sample. Conditional descriptive interval, not causal."
strict_common,region,Tmin,7,KL minus HKI,0.029166666666666785,-0.12821640316205532,0.20098412698412696,"All available: dates differ by station; strict common: very small date sample. Conditional descriptive interval, not causal."
strict_common,region,Tmin,7,NT minus HKI,0.5186458333333333,0.1904053914835169,0.9046771929824563,"All available: dates differ by station; strict common: very small date sample. Conditional descriptive interval, not causal."
strict_common,region,Tmin,7,Islands minus HKI,0.8670833333333339,0.6316625000000001,1.1271928125000004,"All available: dates differ by station; strict common: very small date sample. Conditional descriptive interval, not causal."
strict_common,region,Tmin,7,NT minus KL,0.48947916666666647,0.20640429687500017,0.8443880208333335,"All available: dates differ by station; strict common: very small date sample. Conditional descriptive interval, not causal."
strict_common,region,Tmin,7,Islands minus KL,0.8379166666666671,0.6896677807486631,0.9709557453416151,"All available: dates differ by station; strict common: very small date sample. Conditional descriptive interval, not causal."
strict_common,region,Tmin,7,Islands minus NT,0.3484375000000006,-0.03250164473684229,0.630735394021739,"All available: dates differ by station; strict common: very small date sample. Conditional descriptive interval, not causal."
lowland_available,coast,Tmin,7,transition minus near,0.07328721325402143,0.04446889155943115,0.10302334640603932,"All available: dates differ by station; strict common: very small date sample. Conditional descriptive interval, not causal."
lowland_available,coast,Tmin,7,inland minus near,0.6400407828349153,0.5196043477296216,0.7604455968081262,"All available: dates differ by station; strict common: very small date sample. Conditional descriptive interval, not causal."
lowland_available,coast,Tmin,7,inland minus transition,0.5667535695808938,0.46429628188452193,0.6671020220097155,"All available: dates differ by station; strict common: very small date sample. Conditional descriptive interval, not causal."
lowland_available,region,Tmin,7,KL minus HKI,0.09296847653237883,0.05179855819461855,0.13235995603551365,"All available: dates differ by station; strict common: very small date sample. Conditional descriptive interval, not causal."
lowland_available,region,Tmin,7,NT minus HKI,0.5648102993927764,0.481795480998856,0.641854909471034,"All available: dates differ by station; strict common: very small date sample. Conditional descriptive interval, not causal."
lowland_available,region,Tmin,7,Islands minus HKI,0.13265662414100632,0.08367698425148155,0.180199682572995,"All available: dates differ by station; strict common: very small date sample. Conditional descriptive interval, not causal."
lowland_available,region,Tmin,7,NT minus KL,0.47184182286039755,0.40095496572152595,0.5431230859989793,"All available: dates differ by station; strict common: very small date sample. Conditional descriptive interval, not causal."
lowland_available,region,Tmin,7,Islands minus KL,0.03968814760862749,-0.007930968616566846,0.08549833081962686,"All available: dates differ by station; strict common: very small date sample. Conditional descriptive interval, not causal."
lowland_available,region,Tmin,7,Islands minus NT,-0.43215367525177006,-0.5153963375252483,-0.35094055144139014,"All available: dates differ by station; strict common: very small date sample. Conditional descriptive interval, not causal."
all_available,coast,Tmin,8,transition minus near,0.07883498626272822,0.049429244320940216,0.10967144518367612,"All available: dates differ by station; strict common: very small date sample. Conditional descriptive interval, not causal."
all_available,coast,Tmin,8,inland minus near,1.169147872848812,1.0583629881981365,1.2781855762686158,"All available: dates differ by station; strict common: very small date sample. Conditional descriptive interval, not causal."
all_available,coast,Tmin,8,inland minus transition,1.0903128865860838,0.9949111902194736,1.1810277719959466,"All available: dates differ by station; strict common: very small date sample. Conditional descriptive interval, not causal."
all_available,region,Tmin,8,KL minus HKI,0.09942791323823763,0.056017403516511535,0.13941856641413816,"All available: dates differ by station; strict common: very small date sample. Conditional descriptive interval, not causal."
all_available,region,Tmin,8,NT minus HKI,0.5510867267960609,0.46636730162088663,0.6284333126169033,"All available: dates differ by station; strict common: very small date sample. Conditional descriptive interval, not causal."
all_available,region,Tmin,8,Islands minus HKI,0.975729530544964,0.8967135854525056,1.0515570267266843,"All available: dates differ by station; strict common: very small date sample. Conditional descriptive interval, not causal."
all_available,region,Tmin,8,NT minus KL,0.4516588135578232,0.38076127452975533,0.5199575239133329,"All available: dates differ by station; strict common: very small date sample. Conditional descriptive interval, not causal."
all_available,region,Tmin,8,Islands minus KL,0.8763016173067264,0.8139796028924644,0.9395360718233241,"All available: dates differ by station; strict common: very small date sample. Conditional descriptive interval, not causal."
all_available,region,Tmin,8,Islands minus NT,0.4246428037489032,0.34353699304961094,0.5034998586682351,"All available: dates differ by station; strict common: very small date sample. Conditional descriptive interval, not causal."
strict_common,coast,Tmin,8,transition minus near,0.15805555555555562,0.01975104166666687,0.29751620370370435,"All available: dates differ by station; strict common: very small date sample. Conditional descriptive interval, not causal."
strict_common,coast,Tmin,8,inland minus near,1.1583333333333337,0.723210950764007,1.7200384615384618,"All available: dates differ by station; strict common: very small date sample. Conditional descriptive interval, not causal."
strict_common,coast,Tmin,8,inland minus transition,1.000277777777778,0.6258208333333337,1.4506061381074173,"All available: dates differ by station; strict common: very small date sample. Conditional descriptive interval, not causal."
strict_common,region,Tmin,8,KL minus HKI,0.0558333333333334,-0.08243030303030312,0.2261538461538457,"All available: dates differ by station; strict common: very small date sample. Conditional descriptive interval, not causal."
strict_common,region,Tmin,8,NT minus HKI,0.47916666666666674,0.12358915441176495,0.9131086229946517,"All available: dates differ by station; strict common: very small date sample. Conditional descriptive interval, not causal."
strict_common,region,Tmin,8,Islands minus HKI,0.8354166666666669,0.5949261363636366,1.1194281249999993,"All available: dates differ by station; strict common: very small date sample. Conditional descriptive interval, not causal."
strict_common,region,Tmin,8,NT minus KL,0.42333333333333334,0.12231068638392889,0.8083333333333328,"All available: dates differ by station; strict common: very small date sample. Conditional descriptive interval, not causal."
strict_common,region,Tmin,8,Islands minus KL,0.7795833333333335,0.6395976562500008,0.9184833333333339,"All available: dates differ by station; strict common: very small date sample. Conditional descriptive interval, not causal."
strict_common,region,Tmin,8,Islands minus NT,0.3562500000000002,-0.011705163043478482,0.6383348214285715,"All available: dates differ by station; strict common: very small date sample. Conditional descriptive interval, not causal."
lowland_available,coast,Tmin,8,transition minus near,0.07883498626272822,0.049429244320940216,0.10967144518367612,"All available: dates differ by station; strict common: very small date sample. Conditional descriptive interval, not causal."
lowland_available,coast,Tmin,8,inland minus near,0.6312274393196167,0.5116503079336061,0.747472758218057,"All available: dates differ by station; strict common: very small date sample. Conditional descriptive interval, not causal."
lowland_available,coast,Tmin,8,inland minus transition,0.5523924530568884,0.45095040400693565,0.6522284217749332,"All available: dates differ by station; strict common: very small date sample. Conditional descriptive interval, not causal."
lowland_available,region,Tmin,8,KL minus HKI,0.09942791323823763,0.056017403516511535,0.13941856641413816,"All available: dates differ by station; strict common: very small date sample. Conditional descriptive interval, not causal."
lowland_available,region,Tmin,8,NT minus HKI,0.5510867267960609,0.46636730162088663,0.6284333126169033,"All available: dates differ by station; strict common: very small date sample. Conditional descriptive interval, not causal."
lowland_available,region,Tmin,8,Islands minus HKI,0.12526082552783224,0.07345902434664182,0.17596933719859154,"All available: dates differ by station; strict common: very small date sample. Conditional descriptive interval, not causal."
lowland_available,region,Tmin,8,NT minus KL,0.4516588135578232,0.38076127452975533,0.5199575239133329,"All available: dates differ by station; strict common: very small date sample. Conditional descriptive interval, not causal."
lowland_available,region,Tmin,8,Islands minus KL,0.02583291228959461,-0.024586699831501746,0.07586067129565648,"All available: dates differ by station; strict common: very small date sample. Conditional descriptive interval, not causal."
lowland_available,region,Tmin,8,Islands minus NT,-0.4258259012682286,-0.5085187849683371,-0.34551642100443597,"All available: dates differ by station; strict common: very small date sample. Conditional descriptive interval, not causal."
all_available,coast,Tmin,9,transition minus near,0.08824373394923657,0.056696703889079665,0.11987215861085819,"All available: dates differ by station; strict common: very small date sample. Conditional descriptive interval, not causal."
all_available,coast,Tmin,9,inland minus near,1.1604017475507074,1.0481207733180886,1.272367387653876,"All available: dates differ by station; strict common: very small date sample. Conditional descriptive interval, not causal."
all_available,coast,Tmin,9,inland minus transition,1.0721580136014708,0.9722377312532572,1.1679455518321156,"All available: dates differ by station; strict common: very small date sample. Conditional descriptive interval, not causal."
all_available,region,Tmin,9,KL minus HKI,0.10984804274089077,0.06669830054942111,0.15180642904722919,"All available: dates differ by station; strict common: very small date sample. Conditional descriptive interval, not causal."
all_available,region,Tmin,9,NT minus HKI,0.5413205965133296,0.45813815846190736,0.6186165860941268,"All available: dates differ by station; strict common: very small date sample. Conditional descriptive interval, not causal."
all_available,region,Tmin,9,Islands minus HKI,0.9699944912206098,0.883464881168791,1.0501084411965864,"All available: dates differ by station; strict common: very small date sample. Conditional descriptive interval, not causal."
all_available,region,Tmin,9,NT minus KL,0.43147255377243887,0.3595470886611248,0.5019828739131715,"All available: dates differ by station; strict common: very small date sample. Conditional descriptive interval, not causal."
all_available,region,Tmin,9,Islands minus KL,0.860146448479719,0.7884746108839737,0.9279684867769284,"All available: dates differ by station; strict common: very small date sample. Conditional descriptive interval, not causal."
all_available,region,Tmin,9,Islands minus NT,0.4286738947072801,0.34793372830574687,0.5055755466347458,"All available: dates differ by station; strict common: very small date sample. Conditional descriptive interval, not causal."
strict_common,coast,Tmin,9,transition minus near,0.1269444444444443,-0.022597902097902443,0.27471722661396536,"All available: dates differ by station; strict common: very small date sample. Conditional descriptive interval, not causal."
strict_common,coast,Tmin,9,inland minus near,1.256666666666667,0.8054062500000002,1.8120269230769221,"All available: dates differ by station; strict common: very small date sample. Conditional descriptive interval, not causal."
strict_common,coast,Tmin,9,inland minus transition,1.1297222222222227,0.7410346491228073,1.5750930735930735,"All available: dates differ by station; strict common: very small date sample. Conditional descriptive interval, not causal."
strict_common,region,Tmin,9,KL minus HKI,0.04416666666666669,-0.09306354515050144,0.2122324561403507,"All available: dates differ by station; strict common: very small date sample. Conditional descriptive interval, not causal."
strict_common,region,Tmin,9,NT minus HKI,0.5549999999999999,0.22475937499999984,0.9576706574675323,"All available: dates differ by station; strict common: very small date sample. Conditional descriptive interval, not causal."
strict_common,region,Tmin,9,Islands minus HKI,0.8404166666666664,0.5723870772946861,1.1216739130434785,"All available: dates differ by station; strict common: very small date sample. Conditional descriptive interval, not causal."
strict_common,region,Tmin,9,NT minus KL,0.5108333333333333,0.21206145833333323,0.8843562499999996,"All available: dates differ by station; strict common: very small date sample. Conditional descriptive interval, not causal."
strict_common,region,Tmin,9,Islands minus KL,0.7962499999999997,0.6026854838709681,0.9670125,"All available: dates differ by station; strict common: very small date sample. Conditional descriptive interval, not causal."
strict_common,region,Tmin,9,Islands minus NT,0.28541666666666643,-0.09429477225672873,0.5584696180555557,"All available: dates differ by station; strict common: very small date sample. Conditional descriptive interval, not causal."
lowland_available,coast,Tmin,9,transition minus near,0.08824373394923657,0.056696703889079665,0.11987215861085819,"All available: dates differ by station; strict common: very small date sample. Conditional descriptive interval, not causal."
lowland_available,coast,Tmin,9,inland minus near,0.6305132128410973,0.5132015218550011,0.7462905168555771,"All available: dates differ by station; strict common: very small date sample. Conditional descriptive interval, not causal."
lowland_available,coast,Tmin,9,inland minus transition,0.5422694788918607,0.43994029375193977,0.6435282759366796,"All available: dates differ by station; strict common: very small date sample. Conditional descriptive interval, not causal."
lowland_available,region,Tmin,9,KL minus HKI,0.10984804274089077,0.06669830054942111,0.15180642904722919,"All available: dates differ by station; strict common: very small date sample. Conditional descriptive interval, not causal."
lowland_available,region,Tmin,9,NT minus HKI,0.5413205965133296,0.45813815846190736,0.6186165860941268,"All available: dates differ by station; strict common: very small date sample. Conditional descriptive interval, not causal."
lowland_available,region,Tmin,9,Islands minus HKI,0.1337331042110077,0.08119924197263315,0.18417290019062196,"All available: dates differ by station; strict common: very small date sample. Conditional descriptive interval, not causal."
lowland_available,region,Tmin,9,NT minus KL,0.43147255377243887,0.3595470886611248,0.5019828739131715,"All available: dates differ by station; strict common: very small date sample. Conditional descriptive interval, not causal."
lowland_available,region,Tmin,9,Islands minus KL,0.02388506147011693,-0.027824551897569806,0.07382638512583946,"All available: dates differ by station; strict common: very small date sample. Conditional descriptive interval, not causal."
lowland_available,region,Tmin,9,Islands minus NT,-0.40758749230232194,-0.4918175245592942,-0.3293452812220941,"All available: dates differ by station; strict common: very small date sample. Conditional descriptive interval, not causal."
