design,station_code,variable,lead,first_valid_date,last_valid_date,n,mae,rmse,bias,mse,mae_ci_low,mae_ci_high
all_available,CCH,Tmax,1,2022-01-02,2025-12-31,1315,1.3232699619771862,1.6221588206904176,0.04357414448669206,2.6313992395437262,1.2593180199430203,1.3868001552361682
all_available,CWB,Tmax,1,2022-01-02,2025-12-31,1262,1.507606973058637,1.8046032001479306,1.3036450079239301,3.256592709984152,1.4325969931736406,1.5859446647709576
all_available,HKP,Tmax,1,2022-01-02,2025-12-31,1286,1.1460342146189737,1.4141035881466857,0.5713841368584759,1.999688958009331,1.0870848368334858,1.2084330510745322
all_available,HKS,Tmax,1,2022-01-02,2025-12-31,1338,1.1644992526158446,1.4661884326986665,-0.22608370702541103,2.1497085201793724,1.0944564217217851,1.241521881796
all_available,HPV,Tmax,1,2022-01-02,2025-12-31,1236,1.4071197411003236,1.7471289439894144,-1.05873786407767,3.0524595469255664,1.3272168572768301,1.4899909268047522
all_available,JKB,Tmax,1,2022-01-02,2025-12-31,1308,1.2295107033639143,1.5257424121577274,-0.22828746177370038,2.3278899082568807,1.162197521910274,1.2985093625242805
all_available,KLT,Tmax,1,2022-01-02,2025-12-31,1302,1.406758832565284,1.7487849633177508,-0.6588325652841782,3.0582488479262673,1.3197484889757822,1.49681361898979
all_available,KP,Tmax,1,2022-01-02,2025-12-31,1246,1.0459871589085075,1.3104010389285563,0.16524879614767257,1.71715088282504,0.9935958864002343,1.1030903052910133
all_available,KSC,Tmax,1,2022-01-02,2025-12-31,1316,1.234650455927052,1.5519572895448601,0.11428571428571431,2.408571428571429,1.1721839080459775,1.302030840117594
all_available,KTG,Tmax,1,2022-01-02,2025-12-31,1251,1.1706634692246203,1.470501309322581,0.14860111910471627,2.1623741007194246,1.1129326441102758,1.2322770094982654
all_available,LFS,Tmax,1,2022-01-02,2025-12-31,1220,1.740409836065574,2.218035240447918,-1.1013934426229508,4.919680327868853,1.6235138302697742,1.8590401245000285
all_available,NGP,Tmax,1,2022-01-14,2025-12-31,756,3.7879629629629625,4.252358511467832,3.7117724867724866,18.08255291005291,3.543059520893548,4.045673862868364
all_available,PEN,Tmax,1,2022-01-02,2025-12-31,999,1.097897897897898,1.3961766755354814,-0.22482482482482485,1.9493093093093092,1.03099851427812,1.1714861973319246
all_available,PLC,Tmax,1,2022-01-02,2025-12-31,1334,1.3543478260869566,1.684444663112581,-0.05719640179910048,2.837353823088456,1.2773699598533776,1.4294117674256777
all_available,SEK,Tmax,1,2022-01-02,2025-12-31,1030,1.664271844660194,2.0432888014702164,-1.154368932038835,4.175029126213593,1.5495208389457615,1.7753897748441065
all_available,SHA,Tmax,1,2022-01-02,2025-12-31,1339,1.0551904406273338,1.3393649359548807,-0.3155339805825242,1.7938984316654218,0.9963005880058801,1.117794571815574
all_available,SKG,Tmax,1,2022-01-02,2025-12-31,1304,1.1759202453987732,1.4542354051173876,0.5756134969325153,2.1148006134969326,1.1161568288098296,1.237971155225964
all_available,SKW,Tmax,1,2022-01-02,2025-12-31,1383,1.3566883586406364,1.655030238510229,0.9148951554591468,2.739125090383225,1.2817172591133212,1.4331150748931778
all_available,SSH,Tmax,1,2022-01-02,2025-12-31,1372,2.260860058309038,2.6742768293067125,-1.760131195335277,7.151756559766764,2.152065786203837,2.357589130517857
all_available,SSP,Tmax,1,2022-01-02,2025-12-31,1352,1.3216715976331361,1.6825043851108263,-0.8022928994082841,2.83082100591716,1.2237736823170222,1.4229231278947434
all_available,STY,Tmax,1,2022-01-02,2025-12-30,1255,1.0791235059760955,1.3450603150030174,0.3573705179282868,1.809187250996016,1.0203431775153178,1.140276413601624
all_available,TKL,Tmax,1,2022-01-02,2025-12-31,1282,1.6198907956318251,1.9561236302407554,-0.9454758190327615,3.8264196567862716,1.5358641494930403,1.7095141731300818
all_available,TU1,Tmax,1,2022-01-02,2025-12-31,1287,1.1314685314685313,1.4292265120296441,-0.27148407148407144,2.0426884226884225,1.0596855345546299,1.2054569706003895
all_available,TW,Tmax,1,2022-01-03,2025-12-31,1065,1.4222535211267606,1.7949564185798326,-0.5978403755868545,3.221868544600939,1.3053819604433818,1.5378987631687924
all_available,TWN,Tmax,1,2022-01-02,2025-12-31,1302,1.6822580645161291,2.0024543312381224,0.9364823348694318,4.009823348694316,1.6065284497926355,1.7598047156921455
all_available,TY1,Tmax,1,2022-01-22,2025-12-31,1000,1.2063000000000001,1.5099635757196264,-0.3178999999999999,2.2799899999999997,1.125149061427115,1.2952485498448671
all_available,WGL,Tmax,1,2022-01-02,2025-12-31,1393,1.338765254845657,1.6550755107122357,0.6483129935391241,2.7392749461593677,1.2663664399301406,1.4176497135272401
all_available,WLP,Tmax,1,2022-01-02,2025-12-31,1303,2.036684574059862,2.5371075680728183,-1.627321565617805,6.436914811972371,1.855197940287226,2.2209094016484316
all_available,WTS,Tmax,1,2022-01-02,2025-12-30,1300,1.3204615384615384,1.649494094936617,-0.7724615384615384,2.720830769230769,1.2408090494254185,1.402098965747945
all_available,YLP,Tmax,1,2022-01-02,2025-12-31,1237,2.0894907033144703,2.4833528200357082,-1.6708973322554566,6.167041228779305,1.9661941143550354,2.2071956975115947
strict_common,CCH,Tmax,1,2022-02-06,2025-12-26,24,1.3666666666666671,1.6345233759927291,-0.6583333333333333,2.671666666666668,0.9946684210526319,1.7400999999999995
strict_common,CWB,Tmax,1,2022-02-06,2025-12-26,24,1.179166666666667,1.4037153082682639,1.0208333333333333,1.9704166666666667,0.9000000000000005,1.5200263157894738
strict_common,HKP,Tmax,1,2022-02-06,2025-12-26,24,1.0666666666666667,1.3680886910820753,0.016666666666666535,1.8716666666666664,0.7357037815126051,1.4875625000000001
strict_common,HKS,Tmax,1,2022-02-06,2025-12-26,24,1.4124999999999999,1.7463056242632138,-1.1208333333333333,3.049583333333333,1.0000000000000002,1.8050065789473686
strict_common,HPV,Tmax,1,2022-02-06,2025-12-26,24,1.6791666666666671,1.8611152570434752,-1.4125000000000003,3.463750000000001,1.378204347826087,2.021820652173913
strict_common,JKB,Tmax,1,2022-02-06,2025-12-26,24,1.520833333333333,1.7316899260548928,-0.6041666666666666,2.99875,1.1791611842105258,1.875036764705882
strict_common,KLT,Tmax,1,2022-02-06,2025-12-26,24,1.5708333333333329,1.8959386417638446,-1.1624999999999999,3.594583333333332,1.2166071428571426,1.90008064516129
strict_common,KP,Tmax,1,2022-02-06,2025-12-26,24,1.0541666666666667,1.3408641492211903,-0.34583333333333305,1.7979166666666666,0.6857037815126056,1.4001562499999998
strict_common,KSC,Tmax,1,2022-02-06,2025-12-26,24,1.4666666666666668,1.7637554630201242,-0.6833333333333331,3.1108333333333325,1.049956896551724,1.8577272727272727
strict_common,KTG,Tmax,1,2022-02-06,2025-12-26,24,1.1083333333333334,1.321299865031906,-0.12499999999999978,1.7458333333333336,0.8052452153110047,1.4273051948051947
strict_common,LFS,Tmax,1,2022-02-06,2025-12-26,24,1.9916666666666665,2.25333086784875,-1.6416666666666668,5.0775,1.5610539215686272,2.345227910238429
strict_common,NGP,Tmax,1,2022-02-06,2025-12-26,24,3.0958333333333337,3.5774175974670146,3.029166666666667,12.797916666666667,2.372202380952381,3.9268333333333327
strict_common,PEN,Tmax,1,2022-02-06,2025-12-26,24,1.3625,1.5988276955319483,-0.8791666666666672,2.55625,1.08,1.6399999999999997
strict_common,PLC,Tmax,1,2022-02-06,2025-12-26,24,1.291666666666667,1.5451537140362444,-0.3000000000000002,2.3875,0.9595063025210089,1.6500735294117646
strict_common,SEK,Tmax,1,2022-02-06,2025-12-26,24,1.8416666666666675,2.1019831905449045,-1.5333333333333339,4.418333333333336,1.4857142857142862,2.2450592105263154
strict_common,SHA,Tmax,1,2022-02-06,2025-12-26,24,1.1874999999999998,1.3812735669181055,-0.5624999999999999,1.9079166666666663,0.9239882352941174,1.4737171052631577
strict_common,SKG,Tmax,1,2022-02-06,2025-12-26,24,0.9166666666666664,1.1295279249904948,0.5666666666666668,1.2758333333333327,0.6894368421052629,1.2039583333333321
strict_common,SKW,Tmax,1,2022-02-06,2025-12-26,24,0.9916666666666666,1.2298373876248845,0.5083333333333341,1.5125000000000002,0.7347463768115942,1.3706092436974786
strict_common,SSH,Tmax,1,2022-02-06,2025-12-26,24,2.216666666666667,2.7001543165777275,-1.9249999999999998,7.290833333333334,1.6599285714285716,2.8637559808612436
strict_common,SSP,Tmax,1,2022-02-06,2025-12-26,24,1.833333333333334,2.145343795292494,-1.6666666666666672,4.602500000000002,1.3863013196480947,2.2174353448275856
strict_common,STY,Tmax,1,2022-02-06,2025-12-26,24,1.0249999999999997,1.1947803145348517,1.4802973661668753e-16,1.4274999999999993,0.7999107142857138,1.285214646464646
strict_common,TKL,Tmax,1,2022-02-06,2025-12-26,24,1.7666666666666668,2.1865116814994,-1.4083333333333332,4.780833333333333,1.294993421052632,2.337524038461538
strict_common,TU1,Tmax,1,2022-02-06,2025-12-26,24,1.2583333333333333,1.476200076773696,-0.7666666666666665,2.1791666666666663,0.9736476608187136,1.5632456140350868
strict_common,TW,Tmax,1,2022-02-06,2025-12-26,24,1.5875000000000001,1.8651407453594486,-1.2291666666666667,3.4787499999999993,1.2303557312252964,1.9114999999999995
strict_common,TWN,Tmax,1,2022-02-06,2025-12-26,24,1.3124999999999996,1.561649768674141,-0.03749999999999979,2.4387499999999984,0.9998684210526309,1.6999999999999993
strict_common,TY1,Tmax,1,2022-02-06,2025-12-26,24,1.2791666666666666,1.6146465041405609,-1.0625000000000002,2.607083333333334,0.8886979166666665,1.641240808823529
strict_common,WGL,Tmax,1,2022-02-06,2025-12-26,24,1.1666666666666667,1.4177446878757824,0.5833333333333336,2.01,0.8812499999999999,1.4933529411764703
strict_common,WLP,Tmax,1,2022-02-06,2025-12-26,24,2.5541666666666667,3.0779457435114086,-2.3541666666666665,9.473749999999999,1.8899868421052632,3.2501136363636363
strict_common,WTS,Tmax,1,2022-02-06,2025-12-26,24,1.6208333333333336,1.9016440255736615,-1.3625,3.616250000000001,1.21965625,1.9750297619047623
strict_common,YLP,Tmax,1,2022-02-06,2025-12-26,24,2.4375000000000004,2.73030828540173,-2.1875000000000004,7.454583333333335,1.9181220095693787,2.900096153846153
lowland_available,CCH,Tmax,1,2022-01-02,2025-12-31,1315,1.3232699619771862,1.6221588206904176,0.04357414448669206,2.6313992395437262,1.2593180199430203,1.3868001552361682
lowland_available,CWB,Tmax,1,2022-01-02,2025-12-31,1262,1.507606973058637,1.8046032001479306,1.3036450079239301,3.256592709984152,1.4325969931736406,1.5859446647709576
lowland_available,HKP,Tmax,1,2022-01-02,2025-12-31,1286,1.1460342146189737,1.4141035881466857,0.5713841368584759,1.999688958009331,1.0870848368334858,1.2084330510745322
lowland_available,HKS,Tmax,1,2022-01-02,2025-12-31,1338,1.1644992526158446,1.4661884326986665,-0.22608370702541103,2.1497085201793724,1.0944564217217851,1.241521881796
lowland_available,HPV,Tmax,1,2022-01-02,2025-12-31,1236,1.4071197411003236,1.7471289439894144,-1.05873786407767,3.0524595469255664,1.3272168572768301,1.4899909268047522
lowland_available,JKB,Tmax,1,2022-01-02,2025-12-31,1308,1.2295107033639143,1.5257424121577274,-0.22828746177370038,2.3278899082568807,1.162197521910274,1.2985093625242805
lowland_available,KLT,Tmax,1,2022-01-02,2025-12-31,1302,1.406758832565284,1.7487849633177508,-0.6588325652841782,3.0582488479262673,1.3197484889757822,1.49681361898979
lowland_available,KP,Tmax,1,2022-01-02,2025-12-31,1246,1.0459871589085075,1.3104010389285563,0.16524879614767257,1.71715088282504,0.9935958864002343,1.1030903052910133
lowland_available,KSC,Tmax,1,2022-01-02,2025-12-31,1316,1.234650455927052,1.5519572895448601,0.11428571428571431,2.408571428571429,1.1721839080459775,1.302030840117594
lowland_available,KTG,Tmax,1,2022-01-02,2025-12-31,1251,1.1706634692246203,1.470501309322581,0.14860111910471627,2.1623741007194246,1.1129326441102758,1.2322770094982654
lowland_available,LFS,Tmax,1,2022-01-02,2025-12-31,1220,1.740409836065574,2.218035240447918,-1.1013934426229508,4.919680327868853,1.6235138302697742,1.8590401245000285
lowland_available,PEN,Tmax,1,2022-01-02,2025-12-31,999,1.097897897897898,1.3961766755354814,-0.22482482482482485,1.9493093093093092,1.03099851427812,1.1714861973319246
lowland_available,PLC,Tmax,1,2022-01-02,2025-12-31,1334,1.3543478260869566,1.684444663112581,-0.05719640179910048,2.837353823088456,1.2773699598533776,1.4294117674256777
lowland_available,SEK,Tmax,1,2022-01-02,2025-12-31,1030,1.664271844660194,2.0432888014702164,-1.154368932038835,4.175029126213593,1.5495208389457615,1.7753897748441065
lowland_available,SHA,Tmax,1,2022-01-02,2025-12-31,1339,1.0551904406273338,1.3393649359548807,-0.3155339805825242,1.7938984316654218,0.9963005880058801,1.117794571815574
lowland_available,SKG,Tmax,1,2022-01-02,2025-12-31,1304,1.1759202453987732,1.4542354051173876,0.5756134969325153,2.1148006134969326,1.1161568288098296,1.237971155225964
lowland_available,SKW,Tmax,1,2022-01-02,2025-12-31,1383,1.3566883586406364,1.655030238510229,0.9148951554591468,2.739125090383225,1.2817172591133212,1.4331150748931778
lowland_available,SSH,Tmax,1,2022-01-02,2025-12-31,1372,2.260860058309038,2.6742768293067125,-1.760131195335277,7.151756559766764,2.152065786203837,2.357589130517857
lowland_available,SSP,Tmax,1,2022-01-02,2025-12-31,1352,1.3216715976331361,1.6825043851108263,-0.8022928994082841,2.83082100591716,1.2237736823170222,1.4229231278947434
lowland_available,STY,Tmax,1,2022-01-02,2025-12-30,1255,1.0791235059760955,1.3450603150030174,0.3573705179282868,1.809187250996016,1.0203431775153178,1.140276413601624
lowland_available,TKL,Tmax,1,2022-01-02,2025-12-31,1282,1.6198907956318251,1.9561236302407554,-0.9454758190327615,3.8264196567862716,1.5358641494930403,1.7095141731300818
lowland_available,TU1,Tmax,1,2022-01-02,2025-12-31,1287,1.1314685314685313,1.4292265120296441,-0.27148407148407144,2.0426884226884225,1.0596855345546299,1.2054569706003895
lowland_available,TW,Tmax,1,2022-01-03,2025-12-31,1065,1.4222535211267606,1.7949564185798326,-0.5978403755868545,3.221868544600939,1.3053819604433818,1.5378987631687924
lowland_available,TWN,Tmax,1,2022-01-02,2025-12-31,1302,1.6822580645161291,2.0024543312381224,0.9364823348694318,4.009823348694316,1.6065284497926355,1.7598047156921455
lowland_available,TY1,Tmax,1,2022-01-22,2025-12-31,1000,1.2063000000000001,1.5099635757196264,-0.3178999999999999,2.2799899999999997,1.125149061427115,1.2952485498448671
lowland_available,WGL,Tmax,1,2022-01-02,2025-12-31,1393,1.338765254845657,1.6550755107122357,0.6483129935391241,2.7392749461593677,1.2663664399301406,1.4176497135272401
lowland_available,WLP,Tmax,1,2022-01-02,2025-12-31,1303,2.036684574059862,2.5371075680728183,-1.627321565617805,6.436914811972371,1.855197940287226,2.2209094016484316
lowland_available,WTS,Tmax,1,2022-01-02,2025-12-30,1300,1.3204615384615384,1.649494094936617,-0.7724615384615384,2.720830769230769,1.2408090494254185,1.402098965747945
lowland_available,YLP,Tmax,1,2022-01-02,2025-12-31,1237,2.0894907033144703,2.4833528200357082,-1.6708973322554566,6.167041228779305,1.9661941143550354,2.2071956975115947
all_available,CCH,Tmax,2,2022-01-03,2025-12-31,1314,1.4066210045662102,1.7536068505515625,0.038736681887366835,3.07513698630137,1.3236155179228537,1.4882987070355773
all_available,CWB,Tmax,2,2022-01-03,2025-12-31,1261,1.5590800951625694,1.8945767586375453,1.3043616177636796,3.5894210943695475,1.4701176592331973,1.6530466768348284
all_available,HKP,Tmax,2,2022-01-03,2025-12-31,1285,1.2407782101167315,1.5624085965483208,0.584591439688716,2.4411206225680937,1.1700589928163456,1.3123894785028494
all_available,HKS,Tmax,2,2022-01-03,2025-12-31,1337,1.2115931189229618,1.5406023164276366,-0.2277486910994764,2.3734554973821993,1.1355022162766553,1.2949984084036292
all_available,HPV,Tmax,2,2022-01-03,2025-12-31,1235,1.5252631578947369,1.8835813076451258,-1.0724696356275303,3.5478785425101216,1.435024746192893,1.6154532921868687
all_available,JKB,Tmax,2,2022-01-03,2025-12-31,1307,1.3570007651109413,1.7156554443338945,-0.2104055087987759,2.943473603672533,1.2815044700829088,1.438257389089567
all_available,KLT,Tmax,2,2022-01-03,2025-12-31,1301,1.5539584934665645,1.9325581330816934,-0.6498847040737895,3.7347809377402004,1.4590104358578564,1.6533055023995162
all_available,KP,Tmax,2,2022-01-07,2025-12-31,1245,1.1481124497991968,1.492654033678611,0.17156626506024097,2.228016064257028,1.0715990725635918,1.2219424310110236
all_available,KSC,Tmax,2,2022-01-03,2025-12-31,1315,1.3422053231939166,1.7284116535439302,0.1187832699619772,2.9874068441064634,1.258644321664118,1.42649283577937
all_available,KTG,Tmax,2,2022-01-07,2025-12-31,1250,1.2743200000000001,1.6326493806080962,0.15192000000000008,2.665544,1.1956339060819368,1.3538998686666206
all_available,LFS,Tmax,2,2022-01-03,2025-12-31,1219,1.853076292042658,2.358753094494532,-1.100820344544709,5.56371616078753,1.7236519483831272,1.9799240558292284
all_available,NGP,Tmax,2,2022-01-14,2025-12-31,756,3.8194444444444446,4.332632727246374,3.7342592592592587,18.771706349206347,3.5654062887896285,4.089291109426606
all_available,PEN,Tmax,2,2022-01-03,2025-12-31,998,1.2352705410821645,1.5679658905946061,-0.21543086172344686,2.4585170340681364,1.1559282950327727,1.318657324430356
all_available,PLC,Tmax,2,2022-01-03,2025-12-31,1333,1.5108027006751688,1.9119770956011806,-0.05933983495873974,3.6556564141035257,1.4176289112176772,1.6149921269407093
all_available,SEK,Tmax,2,2022-01-03,2025-12-31,1029,1.8116618075801747,2.2065632288241446,-1.1461613216715258,4.868921282798834,1.6885018262987013,1.9378502837021532
all_available,SHA,Tmax,2,2022-01-03,2025-12-31,1338,1.2220478325859492,1.5538154015014778,-0.32040358744394615,2.4143423019431984,1.1493314455979655,1.2991192461297472
all_available,SKG,Tmax,2,2022-01-03,2025-12-31,1303,1.2617805065234076,1.579912759766423,0.5710667689946277,2.4961243284727552,1.192046796641882,1.3303441064638784
all_available,SKW,Tmax,2,2022-01-03,2025-12-31,1382,1.4088277858176557,1.7456582485396863,0.9089725036179452,3.047322720694645,1.3314141964237607,1.490836865637578
all_available,SSH,Tmax,2,2022-01-03,2025-12-31,1371,2.42545587162655,2.8635094482681445,-1.7568927789934352,8.199686360320934,2.309581973860252,2.5383203214695746
all_available,SSP,Tmax,2,2022-01-03,2025-12-31,1351,1.4300518134715026,1.8162560624487778,-0.7961509992598077,3.298786084381939,1.3283549460815807,1.5359893341074704
all_available,STY,Tmax,2,2022-01-03,2025-12-30,1254,1.1390749601275918,1.4605498079924542,0.36220095693779897,2.1332057416267944,1.0761710811236442,1.202209579979172
all_available,TKL,Tmax,2,2022-01-03,2025-12-31,1281,1.805074160811866,2.1737756430800506,-0.9419984387197502,4.7253005464480875,1.7098418389695362,1.9036222448148947
all_available,TU1,Tmax,2,2022-01-03,2025-12-31,1286,1.2708398133748056,1.6156914268932159,-0.28701399688958,2.610458786936236,1.1852294211674044,1.363090068247126
all_available,TW,Tmax,2,2022-01-03,2025-12-31,1065,1.5127699530516432,1.9172285357296253,-0.6081690140845071,3.6757652582159626,1.3882367329728227,1.635635024828509
all_available,TWN,Tmax,2,2022-01-03,2025-12-31,1301,1.7501921598770176,2.1257001378593623,0.9220599538816294,4.518601076095312,1.6611764641592468,1.8425982992801357
all_available,TY1,Tmax,2,2022-01-22,2025-12-31,1000,1.2891,1.6393870805883521,-0.3068999999999999,2.68759,1.197607516931764,1.3857651722016036
all_available,WGL,Tmax,2,2022-01-03,2025-12-31,1392,1.4168821839080459,1.7647103405961262,0.6436063218390804,3.114202586206896,1.332299149871368,1.5079740282593461
all_available,WLP,Tmax,2,2022-01-03,2025-12-31,1302,2.1312596006144395,2.6460546522576314,-1.6177419354838707,7.001605222734255,1.9422696155659152,2.3214716321680666
all_available,WTS,Tmax,2,2022-01-03,2025-12-30,1299,1.4566589684372595,1.8043911880912293,-0.7525789068514241,3.255827559661278,1.3742538287306991,1.541703123354964
all_available,YLP,Tmax,2,2022-01-03,2025-12-31,1236,2.203640776699029,2.6217891442967156,-1.6704692556634306,6.873778317152103,2.068234696317551,2.3283429981748793
strict_common,CCH,Tmax,2,2022-02-06,2025-12-26,24,1.4833333333333336,1.7925772879665005,-0.5333333333333333,3.2133333333333343,1.0461,1.977314593301435
strict_common,CWB,Tmax,2,2022-02-06,2025-12-26,24,1.3875000000000002,1.7922285940508074,1.1458333333333333,3.2120833333333336,1.0000000000000004,1.9166911764705883
strict_common,HKP,Tmax,2,2022-02-06,2025-12-26,24,1.2999999999999998,1.7526170907151013,0.14166666666666652,3.071666666666666,0.8683281733746127,1.8824369747899152
strict_common,HKS,Tmax,2,2022-02-06,2025-12-26,24,1.4958333333333333,1.8415346860702895,-0.9958333333333332,3.3912499999999994,1.0317227272727276,1.922747326203208
strict_common,HPV,Tmax,2,2022-02-06,2025-12-26,24,1.8041666666666671,2.0527420685512343,-1.2875,4.213750000000001,1.4000000000000006,2.2823529411764705
strict_common,JKB,Tmax,2,2022-02-06,2025-12-26,24,1.7291666666666663,2.07936288319283,-0.4791666666666666,4.3237499999999995,1.2498863636363637,2.2620238095238085
strict_common,KLT,Tmax,2,2022-02-06,2025-12-26,24,1.7625,2.0723376494512986,-1.0374999999999999,4.294583333333333,1.3646791443850268,2.1882516339869276
strict_common,KP,Tmax,2,2022-02-06,2025-12-26,24,1.220833333333333,1.6374522893812815,-0.22083333333333308,2.68125,0.7434627329192546,1.7293198529411757
strict_common,KSC,Tmax,2,2022-02-06,2025-12-26,24,1.6833333333333336,2.0962267689032754,-0.5583333333333331,4.394166666666666,1.1436562499999998,2.243802083333333
strict_common,KTG,Tmax,2,2022-02-06,2025-12-26,24,1.3166666666666667,1.6670832812630167,2.220446049250313e-16,2.779166666666667,0.9119380952380952,1.813394736842105
strict_common,LFS,Tmax,2,2022-02-06,2025-12-26,24,1.8666666666666665,2.162752875388217,-1.5166666666666668,4.677499999999999,1.4946411483253588,2.2276465517241375
strict_common,NGP,Tmax,2,2022-02-06,2025-12-26,24,3.2291666666666665,3.7111880397881576,3.154166666666667,13.772916666666667,2.4577807017543862,4.061730769230768
strict_common,PEN,Tmax,2,2022-02-06,2025-12-26,24,1.5208333333333333,1.8388175548433292,-0.7541666666666672,3.3812499999999996,1.1458238636363636,1.9476785714285707
strict_common,PLC,Tmax,2,2022-02-06,2025-12-26,24,1.4833333333333332,1.8314384146529925,-0.17500000000000018,3.3541666666666665,1.0585682158920537,1.9937746710526312
strict_common,SEK,Tmax,2,2022-02-06,2025-12-26,24,1.7750000000000004,2.11974841274462,-1.4083333333333339,4.493333333333335,1.3809523809523814,2.268441295546559
strict_common,SHA,Tmax,2,2022-02-06,2025-12-26,24,1.3958333333333333,1.6781686446838406,-0.43749999999999994,2.816249999999999,1.0238095238095235,1.831584928229665
strict_common,SKG,Tmax,2,2022-02-06,2025-12-26,24,1.1499999999999995,1.5223337347638326,0.6916666666666668,2.317499999999999,0.7932580645161287,1.6272805642633217
strict_common,SKW,Tmax,2,2022-02-06,2025-12-26,24,1.2999999999999998,1.7017148213885114,0.6333333333333341,2.8958333333333335,0.9236635338345861,1.8650054347826084
strict_common,SSH,Tmax,2,2022-02-06,2025-12-26,24,2.266666666666667,2.767218820404343,-1.7999999999999998,7.6575000000000015,1.7356547619047622,2.985097222222222
strict_common,SSP,Tmax,2,2022-02-06,2025-12-26,24,1.9083333333333339,2.227292826130712,-1.5416666666666672,4.960833333333334,1.4807500000000002,2.370068181818182
strict_common,STY,Tmax,2,2022-02-06,2025-12-26,24,1.233333333333333,1.6158073317488482,0.12500000000000014,2.6108333333333325,0.8332608695652166,1.7334090909090896
strict_common,TKL,Tmax,2,2022-02-06,2025-12-26,24,1.8916666666666668,2.3124662159694354,-1.283333333333333,5.3475,1.4406746031746032,2.5352187499999985
strict_common,TU1,Tmax,2,2022-02-06,2025-12-26,24,1.3666666666666665,1.592953232207399,-0.6416666666666665,2.5374999999999996,1.0739073226544622,1.7501136363636363
strict_common,TW,Tmax,2,2022-02-06,2025-12-26,24,1.7125000000000001,1.9673374562252068,-1.1041666666666667,3.8704166666666673,1.3157894736842106,2.0875624999999998
strict_common,TWN,Tmax,2,2022-02-06,2025-12-26,24,1.370833333333333,1.7336137593670238,0.0875000000000002,3.0054166666666653,0.9232708333333335,1.888593749999999
strict_common,TY1,Tmax,2,2022-02-06,2025-12-26,24,1.4041666666666668,1.72928212465944,-0.9375000000000001,2.990416666666667,0.9772159090909095,1.826387061403509
strict_common,WGL,Tmax,2,2022-02-06,2025-12-26,24,1.3083333333333333,1.7445152144172698,0.7083333333333336,3.043333333333333,0.8816958041958041,1.8130622188905547
strict_common,WLP,Tmax,2,2022-02-06,2025-12-26,24,2.4375,3.0887564919667376,-2.2291666666666665,9.540416666666667,1.7165760869565223,3.2355491551459292
strict_common,WTS,Tmax,2,2022-02-06,2025-12-26,24,1.8291666666666668,2.057405323864665,-1.2375,4.232916666666668,1.4772526737967915,2.1944583333333334
strict_common,YLP,Tmax,2,2022-02-06,2025-12-26,24,2.329166666666667,2.719604750694483,-2.0625000000000004,7.396250000000001,1.8000000000000003,2.861574074074075
lowland_available,CCH,Tmax,2,2022-01-03,2025-12-31,1314,1.4066210045662102,1.7536068505515625,0.038736681887366835,3.07513698630137,1.3236155179228537,1.4882987070355773
lowland_available,CWB,Tmax,2,2022-01-03,2025-12-31,1261,1.5590800951625694,1.8945767586375453,1.3043616177636796,3.5894210943695475,1.4701176592331973,1.6530466768348284
lowland_available,HKP,Tmax,2,2022-01-03,2025-12-31,1285,1.2407782101167315,1.5624085965483208,0.584591439688716,2.4411206225680937,1.1700589928163456,1.3123894785028494
lowland_available,HKS,Tmax,2,2022-01-03,2025-12-31,1337,1.2115931189229618,1.5406023164276366,-0.2277486910994764,2.3734554973821993,1.1355022162766553,1.2949984084036292
lowland_available,HPV,Tmax,2,2022-01-03,2025-12-31,1235,1.5252631578947369,1.8835813076451258,-1.0724696356275303,3.5478785425101216,1.435024746192893,1.6154532921868687
lowland_available,JKB,Tmax,2,2022-01-03,2025-12-31,1307,1.3570007651109413,1.7156554443338945,-0.2104055087987759,2.943473603672533,1.2815044700829088,1.438257389089567
lowland_available,KLT,Tmax,2,2022-01-03,2025-12-31,1301,1.5539584934665645,1.9325581330816934,-0.6498847040737895,3.7347809377402004,1.4590104358578564,1.6533055023995162
lowland_available,KP,Tmax,2,2022-01-07,2025-12-31,1245,1.1481124497991968,1.492654033678611,0.17156626506024097,2.228016064257028,1.0715990725635918,1.2219424310110236
lowland_available,KSC,Tmax,2,2022-01-03,2025-12-31,1315,1.3422053231939166,1.7284116535439302,0.1187832699619772,2.9874068441064634,1.258644321664118,1.42649283577937
lowland_available,KTG,Tmax,2,2022-01-07,2025-12-31,1250,1.2743200000000001,1.6326493806080962,0.15192000000000008,2.665544,1.1956339060819368,1.3538998686666206
lowland_available,LFS,Tmax,2,2022-01-03,2025-12-31,1219,1.853076292042658,2.358753094494532,-1.100820344544709,5.56371616078753,1.7236519483831272,1.9799240558292284
lowland_available,PEN,Tmax,2,2022-01-03,2025-12-31,998,1.2352705410821645,1.5679658905946061,-0.21543086172344686,2.4585170340681364,1.1559282950327727,1.318657324430356
lowland_available,PLC,Tmax,2,2022-01-03,2025-12-31,1333,1.5108027006751688,1.9119770956011806,-0.05933983495873974,3.6556564141035257,1.4176289112176772,1.6149921269407093
lowland_available,SEK,Tmax,2,2022-01-03,2025-12-31,1029,1.8116618075801747,2.2065632288241446,-1.1461613216715258,4.868921282798834,1.6885018262987013,1.9378502837021532
lowland_available,SHA,Tmax,2,2022-01-03,2025-12-31,1338,1.2220478325859492,1.5538154015014778,-0.32040358744394615,2.4143423019431984,1.1493314455979655,1.2991192461297472
lowland_available,SKG,Tmax,2,2022-01-03,2025-12-31,1303,1.2617805065234076,1.579912759766423,0.5710667689946277,2.4961243284727552,1.192046796641882,1.3303441064638784
lowland_available,SKW,Tmax,2,2022-01-03,2025-12-31,1382,1.4088277858176557,1.7456582485396863,0.9089725036179452,3.047322720694645,1.3314141964237607,1.490836865637578
lowland_available,SSH,Tmax,2,2022-01-03,2025-12-31,1371,2.42545587162655,2.8635094482681445,-1.7568927789934352,8.199686360320934,2.309581973860252,2.5383203214695746
lowland_available,SSP,Tmax,2,2022-01-03,2025-12-31,1351,1.4300518134715026,1.8162560624487778,-0.7961509992598077,3.298786084381939,1.3283549460815807,1.5359893341074704
lowland_available,STY,Tmax,2,2022-01-03,2025-12-30,1254,1.1390749601275918,1.4605498079924542,0.36220095693779897,2.1332057416267944,1.0761710811236442,1.202209579979172
lowland_available,TKL,Tmax,2,2022-01-03,2025-12-31,1281,1.805074160811866,2.1737756430800506,-0.9419984387197502,4.7253005464480875,1.7098418389695362,1.9036222448148947
lowland_available,TU1,Tmax,2,2022-01-03,2025-12-31,1286,1.2708398133748056,1.6156914268932159,-0.28701399688958,2.610458786936236,1.1852294211674044,1.363090068247126
lowland_available,TW,Tmax,2,2022-01-03,2025-12-31,1065,1.5127699530516432,1.9172285357296253,-0.6081690140845071,3.6757652582159626,1.3882367329728227,1.635635024828509
lowland_available,TWN,Tmax,2,2022-01-03,2025-12-31,1301,1.7501921598770176,2.1257001378593623,0.9220599538816294,4.518601076095312,1.6611764641592468,1.8425982992801357
lowland_available,TY1,Tmax,2,2022-01-22,2025-12-31,1000,1.2891,1.6393870805883521,-0.3068999999999999,2.68759,1.197607516931764,1.3857651722016036
lowland_available,WGL,Tmax,2,2022-01-03,2025-12-31,1392,1.4168821839080459,1.7647103405961262,0.6436063218390804,3.114202586206896,1.332299149871368,1.5079740282593461
lowland_available,WLP,Tmax,2,2022-01-03,2025-12-31,1302,2.1312596006144395,2.6460546522576314,-1.6177419354838707,7.001605222734255,1.9422696155659152,2.3214716321680666
lowland_available,WTS,Tmax,2,2022-01-03,2025-12-30,1299,1.4566589684372595,1.8043911880912293,-0.7525789068514241,3.255827559661278,1.3742538287306991,1.541703123354964
lowland_available,YLP,Tmax,2,2022-01-03,2025-12-31,1236,2.203640776699029,2.6217891442967156,-1.6704692556634306,6.873778317152103,2.068234696317551,2.3283429981748793
all_available,CCH,Tmax,3,2022-01-04,2025-12-31,1313,1.4712109672505713,1.855579675728831,0.009977151561310014,3.4431759329779132,1.3789449536291198,1.568125744047619
all_available,CWB,Tmax,3,2022-01-04,2025-12-31,1260,1.5893650793650795,1.952470961920524,1.2707936507936506,3.8121428571428564,1.490473142948655,1.6885260568626235
all_available,HKP,Tmax,3,2022-01-04,2025-12-31,1284,1.3123831775700936,1.6631871779162581,0.5527258566978193,2.7661915887850466,1.2327330909641747,1.392737988247494
all_available,HKS,Tmax,3,2022-01-04,2025-12-31,1336,1.272305389221557,1.6293757299840568,-0.2586826347305389,2.654865269461078,1.1892097867069509,1.3608093134535832
all_available,HPV,Tmax,3,2022-01-04,2025-12-31,1234,1.613776337115073,2.0028788033254465,-1.106645056726094,4.011523500810372,1.5116721766937207,1.7139794329219253
all_available,JKB,Tmax,3,2022-01-04,2025-12-31,1306,1.4620980091883613,1.845168767207847,-0.24234303215926503,3.4046477794793257,1.3774467805850878,1.5518112906170136
all_available,KLT,Tmax,3,2022-01-04,2025-12-31,1300,1.6762307692307692,2.0755925937872814,-0.6786923076923077,4.308084615384615,1.5703037487229197,1.7826260247195833
all_available,KP,Tmax,3,2022-01-07,2025-12-31,1245,1.2338955823293174,1.6199261225655572,0.14104417670682734,2.624160642570281,1.1434979678594785,1.3236350263284142
all_available,KSC,Tmax,3,2022-01-04,2025-12-31,1314,1.436834094368341,1.861776046054439,0.08980213089802133,3.4662100456621006,1.3420429291223592,1.5283477749949725
all_available,KTG,Tmax,3,2022-01-07,2025-12-31,1250,1.3693600000000001,1.7612563697542727,0.12072000000000005,3.1020239999999997,1.2795150344136277,1.464750968992248
all_available,LFS,Tmax,3,2022-01-04,2025-12-31,1218,1.9535303776683088,2.4898744041497487,-1.1297208538587848,6.199474548440065,1.82067087797392,2.092765354938271
all_available,NGP,Tmax,3,2022-01-14,2025-12-31,756,3.8109788359788364,4.370386456342022,3.7038359788359783,19.100277777777777,3.5487201408165894,4.092454509089293
all_available,PEN,Tmax,3,2022-01-11,2025-12-31,997,1.345035105315948,1.7105372879421017,-0.25957873620862587,2.9259378134403207,1.2527630601299597,1.438991604989479
all_available,PLC,Tmax,3,2022-01-04,2025-12-31,1332,1.6296546546546544,2.06271600015545,-0.08791291291291298,4.254797297297298,1.5282143425886956,1.7415501700526441
all_available,SEK,Tmax,3,2022-01-04,2025-12-31,1028,1.9299610894941635,2.3520336427885846,-1.1643968871595332,5.53206225680934,1.7911742608351036,2.0697603295377336
all_available,SHA,Tmax,3,2022-01-04,2025-12-31,1337,1.3332086761406132,1.7014556660973683,-0.35071054599850404,2.8949513836948393,1.2543301144195065,1.4200973925846343
all_available,SKG,Tmax,3,2022-01-04,2025-12-31,1302,1.3453149001536098,1.681004381209846,0.5271889400921659,2.8257757296466974,1.2696741998892118,1.4233293537578076
all_available,SKW,Tmax,3,2022-01-04,2025-12-31,1381,1.4279507603186097,1.7959161976936189,0.8742939898624186,3.2253149891383055,1.345718660538487,1.512627082594825
all_available,SSH,Tmax,3,2022-01-04,2025-12-31,1370,2.54978102189781,3.000720108221227,-1.7906569343065692,9.004321167883212,2.4244694627851135,2.6735593501593784
all_available,SSP,Tmax,3,2022-01-04,2025-12-31,1350,1.5202962962962967,1.934256484582163,-0.8284444444444445,3.741348148148148,1.4112842166741393,1.6314749929947872
all_available,STY,Tmax,3,2022-01-04,2025-12-30,1253,1.2015163607342378,1.5445576777163414,0.3298483639265762,2.385658419792498,1.1320269049006577,1.272731880852319
all_available,TKL,Tmax,3,2022-01-04,2025-12-31,1280,1.9412500000000001,2.341290376053342,-0.9662500000000002,5.481640625,1.832227297618805,2.0490666473765433
all_available,TU1,Tmax,3,2022-01-04,2025-12-31,1285,1.3648249027237354,1.7492633246565044,-0.32498054474708166,3.0599221789883266,1.2667403995491213,1.4636766223820468
all_available,TW,Tmax,3,2022-01-04,2025-12-31,1064,1.6015977443609024,2.0261564970100263,-0.6455827067669172,4.10531015037594,1.4698902573036718,1.7314947539420618
all_available,TWN,Tmax,3,2022-01-04,2025-12-31,1300,1.8023846153846157,2.2021685116825536,0.8837692307692306,4.849546153846154,1.7073240607403575,1.9003877826790538
all_available,TY1,Tmax,3,2022-01-22,2025-12-31,1000,1.3695,1.7505399167114128,-0.3418999999999999,3.0643900000000004,1.2680975931217977,1.4773262301079204
all_available,WGL,Tmax,3,2022-01-04,2025-12-31,1391,1.4788641265276778,1.8480700874606424,0.6081236520488856,3.4153630481667863,1.3891808931003393,1.5706989131386904
all_available,WLP,Tmax,3,2022-01-04,2025-12-31,1301,2.250115295926211,2.7767952485592478,-1.6381245196003076,7.7105918524212145,2.0599459023244333,2.4452506139319024
all_available,WTS,Tmax,3,2022-01-04,2025-12-30,1298,1.5582434514637904,1.938873276925376,-0.7810477657935285,3.7592295839753462,1.4697919290723123,1.647421199297397
all_available,YLP,Tmax,3,2022-01-04,2025-12-31,1235,2.3293927125506073,2.7635247105663683,-1.708987854251012,7.63706882591093,2.1889017946779954,2.4630891460830164
strict_common,CCH,Tmax,3,2022-02-06,2025-12-26,24,1.7250000000000003,2.052640575778754,-0.45,4.213333333333334,1.2748750000000002,2.2611574074074072
strict_common,CWB,Tmax,3,2022-02-06,2025-12-26,24,1.6125,2.038075072218882,1.2291666666666667,4.1537500000000005,1.1730681818181816,2.187534722222222
strict_common,HKP,Tmax,3,2022-02-06,2025-12-26,24,1.5499999999999996,2.040424792373719,0.22499999999999987,4.163333333333333,1.058322368421052,2.2158709273182953
strict_common,HKS,Tmax,3,2022-02-06,2025-12-26,24,1.6624999999999999,2.0492884944129592,-0.9125,4.199583333333333,1.1849583333333338,2.158413461538461
strict_common,HPV,Tmax,3,2022-02-06,2025-12-26,24,1.9208333333333336,2.2354156958680713,-1.2041666666666668,4.997083333333334,1.4588003095975233,2.4875183823529414
strict_common,JKB,Tmax,3,2022-02-06,2025-12-26,24,1.9791666666666663,2.3679280676011536,-0.39583333333333326,5.607083333333333,1.4695448369565216,2.5868076923076915
strict_common,KLT,Tmax,3,2022-02-06,2025-12-26,24,1.9874999999999996,2.297371686659924,-0.9541666666666666,5.277916666666665,1.5679935483870968,2.52004347826087
strict_common,KP,Tmax,3,2022-02-06,2025-12-26,24,1.4708333333333332,1.8946195748311407,-0.13749999999999973,3.5895833333333322,0.9788967611336026,2.0369210526315786
strict_common,KSC,Tmax,3,2022-02-06,2025-12-26,24,1.9333333333333336,2.3439638791301083,-0.4749999999999998,5.494166666666666,1.3688759946949602,2.5600625
strict_common,KTG,Tmax,3,2022-02-06,2025-12-26,24,1.5666666666666664,1.9989580619245952,0.08333333333333355,3.9958333333333336,1.0879874999999997,2.2052786377708977
strict_common,LFS,Tmax,3,2022-02-06,2025-12-26,24,1.9166666666666667,2.249629599141453,-1.4333333333333336,5.060833333333334,1.482294117647059,2.362108150470219
strict_common,NGP,Tmax,3,2022-02-06,2025-12-26,24,3.3958333333333335,3.935680796677156,3.2374999999999994,15.489583333333334,2.543971428571429,4.3333695652173905
strict_common,PEN,Tmax,3,2022-02-06,2025-12-26,24,1.7708333333333333,2.0509144301993683,-0.6708333333333338,4.20625,1.3782361660079048,2.2668421052631573
strict_common,PLC,Tmax,3,2022-02-06,2025-12-26,24,1.7083333333333333,2.1223022090801926,-0.09166666666666685,4.504166666666666,1.2039000000000002,2.321517857142856
strict_common,SEK,Tmax,3,2022-02-06,2025-12-26,24,1.883333333333334,2.313366954606784,-1.3250000000000004,5.3516666666666675,1.3933333333333338,2.5045633971291874
strict_common,SHA,Tmax,3,2022-02-06,2025-12-26,24,1.6458333333333333,1.9998958306205181,-0.3541666666666666,3.9995833333333324,1.2000000000000002,2.200104166666666
strict_common,SKG,Tmax,3,2022-02-06,2025-12-26,24,1.3583333333333327,1.8006943105369102,0.775,3.2424999999999984,0.9176379870129866,1.9666666666666661
strict_common,SKW,Tmax,3,2022-02-06,2025-12-26,24,1.5583333333333333,2.0238165265985284,0.7166666666666673,4.095833333333332,1.0933214285714288,2.2100131578947377
strict_common,SSH,Tmax,3,2022-02-06,2025-12-26,24,2.466666666666667,3.004025077569538,-1.7166666666666666,9.024166666666668,1.8761822660098524,3.305608974358974
strict_common,SSP,Tmax,3,2022-02-06,2025-12-26,24,2.091666666666667,2.412294896289976,-1.458333333333334,5.819166666666668,1.684330842391305,2.594736842105264
strict_common,STY,Tmax,3,2022-02-06,2025-12-26,24,1.4916666666666665,1.9198524248840931,0.20833333333333348,3.6858333333333326,1.0285238095238092,2.09486842105263
strict_common,TKL,Tmax,3,2022-02-06,2025-12-26,24,2.1,2.5653134961117976,-1.1999999999999997,6.580833333333334,1.5726799242424243,2.878304347826087
strict_common,TU1,Tmax,3,2022-02-06,2025-12-26,24,1.5333333333333332,1.865252440466616,-0.5583333333333331,3.4791666666666665,1.130434782608696,2.0916898148148144
strict_common,TW,Tmax,3,2022-02-06,2025-12-26,24,1.9124999999999999,2.1611146815166165,-1.0208333333333333,4.670416666666667,1.5066136363636362,2.380959821428571
strict_common,TWN,Tmax,3,2022-02-06,2025-12-26,24,1.5125,2.009664151046139,0.17083333333333353,4.0387499999999985,0.9705882352941174,2.1591877104377093
strict_common,TY1,Tmax,3,2022-02-06,2025-12-26,24,1.5625,1.9297020495402912,-0.8541666666666669,3.7237500000000003,1.1149821428571431,2.088279411764706
strict_common,WGL,Tmax,3,2022-02-06,2025-12-26,24,1.4749999999999999,1.9899748742132397,0.791666666666667,3.959999999999999,0.955988888888889,2.0842927631578947
strict_common,WLP,Tmax,3,2022-02-06,2025-12-26,24,2.595833333333333,3.2874128632304966,-2.1458333333333335,10.807083333333333,1.9049043062200959,3.483416666666667
strict_common,WTS,Tmax,3,2022-02-06,2025-12-26,24,1.9958333333333336,2.2729386265361415,-1.1541666666666668,5.166250000000002,1.6249702380952384,2.4950357142857142
strict_common,YLP,Tmax,3,2022-02-06,2025-12-26,24,2.420833333333334,2.8716284578614975,-1.979166666666667,8.246250000000002,1.8374448529411762,3.0667647058823526
lowland_available,CCH,Tmax,3,2022-01-04,2025-12-31,1313,1.4712109672505713,1.855579675728831,0.009977151561310014,3.4431759329779132,1.3789449536291198,1.568125744047619
lowland_available,CWB,Tmax,3,2022-01-04,2025-12-31,1260,1.5893650793650795,1.952470961920524,1.2707936507936506,3.8121428571428564,1.490473142948655,1.6885260568626235
lowland_available,HKP,Tmax,3,2022-01-04,2025-12-31,1284,1.3123831775700936,1.6631871779162581,0.5527258566978193,2.7661915887850466,1.2327330909641747,1.392737988247494
lowland_available,HKS,Tmax,3,2022-01-04,2025-12-31,1336,1.272305389221557,1.6293757299840568,-0.2586826347305389,2.654865269461078,1.1892097867069509,1.3608093134535832
lowland_available,HPV,Tmax,3,2022-01-04,2025-12-31,1234,1.613776337115073,2.0028788033254465,-1.106645056726094,4.011523500810372,1.5116721766937207,1.7139794329219253
lowland_available,JKB,Tmax,3,2022-01-04,2025-12-31,1306,1.4620980091883613,1.845168767207847,-0.24234303215926503,3.4046477794793257,1.3774467805850878,1.5518112906170136
lowland_available,KLT,Tmax,3,2022-01-04,2025-12-31,1300,1.6762307692307692,2.0755925937872814,-0.6786923076923077,4.308084615384615,1.5703037487229197,1.7826260247195833
lowland_available,KP,Tmax,3,2022-01-07,2025-12-31,1245,1.2338955823293174,1.6199261225655572,0.14104417670682734,2.624160642570281,1.1434979678594785,1.3236350263284142
lowland_available,KSC,Tmax,3,2022-01-04,2025-12-31,1314,1.436834094368341,1.861776046054439,0.08980213089802133,3.4662100456621006,1.3420429291223592,1.5283477749949725
lowland_available,KTG,Tmax,3,2022-01-07,2025-12-31,1250,1.3693600000000001,1.7612563697542727,0.12072000000000005,3.1020239999999997,1.2795150344136277,1.464750968992248
lowland_available,LFS,Tmax,3,2022-01-04,2025-12-31,1218,1.9535303776683088,2.4898744041497487,-1.1297208538587848,6.199474548440065,1.82067087797392,2.092765354938271
lowland_available,PEN,Tmax,3,2022-01-11,2025-12-31,997,1.345035105315948,1.7105372879421017,-0.25957873620862587,2.9259378134403207,1.2527630601299597,1.438991604989479
lowland_available,PLC,Tmax,3,2022-01-04,2025-12-31,1332,1.6296546546546544,2.06271600015545,-0.08791291291291298,4.254797297297298,1.5282143425886956,1.7415501700526441
lowland_available,SEK,Tmax,3,2022-01-04,2025-12-31,1028,1.9299610894941635,2.3520336427885846,-1.1643968871595332,5.53206225680934,1.7911742608351036,2.0697603295377336
lowland_available,SHA,Tmax,3,2022-01-04,2025-12-31,1337,1.3332086761406132,1.7014556660973683,-0.35071054599850404,2.8949513836948393,1.2543301144195065,1.4200973925846343
lowland_available,SKG,Tmax,3,2022-01-04,2025-12-31,1302,1.3453149001536098,1.681004381209846,0.5271889400921659,2.8257757296466974,1.2696741998892118,1.4233293537578076
lowland_available,SKW,Tmax,3,2022-01-04,2025-12-31,1381,1.4279507603186097,1.7959161976936189,0.8742939898624186,3.2253149891383055,1.345718660538487,1.512627082594825
lowland_available,SSH,Tmax,3,2022-01-04,2025-12-31,1370,2.54978102189781,3.000720108221227,-1.7906569343065692,9.004321167883212,2.4244694627851135,2.6735593501593784
lowland_available,SSP,Tmax,3,2022-01-04,2025-12-31,1350,1.5202962962962967,1.934256484582163,-0.8284444444444445,3.741348148148148,1.4112842166741393,1.6314749929947872
lowland_available,STY,Tmax,3,2022-01-04,2025-12-30,1253,1.2015163607342378,1.5445576777163414,0.3298483639265762,2.385658419792498,1.1320269049006577,1.272731880852319
lowland_available,TKL,Tmax,3,2022-01-04,2025-12-31,1280,1.9412500000000001,2.341290376053342,-0.9662500000000002,5.481640625,1.832227297618805,2.0490666473765433
lowland_available,TU1,Tmax,3,2022-01-04,2025-12-31,1285,1.3648249027237354,1.7492633246565044,-0.32498054474708166,3.0599221789883266,1.2667403995491213,1.4636766223820468
lowland_available,TW,Tmax,3,2022-01-04,2025-12-31,1064,1.6015977443609024,2.0261564970100263,-0.6455827067669172,4.10531015037594,1.4698902573036718,1.7314947539420618
lowland_available,TWN,Tmax,3,2022-01-04,2025-12-31,1300,1.8023846153846157,2.2021685116825536,0.8837692307692306,4.849546153846154,1.7073240607403575,1.9003877826790538
lowland_available,TY1,Tmax,3,2022-01-22,2025-12-31,1000,1.3695,1.7505399167114128,-0.3418999999999999,3.0643900000000004,1.2680975931217977,1.4773262301079204
lowland_available,WGL,Tmax,3,2022-01-04,2025-12-31,1391,1.4788641265276778,1.8480700874606424,0.6081236520488856,3.4153630481667863,1.3891808931003393,1.5706989131386904
lowland_available,WLP,Tmax,3,2022-01-04,2025-12-31,1301,2.250115295926211,2.7767952485592478,-1.6381245196003076,7.7105918524212145,2.0599459023244333,2.4452506139319024
lowland_available,WTS,Tmax,3,2022-01-04,2025-12-30,1298,1.5582434514637904,1.938873276925376,-0.7810477657935285,3.7592295839753462,1.4697919290723123,1.647421199297397
lowland_available,YLP,Tmax,3,2022-01-04,2025-12-31,1235,2.3293927125506073,2.7635247105663683,-1.708987854251012,7.63706882591093,2.1889017946779954,2.4630891460830164
all_available,CCH,Tmax,4,2022-01-05,2025-12-31,1312,1.561356707317073,1.9680934348482246,-0.007545731707317045,3.8733917682926826,1.462478082826917,1.662136220202487
all_available,CWB,Tmax,4,2022-01-05,2025-12-31,1259,1.6198570293884036,2.002877199691802,1.2471803018268468,4.011517077045274,1.516326850234303,1.7279425260470809
all_available,HKP,Tmax,4,2022-01-05,2025-12-31,1283,1.3856586126266563,1.748554686538587,0.5349961028838658,3.057443491816056,1.3021817545309229,1.4743263153937136
all_available,HKS,Tmax,4,2022-01-05,2025-12-31,1335,1.3335580524344568,1.7140551387649674,-0.279625468164794,2.9379850187265917,1.2427465656921453,1.4264203928099017
all_available,HPV,Tmax,4,2022-01-05,2025-12-31,1233,1.6928629359286296,2.108710164144562,-1.1280616382806166,4.446658556366585,1.5823016135352095,1.7990844961837944
all_available,JKB,Tmax,4,2022-01-05,2025-12-31,1305,1.5495019157088121,1.9535428078022015,-0.25892720306513417,3.816329501915709,1.4598934026433,1.6448864353029706
all_available,KLT,Tmax,4,2022-01-05,2025-12-31,1299,1.7616628175519635,2.1944888631033956,-0.6914549653579677,4.815781370284834,1.6509246061515381,1.873391723830238
all_available,KP,Tmax,4,2022-01-07,2025-12-31,1245,1.3153413654618473,1.7141227690774892,0.10971887550200805,2.938216867469879,1.2220949263502454,1.4097601118670413
all_available,KSC,Tmax,4,2022-01-05,2025-12-31,1313,1.5351104341203352,1.975909751231423,0.06732673267326734,3.904219345011424,1.4337657751988047,1.6338344226182229
all_available,KTG,Tmax,4,2022-01-07,2025-12-31,1250,1.46376,1.8734631034530678,0.08872000000000005,3.509864,1.3684939057955416,1.5624227579504208
all_available,LFS,Tmax,4,2022-01-06,2025-12-31,1217,2.036976170912079,2.5699738943390504,-1.1548069022185703,6.604765817584224,1.8994155463688207,2.1807385745513694
all_available,NGP,Tmax,4,2022-01-14,2025-12-31,756,3.8469576719576715,4.43360931233138,3.71574074074074,19.656891534391534,3.583050050123426,4.1361455577500355
all_available,PEN,Tmax,4,2022-01-11,2025-12-31,997,1.4188565697091273,1.806418957037662,-0.2966900702106319,3.2631494483450347,1.3194846236700202,1.5195667640909674
all_available,PLC,Tmax,4,2022-01-05,2025-12-31,1331,1.745154019534185,2.2016283844465216,-0.10668670172802408,4.847167543200601,1.6366110680288166,1.8554237133840425
all_available,SEK,Tmax,4,2022-01-05,2025-12-31,1027,2.0137293086660173,2.465352905051518,-1.1814021421616359,6.077964946445959,1.872210205812374,2.157409159159159
all_available,SHA,Tmax,4,2022-01-05,2025-12-31,1336,1.4297904191616766,1.8234295186765068,-0.3709580838323353,3.3248952095808377,1.345279760397317,1.5186667754993308
all_available,SKG,Tmax,4,2022-01-05,2025-12-31,1301,1.409607993850884,1.7632489577510013,0.49246733282090693,3.1090468870099923,1.334704889259614,1.4903664723674706
all_available,SKW,Tmax,4,2022-01-05,2025-12-31,1380,1.4817391304347827,1.852831753626426,0.8540579710144927,3.4329855072463773,1.3986818352276846,1.5711031664430597
all_available,SSH,Tmax,4,2022-01-05,2025-12-31,1369,2.6538349159970784,3.1243418591109924,-1.8110299488677868,9.761512052593133,2.524729534879175,2.7817161723097197
all_available,SSP,Tmax,4,2022-01-05,2025-12-31,1349,1.5977020014825798,2.039369733595144,-0.8481097108969606,4.159028910303929,1.48016764191496,1.713649109014675
all_available,STY,Tmax,4,2022-01-05,2025-12-30,1252,1.2585463258785943,1.6229755145308795,0.31094249201277946,2.634049520766773,1.1781054824511779,1.3401017087585345
all_available,TKL,Tmax,4,2022-01-06,2025-12-31,1279,2.0429241594996093,2.4795788312957208,-0.9888193901485536,6.148311180609852,1.9257953775600605,2.1563732425216977
all_available,TU1,Tmax,4,2022-01-06,2025-12-31,1284,1.4411214953271028,1.851066881052881,-0.34408099688473515,3.4264485981308406,1.3370942523574314,1.545010646687697
all_available,TW,Tmax,4,2022-01-05,2025-12-31,1063,1.6801505174035747,2.1324090581652593,-0.6575729068673566,4.547168391345249,1.5395100951445035,1.8186095994591853
all_available,TWN,Tmax,4,2022-01-05,2025-12-31,1299,1.8424172440338724,2.27541162769347,0.8635103926096998,5.177498075442648,1.7414030405592191,1.9516127529357419
all_available,TY1,Tmax,4,2022-01-22,2025-12-31,1000,1.4310999999999998,1.8347179619767173,-0.36589999999999995,3.3661899999999996,1.3208430127437778,1.544884380691049
all_available,WGL,Tmax,4,2022-01-05,2025-12-31,1390,1.5551079136690646,1.935239282139728,0.5892086330935252,3.74515107913669,1.4640912084951336,1.651833240406368
all_available,WLP,Tmax,4,2022-01-05,2025-12-31,1300,2.329076923076923,2.868942447877052,-1.6470769230769229,8.23083076923077,2.138892783791094,2.5247964376701786
all_available,WTS,Tmax,4,2022-01-05,2025-12-30,1297,1.6503469545104086,2.06222963228728,-0.8133384734001543,4.252791056283732,1.552388507331384,1.7465477585727203
all_available,YLP,Tmax,4,2022-01-07,2025-12-31,1234,2.4140194489465157,2.8710438921747894,-1.7286061588330632,8.242893030794164,2.2720426511647287,2.5520630463680605
strict_common,CCH,Tmax,4,2022-02-06,2025-12-26,24,1.8500000000000003,2.2184829651513365,-0.4916666666666667,4.921666666666667,1.3797499999999998,2.4450787037037025
strict_common,CWB,Tmax,4,2022-02-06,2025-12-26,24,1.7375,2.1417477286863957,1.1875,4.587083333333334,1.2638772727272727,2.3125625000000003
strict_common,HKP,Tmax,4,2022-02-06,2025-12-26,24,1.7166666666666661,2.227853974867593,0.1833333333333332,4.963333333333333,1.1999999999999997,2.433499999999999
strict_common,HKS,Tmax,4,2022-02-06,2025-12-26,24,1.7874999999999999,2.24155823777419,-0.9541666666666666,5.024583333333333,1.2841507177033489,2.4143452380952373
strict_common,HPV,Tmax,4,2022-02-06,2025-12-26,24,1.9625000000000004,2.38161359866233,-1.2458333333333333,5.672083333333334,1.4571309523809524,2.6456277056277053
strict_common,JKB,Tmax,4,2022-02-06,2025-12-26,24,2.0708333333333333,2.5410791670731814,-0.43749999999999994,6.457083333333333,1.5271723044397463,2.7502717391304334
strict_common,KLT,Tmax,4,2022-02-06,2025-12-26,24,2.1125,2.47546291967112,-0.9958333333333332,6.127916666666667,1.6736602870813395,2.7277976190476196
strict_common,KP,Tmax,4,2022-02-06,2025-12-26,24,1.5541666666666665,2.0160811822278717,-0.1791666666666664,4.064583333333332,1.0694437340153449,2.1500543478260865
strict_common,KSC,Tmax,4,2022-02-06,2025-12-26,24,2.0416666666666665,2.4837807203267093,-0.5166666666666665,6.1691666666666665,1.4822678018575852,2.6852279411764695
strict_common,KTG,Tmax,4,2022-02-06,2025-12-26,24,1.6666666666666667,2.1496123681569506,0.041666666666666886,4.620833333333333,1.1447017543859648,2.3450610632183895
strict_common,LFS,Tmax,4,2022-02-06,2025-12-26,24,1.9916666666666665,2.4140215409146624,-1.4750000000000003,5.827500000000001,1.5181022727272726,2.547628571428572
strict_common,NGP,Tmax,4,2022-02-06,2025-12-26,24,3.4375,3.984082914130511,3.195833333333333,15.872916666666667,2.611,4.343035714285713
strict_common,PEN,Tmax,4,2022-02-06,2025-12-26,24,1.8541666666666667,2.1866069605669876,-0.7125000000000005,4.781249999999999,1.4117483660130716,2.4164076246334294
strict_common,PLC,Tmax,4,2022-02-06,2025-12-26,24,1.8499999999999996,2.3048861143232218,-0.13333333333333353,5.312499999999999,1.3332291666666667,2.537656249999999
strict_common,SEK,Tmax,4,2022-02-06,2025-12-26,24,1.9500000000000004,2.491987158875423,-1.3666666666666671,6.210000000000002,1.4124875000000006,2.718816964285714
strict_common,SHA,Tmax,4,2022-02-06,2025-12-26,24,1.7124999999999997,2.192696209388493,-0.39583333333333326,4.807916666666666,1.1999166666666665,2.3905476190476187
strict_common,SKG,Tmax,4,2022-02-06,2025-12-26,24,1.4833333333333327,1.9280819484658835,0.7333333333333334,3.717499999999998,0.9903145161290318,2.118304195804195
strict_common,SKW,Tmax,4,2022-02-06,2025-12-26,24,1.7,2.1281838892977896,0.6750000000000007,4.529166666666666,1.2404794079794073,2.3611458333333335
strict_common,SSH,Tmax,4,2022-02-06,2025-12-26,24,2.516666666666667,3.183158808479401,-1.758333333333333,10.1325,1.8281036931818182,3.510013157894737
strict_common,SSP,Tmax,4,2022-02-06,2025-12-26,24,2.1500000000000004,2.6272609310839306,-1.5000000000000007,6.902500000000001,1.6346120689655175,2.8274999999999997
strict_common,STY,Tmax,4,2022-02-06,2025-12-26,24,1.683333333333333,2.0802644062714717,0.16666666666666682,4.327499999999998,1.1897371794871792,2.282377450980392
strict_common,TKL,Tmax,4,2022-02-06,2025-12-26,24,2.141666666666667,2.7639042433967695,-1.2416666666666665,7.639166666666668,1.5218716032608697,3.075025
strict_common,TU1,Tmax,4,2022-02-06,2025-12-26,24,1.625,2.1085144849711925,-0.5999999999999998,4.445833333333333,1.1263157894736844,2.322784090909091
strict_common,TW,Tmax,4,2022-02-06,2025-12-26,24,1.9791666666666667,2.328178830473868,-1.0625,5.420416666666668,1.5565149456521739,2.5470665634674927
strict_common,TWN,Tmax,4,2022-02-06,2025-12-26,24,1.6375,2.2016092599126966,0.12916666666666687,4.847083333333331,1.057077922077922,2.3937591911764704
strict_common,TY1,Tmax,4,2022-02-06,2025-12-26,24,1.629166666666667,2.161885750912846,-0.8958333333333335,4.67375,1.1352450980392161,2.2800999999999996
strict_common,WGL,Tmax,4,2022-02-06,2025-12-26,24,1.5999999999999999,2.0960279896349983,0.7500000000000003,4.393333333333332,1.0470361990950228,2.253499999999999
strict_common,WLP,Tmax,4,2022-02-06,2025-12-26,24,2.7125,3.48670092398722,-2.1875,12.157083333333333,1.9862878787878786,3.740029411764706
strict_common,WTS,Tmax,4,2022-02-06,2025-12-26,24,2.0625000000000004,2.481514994245787,-1.1958333333333335,6.157916666666668,1.5930172413793104,2.7080380952380954
strict_common,YLP,Tmax,4,2022-02-06,2025-12-26,24,2.545833333333334,3.0612497447937828,-2.0208333333333335,9.37125,1.9578110047846888,3.3286904761904768
lowland_available,CCH,Tmax,4,2022-01-05,2025-12-31,1312,1.561356707317073,1.9680934348482246,-0.007545731707317045,3.8733917682926826,1.462478082826917,1.662136220202487
lowland_available,CWB,Tmax,4,2022-01-05,2025-12-31,1259,1.6198570293884036,2.002877199691802,1.2471803018268468,4.011517077045274,1.516326850234303,1.7279425260470809
lowland_available,HKP,Tmax,4,2022-01-05,2025-12-31,1283,1.3856586126266563,1.748554686538587,0.5349961028838658,3.057443491816056,1.3021817545309229,1.4743263153937136
lowland_available,HKS,Tmax,4,2022-01-05,2025-12-31,1335,1.3335580524344568,1.7140551387649674,-0.279625468164794,2.9379850187265917,1.2427465656921453,1.4264203928099017
lowland_available,HPV,Tmax,4,2022-01-05,2025-12-31,1233,1.6928629359286296,2.108710164144562,-1.1280616382806166,4.446658556366585,1.5823016135352095,1.7990844961837944
lowland_available,JKB,Tmax,4,2022-01-05,2025-12-31,1305,1.5495019157088121,1.9535428078022015,-0.25892720306513417,3.816329501915709,1.4598934026433,1.6448864353029706
lowland_available,KLT,Tmax,4,2022-01-05,2025-12-31,1299,1.7616628175519635,2.1944888631033956,-0.6914549653579677,4.815781370284834,1.6509246061515381,1.873391723830238
lowland_available,KP,Tmax,4,2022-01-07,2025-12-31,1245,1.3153413654618473,1.7141227690774892,0.10971887550200805,2.938216867469879,1.2220949263502454,1.4097601118670413
lowland_available,KSC,Tmax,4,2022-01-05,2025-12-31,1313,1.5351104341203352,1.975909751231423,0.06732673267326734,3.904219345011424,1.4337657751988047,1.6338344226182229
lowland_available,KTG,Tmax,4,2022-01-07,2025-12-31,1250,1.46376,1.8734631034530678,0.08872000000000005,3.509864,1.3684939057955416,1.5624227579504208
lowland_available,LFS,Tmax,4,2022-01-06,2025-12-31,1217,2.036976170912079,2.5699738943390504,-1.1548069022185703,6.604765817584224,1.8994155463688207,2.1807385745513694
lowland_available,PEN,Tmax,4,2022-01-11,2025-12-31,997,1.4188565697091273,1.806418957037662,-0.2966900702106319,3.2631494483450347,1.3194846236700202,1.5195667640909674
lowland_available,PLC,Tmax,4,2022-01-05,2025-12-31,1331,1.745154019534185,2.2016283844465216,-0.10668670172802408,4.847167543200601,1.6366110680288166,1.8554237133840425
lowland_available,SEK,Tmax,4,2022-01-05,2025-12-31,1027,2.0137293086660173,2.465352905051518,-1.1814021421616359,6.077964946445959,1.872210205812374,2.157409159159159
lowland_available,SHA,Tmax,4,2022-01-05,2025-12-31,1336,1.4297904191616766,1.8234295186765068,-0.3709580838323353,3.3248952095808377,1.345279760397317,1.5186667754993308
lowland_available,SKG,Tmax,4,2022-01-05,2025-12-31,1301,1.409607993850884,1.7632489577510013,0.49246733282090693,3.1090468870099923,1.334704889259614,1.4903664723674706
lowland_available,SKW,Tmax,4,2022-01-05,2025-12-31,1380,1.4817391304347827,1.852831753626426,0.8540579710144927,3.4329855072463773,1.3986818352276846,1.5711031664430597
lowland_available,SSH,Tmax,4,2022-01-05,2025-12-31,1369,2.6538349159970784,3.1243418591109924,-1.8110299488677868,9.761512052593133,2.524729534879175,2.7817161723097197
lowland_available,SSP,Tmax,4,2022-01-05,2025-12-31,1349,1.5977020014825798,2.039369733595144,-0.8481097108969606,4.159028910303929,1.48016764191496,1.713649109014675
lowland_available,STY,Tmax,4,2022-01-05,2025-12-30,1252,1.2585463258785943,1.6229755145308795,0.31094249201277946,2.634049520766773,1.1781054824511779,1.3401017087585345
lowland_available,TKL,Tmax,4,2022-01-06,2025-12-31,1279,2.0429241594996093,2.4795788312957208,-0.9888193901485536,6.148311180609852,1.9257953775600605,2.1563732425216977
lowland_available,TU1,Tmax,4,2022-01-06,2025-12-31,1284,1.4411214953271028,1.851066881052881,-0.34408099688473515,3.4264485981308406,1.3370942523574314,1.545010646687697
lowland_available,TW,Tmax,4,2022-01-05,2025-12-31,1063,1.6801505174035747,2.1324090581652593,-0.6575729068673566,4.547168391345249,1.5395100951445035,1.8186095994591853
lowland_available,TWN,Tmax,4,2022-01-05,2025-12-31,1299,1.8424172440338724,2.27541162769347,0.8635103926096998,5.177498075442648,1.7414030405592191,1.9516127529357419
lowland_available,TY1,Tmax,4,2022-01-22,2025-12-31,1000,1.4310999999999998,1.8347179619767173,-0.36589999999999995,3.3661899999999996,1.3208430127437778,1.544884380691049
lowland_available,WGL,Tmax,4,2022-01-05,2025-12-31,1390,1.5551079136690646,1.935239282139728,0.5892086330935252,3.74515107913669,1.4640912084951336,1.651833240406368
lowland_available,WLP,Tmax,4,2022-01-05,2025-12-31,1300,2.329076923076923,2.868942447877052,-1.6470769230769229,8.23083076923077,2.138892783791094,2.5247964376701786
lowland_available,WTS,Tmax,4,2022-01-05,2025-12-30,1297,1.6503469545104086,2.06222963228728,-0.8133384734001543,4.252791056283732,1.552388507331384,1.7465477585727203
lowland_available,YLP,Tmax,4,2022-01-07,2025-12-31,1234,2.4140194489465157,2.8710438921747894,-1.7286061588330632,8.242893030794164,2.2720426511647287,2.5520630463680605
all_available,CCH,Tmax,5,2022-01-06,2025-12-31,1311,1.6486651411136537,2.076103549839639,-0.03798627002288327,4.31020594965675,1.5454880759950613,1.753959052993279
all_available,CWB,Tmax,5,2022-01-06,2025-12-31,1258,1.6363275039745628,2.043697901569012,1.2093004769475357,4.176701112877583,1.5265323865009606,1.755625933157593
all_available,HKP,Tmax,5,2022-01-06,2025-12-31,1282,1.4295631825273012,1.8131539650818527,0.5102184087363494,3.287527301092044,1.3368167291333177,1.5258317884068715
all_available,HKS,Tmax,5,2022-01-06,2025-12-31,1334,1.3989505247376315,1.7761538893577493,-0.30239880059970015,3.15472263868066,1.304791581545795,1.4910520783170014
all_available,HPV,Tmax,5,2022-01-06,2025-12-31,1232,1.7775974025974026,2.19805108480867,-1.1564935064935067,4.831428571428571,1.662202396111991,1.8881173711436237
all_available,JKB,Tmax,5,2022-01-06,2025-12-31,1304,1.6278374233128834,2.0522974556885676,-0.28627300613496937,4.2119248466257675,1.532525555958599,1.7222399289939692
all_available,KLT,Tmax,5,2022-01-06,2025-12-31,1298,1.8654083204930665,2.315022621500393,-0.7161016949152542,5.359329738058552,1.744350060378371,1.9819038457670781
all_available,KP,Tmax,5,2022-01-07,2025-12-31,1245,1.3951807228915662,1.813665218860531,0.08240963855421687,3.2893815261044175,1.29492740457748,1.4946486596263198
all_available,KSC,Tmax,5,2022-01-07,2025-12-31,1312,1.5974847560975614,2.06579098121005,0.04321646341463415,4.2674923780487815,1.4924915346509253,1.702853315582935
all_available,KTG,Tmax,5,2022-01-07,2025-12-31,1250,1.53832,1.9809755172641583,0.05832000000000005,3.924264,1.435517345070304,1.642932891863242
all_available,LFS,Tmax,5,2022-01-06,2025-12-31,1217,2.1135579293344287,2.6461239695918715,-1.181101068200493,7.001972062448644,1.972921355112122,2.260018677633036
all_available,NGP,Tmax,5,2022-01-14,2025-12-31,756,3.878968253968254,4.483392340438976,3.7117724867724866,20.100806878306877,3.6020145873370764,4.179408868812018
all_available,PEN,Tmax,5,2022-01-11,2025-12-31,997,1.5019057171514545,1.9106311874885251,-0.34282848545636907,3.6505115346038113,1.4012777664842766,1.6028031981981983
all_available,PLC,Tmax,5,2022-01-06,2025-12-31,1330,1.8350375939849626,2.3054397913584617,-0.13639097744360903,5.315052631578948,1.7149300435514638,1.9519653283929874
all_available,SEK,Tmax,5,2022-01-06,2025-12-31,1026,2.1069200779727093,2.556692475299945,-1.1979532163742692,6.536676413255361,1.9573750496540523,2.2512979996853155
all_available,SHA,Tmax,5,2022-01-06,2025-12-31,1335,1.5226966292134831,1.9312567951954922,-0.3980524344569287,3.7297528089887635,1.428232675657788,1.6164491453794136
all_available,SKG,Tmax,5,2022-01-06,2025-12-31,1300,1.473,1.8505113638376576,0.46623076923076917,3.4243923076923077,1.393286960013252,1.5583113168296232
all_available,SKW,Tmax,5,2022-01-06,2025-12-31,1379,1.5211747643219724,1.9122728694393014,0.8248730964467005,3.6567875271936194,1.4287658810052764,1.6183778636558337
all_available,SSH,Tmax,5,2022-01-06,2025-12-31,1368,2.7494152046783626,3.216198493336195,-1.8400584795321635,10.34393274853801,2.616580630127996,2.8832307473714125
all_available,SSP,Tmax,5,2022-01-06,2025-12-31,1348,1.6773738872403563,2.127112320712241,-0.8757418397626113,4.524606824925816,1.554777435265801,1.7946019261637238
all_available,STY,Tmax,5,2022-01-06,2025-12-30,1251,1.3176658673061552,1.6912290783225403,0.2916067146282973,2.860255795363709,1.2386084312080536,1.400886696790721
all_available,TKL,Tmax,5,2022-01-06,2025-12-31,1279,2.13408913213448,2.5783864377476897,-1.016966379984363,6.648076622361221,2.010750426964035,2.255460950342138
all_available,TU1,Tmax,5,2022-01-06,2025-12-31,1284,1.5155763239875388,1.9424267828810389,-0.37445482866043606,3.773021806853582,1.4060070370168025,1.624253336350297
all_available,TW,Tmax,5,2022-01-06,2025-12-31,1062,1.753295668549906,2.217419480509354,-0.6966101694915254,4.916949152542373,1.606578284428671,1.8955794356172826
all_available,TWN,Tmax,5,2022-01-06,2025-12-31,1298,1.876271186440678,2.3303980363243015,0.8422187981510014,5.43075500770416,1.7689494292429075,1.9920306022971666
all_available,TY1,Tmax,5,2022-01-22,2025-12-31,1000,1.4923,1.9132145723885756,-0.3969,3.66039,1.3774214632747392,1.604208355795148
all_available,WGL,Tmax,5,2022-01-06,2025-12-31,1389,1.605399568034557,2.011713359489552,0.5570194384449244,4.0469906407487395,1.505922124635141,1.713190953009365
all_available,WLP,Tmax,5,2022-01-06,2025-12-31,1299,2.4054657428791377,2.9505326302475465,-1.6718244803695153,8.705642802155506,2.2047048258345425,2.6067943942892753
all_available,WTS,Tmax,5,2022-01-06,2025-12-30,1296,1.7497685185185183,2.1806723252528006,-0.8428240740740742,4.755331790123456,1.646158610109596,1.8509086623271185
all_available,YLP,Tmax,5,2022-01-07,2025-12-31,1234,2.5049432739059965,2.9636000819451036,-1.761831442463533,8.782925445705024,2.35970496600658,2.647600455378623
strict_common,CCH,Tmax,5,2022-02-06,2025-12-26,24,1.8083333333333336,2.1748563170931545,-0.3666666666666667,4.73,1.3349870689655172,2.392857142857143
strict_common,CWB,Tmax,5,2022-02-06,2025-12-26,24,1.6958333333333335,2.2087892611111637,1.3125,4.878750000000001,1.1607763975155276,2.3500500000000004
strict_common,HKP,Tmax,5,2022-02-06,2025-12-26,24,1.7,2.21472345903501,0.3083333333333332,4.904999999999999,1.1749107142857143,2.4212406015037584
strict_common,HKS,Tmax,5,2022-02-06,2025-12-26,24,1.7958333333333334,2.211617055459647,-0.8291666666666666,4.89125,1.3076000000000005,2.3742810457516326
strict_common,HPV,Tmax,5,2022-02-06,2025-12-26,24,1.9208333333333336,2.274221478513765,-1.1208333333333333,5.172083333333334,1.454116847826087,2.5037198067632853
strict_common,JKB,Tmax,5,2022-02-06,2025-12-26,24,2.0291666666666663,2.5328672816921665,-0.31249999999999994,6.415416666666665,1.4599473684210527,2.7263931888544883
strict_common,KLT,Tmax,5,2022-02-06,2025-12-26,24,2.0708333333333333,2.412381257872257,-0.8708333333333332,5.819583333333333,1.6198448275862065,2.6539999999999986
strict_common,KP,Tmax,5,2022-02-06,2025-12-26,24,1.5374999999999996,2.0077973005261263,-0.0541666666666664,4.031249999999999,1.05,2.1041940789473683
strict_common,KSC,Tmax,5,2022-02-06,2025-12-26,24,2.0,2.4482987290497595,-0.39166666666666644,5.9941666666666675,1.4399210526315789,2.63660839160839
strict_common,KTG,Tmax,5,2022-02-06,2025-12-26,24,1.625,2.1631381524689233,0.16666666666666688,4.679166666666666,1.0965526315789471,2.3644494047619045
strict_common,LFS,Tmax,5,2022-02-06,2025-12-26,24,1.95,2.324327859833892,-1.3500000000000003,5.402500000000001,1.531237980769231,2.447058823529412
strict_common,NGP,Tmax,5,2022-02-06,2025-12-26,24,3.4791666666666665,4.037067830327683,3.320833333333333,16.297916666666666,2.6737318840579714,4.41447204968944
strict_common,PEN,Tmax,5,2022-02-06,2025-12-26,24,1.8125,2.1050534435020882,-0.5875000000000005,4.4312499999999995,1.4049836956521737,2.3334210526315786
strict_common,PLC,Tmax,5,2022-02-06,2025-12-26,24,1.808333333333333,2.2812642693617646,-0.008333333333333526,5.204166666666667,1.275975,2.4842105263157888
strict_common,SEK,Tmax,5,2022-02-06,2025-12-26,24,1.9083333333333339,2.382575637134458,-1.2416666666666671,5.6766666666666685,1.409015151515152,2.5840250000000005
strict_common,SHA,Tmax,5,2022-02-06,2025-12-26,24,1.6708333333333332,2.142720233721612,-0.27083333333333326,4.59125,1.16921875,2.331822727272727
strict_common,SKG,Tmax,5,2022-02-06,2025-12-26,24,1.4916666666666663,1.964476181241876,0.8583333333333334,3.8591666666666646,0.999838709677419,2.147984601449274
strict_common,SKW,Tmax,5,2022-02-06,2025-12-26,24,1.7249999999999999,2.1861305237031634,0.8000000000000007,4.779166666666667,1.2486280846063453,2.4
strict_common,SSH,Tmax,5,2022-02-06,2025-12-26,24,2.475,3.0874746962525865,-1.633333333333333,9.5325,1.8042391304347827,3.4000000000000004
strict_common,SSP,Tmax,5,2022-02-06,2025-12-26,24,2.108333333333334,2.5401771591761078,-1.3750000000000007,6.452500000000001,1.628560267857143,2.7189062499999994
strict_common,STY,Tmax,5,2022-02-06,2025-12-26,24,1.7249999999999996,2.137560915311343,0.2916666666666668,4.569166666666665,1.2439810810810812,2.3685287081339705
strict_common,TKL,Tmax,5,2022-02-06,2025-12-26,24,2.1,2.6672395218027694,-1.1166666666666665,7.114166666666667,1.4902520161290325,2.9439062499999995
strict_common,TU1,Tmax,5,2022-02-06,2025-12-26,24,1.5833333333333333,2.062563130346964,-0.4749999999999998,4.254166666666666,1.085671428571429,2.2581781376518206
strict_common,TW,Tmax,5,2022-02-06,2025-12-26,24,1.9541666666666666,2.275686709545055,-0.9375,5.17875,1.5239999999999998,2.4846249999999994
strict_common,TWN,Tmax,5,2022-02-06,2025-12-26,24,1.6791666666666665,2.1826016585717145,0.2541666666666669,4.763749999999999,1.1199310344827589,2.38
strict_common,TY1,Tmax,5,2022-02-06,2025-12-26,24,1.5875000000000004,2.095332113691447,-0.7708333333333335,4.390416666666667,1.1,2.200217391304347
strict_common,WGL,Tmax,5,2022-02-06,2025-12-26,24,1.6416666666666666,2.1606326234076287,0.8750000000000003,4.668333333333332,1.0837980030721968,2.325041666666666
strict_common,WLP,Tmax,5,2022-02-06,2025-12-26,24,2.670833333333333,3.353915622075189,-2.0625,11.248750000000001,1.9998958333333334,3.6
strict_common,WTS,Tmax,5,2022-02-06,2025-12-26,24,2.0208333333333335,2.4254724625661424,-1.0708333333333335,5.8829166666666675,1.557114285714286,2.6462499999999998
strict_common,YLP,Tmax,5,2022-02-06,2025-12-26,24,2.504166666666667,2.9432833140332697,-1.8958333333333337,8.662916666666668,1.9577708978328172,3.1695760869565217
lowland_available,CCH,Tmax,5,2022-01-06,2025-12-31,1311,1.6486651411136537,2.076103549839639,-0.03798627002288327,4.31020594965675,1.5454880759950613,1.753959052993279
lowland_available,CWB,Tmax,5,2022-01-06,2025-12-31,1258,1.6363275039745628,2.043697901569012,1.2093004769475357,4.176701112877583,1.5265323865009606,1.755625933157593
lowland_available,HKP,Tmax,5,2022-01-06,2025-12-31,1282,1.4295631825273012,1.8131539650818527,0.5102184087363494,3.287527301092044,1.3368167291333177,1.5258317884068715
lowland_available,HKS,Tmax,5,2022-01-06,2025-12-31,1334,1.3989505247376315,1.7761538893577493,-0.30239880059970015,3.15472263868066,1.304791581545795,1.4910520783170014
lowland_available,HPV,Tmax,5,2022-01-06,2025-12-31,1232,1.7775974025974026,2.19805108480867,-1.1564935064935067,4.831428571428571,1.662202396111991,1.8881173711436237
lowland_available,JKB,Tmax,5,2022-01-06,2025-12-31,1304,1.6278374233128834,2.0522974556885676,-0.28627300613496937,4.2119248466257675,1.532525555958599,1.7222399289939692
lowland_available,KLT,Tmax,5,2022-01-06,2025-12-31,1298,1.8654083204930665,2.315022621500393,-0.7161016949152542,5.359329738058552,1.744350060378371,1.9819038457670781
lowland_available,KP,Tmax,5,2022-01-07,2025-12-31,1245,1.3951807228915662,1.813665218860531,0.08240963855421687,3.2893815261044175,1.29492740457748,1.4946486596263198
lowland_available,KSC,Tmax,5,2022-01-07,2025-12-31,1312,1.5974847560975614,2.06579098121005,0.04321646341463415,4.2674923780487815,1.4924915346509253,1.702853315582935
lowland_available,KTG,Tmax,5,2022-01-07,2025-12-31,1250,1.53832,1.9809755172641583,0.05832000000000005,3.924264,1.435517345070304,1.642932891863242
lowland_available,LFS,Tmax,5,2022-01-06,2025-12-31,1217,2.1135579293344287,2.6461239695918715,-1.181101068200493,7.001972062448644,1.972921355112122,2.260018677633036
lowland_available,PEN,Tmax,5,2022-01-11,2025-12-31,997,1.5019057171514545,1.9106311874885251,-0.34282848545636907,3.6505115346038113,1.4012777664842766,1.6028031981981983
lowland_available,PLC,Tmax,5,2022-01-06,2025-12-31,1330,1.8350375939849626,2.3054397913584617,-0.13639097744360903,5.315052631578948,1.7149300435514638,1.9519653283929874
lowland_available,SEK,Tmax,5,2022-01-06,2025-12-31,1026,2.1069200779727093,2.556692475299945,-1.1979532163742692,6.536676413255361,1.9573750496540523,2.2512979996853155
lowland_available,SHA,Tmax,5,2022-01-06,2025-12-31,1335,1.5226966292134831,1.9312567951954922,-0.3980524344569287,3.7297528089887635,1.428232675657788,1.6164491453794136
lowland_available,SKG,Tmax,5,2022-01-06,2025-12-31,1300,1.473,1.8505113638376576,0.46623076923076917,3.4243923076923077,1.393286960013252,1.5583113168296232
lowland_available,SKW,Tmax,5,2022-01-06,2025-12-31,1379,1.5211747643219724,1.9122728694393014,0.8248730964467005,3.6567875271936194,1.4287658810052764,1.6183778636558337
lowland_available,SSH,Tmax,5,2022-01-06,2025-12-31,1368,2.7494152046783626,3.216198493336195,-1.8400584795321635,10.34393274853801,2.616580630127996,2.8832307473714125
lowland_available,SSP,Tmax,5,2022-01-06,2025-12-31,1348,1.6773738872403563,2.127112320712241,-0.8757418397626113,4.524606824925816,1.554777435265801,1.7946019261637238
lowland_available,STY,Tmax,5,2022-01-06,2025-12-30,1251,1.3176658673061552,1.6912290783225403,0.2916067146282973,2.860255795363709,1.2386084312080536,1.400886696790721
lowland_available,TKL,Tmax,5,2022-01-06,2025-12-31,1279,2.13408913213448,2.5783864377476897,-1.016966379984363,6.648076622361221,2.010750426964035,2.255460950342138
lowland_available,TU1,Tmax,5,2022-01-06,2025-12-31,1284,1.5155763239875388,1.9424267828810389,-0.37445482866043606,3.773021806853582,1.4060070370168025,1.624253336350297
lowland_available,TW,Tmax,5,2022-01-06,2025-12-31,1062,1.753295668549906,2.217419480509354,-0.6966101694915254,4.916949152542373,1.606578284428671,1.8955794356172826
lowland_available,TWN,Tmax,5,2022-01-06,2025-12-31,1298,1.876271186440678,2.3303980363243015,0.8422187981510014,5.43075500770416,1.7689494292429075,1.9920306022971666
lowland_available,TY1,Tmax,5,2022-01-22,2025-12-31,1000,1.4923,1.9132145723885756,-0.3969,3.66039,1.3774214632747392,1.604208355795148
lowland_available,WGL,Tmax,5,2022-01-06,2025-12-31,1389,1.605399568034557,2.011713359489552,0.5570194384449244,4.0469906407487395,1.505922124635141,1.713190953009365
lowland_available,WLP,Tmax,5,2022-01-06,2025-12-31,1299,2.4054657428791377,2.9505326302475465,-1.6718244803695153,8.705642802155506,2.2047048258345425,2.6067943942892753
lowland_available,WTS,Tmax,5,2022-01-06,2025-12-30,1296,1.7497685185185183,2.1806723252528006,-0.8428240740740742,4.755331790123456,1.646158610109596,1.8509086623271185
lowland_available,YLP,Tmax,5,2022-01-07,2025-12-31,1234,2.5049432739059965,2.9636000819451036,-1.761831442463533,8.782925445705024,2.35970496600658,2.647600455378623
all_available,CCH,Tmax,6,2022-01-07,2025-12-31,1310,1.719618320610687,2.1768788498025233,-0.05213740458015268,4.738801526717557,1.6100098215952383,1.8306221653690542
all_available,CWB,Tmax,6,2022-01-07,2025-12-31,1257,1.667621320604614,2.1120181166504386,1.1858392999204455,4.4606205250596656,1.5501553801872472,1.7955299115506123
all_available,HKP,Tmax,6,2022-01-07,2025-12-31,1281,1.4651834504293522,1.8911045308507448,0.4903200624512099,3.5762763466042156,1.3649109243881001,1.5682249172904927
all_available,HKS,Tmax,6,2022-01-07,2025-12-31,1333,1.452888222055514,1.8516937361300074,-0.3255063765941485,3.428769692423106,1.3537349084514907,1.551379699016425
all_available,HPV,Tmax,6,2022-01-07,2025-12-31,1231,1.8618196588139722,2.3026968260333107,-1.1822095857026806,5.302412672623882,1.7377100751311354,1.9815383870655434
all_available,JKB,Tmax,6,2022-01-07,2025-12-31,1303,1.7165003837298545,2.1639160374278865,-0.30023023791250963,4.682532617037606,1.6140554111723633,1.8192768954852951
all_available,KLT,Tmax,6,2022-01-07,2025-12-31,1297,1.966461063993832,2.4434151435252107,-0.7285273708558212,5.9702775636083265,1.8392450612258462,2.0881552499593137
all_available,KP,Tmax,6,2022-01-07,2025-12-31,1245,1.4637751004016064,1.9254123847647864,0.05510040160642572,3.707212851405622,1.3558854364317097,1.5755014048644274
all_available,KSC,Tmax,6,2022-01-07,2025-12-31,1312,1.6738567073170734,2.173662681102915,0.023399390243902442,4.724809451219513,1.5608169072702,1.7859259504862948
all_available,KTG,Tmax,6,2022-01-07,2025-12-31,1250,1.62936,2.1100388622013577,0.04072000000000004,4.4522639999999996,1.5144165895244117,1.7415939878269902
all_available,LFS,Tmax,6,2022-01-07,2025-12-31,1216,2.1986019736842106,2.7536085773705055,-1.2096217105263156,7.582360197368419,2.0552272644204086,2.351793676342713
all_available,NGP,Tmax,6,2022-01-14,2025-12-31,756,3.8951058201058197,4.538578023587396,3.7130952380952373,20.598690476190477,3.613440602836879,4.203508763653365
all_available,PEN,Tmax,6,2022-01-11,2025-12-31,997,1.5679037111334002,2.0200499512181,-0.35887662988966895,4.080601805416249,1.4594191532317924,1.6734152230807575
all_available,PLC,Tmax,6,2022-01-07,2025-12-31,1329,1.9216704288939057,2.428221642709929,-0.1558314522197141,5.8962603461249055,1.7967466012084596,2.045308847246755
all_available,SEK,Tmax,6,2022-01-07,2025-12-31,1025,2.1727804878048778,2.6601063613431957,-1.2151219512195122,7.076165853658537,2.0204215920242663,2.3281978506949423
all_available,SHA,Tmax,6,2022-01-07,2025-12-31,1334,1.6082458770614694,2.0574907936166063,-0.41619190404797596,4.233268365817092,1.502783365192458,1.710978921016187
all_available,SKG,Tmax,6,2022-01-07,2025-12-31,1299,1.513548883756736,1.9344273669164445,0.43979984603541183,3.7420092378752887,1.424217791411043,1.6092643196337373
all_available,SKW,Tmax,6,2022-01-07,2025-12-31,1378,1.5546444121915821,1.9844588489250472,0.80166908563135,3.938076923076923,1.4598296098290062,1.6556927540915
all_available,SSH,Tmax,6,2022-01-07,2025-12-31,1367,2.83811265544989,3.327512718603079,-1.8618141916605708,11.072340892465252,2.6953024110695027,2.9760837537517504
all_available,SSP,Tmax,6,2022-01-07,2025-12-31,1347,1.7634743875278398,2.2342013183259035,-0.8898292501855978,4.991655530809206,1.6335223169726891,1.8865910364425091
all_available,STY,Tmax,6,2022-01-07,2025-12-30,1250,1.36632,1.7694586742843135,0.27863999999999994,3.130984,1.2791277591457182,1.4585596196138817
all_available,TKL,Tmax,6,2022-01-07,2025-12-31,1278,2.223552425665102,2.7071646087913335,-1.0401408450704226,7.3287402190923325,2.091530291014827,2.35742330254027
all_available,TU1,Tmax,6,2022-01-07,2025-12-31,1283,1.5909586905689788,2.0542448874652988,-0.4035853468433359,4.219922057677318,1.472797855879752,1.709492814549345
all_available,TW,Tmax,6,2022-01-07,2025-12-31,1061,1.8276154571159282,2.3250449713405312,-0.7169651272384542,5.405834118755891,1.6721479703464535,1.9763845083487943
all_available,TWN,Tmax,6,2022-01-07,2025-12-31,1297,1.9405551272166535,2.419534673015545,0.8287586738627603,5.854148033924441,1.8225423462109125,2.0643929647388424
all_available,TY1,Tmax,6,2022-01-22,2025-12-31,1000,1.5539,1.9940386154736323,-0.4059,3.97619,1.4306716304347824,1.6824538778256337
all_available,WGL,Tmax,6,2022-01-07,2025-12-31,1388,1.661455331412104,2.0982753313124176,0.5356628242074928,4.402759365994236,1.559448870425475,1.7694266537133994
all_available,WLP,Tmax,6,2022-01-07,2025-12-31,1298,2.4975346687211095,3.0683959863618853,-1.6926040061633283,9.415053929121726,2.2891756486049455,2.70152812493293
all_available,WTS,Tmax,6,2022-01-07,2025-12-30,1295,1.8424710424710424,2.306957748649518,-0.8593050193050192,5.322054054054053,1.7292800011039964,1.948549673594303
all_available,YLP,Tmax,6,2022-01-07,2025-12-31,1234,2.582414910858995,3.0619124647274227,-1.7780388978930308,9.37530794165316,2.430509013605442,2.7281728928965774
strict_common,CCH,Tmax,6,2022-02-06,2025-12-26,24,1.816666666666667,2.2278539748675934,-0.45,4.963333333333335,1.329020737327189,2.426184782608695
strict_common,CWB,Tmax,6,2022-02-06,2025-12-26,24,1.6375000000000002,2.1803096110415146,1.2291666666666667,4.753750000000001,1.1142546583850934,2.360863095238094
strict_common,HKP,Tmax,6,2022-02-06,2025-12-26,24,1.6416666666666664,2.2222361110677085,0.22499999999999987,4.9383333333333335,1.0701801801801802,2.4003703703703683
strict_common,HKS,Tmax,6,2022-02-06,2025-12-26,24,1.7958333333333334,2.2820860340194598,-0.9125,5.207916666666666,1.2863636363636364,2.43076923076923
strict_common,HPV,Tmax,6,2022-02-06,2025-12-26,24,2.004166666666667,2.379863441460455,-1.2041666666666668,5.66375,1.5255468749999999,2.6235364145658266
strict_common,JKB,Tmax,6,2022-02-06,2025-12-26,24,2.0624999999999996,2.57690059308982,-0.39583333333333326,6.640416666666667,1.474951923076923,2.785624999999997
strict_common,KLT,Tmax,6,2022-02-06,2025-12-26,24,2.0708333333333333,2.540259173129125,-0.9541666666666666,6.452916666666666,1.5199729729729723,2.740124999999999
strict_common,KP,Tmax,6,2022-02-06,2025-12-26,24,1.5791666666666664,2.1030731481968634,-0.13749999999999973,4.422916666666667,1.0210263157894734,2.2473746867167916
strict_common,KSC,Tmax,6,2022-02-06,2025-12-26,24,2.016666666666667,2.510478042126638,-0.4749999999999998,6.302499999999999,1.408609839816934,2.7289097744360884
strict_common,KTG,Tmax,6,2022-02-06,2025-12-26,24,1.6499999999999997,2.2351360883251234,0.08333333333333355,4.995833333333334,1.0624553571428572,2.4590634674922582
strict_common,LFS,Tmax,6,2022-02-06,2025-12-26,24,2.1166666666666667,2.5187629238708964,-1.4333333333333336,6.344166666666666,1.5959809523809527,2.6684605263157892
strict_common,NGP,Tmax,6,2022-02-06,2025-12-26,24,3.3958333333333335,4.091403589641742,3.2374999999999994,16.739583333333336,2.499807692307692,4.5
strict_common,PEN,Tmax,6,2022-02-06,2025-12-26,24,1.8541666666666667,2.207468384069558,-0.6708333333333338,4.872916666666666,1.3906524547803618,2.446684210526315
strict_common,PLC,Tmax,6,2022-02-06,2025-12-26,24,1.8166666666666664,2.3514180118955172,-0.09166666666666685,5.529166666666666,1.2208125000000003,2.5814555921052618
strict_common,SEK,Tmax,6,2022-02-06,2025-12-26,24,2.0750000000000006,2.567748689676101,-1.3250000000000004,6.593333333333335,1.4999358974358976,2.7634999999999996
strict_common,SHA,Tmax,6,2022-02-06,2025-12-26,24,1.7291666666666667,2.234110561274889,-0.3541666666666666,4.99125,1.1736602870813395,2.476617647058822
strict_common,SKG,Tmax,6,2022-02-06,2025-12-26,24,1.4999999999999998,1.9918584287042087,0.775,3.967499999999999,1.0199761904761901,2.2106203007518794
strict_common,SKW,Tmax,6,2022-02-06,2025-12-26,24,1.6416666666666666,2.168909095989656,0.7166666666666673,4.704166666666667,1.1000000000000003,2.4417187499999997
strict_common,SSH,Tmax,6,2022-02-06,2025-12-26,24,2.6333333333333333,3.2645826685810855,-1.7166666666666666,10.6575,1.9071113445378152,3.5858214285714283
strict_common,SSP,Tmax,6,2022-02-06,2025-12-26,24,2.216666666666667,2.668176655820725,-1.458333333333334,7.119166666666668,1.7090636363636365,2.85
strict_common,STY,Tmax,6,2022-02-06,2025-12-26,24,1.6583333333333332,2.1120684963640106,0.20833333333333348,4.4608333333333325,1.1434098228663447,2.368781249999999
strict_common,TKL,Tmax,6,2022-02-06,2025-12-26,24,2.266666666666667,2.8500000000000005,-1.1999999999999997,8.122500000000002,1.6187357954545454,3.1313511029411765
strict_common,TU1,Tmax,6,2022-02-06,2025-12-26,24,1.675,2.210769096943414,-0.5583333333333331,4.887499999999998,1.1388166666666673,2.405298245614035
strict_common,TW,Tmax,6,2022-02-06,2025-12-26,24,2.0124999999999997,2.410826276058342,-1.0208333333333333,5.812083333333334,1.5399615384615384,2.612582236842105
strict_common,TWN,Tmax,6,2022-02-06,2025-12-26,24,1.745833333333333,2.3463624329303148,0.17083333333333353,5.505416666666666,1.149959677419355,2.495124999999999
strict_common,TY1,Tmax,6,2022-02-06,2025-12-26,24,1.6458333333333333,2.2301905748164215,-0.8541666666666669,4.973750000000001,1.1,2.3167187499999997
strict_common,WGL,Tmax,6,2022-02-06,2025-12-26,24,1.5583333333333333,2.1236760581595298,0.791666666666667,4.509999999999998,1.02,2.3045508658008655
strict_common,WLP,Tmax,6,2022-02-06,2025-12-26,24,2.8375,3.5140788266628284,-2.1458333333333335,12.34875,2.105227732793523,3.766799999999999
strict_common,WTS,Tmax,6,2022-02-06,2025-12-26,24,2.079166666666667,2.539602987345332,-1.1541666666666668,6.449583333333334,1.569771739130435,2.7388043478260853
strict_common,YLP,Tmax,6,2022-02-06,2025-12-26,24,2.654166666666667,3.104499422880711,-1.979166666666667,9.637916666666667,2.0639909090909097,3.342137096774193
lowland_available,CCH,Tmax,6,2022-01-07,2025-12-31,1310,1.719618320610687,2.1768788498025233,-0.05213740458015268,4.738801526717557,1.6100098215952383,1.8306221653690542
lowland_available,CWB,Tmax,6,2022-01-07,2025-12-31,1257,1.667621320604614,2.1120181166504386,1.1858392999204455,4.4606205250596656,1.5501553801872472,1.7955299115506123
lowland_available,HKP,Tmax,6,2022-01-07,2025-12-31,1281,1.4651834504293522,1.8911045308507448,0.4903200624512099,3.5762763466042156,1.3649109243881001,1.5682249172904927
lowland_available,HKS,Tmax,6,2022-01-07,2025-12-31,1333,1.452888222055514,1.8516937361300074,-0.3255063765941485,3.428769692423106,1.3537349084514907,1.551379699016425
lowland_available,HPV,Tmax,6,2022-01-07,2025-12-31,1231,1.8618196588139722,2.3026968260333107,-1.1822095857026806,5.302412672623882,1.7377100751311354,1.9815383870655434
lowland_available,JKB,Tmax,6,2022-01-07,2025-12-31,1303,1.7165003837298545,2.1639160374278865,-0.30023023791250963,4.682532617037606,1.6140554111723633,1.8192768954852951
lowland_available,KLT,Tmax,6,2022-01-07,2025-12-31,1297,1.966461063993832,2.4434151435252107,-0.7285273708558212,5.9702775636083265,1.8392450612258462,2.0881552499593137
lowland_available,KP,Tmax,6,2022-01-07,2025-12-31,1245,1.4637751004016064,1.9254123847647864,0.05510040160642572,3.707212851405622,1.3558854364317097,1.5755014048644274
lowland_available,KSC,Tmax,6,2022-01-07,2025-12-31,1312,1.6738567073170734,2.173662681102915,0.023399390243902442,4.724809451219513,1.5608169072702,1.7859259504862948
lowland_available,KTG,Tmax,6,2022-01-07,2025-12-31,1250,1.62936,2.1100388622013577,0.04072000000000004,4.4522639999999996,1.5144165895244117,1.7415939878269902
lowland_available,LFS,Tmax,6,2022-01-07,2025-12-31,1216,2.1986019736842106,2.7536085773705055,-1.2096217105263156,7.582360197368419,2.0552272644204086,2.351793676342713
lowland_available,PEN,Tmax,6,2022-01-11,2025-12-31,997,1.5679037111334002,2.0200499512181,-0.35887662988966895,4.080601805416249,1.4594191532317924,1.6734152230807575
lowland_available,PLC,Tmax,6,2022-01-07,2025-12-31,1329,1.9216704288939057,2.428221642709929,-0.1558314522197141,5.8962603461249055,1.7967466012084596,2.045308847246755
lowland_available,SEK,Tmax,6,2022-01-07,2025-12-31,1025,2.1727804878048778,2.6601063613431957,-1.2151219512195122,7.076165853658537,2.0204215920242663,2.3281978506949423
lowland_available,SHA,Tmax,6,2022-01-07,2025-12-31,1334,1.6082458770614694,2.0574907936166063,-0.41619190404797596,4.233268365817092,1.502783365192458,1.710978921016187
lowland_available,SKG,Tmax,6,2022-01-07,2025-12-31,1299,1.513548883756736,1.9344273669164445,0.43979984603541183,3.7420092378752887,1.424217791411043,1.6092643196337373
lowland_available,SKW,Tmax,6,2022-01-07,2025-12-31,1378,1.5546444121915821,1.9844588489250472,0.80166908563135,3.938076923076923,1.4598296098290062,1.6556927540915
lowland_available,SSH,Tmax,6,2022-01-07,2025-12-31,1367,2.83811265544989,3.327512718603079,-1.8618141916605708,11.072340892465252,2.6953024110695027,2.9760837537517504
lowland_available,SSP,Tmax,6,2022-01-07,2025-12-31,1347,1.7634743875278398,2.2342013183259035,-0.8898292501855978,4.991655530809206,1.6335223169726891,1.8865910364425091
lowland_available,STY,Tmax,6,2022-01-07,2025-12-30,1250,1.36632,1.7694586742843135,0.27863999999999994,3.130984,1.2791277591457182,1.4585596196138817
lowland_available,TKL,Tmax,6,2022-01-07,2025-12-31,1278,2.223552425665102,2.7071646087913335,-1.0401408450704226,7.3287402190923325,2.091530291014827,2.35742330254027
lowland_available,TU1,Tmax,6,2022-01-07,2025-12-31,1283,1.5909586905689788,2.0542448874652988,-0.4035853468433359,4.219922057677318,1.472797855879752,1.709492814549345
lowland_available,TW,Tmax,6,2022-01-07,2025-12-31,1061,1.8276154571159282,2.3250449713405312,-0.7169651272384542,5.405834118755891,1.6721479703464535,1.9763845083487943
lowland_available,TWN,Tmax,6,2022-01-07,2025-12-31,1297,1.9405551272166535,2.419534673015545,0.8287586738627603,5.854148033924441,1.8225423462109125,2.0643929647388424
lowland_available,TY1,Tmax,6,2022-01-22,2025-12-31,1000,1.5539,1.9940386154736323,-0.4059,3.97619,1.4306716304347824,1.6824538778256337
lowland_available,WGL,Tmax,6,2022-01-07,2025-12-31,1388,1.661455331412104,2.0982753313124176,0.5356628242074928,4.402759365994236,1.559448870425475,1.7694266537133994
lowland_available,WLP,Tmax,6,2022-01-07,2025-12-31,1298,2.4975346687211095,3.0683959863618853,-1.6926040061633283,9.415053929121726,2.2891756486049455,2.70152812493293
lowland_available,WTS,Tmax,6,2022-01-07,2025-12-30,1295,1.8424710424710424,2.306957748649518,-0.8593050193050192,5.322054054054053,1.7292800011039964,1.948549673594303
lowland_available,YLP,Tmax,6,2022-01-07,2025-12-31,1234,2.582414910858995,3.0619124647274227,-1.7780388978930308,9.37530794165316,2.430509013605442,2.7281728928965774
all_available,CCH,Tmax,7,2022-01-08,2025-12-31,1309,1.8333842627960275,2.300295593321418,-0.07830404889228415,5.291359816653934,1.7171157997426212,1.9537824175988565
all_available,CWB,Tmax,7,2022-01-08,2025-12-31,1256,1.7106687898089172,2.1882066647470277,1.1512738853503184,4.788248407643311,1.592516158357204,1.84844062711354
all_available,HKP,Tmax,7,2022-01-08,2025-12-31,1280,1.533359375,1.9876120251447464,0.458828125,3.9506015625,1.4336058421851292,1.637048611111111
all_available,HKS,Tmax,7,2022-01-08,2025-12-31,1332,1.5262762762762763,1.9608518403846682,-0.35330330330330334,3.8449399399399407,1.415385828499335,1.6356152920737812
all_available,HPV,Tmax,7,2022-01-08,2025-12-31,1230,1.9594308943089427,2.423434034655205,-1.2109756097560975,5.873032520325204,1.8255666287128975,2.0872567894685887
all_available,JKB,Tmax,7,2022-01-08,2025-12-31,1302,1.8005376344086024,2.2739238436450306,-0.3200460829493088,5.1707296466973895,1.689047706857918,1.9121073348694322
all_available,KLT,Tmax,7,2022-01-08,2025-12-31,1296,2.0676697530864194,2.5691501332945506,-0.7494598765432099,6.600532407407408,1.9343094437261386,2.1982489924247353
all_available,KP,Tmax,7,2022-01-15,2025-12-31,1244,1.5529742765273313,2.0506978656872894,0.03754019292604504,4.205361736334405,1.4300854572003363,1.6729563977180113
all_available,KSC,Tmax,7,2022-01-08,2025-12-31,1311,1.7491990846681924,2.2790894377231257,-0.0015255530129671682,5.194248665141114,1.6273714780872455,1.8668317298232169
all_available,KTG,Tmax,7,2022-01-13,2025-12-31,1249,1.7302642113690951,2.245673716360478,0.026661329063250656,5.043050440352282,1.612748640054686,1.8514093604234312
all_available,LFS,Tmax,7,2022-01-08,2025-12-31,1215,2.2846090534979426,2.848137070729313,-1.2337448559670783,8.111884773662553,2.1285586838141577,2.4503719883842403
all_available,NGP,Tmax,7,2022-01-14,2025-12-31,756,3.8993386243386237,4.593935788813992,3.70515873015873,21.104246031746033,3.6142087969401953,4.215645586349583
all_available,PEN,Tmax,7,2022-01-11,2025-12-31,997,1.6690070210631895,2.131758236653166,-0.3929789368104312,4.544393179538616,1.5557881139537901,1.7784607531760432
all_available,PLC,Tmax,7,2022-01-08,2025-12-31,1328,2.021385542168675,2.552125266027116,-0.18765060240963857,6.513343373493977,1.88429965025783,2.1556292530033994
all_available,SEK,Tmax,7,2022-01-08,2025-12-31,1024,2.2763671875,2.782615535561821,-1.247265625,7.742949218750001,2.115451112553687,2.4404596649207235
all_available,SHA,Tmax,7,2022-01-08,2025-12-31,1333,1.7070517629407351,2.1916930395461174,-0.44373593398349587,4.803518379594899,1.5894035595649803,1.8176305556169876
all_available,SKG,Tmax,7,2022-01-08,2025-12-31,1298,1.586902927580894,2.0271766821030304,0.40477657935285044,4.10944530046225,1.4927832397086922,1.6860616765136653
all_available,SKW,Tmax,7,2022-01-08,2025-12-31,1377,1.6132897603485838,2.0674027082016333,0.7698620188816266,4.274153957879448,1.5136169160788449,1.7173473312401886
all_available,SSH,Tmax,7,2022-01-08,2025-12-31,1366,2.9371888726207906,3.443073978110382,-1.8882869692532944,11.85475841874085,2.786230734922706,3.0797292933433726
all_available,SSP,Tmax,7,2022-01-08,2025-12-31,1346,1.8457652303120358,2.345005124552041,-0.9151560178306094,5.499049034175335,1.7064299063209691,1.9841977307777046
all_available,STY,Tmax,7,2022-01-08,2025-12-30,1249,1.45564451561249,1.8832390372486263,0.25020016012810237,3.546589271417133,1.364568772784233,1.5511935145485367
all_available,TKL,Tmax,7,2022-01-08,2025-12-31,1277,2.317541111981206,2.833645321929571,-1.0652310101801097,8.029545810493344,2.177473411025724,2.4607658080483485
all_available,TU1,Tmax,7,2022-01-08,2025-12-31,1282,1.682449297971919,2.1702336732637484,-0.42379095163806546,4.709914196567863,1.557667636335851,1.803617373249257
all_available,TW,Tmax,7,2022-01-08,2025-12-31,1060,1.9305660377358491,2.448468909339059,-0.7405660377358491,5.995,1.765538751144022,2.091116561302682
all_available,TWN,Tmax,7,2022-01-08,2025-12-31,1296,1.9956790123456787,2.5151730912627754,0.8092592592592592,6.326095679012345,1.871982173387572,2.118977976895093
all_available,TY1,Tmax,7,2022-01-22,2025-12-31,1000,1.6267,2.1099265390055644,-0.4388999999999999,4.45179,1.4893569883140245,1.773111269399821
all_available,WGL,Tmax,7,2022-01-08,2025-12-31,1387,1.7397981254506132,2.204895582053207,0.4958183129055515,4.86156452775775,1.6336833944382454,1.8524200470086478
all_available,WLP,Tmax,7,2022-01-08,2025-12-31,1297,2.5878951426368544,3.1834733701627034,-1.7229760986892828,10.134502698535082,2.3693876395450926,2.8005466560890366
all_available,WTS,Tmax,7,2022-01-08,2025-12-30,1294,1.95370942812983,2.4443054345124335,-0.8945131375579598,5.974629057187017,1.8261158375078288,2.0765312582679645
all_available,YLP,Tmax,7,2022-01-08,2025-12-31,1233,2.6771289537712892,3.175520980176219,-1.8036496350364963,10.083933495539336,2.513019459717243,2.8328505153108194
strict_common,CCH,Tmax,7,2022-02-06,2025-12-26,24,2.0750000000000006,2.4539084470832786,-0.4916666666666667,6.021666666666668,1.531539473684211,2.7043780193236713
strict_common,CWB,Tmax,7,2022-02-06,2025-12-26,24,1.7458333333333336,2.3102128329081144,1.1875,5.337083333333335,1.1768939393939397,2.5834374999999996
strict_common,HKP,Tmax,7,2022-02-06,2025-12-26,24,1.8583333333333332,2.4041630560342617,0.1833333333333332,5.78,1.2605614973262036,2.6531454248366004
strict_common,HKS,Tmax,7,2022-02-06,2025-12-26,24,2.029166666666667,2.5015828322617395,-0.9541666666666666,6.257916666666667,1.463607954545455,2.6625284090909087
strict_common,HPV,Tmax,7,2022-02-06,2025-12-26,24,2.1041666666666665,2.5587268969808665,-1.2458333333333333,6.547083333333334,1.5589371657754008,2.75639136904762
strict_common,JKB,Tmax,7,2022-02-06,2025-12-26,24,2.1791666666666663,2.7292398209025164,-0.43749999999999994,7.4487499999999995,1.5513175675675672,2.978387681159419
strict_common,KLT,Tmax,7,2022-02-06,2025-12-26,24,2.2541666666666664,2.7618683289879455,-0.9958333333333332,7.627916666666667,1.6736602870813393,2.9999999999999996
strict_common,KP,Tmax,7,2022-02-06,2025-12-26,24,1.8208333333333335,2.3251344047172844,-0.1791666666666664,5.40625,1.2888666666666666,2.495352272727271
strict_common,KSC,Tmax,7,2022-02-06,2025-12-26,24,2.091666666666667,2.6884010117540127,-0.5166666666666665,7.227499999999999,1.4374835526315788,2.9111666666666665
strict_common,KTG,Tmax,7,2022-02-06,2025-12-26,24,1.8333333333333333,2.4160918856699136,0.041666666666666886,5.8374999999999995,1.2229464285714282,2.68
strict_common,LFS,Tmax,7,2022-02-06,2025-12-26,24,2.3249999999999997,2.8096559694501155,-1.4750000000000003,7.894166666666668,1.6796346153846151,2.9641891891891885
strict_common,NGP,Tmax,7,2022-02-06,2025-12-26,24,3.3541666666666665,4.19995039653248,3.195833333333333,17.639583333333334,2.3592251461988303,4.596054987212274
strict_common,PEN,Tmax,7,2022-02-06,2025-12-26,24,1.9791666666666667,2.4354157755915105,-0.7125000000000005,5.9312499999999995,1.4592251461988301,2.642210626185957
strict_common,PLC,Tmax,7,2022-02-06,2025-12-26,24,1.9749999999999996,2.517439175034821,-0.13333333333333353,6.3374999999999995,1.3791611842105267,2.7708625
strict_common,SEK,Tmax,7,2022-02-06,2025-12-26,24,2.2666666666666675,2.8095076674273973,-1.3666666666666671,7.893333333333334,1.5905815972222226,3.0263721804511277
strict_common,SHA,Tmax,7,2022-02-06,2025-12-26,24,1.8708333333333336,2.4511051929010854,-0.39583333333333326,6.007916666666667,1.2684040747028864,2.6942647058823517
strict_common,SKG,Tmax,7,2022-02-06,2025-12-26,24,1.6916666666666664,2.171980662897347,0.7333333333333334,4.7174999999999985,1.1630495356037152,2.4763169642857137
strict_common,SKW,Tmax,7,2022-02-06,2025-12-26,24,1.8166666666666664,2.347871376374779,0.6750000000000007,5.512499999999999,1.238455882352941,2.6445098039215686
strict_common,SSH,Tmax,7,2022-02-06,2025-12-26,24,2.8250000000000006,3.471190957966252,-1.758333333333333,12.049166666666666,2.04578125,3.7715178571428574
strict_common,SSP,Tmax,7,2022-02-06,2025-12-26,24,2.341666666666667,2.849415144668581,-1.5000000000000007,8.11916666666667,1.72350935828877,3.0422563352826506
strict_common,STY,Tmax,7,2022-02-06,2025-12-26,24,1.791666666666666,2.2699118925632327,0.16666666666666682,5.152499999999997,1.2213616071428568,2.5601999999999987
strict_common,TKL,Tmax,7,2022-02-06,2025-12-26,24,2.475,3.080449101456907,-1.2416666666666665,9.489166666666668,1.7449956896551722,3.3858441558441554
strict_common,TU1,Tmax,7,2022-02-06,2025-12-26,24,1.8999999999999997,2.4571324750611225,-0.5999999999999998,6.037499999999999,1.2814236111111108,2.6471323529411754
strict_common,TW,Tmax,7,2022-02-06,2025-12-26,24,2.1791666666666667,2.6338343405258677,-1.0625,6.937083333333334,1.6518764705882352,2.8269642857142863
strict_common,TWN,Tmax,7,2022-02-06,2025-12-26,24,2.0041666666666664,2.5910905040156353,0.12916666666666687,6.71375,1.3932727272727274,2.8002631578947352
strict_common,TY1,Tmax,7,2022-02-06,2025-12-26,24,1.8208333333333335,2.4321629605490394,-0.8958333333333335,5.915416666666668,1.2208125,2.5386666666666655
strict_common,WGL,Tmax,7,2022-02-06,2025-12-26,24,1.7416666666666665,2.275228926210869,0.7500000000000003,5.176666666666665,1.1718055555555553,2.563196594427244
strict_common,WLP,Tmax,7,2022-02-06,2025-12-26,24,3.0374999999999996,3.69442147027109,-2.1875,13.64875,2.252364532019704,3.9733548387096778
strict_common,WTS,Tmax,7,2022-02-06,2025-12-26,24,2.1708333333333334,2.7430973977118156,-1.1958333333333335,7.524583333333335,1.5730500000000003,2.920088235294117
strict_common,YLP,Tmax,7,2022-02-06,2025-12-26,24,2.8625000000000003,3.3260963104917254,-2.0208333333333335,11.062916666666668,2.1930127041742287,3.582544117647058
lowland_available,CCH,Tmax,7,2022-01-08,2025-12-31,1309,1.8333842627960275,2.300295593321418,-0.07830404889228415,5.291359816653934,1.7171157997426212,1.9537824175988565
lowland_available,CWB,Tmax,7,2022-01-08,2025-12-31,1256,1.7106687898089172,2.1882066647470277,1.1512738853503184,4.788248407643311,1.592516158357204,1.84844062711354
lowland_available,HKP,Tmax,7,2022-01-08,2025-12-31,1280,1.533359375,1.9876120251447464,0.458828125,3.9506015625,1.4336058421851292,1.637048611111111
lowland_available,HKS,Tmax,7,2022-01-08,2025-12-31,1332,1.5262762762762763,1.9608518403846682,-0.35330330330330334,3.8449399399399407,1.415385828499335,1.6356152920737812
lowland_available,HPV,Tmax,7,2022-01-08,2025-12-31,1230,1.9594308943089427,2.423434034655205,-1.2109756097560975,5.873032520325204,1.8255666287128975,2.0872567894685887
lowland_available,JKB,Tmax,7,2022-01-08,2025-12-31,1302,1.8005376344086024,2.2739238436450306,-0.3200460829493088,5.1707296466973895,1.689047706857918,1.9121073348694322
lowland_available,KLT,Tmax,7,2022-01-08,2025-12-31,1296,2.0676697530864194,2.5691501332945506,-0.7494598765432099,6.600532407407408,1.9343094437261386,2.1982489924247353
lowland_available,KP,Tmax,7,2022-01-15,2025-12-31,1244,1.5529742765273313,2.0506978656872894,0.03754019292604504,4.205361736334405,1.4300854572003363,1.6729563977180113
lowland_available,KSC,Tmax,7,2022-01-08,2025-12-31,1311,1.7491990846681924,2.2790894377231257,-0.0015255530129671682,5.194248665141114,1.6273714780872455,1.8668317298232169
lowland_available,KTG,Tmax,7,2022-01-13,2025-12-31,1249,1.7302642113690951,2.245673716360478,0.026661329063250656,5.043050440352282,1.612748640054686,1.8514093604234312
lowland_available,LFS,Tmax,7,2022-01-08,2025-12-31,1215,2.2846090534979426,2.848137070729313,-1.2337448559670783,8.111884773662553,2.1285586838141577,2.4503719883842403
lowland_available,PEN,Tmax,7,2022-01-11,2025-12-31,997,1.6690070210631895,2.131758236653166,-0.3929789368104312,4.544393179538616,1.5557881139537901,1.7784607531760432
lowland_available,PLC,Tmax,7,2022-01-08,2025-12-31,1328,2.021385542168675,2.552125266027116,-0.18765060240963857,6.513343373493977,1.88429965025783,2.1556292530033994
lowland_available,SEK,Tmax,7,2022-01-08,2025-12-31,1024,2.2763671875,2.782615535561821,-1.247265625,7.742949218750001,2.115451112553687,2.4404596649207235
lowland_available,SHA,Tmax,7,2022-01-08,2025-12-31,1333,1.7070517629407351,2.1916930395461174,-0.44373593398349587,4.803518379594899,1.5894035595649803,1.8176305556169876
lowland_available,SKG,Tmax,7,2022-01-08,2025-12-31,1298,1.586902927580894,2.0271766821030304,0.40477657935285044,4.10944530046225,1.4927832397086922,1.6860616765136653
lowland_available,SKW,Tmax,7,2022-01-08,2025-12-31,1377,1.6132897603485838,2.0674027082016333,0.7698620188816266,4.274153957879448,1.5136169160788449,1.7173473312401886
lowland_available,SSH,Tmax,7,2022-01-08,2025-12-31,1366,2.9371888726207906,3.443073978110382,-1.8882869692532944,11.85475841874085,2.786230734922706,3.0797292933433726
lowland_available,SSP,Tmax,7,2022-01-08,2025-12-31,1346,1.8457652303120358,2.345005124552041,-0.9151560178306094,5.499049034175335,1.7064299063209691,1.9841977307777046
lowland_available,STY,Tmax,7,2022-01-08,2025-12-30,1249,1.45564451561249,1.8832390372486263,0.25020016012810237,3.546589271417133,1.364568772784233,1.5511935145485367
lowland_available,TKL,Tmax,7,2022-01-08,2025-12-31,1277,2.317541111981206,2.833645321929571,-1.0652310101801097,8.029545810493344,2.177473411025724,2.4607658080483485
lowland_available,TU1,Tmax,7,2022-01-08,2025-12-31,1282,1.682449297971919,2.1702336732637484,-0.42379095163806546,4.709914196567863,1.557667636335851,1.803617373249257
lowland_available,TW,Tmax,7,2022-01-08,2025-12-31,1060,1.9305660377358491,2.448468909339059,-0.7405660377358491,5.995,1.765538751144022,2.091116561302682
lowland_available,TWN,Tmax,7,2022-01-08,2025-12-31,1296,1.9956790123456787,2.5151730912627754,0.8092592592592592,6.326095679012345,1.871982173387572,2.118977976895093
lowland_available,TY1,Tmax,7,2022-01-22,2025-12-31,1000,1.6267,2.1099265390055644,-0.4388999999999999,4.45179,1.4893569883140245,1.773111269399821
lowland_available,WGL,Tmax,7,2022-01-08,2025-12-31,1387,1.7397981254506132,2.204895582053207,0.4958183129055515,4.86156452775775,1.6336833944382454,1.8524200470086478
lowland_available,WLP,Tmax,7,2022-01-08,2025-12-31,1297,2.5878951426368544,3.1834733701627034,-1.7229760986892828,10.134502698535082,2.3693876395450926,2.8005466560890366
lowland_available,WTS,Tmax,7,2022-01-08,2025-12-30,1294,1.95370942812983,2.4443054345124335,-0.8945131375579598,5.974629057187017,1.8261158375078288,2.0765312582679645
lowland_available,YLP,Tmax,7,2022-01-08,2025-12-31,1233,2.6771289537712892,3.175520980176219,-1.8036496350364963,10.083933495539336,2.513019459717243,2.8328505153108194
all_available,CCH,Tmax,8,2022-01-09,2025-12-31,1308,1.9491590214067278,2.4334553402448877,-0.12194189602446483,5.921704892966361,1.8228381848723956,2.0785975885676775
all_available,CWB,Tmax,8,2022-01-09,2025-12-31,1255,1.7576892430278885,2.27696414926801,1.1027091633466135,5.184565737051792,1.6272691111593256,1.9078449873993486
all_available,HKP,Tmax,8,2022-01-09,2025-12-31,1279,1.631899921813917,2.1190007528960537,0.4134480062548865,4.490164190774042,1.5221730617001823,1.7464529769627224
all_available,HKS,Tmax,8,2022-01-09,2025-12-31,1331,1.6298271975957928,2.099309392364194,-0.3942148760330578,4.40709992486852,1.5054810121405982,1.7482049086400586
all_available,HPV,Tmax,8,2022-01-09,2025-12-31,1229,2.040846216436127,2.5419795211775895,-1.2392188771358827,6.461659886086248,1.8934662454373359,2.1834269278416985
all_available,JKB,Tmax,8,2022-01-09,2025-12-31,1301,1.9178324365872408,2.410024223185584,-0.36256725595695627,5.808216756341277,1.7986064517058968,2.0434084773396064
all_available,KLT,Tmax,8,2022-01-09,2025-12-31,1295,2.1859459459459463,2.719158398075109,-0.7907335907335907,7.3938223938223935,2.0336316425327,2.3326374083424892
all_available,KP,Tmax,8,2022-01-15,2025-12-31,1244,1.6577974276527332,2.18196900664989,-0.009887459807073935,4.760988745980708,1.5252067556463609,1.7917477927089855
all_available,KSC,Tmax,8,2022-01-09,2025-12-31,1310,1.839847328244275,2.3956162253659583,-0.04580152671755724,5.738977099236641,1.7073386111375972,1.9693520468338757
all_available,KTG,Tmax,8,2022-01-13,2025-12-31,1249,1.8287429943955162,2.3659869643454,-0.010968775020015958,5.597894315452361,1.6929170430052858,1.9616816982752845
all_available,LFS,Tmax,8,2022-01-09,2025-12-31,1214,2.400164744645799,3.00478750341716,-1.2777594728171335,9.028747940691927,2.225813563454947,2.578412244725693
all_available,NGP,Tmax,8,2022-01-14,2025-12-31,756,3.887169312169312,4.637809017927807,3.689285714285714,21.50927248677249,3.5799130780162582,4.232974171196331
all_available,PEN,Tmax,8,2022-01-11,2025-12-31,997,1.758876629889669,2.2687444996769566,-0.4280842527582748,5.147201604814444,1.6318871120107963,1.8831367693487944
all_available,PLC,Tmax,8,2022-01-09,2025-12-31,1327,2.125923134890731,2.68649669763531,-0.23609645817633756,7.217264506405427,1.9734384141647419,2.2791224140642092
all_available,SEK,Tmax,8,2022-01-10,2025-12-31,1023,2.4007820136852396,2.937794306298393,-1.3010752688172043,8.630635386119257,2.2224942315555816,2.580303126158786
all_available,SHA,Tmax,8,2022-01-09,2025-12-31,1332,1.828753753753754,2.3510667823383953,-0.48971471471471467,5.527515015015014,1.6965206817334302,1.960197934732585
all_available,SKG,Tmax,8,2022-01-09,2025-12-31,1297,1.6628373168851198,2.1372652743019724,0.3547417116422513,4.5679028527370855,1.5562158321858617,1.7747902827587343
all_available,SKW,Tmax,8,2022-01-09,2025-12-31,1376,1.6770348837209301,2.1588615378330505,0.7231104651162791,4.660683139534884,1.5633073528667205,1.7945054047199787
all_available,SSH,Tmax,8,2022-01-09,2025-12-31,1365,3.041465201465202,3.5803492984485605,-1.932893772893773,12.818901098901101,2.875568396230235,3.197245491761084
all_available,SSP,Tmax,8,2022-01-09,2025-12-31,1345,1.9727137546468403,2.4936842154817342,-0.9599256505576209,6.218460966542752,1.817197604944113,2.1264124809510556
all_available,STY,Tmax,8,2022-01-09,2025-12-30,1248,1.545272435897436,1.9970912341292517,0.219951923076923,3.9883733974358972,1.4480166101607075,1.6510752100870454
all_available,TKL,Tmax,8,2022-01-09,2025-12-31,1276,2.4267241379310347,2.97977640069169,-1.1050940438871473,8.879067398119123,2.267265080808564,2.5849106084694324
all_available,TU1,Tmax,8,2022-01-09,2025-12-31,1281,1.8090554254488678,2.324774086041895,-0.4775956284153005,5.404574551131929,1.6703975550643675,1.9438045650036864
all_available,TW,Tmax,8,2022-01-09,2025-12-31,1059,2.0525023607176585,2.587406852615795,-0.7763928234183192,6.694674220963173,1.875948275862069,2.226151720519508
all_available,TWN,Tmax,8,2022-01-09,2025-12-31,1295,2.0724324324324326,2.640167889829449,0.7776061776061776,6.970486486486486,1.9341930651350154,2.2056237944642163
all_available,TY1,Tmax,8,2022-01-22,2025-12-31,1000,1.7249,2.2433434868517126,-0.4909,5.03259,1.57357192128551,1.8906494739890516
all_available,WGL,Tmax,8,2022-01-09,2025-12-31,1386,1.8189033189033188,2.308054158184768,0.44848484848484843,5.3271139971139965,1.701877064467414,1.9400065885797952
all_available,WLP,Tmax,8,2022-01-09,2025-12-31,1296,2.697222222222222,3.3153636003414673,-1.7541666666666664,10.991635802469135,2.472983082706767,2.918197502924727
all_available,WTS,Tmax,8,2022-01-09,2025-12-30,1293,2.066047950502707,2.5911921726269886,-0.9330239752513535,6.714276875483373,1.9186493671858573,2.2055162826076415
all_available,YLP,Tmax,8,2022-01-09,2025-12-31,1232,2.8002435064935063,3.3318282586973997,-1.8478084415584415,11.101079545454546,2.6256852383098654,2.9720682692693092
strict_common,CCH,Tmax,8,2022-02-06,2025-12-26,24,2.1500000000000004,2.539028685672273,-0.2833333333333334,6.446666666666668,1.5762828947368421,2.7880368421052637
strict_common,CWB,Tmax,8,2022-02-06,2025-12-26,24,1.8708333333333336,2.5040800040467293,1.3958333333333333,6.270416666666667,1.2628362573099419,2.7917499999999995
strict_common,HKP,Tmax,8,2022-02-06,2025-12-26,24,1.933333333333333,2.457302043570007,0.39166666666666655,6.038333333333333,1.32386875,2.7930357142857134
strict_common,HKS,Tmax,8,2022-02-06,2025-12-26,24,1.929166666666667,2.4185911877234094,-0.7458333333333332,5.8495833333333325,1.3848749999999999,2.560347826086955
strict_common,HPV,Tmax,8,2022-02-06,2025-12-26,24,2.0375,2.479331227031462,-1.0375,6.147083333333334,1.5368301435406697,2.6924083333333315
strict_common,JKB,Tmax,8,2022-02-06,2025-12-26,24,2.1874999999999996,2.704702694690613,-0.2291666666666666,7.315416666666665,1.583333333333333,3.0
strict_common,KLT,Tmax,8,2022-02-06,2025-12-26,24,2.295833333333333,2.8067626666083947,-0.7875,7.877916666666667,1.723055555555555,3.0127430555555548
strict_common,KP,Tmax,8,2022-02-06,2025-12-26,24,1.9375,2.4009546712367005,0.029166666666666934,5.764583333333333,1.4420753588516741,2.6240578947368416
strict_common,KSC,Tmax,8,2022-02-06,2025-12-26,24,2.0833333333333335,2.6540849019326163,-0.3083333333333331,7.044166666666666,1.4841742286751363,2.8390530303030292
strict_common,KTG,Tmax,8,2022-02-06,2025-12-26,24,1.8833333333333335,2.463906112929901,0.2500000000000002,6.070833333333334,1.2806944444444444,2.7685105263157888
strict_common,LFS,Tmax,8,2022-02-06,2025-12-26,24,2.4499999999999997,2.9144753673116996,-1.2666666666666668,8.494166666666667,1.8689519056261346,3.0333653846153843
strict_common,NGP,Tmax,8,2022-02-06,2025-12-26,24,3.4791666666666665,4.491427018962533,3.4041666666666663,20.172916666666666,2.3918666666666666,4.889736842105261
strict_common,PEN,Tmax,8,2022-02-06,2025-12-26,24,2.0208333333333335,2.53434738476529,-0.5041666666666672,6.422916666666666,1.4277651515151517,2.716944444444443
strict_common,PLC,Tmax,8,2022-02-06,2025-12-26,24,2.0916666666666663,2.619637379485947,0.0749999999999998,6.8625,1.4956138107416876,2.910551619433198
strict_common,SEK,Tmax,8,2022-02-06,2025-12-26,24,2.308333333333334,2.8183919765237295,-1.1583333333333339,7.943333333333335,1.7000000000000006,3.0112083333333333
strict_common,SHA,Tmax,8,2022-02-06,2025-12-26,24,1.9791666666666667,2.529739775813578,-0.18749999999999992,6.399583333333332,1.3772526737967918,2.784605263157893
strict_common,SKG,Tmax,8,2022-02-06,2025-12-26,24,1.758333333333333,2.3364859654332757,0.9416666666666668,5.459166666666666,1.181468253968254,2.6053238866396757
strict_common,SKW,Tmax,8,2022-02-06,2025-12-26,24,1.8583333333333332,2.422980258552127,0.8833333333333341,5.870833333333333,1.2190833333333333,2.7600217391304347
strict_common,SSH,Tmax,8,2022-02-06,2025-12-26,24,2.866666666666667,3.4069781331848907,-1.5499999999999998,11.607500000000002,2.185676691729323,3.7354117647058818
strict_common,SSP,Tmax,8,2022-02-06,2025-12-26,24,2.2916666666666665,2.828869031963128,-1.2916666666666672,8.002500000000003,1.6894243421052635,2.99082792207792
strict_common,STY,Tmax,8,2022-02-06,2025-12-26,24,1.8249999999999993,2.2972810015320277,0.37500000000000017,5.277499999999997,1.2846052631578941,2.631406249999998
strict_common,TKL,Tmax,8,2022-02-06,2025-12-26,24,2.516666666666667,3.0899029110960754,-1.033333333333333,9.547500000000001,1.8646507352941177,3.382394117647059
strict_common,TU1,Tmax,8,2022-02-06,2025-12-26,24,2.025,2.579567147152147,-0.39166666666666644,6.654166666666666,1.415773524720893,2.768004545454545
strict_common,TW,Tmax,8,2022-02-06,2025-12-26,24,2.170833333333333,2.6274988106562485,-0.8541666666666666,6.90375,1.684049707602339,2.804892857142857
strict_common,TWN,Tmax,8,2022-02-06,2025-12-26,24,2.1291666666666664,2.7365580571221213,0.3375000000000002,7.488749999999999,1.504505347593583,2.9941685520361982
strict_common,TY1,Tmax,8,2022-02-06,2025-12-26,24,1.9458333333333335,2.444125610520049,-0.6875000000000001,5.973750000000002,1.421413690476191,2.5934999999999997
strict_common,WGL,Tmax,8,2022-02-06,2025-12-26,24,1.7833333333333332,2.3790754506740637,0.9583333333333336,5.659999999999999,1.1999999999999997,2.6418031609195376
strict_common,WLP,Tmax,8,2022-02-06,2025-12-26,24,3.095833333333333,3.6740645067826447,-1.9791666666666667,13.49875,2.3649659090909094,3.9401111111111096
strict_common,WTS,Tmax,8,2022-02-06,2025-12-26,24,2.1458333333333335,2.721748825051031,-0.9875000000000002,7.407916666666666,1.552565789473684,2.89470238095238
strict_common,YLP,Tmax,8,2022-02-06,2025-12-26,24,2.904166666666667,3.3398478009234696,-1.8125000000000002,11.154583333333335,2.2570779220779227,3.6223245614035084
lowland_available,CCH,Tmax,8,2022-01-09,2025-12-31,1308,1.9491590214067278,2.4334553402448877,-0.12194189602446483,5.921704892966361,1.8228381848723956,2.0785975885676775
lowland_available,CWB,Tmax,8,2022-01-09,2025-12-31,1255,1.7576892430278885,2.27696414926801,1.1027091633466135,5.184565737051792,1.6272691111593256,1.9078449873993486
lowland_available,HKP,Tmax,8,2022-01-09,2025-12-31,1279,1.631899921813917,2.1190007528960537,0.4134480062548865,4.490164190774042,1.5221730617001823,1.7464529769627224
lowland_available,HKS,Tmax,8,2022-01-09,2025-12-31,1331,1.6298271975957928,2.099309392364194,-0.3942148760330578,4.40709992486852,1.5054810121405982,1.7482049086400586
lowland_available,HPV,Tmax,8,2022-01-09,2025-12-31,1229,2.040846216436127,2.5419795211775895,-1.2392188771358827,6.461659886086248,1.8934662454373359,2.1834269278416985
lowland_available,JKB,Tmax,8,2022-01-09,2025-12-31,1301,1.9178324365872408,2.410024223185584,-0.36256725595695627,5.808216756341277,1.7986064517058968,2.0434084773396064
lowland_available,KLT,Tmax,8,2022-01-09,2025-12-31,1295,2.1859459459459463,2.719158398075109,-0.7907335907335907,7.3938223938223935,2.0336316425327,2.3326374083424892
lowland_available,KP,Tmax,8,2022-01-15,2025-12-31,1244,1.6577974276527332,2.18196900664989,-0.009887459807073935,4.760988745980708,1.5252067556463609,1.7917477927089855
lowland_available,KSC,Tmax,8,2022-01-09,2025-12-31,1310,1.839847328244275,2.3956162253659583,-0.04580152671755724,5.738977099236641,1.7073386111375972,1.9693520468338757
lowland_available,KTG,Tmax,8,2022-01-13,2025-12-31,1249,1.8287429943955162,2.3659869643454,-0.010968775020015958,5.597894315452361,1.6929170430052858,1.9616816982752845
lowland_available,LFS,Tmax,8,2022-01-09,2025-12-31,1214,2.400164744645799,3.00478750341716,-1.2777594728171335,9.028747940691927,2.225813563454947,2.578412244725693
lowland_available,PEN,Tmax,8,2022-01-11,2025-12-31,997,1.758876629889669,2.2687444996769566,-0.4280842527582748,5.147201604814444,1.6318871120107963,1.8831367693487944
lowland_available,PLC,Tmax,8,2022-01-09,2025-12-31,1327,2.125923134890731,2.68649669763531,-0.23609645817633756,7.217264506405427,1.9734384141647419,2.2791224140642092
lowland_available,SEK,Tmax,8,2022-01-10,2025-12-31,1023,2.4007820136852396,2.937794306298393,-1.3010752688172043,8.630635386119257,2.2224942315555816,2.580303126158786
lowland_available,SHA,Tmax,8,2022-01-09,2025-12-31,1332,1.828753753753754,2.3510667823383953,-0.48971471471471467,5.527515015015014,1.6965206817334302,1.960197934732585
lowland_available,SKG,Tmax,8,2022-01-09,2025-12-31,1297,1.6628373168851198,2.1372652743019724,0.3547417116422513,4.5679028527370855,1.5562158321858617,1.7747902827587343
lowland_available,SKW,Tmax,8,2022-01-09,2025-12-31,1376,1.6770348837209301,2.1588615378330505,0.7231104651162791,4.660683139534884,1.5633073528667205,1.7945054047199787
lowland_available,SSH,Tmax,8,2022-01-09,2025-12-31,1365,3.041465201465202,3.5803492984485605,-1.932893772893773,12.818901098901101,2.875568396230235,3.197245491761084
lowland_available,SSP,Tmax,8,2022-01-09,2025-12-31,1345,1.9727137546468403,2.4936842154817342,-0.9599256505576209,6.218460966542752,1.817197604944113,2.1264124809510556
lowland_available,STY,Tmax,8,2022-01-09,2025-12-30,1248,1.545272435897436,1.9970912341292517,0.219951923076923,3.9883733974358972,1.4480166101607075,1.6510752100870454
lowland_available,TKL,Tmax,8,2022-01-09,2025-12-31,1276,2.4267241379310347,2.97977640069169,-1.1050940438871473,8.879067398119123,2.267265080808564,2.5849106084694324
lowland_available,TU1,Tmax,8,2022-01-09,2025-12-31,1281,1.8090554254488678,2.324774086041895,-0.4775956284153005,5.404574551131929,1.6703975550643675,1.9438045650036864
lowland_available,TW,Tmax,8,2022-01-09,2025-12-31,1059,2.0525023607176585,2.587406852615795,-0.7763928234183192,6.694674220963173,1.875948275862069,2.226151720519508
lowland_available,TWN,Tmax,8,2022-01-09,2025-12-31,1295,2.0724324324324326,2.640167889829449,0.7776061776061776,6.970486486486486,1.9341930651350154,2.2056237944642163
lowland_available,TY1,Tmax,8,2022-01-22,2025-12-31,1000,1.7249,2.2433434868517126,-0.4909,5.03259,1.57357192128551,1.8906494739890516
lowland_available,WGL,Tmax,8,2022-01-09,2025-12-31,1386,1.8189033189033188,2.308054158184768,0.44848484848484843,5.3271139971139965,1.701877064467414,1.9400065885797952
lowland_available,WLP,Tmax,8,2022-01-09,2025-12-31,1296,2.697222222222222,3.3153636003414673,-1.7541666666666664,10.991635802469135,2.472983082706767,2.918197502924727
lowland_available,WTS,Tmax,8,2022-01-09,2025-12-30,1293,2.066047950502707,2.5911921726269886,-0.9330239752513535,6.714276875483373,1.9186493671858573,2.2055162826076415
lowland_available,YLP,Tmax,8,2022-01-09,2025-12-31,1232,2.8002435064935063,3.3318282586973997,-1.8478084415584415,11.101079545454546,2.6256852383098654,2.9720682692693092
all_available,CCH,Tmax,9,2022-01-10,2025-12-31,1306,2.0529862174578866,2.5760559618397,-0.08254211332312401,6.636064318529863,1.9152506023876454,2.1870921669784793
all_available,CWB,Tmax,9,2022-01-10,2025-12-31,1253,1.8651237031125298,2.4257299935475443,1.134237829209896,5.88416600159617,1.724134872219384,2.023839575530587
all_available,HKP,Tmax,9,2022-01-10,2025-12-31,1277,1.7341425215348474,2.2590754929853603,0.45223179326546586,5.1034220830070485,1.6120021982004547,1.8605328216819637
all_available,HKS,Tmax,9,2022-01-10,2025-12-31,1329,1.700150489089541,2.2156074739347003,-0.35221971407072983,4.908916478555304,1.5682847604320704,1.8216773463412979
all_available,HPV,Tmax,9,2022-01-10,2025-12-31,1227,2.12518337408313,2.6489191411096185,-1.2001629991850042,7.016772616136919,1.9671417322834641,2.271235469579331
all_available,JKB,Tmax,9,2022-01-10,2025-12-31,1299,2.0169361046959198,2.5348806101012498,-0.31531947652040043,6.425619707467283,1.893664134828472,2.1476033439192976
all_available,KLT,Tmax,9,2022-01-10,2025-12-31,1293,2.3098221191028614,2.870901025662373,-0.7506573859242074,8.242072699149265,2.151224795059253,2.4572753677944394
all_available,KP,Tmax,9,2022-01-15,2025-12-31,1244,1.7881832797427653,2.3333645304911834,0.024678456591639898,5.44459003215434,1.6449547755763225,1.9356310005701074
all_available,KSC,Tmax,9,2022-01-10,2025-12-31,1308,1.9340214067278285,2.525110891681892,-0.01750764525993882,6.3761850152905195,1.799692136420635,2.0676398436933567
all_available,KTG,Tmax,9,2022-01-13,2025-12-31,1248,1.9470352564102564,2.505508354682661,0.01899038461538465,6.277572115384615,1.8055676603820685,2.0873943839693623
all_available,LFS,Tmax,9,2022-01-10,2025-12-31,1212,2.4983498349834985,3.1351567617572296,-1.2394389438943896,9.82920792079208,2.3128375802281735,2.6858926574462756
all_available,NGP,Tmax,9,2022-01-14,2025-12-31,755,3.9921854304635764,4.783034310826449,3.746622516556291,22.87741721854304,3.673548165096775,4.3421310245852744
all_available,PEN,Tmax,9,2022-01-11,2025-12-31,996,1.9077309236947793,2.4359155853509833,-0.4045180722891566,5.933684738955823,1.7726120286052378,2.0411364268944983
all_available,PLC,Tmax,9,2022-01-10,2025-12-31,1325,2.2459622641509434,2.834417846454874,-0.1960000000000001,8.033924528301887,2.0826329259600587,2.4111001220749464
all_available,SEK,Tmax,9,2022-01-10,2025-12-31,1022,2.523679060665362,3.0847741736704215,-1.242270058708415,9.515831702544032,2.3424870986560693,2.707902250846265
all_available,SHA,Tmax,9,2022-01-10,2025-12-31,1330,1.9682706766917295,2.516752890687116,-0.4562406015037594,6.334045112781955,1.8256746945799067,2.107503222900221
all_available,SKG,Tmax,9,2022-01-10,2025-12-31,1295,1.7888030888030888,2.295341934134127,0.38602316602316594,5.268594594594594,1.6724088690348662,1.910593429669019
all_available,SKW,Tmax,9,2022-01-10,2025-12-31,1374,1.7683406113537117,2.283739432007124,0.7582969432314409,5.215465793304221,1.6459610030894554,1.8955922523263342
all_available,SSH,Tmax,9,2022-01-10,2025-12-31,1363,3.1523110785033017,3.722961214601785,-1.9047688921496697,13.8604402054292,2.981218674887658,3.3134775615789085
all_available,SSP,Tmax,9,2022-01-10,2025-12-31,1343,2.0699180938198065,2.6191303200978746,-0.926656738644825,6.859843633655994,1.9092555077473305,2.228604147130075
all_available,STY,Tmax,9,2022-01-10,2025-12-30,1246,1.6479133226324238,2.1251701848573776,0.24502407704654888,4.516348314606741,1.5402948047998233,1.7644891045490825
all_available,TKL,Tmax,9,2022-01-10,2025-12-31,1274,2.5396389324960755,3.1250230768378704,-1.0710361067503924,9.76576923076923,2.3697355921781966,2.7140389838594072
all_available,TU1,Tmax,9,2022-01-10,2025-12-31,1279,1.9263487099296326,2.485784446783706,-0.4426896012509773,6.179124315871774,1.776220936407701,2.06871711605124
all_available,TW,Tmax,9,2022-01-11,2025-12-31,1057,2.141721854304636,2.7109714366916857,-0.7394512771996216,7.349366130558184,1.9581467065347937,2.3188624853222555
all_available,TWN,Tmax,9,2022-01-10,2025-12-31,1293,2.166202629543697,2.790339372341357,0.8149265274555296,7.78599381283836,2.016997218422252,2.3151409666231166
all_available,TY1,Tmax,9,2022-01-22,2025-12-31,999,1.8335335335335337,2.397644406224305,-0.48258258258258246,5.748698698698699,1.672470737327189,2.003863974231913
all_available,WGL,Tmax,9,2022-01-10,2025-12-31,1384,1.9546965317919076,2.468227289727837,0.4828757225433526,6.092145953757225,1.8287688451437363,2.0845702451510055
all_available,WLP,Tmax,9,2022-01-10,2025-12-31,1294,2.7883307573415763,3.43339248059575,-1.7181607418856262,11.788183925811436,2.5544867850767847,3.015327038214926
all_available,WTS,Tmax,9,2022-01-10,2025-12-30,1291,2.1710302091402016,2.722679229059717,-0.9025561580170411,7.412982184353215,2.0190964042138586,2.317119132256324
all_available,YLP,Tmax,9,2022-01-11,2025-12-31,1230,2.9128455284552843,3.469247007168554,-1.8099186991869918,12.03567479674797,2.7380585601941814,3.0891454177841102
strict_common,CCH,Tmax,9,2022-02-06,2025-12-26,24,2.0750000000000006,2.4317346346452635,-0.15833333333333335,5.913333333333334,1.6062326388888892,2.6468157894736835
strict_common,CWB,Tmax,9,2022-02-06,2025-12-26,24,1.9458333333333335,2.4873848382052453,1.5208333333333333,6.187083333333334,1.3461363636363637,2.7052198275862063
strict_common,HKP,Tmax,9,2022-02-06,2025-12-26,24,1.875,2.3832750575625967,0.5166666666666665,5.68,1.3090636363636359,2.6466666666666665
strict_common,HKS,Tmax,9,2022-02-06,2025-12-26,24,1.7291666666666667,2.2637542563920965,-0.6208333333333332,5.124583333333333,1.155555555555556,2.390022727272727
strict_common,HPV,Tmax,9,2022-02-06,2025-12-26,24,1.8541666666666667,2.3675761163406484,-0.9125000000000001,5.605416666666668,1.2999999999999998,2.5462499999999997
strict_common,JKB,Tmax,9,2022-02-06,2025-12-26,24,2.020833333333333,2.580132425542017,-0.10416666666666659,6.657083333333333,1.3954366028708132,2.8
strict_common,KLT,Tmax,9,2022-02-06,2025-12-26,24,2.1625,2.713162361525753,-0.6625,7.361250000000001,1.5564322250639384,2.9154166666666663
strict_common,KP,Tmax,9,2022-02-06,2025-12-26,24,1.8541666666666667,2.3233417025195986,0.15416666666666692,5.397916666666666,1.3314416475972537,2.510638157894736
strict_common,KSC,Tmax,9,2022-02-06,2025-12-26,24,1.9749999999999996,2.569533031505919,-0.18333333333333313,6.602499999999998,1.373660287081339,2.7199999999999998
strict_common,KTG,Tmax,9,2022-02-06,2025-12-26,24,1.825,2.384848003542364,0.3750000000000002,5.6875,1.220827205882353,2.642146381578948
strict_common,LFS,Tmax,9,2022-02-06,2025-12-26,24,2.341666666666667,2.8698141635536847,-1.1416666666666668,8.235833333333334,1.7420248538011693,2.955053571428572
strict_common,NGP,Tmax,9,2022-02-06,2025-12-26,24,3.6041666666666665,4.58143900246782,3.5291666666666663,20.989583333333332,2.4939869281045746,4.907708333333334
strict_common,PEN,Tmax,9,2022-02-06,2025-12-26,24,1.9208333333333332,2.450765186630494,-0.37916666666666715,6.006249999999999,1.2926409774436092,2.6538709677419354
strict_common,PLC,Tmax,9,2022-02-06,2025-12-26,24,2.033333333333333,2.540505199102467,0.19999999999999982,6.454166666666666,1.4428084415584417,2.8139745916515415
strict_common,SEK,Tmax,9,2022-02-06,2025-12-26,24,2.233333333333334,2.754087870784083,-1.0333333333333339,7.585000000000002,1.6347463768115946,2.941204751131222
strict_common,SHA,Tmax,9,2022-02-06,2025-12-26,24,1.9208333333333336,2.4714199697070236,-0.062499999999999924,6.107916666666665,1.3241363636363637,2.711803921568627
strict_common,SKG,Tmax,9,2022-02-06,2025-12-26,24,1.825,2.314987400973635,1.0666666666666667,5.359166666666666,1.30354971042471,2.5785863095238093
strict_common,SKW,Tmax,9,2022-02-06,2025-12-26,24,1.8666666666666665,2.3514180118955172,1.008333333333334,5.529166666666666,1.275,2.639223602484471
strict_common,SSH,Tmax,9,2022-02-06,2025-12-26,24,2.775,3.317755265235819,-1.4249999999999998,11.0075,2.079964285714286,3.6583749999999995
strict_common,SSP,Tmax,9,2022-02-06,2025-12-26,24,2.0833333333333335,2.71154937259125,-1.1666666666666672,7.352500000000002,1.4239468750000004,2.8200882352941177
strict_common,STY,Tmax,9,2022-02-06,2025-12-26,24,1.825,2.236626924634504,0.5000000000000001,5.002499999999998,1.3257862903225806,2.5000862068965506
strict_common,TKL,Tmax,9,2022-02-06,2025-12-26,24,2.466666666666667,3.0189678147782013,-0.9083333333333331,9.114166666666668,1.826657894736842,3.2900833333333335
strict_common,TU1,Tmax,9,2022-02-06,2025-12-26,24,1.9416666666666664,2.485792965366719,-0.26666666666666644,6.179166666666666,1.3654702194357364,2.6336538461538446
strict_common,TW,Tmax,9,2022-02-06,2025-12-26,24,2.0458333333333334,2.537140779171178,-0.7291666666666666,6.437083333333334,1.5518055555555559,2.7
strict_common,TWN,Tmax,9,2022-02-06,2025-12-26,24,2.1291666666666664,2.67651826072605,0.4625000000000002,7.163749999999999,1.5199999999999998,2.929509803921568
strict_common,TY1,Tmax,9,2022-02-06,2025-12-26,24,1.7958333333333336,2.341384917806838,-0.5625000000000001,5.482083333333335,1.2832692307692315,2.452763157894737
strict_common,WGL,Tmax,9,2022-02-06,2025-12-26,24,1.883333333333333,2.349113307895839,1.0833333333333337,5.518333333333332,1.3483616298811545,2.604031578947368
strict_common,WLP,Tmax,9,2022-02-06,2025-12-26,24,2.9874999999999994,3.5880008361203037,-1.8541666666666667,12.87375,2.2210471491228074,3.860021739130435
strict_common,WTS,Tmax,9,2022-02-06,2025-12-26,24,1.9208333333333334,2.567342984488049,-0.8625000000000002,6.591250000000001,1.288888888888889,2.7105572755417957
strict_common,YLP,Tmax,9,2022-02-06,2025-12-26,24,2.7375000000000003,3.2487818229812437,-1.6875000000000002,10.554583333333333,2.0748842592592593,3.4740972222222224
lowland_available,CCH,Tmax,9,2022-01-10,2025-12-31,1306,2.0529862174578866,2.5760559618397,-0.08254211332312401,6.636064318529863,1.9152506023876454,2.1870921669784793
lowland_available,CWB,Tmax,9,2022-01-10,2025-12-31,1253,1.8651237031125298,2.4257299935475443,1.134237829209896,5.88416600159617,1.724134872219384,2.023839575530587
lowland_available,HKP,Tmax,9,2022-01-10,2025-12-31,1277,1.7341425215348474,2.2590754929853603,0.45223179326546586,5.1034220830070485,1.6120021982004547,1.8605328216819637
lowland_available,HKS,Tmax,9,2022-01-10,2025-12-31,1329,1.700150489089541,2.2156074739347003,-0.35221971407072983,4.908916478555304,1.5682847604320704,1.8216773463412979
lowland_available,HPV,Tmax,9,2022-01-10,2025-12-31,1227,2.12518337408313,2.6489191411096185,-1.2001629991850042,7.016772616136919,1.9671417322834641,2.271235469579331
lowland_available,JKB,Tmax,9,2022-01-10,2025-12-31,1299,2.0169361046959198,2.5348806101012498,-0.31531947652040043,6.425619707467283,1.893664134828472,2.1476033439192976
lowland_available,KLT,Tmax,9,2022-01-10,2025-12-31,1293,2.3098221191028614,2.870901025662373,-0.7506573859242074,8.242072699149265,2.151224795059253,2.4572753677944394
lowland_available,KP,Tmax,9,2022-01-15,2025-12-31,1244,1.7881832797427653,2.3333645304911834,0.024678456591639898,5.44459003215434,1.6449547755763225,1.9356310005701074
lowland_available,KSC,Tmax,9,2022-01-10,2025-12-31,1308,1.9340214067278285,2.525110891681892,-0.01750764525993882,6.3761850152905195,1.799692136420635,2.0676398436933567
lowland_available,KTG,Tmax,9,2022-01-13,2025-12-31,1248,1.9470352564102564,2.505508354682661,0.01899038461538465,6.277572115384615,1.8055676603820685,2.0873943839693623
lowland_available,LFS,Tmax,9,2022-01-10,2025-12-31,1212,2.4983498349834985,3.1351567617572296,-1.2394389438943896,9.82920792079208,2.3128375802281735,2.6858926574462756
lowland_available,PEN,Tmax,9,2022-01-11,2025-12-31,996,1.9077309236947793,2.4359155853509833,-0.4045180722891566,5.933684738955823,1.7726120286052378,2.0411364268944983
lowland_available,PLC,Tmax,9,2022-01-10,2025-12-31,1325,2.2459622641509434,2.834417846454874,-0.1960000000000001,8.033924528301887,2.0826329259600587,2.4111001220749464
lowland_available,SEK,Tmax,9,2022-01-10,2025-12-31,1022,2.523679060665362,3.0847741736704215,-1.242270058708415,9.515831702544032,2.3424870986560693,2.707902250846265
lowland_available,SHA,Tmax,9,2022-01-10,2025-12-31,1330,1.9682706766917295,2.516752890687116,-0.4562406015037594,6.334045112781955,1.8256746945799067,2.107503222900221
lowland_available,SKG,Tmax,9,2022-01-10,2025-12-31,1295,1.7888030888030888,2.295341934134127,0.38602316602316594,5.268594594594594,1.6724088690348662,1.910593429669019
lowland_available,SKW,Tmax,9,2022-01-10,2025-12-31,1374,1.7683406113537117,2.283739432007124,0.7582969432314409,5.215465793304221,1.6459610030894554,1.8955922523263342
lowland_available,SSH,Tmax,9,2022-01-10,2025-12-31,1363,3.1523110785033017,3.722961214601785,-1.9047688921496697,13.8604402054292,2.981218674887658,3.3134775615789085
lowland_available,SSP,Tmax,9,2022-01-10,2025-12-31,1343,2.0699180938198065,2.6191303200978746,-0.926656738644825,6.859843633655994,1.9092555077473305,2.228604147130075
lowland_available,STY,Tmax,9,2022-01-10,2025-12-30,1246,1.6479133226324238,2.1251701848573776,0.24502407704654888,4.516348314606741,1.5402948047998233,1.7644891045490825
lowland_available,TKL,Tmax,9,2022-01-10,2025-12-31,1274,2.5396389324960755,3.1250230768378704,-1.0710361067503924,9.76576923076923,2.3697355921781966,2.7140389838594072
lowland_available,TU1,Tmax,9,2022-01-10,2025-12-31,1279,1.9263487099296326,2.485784446783706,-0.4426896012509773,6.179124315871774,1.776220936407701,2.06871711605124
lowland_available,TW,Tmax,9,2022-01-11,2025-12-31,1057,2.141721854304636,2.7109714366916857,-0.7394512771996216,7.349366130558184,1.9581467065347937,2.3188624853222555
lowland_available,TWN,Tmax,9,2022-01-10,2025-12-31,1293,2.166202629543697,2.790339372341357,0.8149265274555296,7.78599381283836,2.016997218422252,2.3151409666231166
lowland_available,TY1,Tmax,9,2022-01-22,2025-12-31,999,1.8335335335335337,2.397644406224305,-0.48258258258258246,5.748698698698699,1.672470737327189,2.003863974231913
lowland_available,WGL,Tmax,9,2022-01-10,2025-12-31,1384,1.9546965317919076,2.468227289727837,0.4828757225433526,6.092145953757225,1.8287688451437363,2.0845702451510055
lowland_available,WLP,Tmax,9,2022-01-10,2025-12-31,1294,2.7883307573415763,3.43339248059575,-1.7181607418856262,11.788183925811436,2.5544867850767847,3.015327038214926
lowland_available,WTS,Tmax,9,2022-01-10,2025-12-30,1291,2.1710302091402016,2.722679229059717,-0.9025561580170411,7.412982184353215,2.0190964042138586,2.317119132256324
lowland_available,YLP,Tmax,9,2022-01-11,2025-12-31,1230,2.9128455284552843,3.469247007168554,-1.8099186991869918,12.03567479674797,2.7380585601941814,3.0891454177841102
all_available,CCH,Tmin,1,2022-01-02,2025-12-31,1315,1.3023574144486691,1.5560552640542284,1.2147528517110266,2.4213079847908747,1.231649403795783,1.3747736120775458
all_available,CWB,Tmin,1,2022-01-02,2025-12-31,1262,1.1380348652931855,1.3850057355405392,1.0469096671949287,1.91824088748019,1.0821389626125086,1.194488338407288
all_available,HKP,Tmin,1,2022-01-02,2025-12-31,1286,0.8352255054432348,1.0635740386142885,0.4216951788491446,1.131189735614308,0.7953803618624244,0.8768240238871834
all_available,HKS,Tmin,1,2022-01-02,2025-12-31,1338,1.0642002989536623,1.3794265613892132,0.5030642750373692,1.9028176382660689,0.9982755919249122,1.1344120522822978
all_available,HPV,Tmin,1,2022-01-02,2025-12-31,1236,0.9056634304207121,1.1768877282557983,0.08754045307443367,1.385064724919094,0.8521055326488265,0.9599201907946499
all_available,JKB,Tmin,1,2022-01-02,2025-12-31,1308,1.3678134556574923,1.6690128745864028,1.2211773700305808,2.785603975535168,1.2818459652694232,1.451832047582772
all_available,KLT,Tmin,1,2022-01-02,2025-12-31,1302,1.0496159754224272,1.3066590645253637,0.9006144393241167,1.7073579109062984,1.0053398202784027,1.0941370029882564
all_available,KP,Tmin,1,2022-01-02,2025-12-31,1246,0.8280898876404496,1.0527042299842084,0.5382022471910112,1.108186195826645,0.7910921595115212,0.868167567962584
all_available,KSC,Tmin,1,2022-01-02,2025-12-31,1316,1.8012158054711247,2.0844918764482445,1.7557750759878419,4.345106382978723,1.7070141097158302,1.8941498021031957
all_available,KTG,Tmin,1,2022-01-02,2025-12-31,1251,1.0122302158273382,1.2487915821575137,0.8251798561151079,1.5594804156674662,0.97038293586089,1.0559130051502967
all_available,LFS,Tmin,1,2022-01-02,2025-12-31,1220,1.5151639344262295,1.8018182983663666,1.4151639344262295,3.246549180327869,1.4273738881576319,1.6040891063037608
all_available,NGP,Tmin,1,2022-01-14,2025-12-31,757,4.580317040951123,4.739734788493719,4.5782034346103035,22.465085865257596,4.444059948588092,4.710132336184391
all_available,PEN,Tmin,1,2022-01-02,2025-12-31,999,0.8337337337337338,1.0667088955604842,0.5282282282282282,1.137867867867868,0.7870264751862653,0.8799138696444656
all_available,PLC,Tmin,1,2022-01-02,2025-12-31,1334,1.2516491754122938,1.502928176410395,1.1801349325337331,2.2587931034482756,1.195315422105683,1.308556098244425
all_available,SEK,Tmin,1,2022-01-02,2025-12-31,1030,1.8014563106796118,2.268768538130686,1.6183495145631068,5.14731067961165,1.6449800249138082,1.9551836761010342
all_available,SHA,Tmin,1,2022-01-02,2025-12-31,1339,1.2303958177744585,1.6336340682225492,0.8929798356982822,2.668760268857356,1.1317582741450032,1.3281592755016947
all_available,SKG,Tmin,1,2022-01-02,2025-12-31,1304,0.9534509202453989,1.215426785100053,0.6580521472392639,1.4772622699386504,0.8923670833050623,1.0155447629372432
all_available,SKW,Tmin,1,2022-01-02,2025-12-31,1383,0.9590744757772958,1.2001506292543007,0.7168474331164135,1.4403615328994939,0.9140676559901576,1.0053290827251062
all_available,SSH,Tmin,1,2022-01-02,2025-12-31,1372,1.4829446064139942,1.9198328097760782,1.304518950437318,3.685758017492711,1.3643746593938957,1.605262709874369
all_available,SSP,Tmin,1,2022-01-02,2025-12-31,1352,0.8307692307692309,1.0731940934100306,0.4463017751479289,1.1517455621301775,0.7873179668416403,0.8729447739065977
all_available,STY,Tmin,1,2022-01-02,2025-12-30,1255,0.8536254980079683,1.0918349626465398,0.4568127490039841,1.1921035856573707,0.8076670437555405,0.9024864830881428
all_available,TKL,Tmin,1,2022-01-02,2025-12-31,1282,2.3343213728549137,2.9773219808826714,2.267550702028081,8.864446177847114,2.1232834806306586,2.541540013513539
all_available,TU1,Tmin,1,2022-01-02,2025-12-31,1287,1.006060606060606,1.2654269482294747,0.6881118881118882,1.6013053613053614,0.948988836865422,1.0628052895752895
all_available,TW,Tmin,1,2022-01-03,2025-12-31,1065,1.7205633802816902,2.1287303628563388,1.603192488262911,4.5314929577464795,1.5812314955335391,1.857548536322144
all_available,TWN,Tmin,1,2022-01-02,2025-12-31,1302,2.201689708141321,2.4547236509971904,2.176190476190476,6.025668202764977,2.1060348371889046,2.29538412955702
all_available,TY1,Tmin,1,2022-01-22,2025-12-31,1000,1.0355,1.3079487757553812,0.6631,1.71073,0.972787569573284,1.0990044052794599
all_available,WGL,Tmin,1,2022-01-02,2025-12-31,1393,0.9305096913137113,1.1783339620238678,0.6390524048815507,1.388470926058866,0.8724223440439741,0.9936587884206647
all_available,WLP,Tmin,1,2022-01-02,2025-12-31,1303,1.4985418265541062,1.8721286533117953,1.252187260168841,3.5048656945510364,1.3919430967266706,1.607155679001825
all_available,WTS,Tmin,1,2022-01-02,2025-12-30,1300,0.8965384615384615,1.1466170979148922,0.5159230769230769,1.3147307692307693,0.8498089177568567,0.9467642577623814
all_available,YLP,Tmin,1,2022-01-02,2025-12-31,1237,1.5526273241713824,1.9865880126724251,1.3362974939369443,3.9465319320937757,1.426692271173198,1.6806863370924652
strict_common,CCH,Tmin,1,2022-02-06,2025-12-26,24,1.0750000000000002,1.2483322207382672,0.8083333333333332,1.5583333333333338,0.8437395833333335,1.347132352941176
strict_common,CWB,Tmin,1,2022-02-06,2025-12-26,24,0.958333333333333,1.1120551545074848,0.7999999999999995,1.2366666666666661,0.7352941176470589,1.1750986842105255
strict_common,HKP,Tmin,1,2022-02-06,2025-12-26,24,0.7000000000000002,0.8798674142543675,0.21666666666666687,0.7741666666666669,0.5,0.9077272727272728
strict_common,HKS,Tmin,1,2022-02-06,2025-12-26,24,1.0624999999999998,1.3941843493598682,0.36249999999999966,1.943749999999999,0.7461363636363635,1.4579751461988297
strict_common,HPV,Tmin,1,2022-02-06,2025-12-26,24,0.9624999999999998,1.2235535678233842,0.037500000000000235,1.497083333333333,0.6799230769230766,1.333333333333333
strict_common,JKB,Tmin,1,2022-02-06,2025-12-26,24,1.3750000000000002,1.6936154620613657,1.1666666666666667,2.8683333333333336,0.9635454545454547,1.790564516129031
strict_common,KLT,Tmin,1,2022-02-06,2025-12-26,24,0.9541666666666666,1.1256479615462966,0.7291666666666666,1.2670833333333331,0.7356909937888197,1.1632039473684208
strict_common,KP,Tmin,1,2022-02-06,2025-12-26,24,0.7458333333333332,0.9034655499796326,0.4208333333333332,0.81625,0.5863474025974025,0.9117966751918158
strict_common,KSC,Tmin,1,2022-02-06,2025-12-26,24,1.8291666666666666,2.0576078343552253,1.7708333333333333,4.23375,1.4399722222222218,2.2666935483870967
strict_common,KTG,Tmin,1,2022-02-06,2025-12-26,24,0.9999999999999997,1.1449162997063729,0.8583333333333331,1.3108333333333329,0.7999999999999999,1.191801470588234
strict_common,LFS,Tmin,1,2022-02-06,2025-12-26,24,1.4083333333333332,1.625064101299802,1.3083333333333333,2.6408333333333327,1.061527777777778,1.7947642543859645
strict_common,NGP,Tmin,1,2022-02-06,2025-12-26,24,4.408333333333333,4.550274716981383,4.408333333333333,20.705,3.941169786096257,4.833374999999999
strict_common,PEN,Tmin,1,2022-02-06,2025-12-26,24,0.833333333333333,1.0622303579418793,0.32499999999999996,1.128333333333333,0.5899913793103445,1.0999999999999999
strict_common,PLC,Tmin,1,2022-02-06,2025-12-26,24,1.1500000000000001,1.312757911167681,1.0,1.7233333333333334,0.8947295321637422,1.425929951690821
strict_common,SEK,Tmin,1,2022-02-06,2025-12-26,24,1.629166666666667,2.2042572445157123,1.4875,4.8587500000000015,1.0153858901515156,2.436882591093118
strict_common,SHA,Tmin,1,2022-02-06,2025-12-26,24,1.1666666666666667,1.5734781006843832,0.9083333333333332,2.475833333333334,0.776160714285714,1.6834868421052624
strict_common,SKG,Tmin,1,2022-02-06,2025-12-26,24,0.8708333333333337,1.1370649351143791,0.5958333333333337,1.2929166666666674,0.6076923076923083,1.1786904761904757
strict_common,SKW,Tmin,1,2022-02-06,2025-12-26,24,0.8041666666666667,0.9693210682396896,0.5458333333333334,0.9395833333333329,0.6259027777777779,0.9944517543859646
strict_common,SSH,Tmin,1,2022-02-06,2025-12-26,24,1.3250000000000004,1.7568911937472589,1.1833333333333338,3.0866666666666682,0.8750000000000007,1.930222222222222
strict_common,SSP,Tmin,1,2022-02-06,2025-12-26,24,0.6625000000000001,0.9383052097620831,0.2708333333333332,0.8804166666666667,0.4217313664596273,0.9348059006211181
strict_common,STY,Tmin,1,2022-02-06,2025-12-26,24,0.7500000000000001,0.8962886439832504,0.20833333333333348,0.8033333333333337,0.586659090909091,0.9158114035087721
strict_common,TKL,Tmin,1,2022-02-06,2025-12-26,24,2.404166666666667,3.0861923681671772,2.3208333333333333,9.52458333333333,1.6648369565217394,3.4131585677749356
strict_common,TU1,Tmin,1,2022-02-06,2025-12-26,24,0.8583333333333334,1.1438239957848992,0.5083333333333333,1.3083333333333333,0.5523757763975159,1.2320823529411762
strict_common,TW,Tmin,1,2022-02-06,2025-12-26,24,1.6583333333333339,2.0980149348054384,1.3916666666666668,4.401666666666667,1.1033620689655175,2.3059019607843148
strict_common,TWN,Tmin,1,2022-02-06,2025-12-26,24,2.220833333333333,2.437297000093888,2.0958333333333328,5.940416666666667,1.8,2.700138888888888
strict_common,TY1,Tmin,1,2022-02-06,2025-12-26,24,0.7875,1.0841663464001574,0.22916666666666644,1.1754166666666659,0.5076923076923078,1.115835913312693
strict_common,WGL,Tmin,1,2022-02-06,2025-12-26,24,0.7083333333333335,0.8587782018658836,0.20833333333333362,0.7375000000000003,0.5391304347826089,0.8895095693779903
strict_common,WLP,Tmin,1,2022-02-06,2025-12-26,24,1.3833333333333337,1.8470697514351393,1.1083333333333336,3.4116666666666675,0.8630633223684214,2.016666666666666
strict_common,WTS,Tmin,1,2022-02-06,2025-12-26,24,0.7958333333333331,1.014683858811863,0.3624999999999999,1.0295833333333329,0.5888782051282049,1.0429220779220774
strict_common,YLP,Tmin,1,2022-02-06,2025-12-26,24,1.5083333333333335,2.029778313018444,1.3166666666666669,4.12,0.958811274509804,2.2105263157894735
lowland_available,CCH,Tmin,1,2022-01-02,2025-12-31,1315,1.3023574144486691,1.5560552640542284,1.2147528517110266,2.4213079847908747,1.231649403795783,1.3747736120775458
lowland_available,CWB,Tmin,1,2022-01-02,2025-12-31,1262,1.1380348652931855,1.3850057355405392,1.0469096671949287,1.91824088748019,1.0821389626125086,1.194488338407288
lowland_available,HKP,Tmin,1,2022-01-02,2025-12-31,1286,0.8352255054432348,1.0635740386142885,0.4216951788491446,1.131189735614308,0.7953803618624244,0.8768240238871834
lowland_available,HKS,Tmin,1,2022-01-02,2025-12-31,1338,1.0642002989536623,1.3794265613892132,0.5030642750373692,1.9028176382660689,0.9982755919249122,1.1344120522822978
lowland_available,HPV,Tmin,1,2022-01-02,2025-12-31,1236,0.9056634304207121,1.1768877282557983,0.08754045307443367,1.385064724919094,0.8521055326488265,0.9599201907946499
lowland_available,JKB,Tmin,1,2022-01-02,2025-12-31,1308,1.3678134556574923,1.6690128745864028,1.2211773700305808,2.785603975535168,1.2818459652694232,1.451832047582772
lowland_available,KLT,Tmin,1,2022-01-02,2025-12-31,1302,1.0496159754224272,1.3066590645253637,0.9006144393241167,1.7073579109062984,1.0053398202784027,1.0941370029882564
lowland_available,KP,Tmin,1,2022-01-02,2025-12-31,1246,0.8280898876404496,1.0527042299842084,0.5382022471910112,1.108186195826645,0.7910921595115212,0.868167567962584
lowland_available,KSC,Tmin,1,2022-01-02,2025-12-31,1316,1.8012158054711247,2.0844918764482445,1.7557750759878419,4.345106382978723,1.7070141097158302,1.8941498021031957
lowland_available,KTG,Tmin,1,2022-01-02,2025-12-31,1251,1.0122302158273382,1.2487915821575137,0.8251798561151079,1.5594804156674662,0.97038293586089,1.0559130051502967
lowland_available,LFS,Tmin,1,2022-01-02,2025-12-31,1220,1.5151639344262295,1.8018182983663666,1.4151639344262295,3.246549180327869,1.4273738881576319,1.6040891063037608
lowland_available,PEN,Tmin,1,2022-01-02,2025-12-31,999,0.8337337337337338,1.0667088955604842,0.5282282282282282,1.137867867867868,0.7870264751862653,0.8799138696444656
lowland_available,PLC,Tmin,1,2022-01-02,2025-12-31,1334,1.2516491754122938,1.502928176410395,1.1801349325337331,2.2587931034482756,1.195315422105683,1.308556098244425
lowland_available,SEK,Tmin,1,2022-01-02,2025-12-31,1030,1.8014563106796118,2.268768538130686,1.6183495145631068,5.14731067961165,1.6449800249138082,1.9551836761010342
lowland_available,SHA,Tmin,1,2022-01-02,2025-12-31,1339,1.2303958177744585,1.6336340682225492,0.8929798356982822,2.668760268857356,1.1317582741450032,1.3281592755016947
lowland_available,SKG,Tmin,1,2022-01-02,2025-12-31,1304,0.9534509202453989,1.215426785100053,0.6580521472392639,1.4772622699386504,0.8923670833050623,1.0155447629372432
lowland_available,SKW,Tmin,1,2022-01-02,2025-12-31,1383,0.9590744757772958,1.2001506292543007,0.7168474331164135,1.4403615328994939,0.9140676559901576,1.0053290827251062
lowland_available,SSH,Tmin,1,2022-01-02,2025-12-31,1372,1.4829446064139942,1.9198328097760782,1.304518950437318,3.685758017492711,1.3643746593938957,1.605262709874369
lowland_available,SSP,Tmin,1,2022-01-02,2025-12-31,1352,0.8307692307692309,1.0731940934100306,0.4463017751479289,1.1517455621301775,0.7873179668416403,0.8729447739065977
lowland_available,STY,Tmin,1,2022-01-02,2025-12-30,1255,0.8536254980079683,1.0918349626465398,0.4568127490039841,1.1921035856573707,0.8076670437555405,0.9024864830881428
lowland_available,TKL,Tmin,1,2022-01-02,2025-12-31,1282,2.3343213728549137,2.9773219808826714,2.267550702028081,8.864446177847114,2.1232834806306586,2.541540013513539
lowland_available,TU1,Tmin,1,2022-01-02,2025-12-31,1287,1.006060606060606,1.2654269482294747,0.6881118881118882,1.6013053613053614,0.948988836865422,1.0628052895752895
lowland_available,TW,Tmin,1,2022-01-03,2025-12-31,1065,1.7205633802816902,2.1287303628563388,1.603192488262911,4.5314929577464795,1.5812314955335391,1.857548536322144
lowland_available,TWN,Tmin,1,2022-01-02,2025-12-31,1302,2.201689708141321,2.4547236509971904,2.176190476190476,6.025668202764977,2.1060348371889046,2.29538412955702
lowland_available,TY1,Tmin,1,2022-01-22,2025-12-31,1000,1.0355,1.3079487757553812,0.6631,1.71073,0.972787569573284,1.0990044052794599
lowland_available,WGL,Tmin,1,2022-01-02,2025-12-31,1393,0.9305096913137113,1.1783339620238678,0.6390524048815507,1.388470926058866,0.8724223440439741,0.9936587884206647
lowland_available,WLP,Tmin,1,2022-01-02,2025-12-31,1303,1.4985418265541062,1.8721286533117953,1.252187260168841,3.5048656945510364,1.3919430967266706,1.607155679001825
lowland_available,WTS,Tmin,1,2022-01-02,2025-12-30,1300,0.8965384615384615,1.1466170979148922,0.5159230769230769,1.3147307692307693,0.8498089177568567,0.9467642577623814
lowland_available,YLP,Tmin,1,2022-01-02,2025-12-31,1237,1.5526273241713824,1.9865880126724251,1.3362974939369443,3.9465319320937757,1.426692271173198,1.6806863370924652
all_available,CCH,Tmin,2,2022-01-03,2025-12-31,1314,1.435007610350076,1.7055688178404442,1.3345509893455099,2.90896499238965,1.3589039464944777,1.5125397927193993
all_available,CWB,Tmin,2,2022-01-03,2025-12-31,1261,1.2714512291831879,1.54753647823471,1.155828707375099,2.3948691514670895,1.200484648313309,1.346822
all_available,HKP,Tmin,2,2022-01-03,2025-12-31,1285,0.9546303501945526,1.2136288319062962,0.5362645914396886,1.4728949416342412,0.9031098050104899,1.00728310784799
all_available,HKS,Tmin,2,2022-01-03,2025-12-31,1337,1.135976065818998,1.4601871787064282,0.6146596858638743,2.1321465968586386,1.0709879901371981,1.2084498539378936
all_available,HPV,Tmin,2,2022-01-03,2025-12-31,1235,0.9812955465587045,1.2661683088100169,0.1790283400809717,1.6031821862348181,0.9259007974050549,1.0384879066936585
all_available,JKB,Tmin,2,2022-01-03,2025-12-31,1307,1.4983932670237183,1.7987754059301961,1.3418515684774293,3.235592960979342,1.4095117728160182,1.585034742223502
all_available,KLT,Tmin,2,2022-01-03,2025-12-31,1301,1.2295157571099156,1.5151857495026058,1.0276710222905456,2.295787855495773,1.1643854778753606,1.293689763939881
all_available,KP,Tmin,2,2022-01-07,2025-12-31,1245,0.9925301204819278,1.2385215956824844,0.6555020080321285,1.5339357429718874,0.9400992930390332,1.0444727488151657
all_available,KSC,Tmin,2,2022-01-03,2025-12-31,1315,1.9311787072243345,2.2281554717038152,1.874296577946768,4.96467680608365,1.828580902777778,2.0333383701826415
all_available,KTG,Tmin,2,2022-01-07,2025-12-31,1250,1.1712,1.4345508007735384,0.9428799999999999,2.057936,1.1100795295507406,1.2314996134262903
all_available,LFS,Tmin,2,2022-01-03,2025-12-31,1219,1.6572600492206726,1.9729882226362119,1.5369975389663657,3.892682526661198,1.5553205133904147,1.7579941688569813
all_available,NGP,Tmin,2,2022-01-14,2025-12-31,757,4.697886393659181,4.882215048322977,4.693130779392338,23.836023778071333,4.535657219977062,4.853346890762629
all_available,PEN,Tmin,2,2022-01-03,2025-12-31,998,0.9995991983967935,1.2585897251258589,0.6605210420841684,1.5840480961923848,0.9371994448504517,1.061752978964569
all_available,PLC,Tmin,2,2022-01-03,2025-12-31,1333,1.3923480870217555,1.6847179492847344,1.2898724681170293,2.8382745686421607,1.3144100604946571,1.4739040747828502
all_available,SEK,Tmin,2,2022-01-03,2025-12-31,1029,1.912147716229349,2.392090952569411,1.7387755102040816,5.722099125364431,1.7564653182162544,2.0700149920595416
all_available,SHA,Tmin,2,2022-01-03,2025-12-31,1338,1.352765321375187,1.7603123448892548,1.0004484304932735,3.098699551569507,1.2505556034865908,1.4601870384582583
all_available,SKG,Tmin,2,2022-01-03,2025-12-31,1303,1.0861089792785878,1.3690863903088561,0.762854950115119,1.8743975441289333,1.0182684038041856,1.160319244319621
all_available,SKW,Tmin,2,2022-01-03,2025-12-31,1382,1.1019536903039076,1.3659096299614475,0.831041968162084,1.8657091172214182,1.0432780272394064,1.1633551518916112
all_available,SSH,Tmin,2,2022-01-03,2025-12-31,1371,1.62436177972283,2.0639767440550294,1.415609044493071,4.26,1.49933284457478,1.750116872028052
all_available,SSP,Tmin,2,2022-01-03,2025-12-31,1351,0.9803849000740192,1.2483801495455713,0.561880088823094,1.5584529977794228,0.9292791603414176,1.0379338808775125
all_available,STY,Tmin,2,2022-01-03,2025-12-30,1254,0.9588516746411484,1.2085157702016787,0.5625199362041468,1.4605103668261565,0.901570695970696,1.0175579589057289
all_available,TKL,Tmin,2,2022-01-03,2025-12-31,1281,2.4423887587822013,3.0781050468034565,2.3760343481654957,9.47473067915691,2.231177026880555,2.6514996038968572
all_available,TU1,Tmin,2,2022-01-03,2025-12-31,1286,1.1384136858475895,1.4329058882576418,0.7872472783825817,2.053219284603421,1.0724512480197943,1.2048054217911848
all_available,TW,Tmin,2,2022-01-03,2025-12-31,1065,1.8507042253521127,2.2522268583773357,1.71962441314554,5.072525821596244,1.7166157877110917,1.9808970326598034
all_available,TWN,Tmin,2,2022-01-03,2025-12-31,1301,2.3016141429669488,2.579470180183035,2.2739431206764027,6.653666410453497,2.196430126696186,2.4057767777995918
all_available,TY1,Tmin,2,2022-01-22,2025-12-31,1000,1.1357000000000004,1.4283311940863015,0.7751,2.04013,1.072326530179722,1.2024664865672001
all_available,WGL,Tmin,2,2022-01-03,2025-12-31,1392,1.0429597701149427,1.305872016752764,0.7520114942528735,1.7053017241379311,0.9781712132089017,1.1106327580000495
all_available,WLP,Tmin,2,2022-01-03,2025-12-31,1302,1.610061443932412,1.9875940113406083,1.3725806451612903,3.9505299539170506,1.5048970857241597,1.7221476516170138
all_available,WTS,Tmin,2,2022-01-03,2025-12-30,1299,1.0387990762124713,1.3132533396504866,0.6383371824480369,1.7246343341031565,0.983218968087576,1.0984606949824556
all_available,YLP,Tmin,2,2022-01-03,2025-12-31,1236,1.6752427184466019,2.1180798228400954,1.45210355987055,4.48626213592233,1.5477375801323277,1.806706861239119
strict_common,CCH,Tmin,2,2022-02-06,2025-12-26,24,1.2916666666666667,1.5438048235879216,1.0166666666666666,2.3833333333333337,1.0000000000000004,1.6588529411764705
strict_common,CWB,Tmin,2,2022-02-06,2025-12-26,24,1.1916666666666664,1.4153915830374761,1.0083333333333329,2.0033333333333325,0.8999999999999999,1.4999999999999993
strict_common,HKP,Tmin,2,2022-02-06,2025-12-26,24,0.8916666666666669,1.1398099256747447,0.4250000000000002,1.2991666666666672,0.6155915178571432,1.1913654891304344
strict_common,HKS,Tmin,2,2022-02-06,2025-12-26,24,1.2291666666666665,1.5444794160708863,0.570833333333333,2.385416666666666,0.8545454545454547,1.646190476190476
strict_common,HPV,Tmin,2,2022-02-06,2025-12-26,24,1.070833333333333,1.3154530271608584,0.24583333333333357,1.730416666666666,0.757068452380952,1.4417916666666657
strict_common,JKB,Tmin,2,2022-02-06,2025-12-26,24,1.5833333333333337,1.893409622876149,1.3750000000000002,3.585000000000001,1.1666666666666667,2.0269999999999997
strict_common,KLT,Tmin,2,2022-02-06,2025-12-26,24,1.2125000000000001,1.429014812146233,0.9375,2.0420833333333337,0.9045318181818184,1.5125135869565216
strict_common,KP,Tmin,2,2022-02-06,2025-12-26,24,0.9874999999999999,1.1935591034101887,0.6291666666666665,1.4245833333333335,0.725925925925926,1.2667499999999996
strict_common,KSC,Tmin,2,2022-02-06,2025-12-26,24,2.0375,2.3040724814987916,1.9791666666666667,5.30875,1.5930377668308702,2.5423214285714284
strict_common,KTG,Tmin,2,2022-02-06,2025-12-26,24,1.2416666666666665,1.3973188612482117,1.0666666666666664,1.9524999999999988,1.0036111111111103,1.4947493734335835
strict_common,LFS,Tmin,2,2022-02-06,2025-12-26,24,1.6166666666666665,1.8639116574201329,1.5166666666666666,3.4741666666666666,1.2736602870813396,2.033375
strict_common,NGP,Tmin,2,2022-02-06,2025-12-26,24,4.616666666666666,4.767598976424087,4.616666666666666,22.73,4.1665277777777785,5.019326923076923
strict_common,PEN,Tmin,2,2022-02-06,2025-12-26,24,1.0666666666666664,1.2922847983320085,0.5333333333333333,1.67,0.8238025210084032,1.3363755980861243
strict_common,PLC,Tmin,2,2022-02-06,2025-12-26,24,1.3833333333333335,1.5911211979816833,1.2083333333333333,2.531666666666667,1.049903846153846,1.7250416666666666
strict_common,SEK,Tmin,2,2022-02-06,2025-12-26,24,1.8375000000000004,2.3875545368989304,1.6958333333333335,5.7004166666666665,1.2331250000000005,2.6833749999999994
strict_common,SHA,Tmin,2,2022-02-06,2025-12-26,24,1.4083333333333334,1.837344097694641,1.1166666666666665,3.3758333333333344,0.9841052631578945,1.9833552631578946
strict_common,SKG,Tmin,2,2022-02-06,2025-12-26,24,1.1125000000000003,1.44380862074353,0.804166666666667,2.084583333333334,0.7533095238095241,1.5433437500000002
strict_common,SKW,Tmin,2,2022-02-06,2025-12-26,24,1.0875000000000001,1.2998397337107883,0.7541666666666668,1.6895833333333332,0.8071113445378152,1.393375
strict_common,SSH,Tmin,2,2022-02-06,2025-12-26,24,1.5333333333333339,1.996663884249592,1.3916666666666668,3.986666666666668,1.0621298472385434,2.2000000000000006
strict_common,SSP,Tmin,2,2022-02-06,2025-12-26,24,0.9458333333333333,1.1855027063092969,0.4791666666666665,1.4054166666666668,0.6738985507246377,1.261578947368421
strict_common,STY,Tmin,2,2022-02-06,2025-12-26,24,0.9250000000000003,1.1195237082497778,0.4166666666666668,1.2533333333333336,0.6555416666666667,1.1894868421052631
strict_common,TKL,Tmin,2,2022-02-06,2025-12-26,24,2.6125000000000003,3.2799263203106657,2.529166666666667,10.757916666666665,1.8598333333333334,3.6159090909090885
strict_common,TU1,Tmin,2,2022-02-06,2025-12-26,24,1.0999999999999999,1.369306393762915,0.7166666666666667,1.8749999999999993,0.804983695652174,1.4999999999999993
strict_common,TW,Tmin,2,2022-02-06,2025-12-26,24,1.8666666666666671,2.27522892621087,1.6000000000000003,5.1766666666666685,1.3275696286472154,2.588261554621849
strict_common,TWN,Tmin,2,2022-02-06,2025-12-26,24,2.4291666666666667,2.6690354062844497,2.3041666666666663,7.1237499999999985,1.9857142857142855,2.9640304347826083
strict_common,TY1,Tmin,2,2022-02-06,2025-12-26,24,1.0791666666666664,1.3448977656312762,0.4374999999999998,1.8087499999999992,0.7817727272727271,1.4294374999999984
strict_common,WGL,Tmin,2,2022-02-06,2025-12-26,24,0.9250000000000003,1.134680571791022,0.41666666666666696,1.2875000000000005,0.6799565217391311,1.2217638339920949
strict_common,WLP,Tmin,2,2022-02-06,2025-12-26,24,1.591666666666667,2.023610634484806,1.316666666666667,4.095,1.0681439393939398,2.231818181818182
strict_common,WTS,Tmin,2,2022-02-06,2025-12-26,24,1.020833333333333,1.266721490041648,0.5708333333333332,1.6045833333333326,0.7367960526315782,1.3500657894736838
strict_common,YLP,Tmin,2,2022-02-06,2025-12-26,24,1.6833333333333336,2.1992422937608915,1.5250000000000004,4.836666666666667,1.1332407407407412,2.4250892857142854
lowland_available,CCH,Tmin,2,2022-01-03,2025-12-31,1314,1.435007610350076,1.7055688178404442,1.3345509893455099,2.90896499238965,1.3589039464944777,1.5125397927193993
lowland_available,CWB,Tmin,2,2022-01-03,2025-12-31,1261,1.2714512291831879,1.54753647823471,1.155828707375099,2.3948691514670895,1.200484648313309,1.346822
lowland_available,HKP,Tmin,2,2022-01-03,2025-12-31,1285,0.9546303501945526,1.2136288319062962,0.5362645914396886,1.4728949416342412,0.9031098050104899,1.00728310784799
lowland_available,HKS,Tmin,2,2022-01-03,2025-12-31,1337,1.135976065818998,1.4601871787064282,0.6146596858638743,2.1321465968586386,1.0709879901371981,1.2084498539378936
lowland_available,HPV,Tmin,2,2022-01-03,2025-12-31,1235,0.9812955465587045,1.2661683088100169,0.1790283400809717,1.6031821862348181,0.9259007974050549,1.0384879066936585
lowland_available,JKB,Tmin,2,2022-01-03,2025-12-31,1307,1.4983932670237183,1.7987754059301961,1.3418515684774293,3.235592960979342,1.4095117728160182,1.585034742223502
lowland_available,KLT,Tmin,2,2022-01-03,2025-12-31,1301,1.2295157571099156,1.5151857495026058,1.0276710222905456,2.295787855495773,1.1643854778753606,1.293689763939881
lowland_available,KP,Tmin,2,2022-01-07,2025-12-31,1245,0.9925301204819278,1.2385215956824844,0.6555020080321285,1.5339357429718874,0.9400992930390332,1.0444727488151657
lowland_available,KSC,Tmin,2,2022-01-03,2025-12-31,1315,1.9311787072243345,2.2281554717038152,1.874296577946768,4.96467680608365,1.828580902777778,2.0333383701826415
lowland_available,KTG,Tmin,2,2022-01-07,2025-12-31,1250,1.1712,1.4345508007735384,0.9428799999999999,2.057936,1.1100795295507406,1.2314996134262903
lowland_available,LFS,Tmin,2,2022-01-03,2025-12-31,1219,1.6572600492206726,1.9729882226362119,1.5369975389663657,3.892682526661198,1.5553205133904147,1.7579941688569813
lowland_available,PEN,Tmin,2,2022-01-03,2025-12-31,998,0.9995991983967935,1.2585897251258589,0.6605210420841684,1.5840480961923848,0.9371994448504517,1.061752978964569
lowland_available,PLC,Tmin,2,2022-01-03,2025-12-31,1333,1.3923480870217555,1.6847179492847344,1.2898724681170293,2.8382745686421607,1.3144100604946571,1.4739040747828502
lowland_available,SEK,Tmin,2,2022-01-03,2025-12-31,1029,1.912147716229349,2.392090952569411,1.7387755102040816,5.722099125364431,1.7564653182162544,2.0700149920595416
lowland_available,SHA,Tmin,2,2022-01-03,2025-12-31,1338,1.352765321375187,1.7603123448892548,1.0004484304932735,3.098699551569507,1.2505556034865908,1.4601870384582583
lowland_available,SKG,Tmin,2,2022-01-03,2025-12-31,1303,1.0861089792785878,1.3690863903088561,0.762854950115119,1.8743975441289333,1.0182684038041856,1.160319244319621
lowland_available,SKW,Tmin,2,2022-01-03,2025-12-31,1382,1.1019536903039076,1.3659096299614475,0.831041968162084,1.8657091172214182,1.0432780272394064,1.1633551518916112
lowland_available,SSH,Tmin,2,2022-01-03,2025-12-31,1371,1.62436177972283,2.0639767440550294,1.415609044493071,4.26,1.49933284457478,1.750116872028052
lowland_available,SSP,Tmin,2,2022-01-03,2025-12-31,1351,0.9803849000740192,1.2483801495455713,0.561880088823094,1.5584529977794228,0.9292791603414176,1.0379338808775125
lowland_available,STY,Tmin,2,2022-01-03,2025-12-30,1254,0.9588516746411484,1.2085157702016787,0.5625199362041468,1.4605103668261565,0.901570695970696,1.0175579589057289
lowland_available,TKL,Tmin,2,2022-01-03,2025-12-31,1281,2.4423887587822013,3.0781050468034565,2.3760343481654957,9.47473067915691,2.231177026880555,2.6514996038968572
lowland_available,TU1,Tmin,2,2022-01-03,2025-12-31,1286,1.1384136858475895,1.4329058882576418,0.7872472783825817,2.053219284603421,1.0724512480197943,1.2048054217911848
lowland_available,TW,Tmin,2,2022-01-03,2025-12-31,1065,1.8507042253521127,2.2522268583773357,1.71962441314554,5.072525821596244,1.7166157877110917,1.9808970326598034
lowland_available,TWN,Tmin,2,2022-01-03,2025-12-31,1301,2.3016141429669488,2.579470180183035,2.2739431206764027,6.653666410453497,2.196430126696186,2.4057767777995918
lowland_available,TY1,Tmin,2,2022-01-22,2025-12-31,1000,1.1357000000000004,1.4283311940863015,0.7751,2.04013,1.072326530179722,1.2024664865672001
lowland_available,WGL,Tmin,2,2022-01-03,2025-12-31,1392,1.0429597701149427,1.305872016752764,0.7520114942528735,1.7053017241379311,0.9781712132089017,1.1106327580000495
lowland_available,WLP,Tmin,2,2022-01-03,2025-12-31,1302,1.610061443932412,1.9875940113406083,1.3725806451612903,3.9505299539170506,1.5048970857241597,1.7221476516170138
lowland_available,WTS,Tmin,2,2022-01-03,2025-12-30,1299,1.0387990762124713,1.3132533396504866,0.6383371824480369,1.7246343341031565,0.983218968087576,1.0984606949824556
lowland_available,YLP,Tmin,2,2022-01-03,2025-12-31,1236,1.6752427184466019,2.1180798228400954,1.45210355987055,4.48626213592233,1.5477375801323277,1.806706861239119
all_available,CCH,Tmin,3,2022-01-04,2025-12-31,1313,1.4689261233815687,1.7676043055388937,1.3516374714394515,3.1244249809596343,1.3871441412299677,1.5579480609518097
all_available,CWB,Tmin,3,2022-01-04,2025-12-31,1260,1.2964285714285715,1.6137233885034867,1.1635714285714285,2.604103174603175,1.2134826058772685,1.3799311807367114
all_available,HKP,Tmin,3,2022-01-04,2025-12-31,1284,1.008411214953271,1.2824176447539717,0.5507788161993769,1.6445950155763238,0.947817221079509,1.069894611660159
all_available,HKS,Tmin,3,2022-01-04,2025-12-31,1336,1.1705838323353295,1.5038548272081869,0.6307634730538921,2.2615793413173653,1.1021635642700214,1.2456436376137876
all_available,HPV,Tmin,3,2022-01-04,2025-12-31,1234,1.0314424635332253,1.317418525800809,0.1849270664505673,1.735591572123177,0.9751396897125081,1.0922345639432856
all_available,JKB,Tmin,3,2022-01-04,2025-12-31,1306,1.5278713629402758,1.843476973191997,1.3535987748851455,3.398407350689127,1.432208103447469,1.6246214916926884
all_available,KLT,Tmin,3,2022-01-04,2025-12-31,1300,1.2774615384615386,1.5860764362219313,1.0413076923076923,2.5156384615384617,1.2017133331715424,1.3559460884052843
all_available,KP,Tmin,3,2022-01-07,2025-12-31,1245,1.0426506024096385,1.317033907404442,0.6763855421686747,1.7345783132530121,0.979926116184678,1.1080601746464154
all_available,KSC,Tmin,3,2022-01-04,2025-12-31,1314,1.946118721461187,2.2688848936379267,1.8815829528158292,5.147838660578387,1.8386906458331118,2.059274828229606
all_available,KTG,Tmin,3,2022-01-07,2025-12-31,1250,1.21984,1.5148386052646003,0.9644799999999999,2.294736,1.1463458483627638,1.2940421713379129
all_available,LFS,Tmin,3,2022-01-04,2025-12-31,1218,1.674055829228243,2.017741506778641,1.5551724137931036,4.07128078817734,1.5635884070450394,1.786611852246293
all_available,NGP,Tmin,3,2022-01-14,2025-12-31,757,4.707133421400265,4.914469241538071,4.702377807133421,24.152007926023778,4.538072273484818,4.876958142330262
all_available,PEN,Tmin,3,2022-01-11,2025-12-31,997,1.063891675025075,1.3435943350623485,0.6867602808425276,1.8052457372116346,0.9932074233962094,1.140077536461048
all_available,PLC,Tmin,3,2022-01-04,2025-12-31,1332,1.4316066066066067,1.7542334037507195,1.3072822822822823,3.077334834834835,1.3406681514476615,1.5229864928113672
all_available,SEK,Tmin,3,2022-01-04,2025-12-31,1028,1.942704280155642,2.434741654892781,1.755350194552529,5.927966926070038,1.7843039640098461,2.1066260043521923
all_available,SHA,Tmin,3,2022-01-04,2025-12-31,1337,1.4081525804038892,1.8160445893853354,1.019222139117427,3.2980179506357516,1.3041807128443361,1.5209376295835553
all_available,SKG,Tmin,3,2022-01-04,2025-12-31,1302,1.1350230414746545,1.4334012058377381,0.7764976958525347,2.0546390168970814,1.0601029615857278,1.2183246692037573
all_available,SKW,Tmin,3,2022-01-04,2025-12-31,1381,1.1359160028964521,1.4268476721457,0.8448225923244025,2.035894279507603,1.0693425138301849,1.2049335247098911
all_available,SSH,Tmin,3,2022-01-04,2025-12-31,1370,1.6583211678832117,2.111015599495624,1.429124087591241,4.456386861313868,1.5285711013287686,1.7871996434497845
all_available,SSP,Tmin,3,2022-01-04,2025-12-31,1350,1.040148148148148,1.3278163639209666,0.5754074074074074,1.7630962962962966,0.982069949096726,1.1038398455651222
all_available,STY,Tmin,3,2022-01-04,2025-12-30,1253,1.0007980845969675,1.2708406327336499,0.583559457302474,1.6150359138068635,0.9372440461733372,1.0645540100824635
all_available,TKL,Tmin,3,2022-01-04,2025-12-31,1280,2.4625,3.1120782846837254,2.39296875,9.68503125,2.2457204704543186,2.674669328978343
all_available,TU1,Tmin,3,2022-01-04,2025-12-31,1285,1.178988326848249,1.4929353740629245,0.7976653696498055,2.2288560311284047,1.1054565644575545,1.257190332673814
all_available,TW,Tmin,3,2022-01-04,2025-12-31,1064,1.862875939849624,2.2723472512085796,1.718515037593985,5.163562030075188,1.722188899796752,1.9948884277493877
all_available,TWN,Tmin,3,2022-01-04,2025-12-31,1300,2.318692307692308,2.617957218901791,2.285615384615385,6.8537,2.202014780669967,2.430123067876344
all_available,TY1,Tmin,3,2022-01-22,2025-12-31,1000,1.2033000000000003,1.5015758389105758,0.7961,2.2547299999999995,1.1333484068114055,1.2768306850692028
all_available,WGL,Tmin,3,2022-01-04,2025-12-31,1391,1.0849029475197698,1.3650484595459236,0.7665708123652049,1.863357296908699,1.0171276592488059,1.1585327361584006
all_available,WLP,Tmin,3,2022-01-04,2025-12-31,1301,1.6350499615680245,2.024731788730339,1.392313604919293,4.099538816295158,1.527572171403222,1.7471364907179603
all_available,WTS,Tmin,3,2022-01-04,2025-12-30,1298,1.105084745762712,1.392268990888332,0.6587057010785824,1.938412942989214,1.0437735739750444,1.1708551431250545
all_available,YLP,Tmin,3,2022-01-04,2025-12-31,1235,1.6888259109311738,2.148263586538431,1.460161943319838,4.615036437246963,1.5551166717979512,1.823738518697346
strict_common,CCH,Tmin,3,2022-02-06,2025-12-26,24,1.2416666666666665,1.5275252316519468,0.9333333333333332,2.333333333333334,0.9199347826086958,1.6131121281464524
strict_common,CWB,Tmin,3,2022-02-06,2025-12-26,24,1.1749999999999998,1.409491634124398,0.9249999999999995,1.9866666666666657,0.871373626373626,1.4852222222222218
strict_common,HKP,Tmin,3,2022-02-06,2025-12-26,24,0.9,1.1434596626029272,0.34166666666666684,1.3075000000000003,0.6222101449275362,1.2
strict_common,HKS,Tmin,3,2022-02-06,2025-12-26,24,1.1874999999999998,1.530931089239486,0.48749999999999966,2.3437499999999996,0.7999166666666664,1.6151727272727265
strict_common,HPV,Tmin,3,2022-02-06,2025-12-26,24,1.1541666666666666,1.3712828543618074,0.16250000000000023,1.880416666666666,0.8559888888888889,1.5286071428571426
strict_common,JKB,Tmin,3,2022-02-06,2025-12-26,24,1.5000000000000002,1.8466185312619388,1.291666666666667,3.41,1.061041666666667,1.9667045454545455
strict_common,KLT,Tmin,3,2022-02-06,2025-12-26,24,1.1875,1.4202405899471164,0.8541666666666666,2.0170833333333333,0.8738985507246377,1.5000892857142851
strict_common,KP,Tmin,3,2022-02-06,2025-12-26,24,0.9958333333333335,1.2039864340321005,0.5458333333333333,1.4495833333333337,0.7293907563025209,1.2733421052631575
strict_common,KSC,Tmin,3,2022-02-06,2025-12-26,24,1.9541666666666666,2.2565644979333817,1.8958333333333333,5.092083333333334,1.472202380952381,2.4655357142857133
strict_common,KTG,Tmin,3,2022-02-06,2025-12-26,24,1.2166666666666666,1.3883443376914817,0.9833333333333331,1.927499999999999,0.952375776397516,1.4842348927875242
strict_common,LFS,Tmin,3,2022-02-06,2025-12-26,24,1.5333333333333332,1.814065415946551,1.4333333333333333,3.290833333333333,1.1846052631578945,1.9600151515151512
strict_common,NGP,Tmin,3,2022-02-06,2025-12-26,24,4.533333333333333,4.702481614353568,4.533333333333333,22.113333333333333,4.045375874125875,4.977833333333333
strict_common,PEN,Tmin,3,2022-02-06,2025-12-26,24,1.0666666666666664,1.2922847983320085,0.44999999999999996,1.67,0.8238025210084032,1.3363755980861243
strict_common,PLC,Tmin,3,2022-02-06,2025-12-26,24,1.3500000000000003,1.5726834816113935,1.125,2.473333333333334,1.0176006191950469,1.694264705882352
strict_common,SEK,Tmin,3,2022-02-06,2025-12-26,24,1.754166666666667,2.3435194331034115,1.6125,5.492083333333334,1.1499695121951228,2.6087055335968383
strict_common,SHA,Tmin,3,2022-02-06,2025-12-26,24,1.3250000000000002,1.807622748252522,1.0333333333333332,3.2675000000000005,0.8713474025974026,1.9215595238095224
strict_common,SKG,Tmin,3,2022-02-06,2025-12-26,24,1.0875000000000001,1.4293063585763086,0.7208333333333337,2.042916666666667,0.7291193181818185,1.5214810924369746
strict_common,SKW,Tmin,3,2022-02-06,2025-12-26,24,1.0708333333333335,1.2901873249002773,0.6708333333333334,1.6645833333333335,0.7912276214833761,1.3784472049689431
strict_common,SSH,Tmin,3,2022-02-06,2025-12-26,24,1.4750000000000005,1.9777933832093455,1.3083333333333338,3.911666666666669,0.9931969696969702,2.1475
strict_common,SSP,Tmin,3,2022-02-06,2025-12-26,24,0.9375000000000001,1.181982797393149,0.3958333333333332,1.397083333333334,0.6571428571428575,1.2461764705882357
strict_common,STY,Tmin,3,2022-02-06,2025-12-26,24,1.0000000000000002,1.1525334413080315,0.3333333333333335,1.3283333333333336,0.7652173913043482,1.2476242236024844
strict_common,TKL,Tmin,3,2022-02-06,2025-12-26,24,2.529166666666667,3.2492947952850733,2.4458333333333333,10.557916666666666,1.7632876016260164,3.595124999999999
strict_common,TU1,Tmin,3,2022-02-06,2025-12-26,24,1.0416666666666667,1.3416407864998736,0.6333333333333333,1.7999999999999996,0.7410953346855984,1.4375624999999996
strict_common,TW,Tmin,3,2022-02-06,2025-12-26,24,1.7833333333333339,2.2102036105300344,1.5166666666666668,4.885000000000001,1.255954166666667,2.459113636363637
strict_common,TWN,Tmin,3,2022-02-06,2025-12-26,24,2.345833333333333,2.596231242910898,2.2208333333333328,6.740416666666666,1.9000000000000001,2.868460526315789
strict_common,TY1,Tmin,3,2022-02-06,2025-12-26,24,1.0124999999999995,1.3198800450545998,0.35416666666666646,1.7420833333333325,0.6856766917293231,1.3866739130434778
strict_common,WGL,Tmin,3,2022-02-06,2025-12-26,24,0.9416666666666669,1.1420011675417268,0.33333333333333365,1.3041666666666671,0.7043432971014494,1.222754329004329
strict_common,WLP,Tmin,3,2022-02-06,2025-12-26,24,1.5083333333333337,1.9966638842495916,1.2333333333333336,3.986666666666667,0.9713095238095243,2.1599999999999993
strict_common,WTS,Tmin,3,2022-02-06,2025-12-26,24,1.0374999999999999,1.2732831578246842,0.4874999999999999,1.6212499999999996,0.7608478260869562,1.361166666666666
strict_common,YLP,Tmin,3,2022-02-06,2025-12-26,24,1.6083333333333336,2.1629455225070586,1.441666666666667,4.678333333333334,1.053129032258065,2.3705882352941177
lowland_available,CCH,Tmin,3,2022-01-04,2025-12-31,1313,1.4689261233815687,1.7676043055388937,1.3516374714394515,3.1244249809596343,1.3871441412299677,1.5579480609518097
lowland_available,CWB,Tmin,3,2022-01-04,2025-12-31,1260,1.2964285714285715,1.6137233885034867,1.1635714285714285,2.604103174603175,1.2134826058772685,1.3799311807367114
lowland_available,HKP,Tmin,3,2022-01-04,2025-12-31,1284,1.008411214953271,1.2824176447539717,0.5507788161993769,1.6445950155763238,0.947817221079509,1.069894611660159
lowland_available,HKS,Tmin,3,2022-01-04,2025-12-31,1336,1.1705838323353295,1.5038548272081869,0.6307634730538921,2.2615793413173653,1.1021635642700214,1.2456436376137876
lowland_available,HPV,Tmin,3,2022-01-04,2025-12-31,1234,1.0314424635332253,1.317418525800809,0.1849270664505673,1.735591572123177,0.9751396897125081,1.0922345639432856
lowland_available,JKB,Tmin,3,2022-01-04,2025-12-31,1306,1.5278713629402758,1.843476973191997,1.3535987748851455,3.398407350689127,1.432208103447469,1.6246214916926884
lowland_available,KLT,Tmin,3,2022-01-04,2025-12-31,1300,1.2774615384615386,1.5860764362219313,1.0413076923076923,2.5156384615384617,1.2017133331715424,1.3559460884052843
lowland_available,KP,Tmin,3,2022-01-07,2025-12-31,1245,1.0426506024096385,1.317033907404442,0.6763855421686747,1.7345783132530121,0.979926116184678,1.1080601746464154
lowland_available,KSC,Tmin,3,2022-01-04,2025-12-31,1314,1.946118721461187,2.2688848936379267,1.8815829528158292,5.147838660578387,1.8386906458331118,2.059274828229606
lowland_available,KTG,Tmin,3,2022-01-07,2025-12-31,1250,1.21984,1.5148386052646003,0.9644799999999999,2.294736,1.1463458483627638,1.2940421713379129
lowland_available,LFS,Tmin,3,2022-01-04,2025-12-31,1218,1.674055829228243,2.017741506778641,1.5551724137931036,4.07128078817734,1.5635884070450394,1.786611852246293
lowland_available,PEN,Tmin,3,2022-01-11,2025-12-31,997,1.063891675025075,1.3435943350623485,0.6867602808425276,1.8052457372116346,0.9932074233962094,1.140077536461048
lowland_available,PLC,Tmin,3,2022-01-04,2025-12-31,1332,1.4316066066066067,1.7542334037507195,1.3072822822822823,3.077334834834835,1.3406681514476615,1.5229864928113672
lowland_available,SEK,Tmin,3,2022-01-04,2025-12-31,1028,1.942704280155642,2.434741654892781,1.755350194552529,5.927966926070038,1.7843039640098461,2.1066260043521923
lowland_available,SHA,Tmin,3,2022-01-04,2025-12-31,1337,1.4081525804038892,1.8160445893853354,1.019222139117427,3.2980179506357516,1.3041807128443361,1.5209376295835553
lowland_available,SKG,Tmin,3,2022-01-04,2025-12-31,1302,1.1350230414746545,1.4334012058377381,0.7764976958525347,2.0546390168970814,1.0601029615857278,1.2183246692037573
lowland_available,SKW,Tmin,3,2022-01-04,2025-12-31,1381,1.1359160028964521,1.4268476721457,0.8448225923244025,2.035894279507603,1.0693425138301849,1.2049335247098911
lowland_available,SSH,Tmin,3,2022-01-04,2025-12-31,1370,1.6583211678832117,2.111015599495624,1.429124087591241,4.456386861313868,1.5285711013287686,1.7871996434497845
lowland_available,SSP,Tmin,3,2022-01-04,2025-12-31,1350,1.040148148148148,1.3278163639209666,0.5754074074074074,1.7630962962962966,0.982069949096726,1.1038398455651222
lowland_available,STY,Tmin,3,2022-01-04,2025-12-30,1253,1.0007980845969675,1.2708406327336499,0.583559457302474,1.6150359138068635,0.9372440461733372,1.0645540100824635
lowland_available,TKL,Tmin,3,2022-01-04,2025-12-31,1280,2.4625,3.1120782846837254,2.39296875,9.68503125,2.2457204704543186,2.674669328978343
lowland_available,TU1,Tmin,3,2022-01-04,2025-12-31,1285,1.178988326848249,1.4929353740629245,0.7976653696498055,2.2288560311284047,1.1054565644575545,1.257190332673814
lowland_available,TW,Tmin,3,2022-01-04,2025-12-31,1064,1.862875939849624,2.2723472512085796,1.718515037593985,5.163562030075188,1.722188899796752,1.9948884277493877
lowland_available,TWN,Tmin,3,2022-01-04,2025-12-31,1300,2.318692307692308,2.617957218901791,2.285615384615385,6.8537,2.202014780669967,2.430123067876344
lowland_available,TY1,Tmin,3,2022-01-22,2025-12-31,1000,1.2033000000000003,1.5015758389105758,0.7961,2.2547299999999995,1.1333484068114055,1.2768306850692028
lowland_available,WGL,Tmin,3,2022-01-04,2025-12-31,1391,1.0849029475197698,1.3650484595459236,0.7665708123652049,1.863357296908699,1.0171276592488059,1.1585327361584006
lowland_available,WLP,Tmin,3,2022-01-04,2025-12-31,1301,1.6350499615680245,2.024731788730339,1.392313604919293,4.099538816295158,1.527572171403222,1.7471364907179603
lowland_available,WTS,Tmin,3,2022-01-04,2025-12-30,1298,1.105084745762712,1.392268990888332,0.6587057010785824,1.938412942989214,1.0437735739750444,1.1708551431250545
lowland_available,YLP,Tmin,3,2022-01-04,2025-12-31,1235,1.6888259109311738,2.148263586538431,1.460161943319838,4.615036437246963,1.5551166717979512,1.823738518697346
all_available,CCH,Tmin,4,2022-01-05,2025-12-31,1312,1.5001524390243903,1.8173788415348455,1.3687500000000001,3.302865853658537,1.411275781902505,1.5943902472447162
all_available,CWB,Tmin,4,2022-01-05,2025-12-31,1259,1.3305798252581413,1.6622138027260496,1.176330420969023,2.7629547259729943,1.2440046715684285,1.420920523351823
all_available,HKP,Tmin,4,2022-01-05,2025-12-31,1283,1.046999220576773,1.3361249679022953,0.5692127825409197,1.7852299298519094,0.9858623674101709,1.1105608398193143
all_available,HKS,Tmin,4,2022-01-05,2025-12-31,1335,1.202172284644195,1.5519734929587046,0.6421722846441947,2.408621722846442,1.1294046219194214,1.2805865057972874
all_available,HPV,Tmin,4,2022-01-05,2025-12-31,1233,1.0566909975669099,1.358888315265745,0.1937550689375507,1.8465774533657744,0.9985191864122459,1.1214718726101178
all_available,JKB,Tmin,4,2022-01-05,2025-12-31,1305,1.5575478927203064,1.883316549614971,1.3659770114942529,3.54688122605364,1.4603800383647183,1.6585255454881327
all_available,KLT,Tmin,4,2022-01-05,2025-12-31,1299,1.3165511932255582,1.6469908642282822,1.0572748267898384,2.7125789068514243,1.235432201528718,1.3993198413146353
all_available,KP,Tmin,4,2022-01-07,2025-12-31,1245,1.080562248995984,1.3736914182049036,0.6900401606425703,1.8870281124497992,1.013406033945957,1.1512283498325317
all_available,KSC,Tmin,4,2022-01-05,2025-12-31,1313,1.964965727341965,2.3015111430336366,1.8909367859862911,5.296953541507997,1.8505543972706593,2.0836583114265834
all_available,KTG,Tmin,4,2022-01-07,2025-12-31,1250,1.2584,1.5647670753182406,0.9732799999999999,2.448496,1.1820664790231787,1.3383812903011367
all_available,LFS,Tmin,4,2022-01-06,2025-12-31,1217,1.7073130649137225,2.0661572427694868,1.5664749383730485,4.269005751848808,1.5895692927142744,1.8245816292992134
all_available,NGP,Tmin,4,2022-01-14,2025-12-31,757,4.738837516512549,4.9584628695859045,4.734081902245706,24.586354029062086,4.559442587436736,4.910665603950262
all_available,PEN,Tmin,4,2022-01-11,2025-12-31,997,1.1094282848545636,1.4112422947330234,0.6957873620862588,1.9916048144433296,1.0323831544096513,1.194024610890381
all_available,PLC,Tmin,4,2022-01-05,2025-12-31,1331,1.466115702479339,1.8079048398193485,1.3187077385424493,3.2685199098422237,1.3718311070476663,1.5638997803377745
all_available,SEK,Tmin,4,2022-01-05,2025-12-31,1027,1.9728334956183056,2.4726173211291327,1.7714703018500486,6.113836416747809,1.8121744564974778,2.1344263399374346
all_available,SHA,Tmin,4,2022-01-05,2025-12-31,1336,1.4474550898203593,1.8675530758235397,1.0305389221556887,3.4877544910179634,1.3389044994548178,1.5627559876836603
all_available,SKG,Tmin,4,2022-01-05,2025-12-31,1301,1.1783243658724059,1.4949003756018777,0.7913912375096079,2.2347271329746348,1.0981791660565632,1.2682808596411534
all_available,SKW,Tmin,4,2022-01-05,2025-12-31,1380,1.1772463768115942,1.477885289031673,0.8544927536231883,2.1841449275362317,1.1066707982687645,1.2504176446889943
all_available,SSH,Tmin,4,2022-01-05,2025-12-31,1369,1.6845142439737033,2.152289962298654,1.4370343316289262,4.632352081811542,1.5473789904519457,1.8178664469993289
all_available,SSP,Tmin,4,2022-01-05,2025-12-31,1349,1.086434395848777,1.3932326112209716,0.5897702001482579,1.9410971089696072,1.0223523740987472,1.1571744685662595
all_available,STY,Tmin,4,2022-01-05,2025-12-30,1252,1.0304313099041535,1.3197413581441502,0.6008785942492012,1.7417172523961661,0.9681004708981891,1.0977144222637145
all_available,TKL,Tmin,4,2022-01-06,2025-12-31,1279,2.490930414386239,3.1535315968683784,2.411024237685692,9.944761532447224,2.2660992394431276,2.708788279805458
all_available,TU1,Tmin,4,2022-01-06,2025-12-31,1284,1.2273364485981308,1.5494120078576445,0.8145638629283489,2.4006775700934577,1.1500328117465348,1.309363549446339
all_available,TW,Tmin,4,2022-01-05,2025-12-31,1063,1.8834430856067732,2.3112449557611834,1.728786453433678,5.341853245531515,1.7375454638083527,2.0189677006260665
all_available,TWN,Tmin,4,2022-01-05,2025-12-31,1299,2.3378752886836023,2.6572789916986252,2.298922247882987,7.061131639722864,2.2153837539121373,2.4551207506906074
all_available,TY1,Tmin,4,2022-01-22,2025-12-31,1000,1.2253000000000003,1.5525237518311918,0.8011,2.41033,1.1498004855433925,1.3019284194959155
all_available,WGL,Tmin,4,2022-01-05,2025-12-31,1390,1.1223741007194246,1.4091606767681395,0.7790647482014388,1.9857338129496407,1.0519060275255911,1.1951873947923144
all_available,WLP,Tmin,4,2022-01-05,2025-12-31,1300,1.6748461538461537,2.071315078361125,1.4091538461538462,4.290346153846154,1.5625363574130977,1.791163961350969
all_available,WTS,Tmin,4,2022-01-05,2025-12-30,1297,1.1341557440246723,1.4432198645689809,0.666615265998458,2.0828835774865073,1.069098235078906,1.2036100518154471
all_available,YLP,Tmin,4,2022-01-07,2025-12-31,1234,1.722609400324149,2.188101387580995,1.4733387358184764,4.7877876823338745,1.5848417125222691,1.8546468679757404
strict_common,CCH,Tmin,4,2022-02-06,2025-12-26,24,1.3416666666666666,1.6708281379802852,0.85,2.7916666666666665,0.9739130434782608,1.786711538461538
strict_common,CWB,Tmin,4,2022-02-06,2025-12-26,24,1.3249999999999997,1.579556899893131,0.8416666666666662,2.4949999999999988,0.9687417763157894,1.7071494708994706
strict_common,HKP,Tmin,4,2022-02-06,2025-12-26,24,0.9833333333333334,1.3382202110763883,0.2583333333333335,1.7908333333333333,0.6237698412698416,1.373342105263158
strict_common,HKS,Tmin,4,2022-02-06,2025-12-26,24,1.2791666666666666,1.720586140437806,0.40416666666666634,2.960416666666666,0.8134621212121212,1.8278125000000003
strict_common,HPV,Tmin,4,2022-02-06,2025-12-26,24,1.270833333333333,1.6089592909704082,0.0791666666666669,2.5887499999999988,0.8861813537675606,1.752088888888888
strict_common,JKB,Tmin,4,2022-02-06,2025-12-26,24,1.5999999999999999,2.006655592438988,1.2083333333333337,4.026666666666666,1.124951923076923,2.130473913043478
strict_common,KLT,Tmin,4,2022-02-06,2025-12-26,24,1.2791666666666668,1.5573749280974916,0.7708333333333334,2.425416666666667,0.9230208333333334,1.6652536231884059
strict_common,KP,Tmin,4,2022-02-06,2025-12-26,24,1.0708333333333335,1.3476831971943557,0.4624999999999999,1.8162500000000004,0.7347463768115942,1.4250271739130431
strict_common,KSC,Tmin,4,2022-02-06,2025-12-26,24,1.8958333333333333,2.331040540188008,1.8125,5.43375,1.3662962962962961,2.5313341346153844
strict_common,KTG,Tmin,4,2022-02-06,2025-12-26,24,1.3333333333333333,1.5446142992130212,0.8999999999999998,2.385833333333333,1.0142694805194807,1.680982142857143
strict_common,LFS,Tmin,4,2022-02-06,2025-12-26,24,1.5083333333333335,1.9362764954072718,1.3499999999999999,3.749166666666666,1.0470361990950228,2.0477164502164493
strict_common,NGP,Tmin,4,2022-02-06,2025-12-26,24,4.45,4.6749331546023205,4.45,21.855,3.893678977272728,4.956406249999999
strict_common,PEN,Tmin,4,2022-02-06,2025-12-26,24,1.1499999999999997,1.4787382008545888,0.36666666666666664,2.186666666666666,0.8076190476190472,1.5235933503836308
strict_common,PLC,Tmin,4,2022-02-06,2025-12-26,24,1.375,1.6678329252855837,1.0416666666666667,2.7816666666666676,1.0,1.8050138888888891
strict_common,SEK,Tmin,4,2022-02-06,2025-12-26,24,1.6958333333333337,2.4290773282599853,1.5291666666666668,5.9004166666666675,0.9998437500000005,2.6222348484848483
strict_common,SHA,Tmin,4,2022-02-06,2025-12-26,24,1.3833333333333335,1.9602295783912662,0.9499999999999998,3.842500000000001,0.8585093390804598,2.0749999999999997
strict_common,SKG,Tmin,4,2022-02-06,2025-12-26,24,1.179166666666667,1.6282659487933782,0.6375000000000003,2.65125,0.754505347593583,1.7143131868131867
strict_common,SKW,Tmin,4,2022-02-06,2025-12-26,24,1.1875,1.4598801320656434,0.5875,2.13125,0.8333333333333331,1.585017857142857
strict_common,SSH,Tmin,4,2022-02-06,2025-12-26,24,1.5083333333333337,2.1181753153756344,1.2250000000000003,4.486666666666668,0.9477971014492755,2.2412581699346408
strict_common,SSP,Tmin,4,2022-02-06,2025-12-26,24,1.0208333333333335,1.3217727994376849,0.31249999999999983,1.7470833333333342,0.709977272727273,1.375170454545454
strict_common,STY,Tmin,4,2022-02-06,2025-12-26,24,1.0833333333333335,1.3856406460551018,0.25000000000000017,1.9200000000000002,0.7189880952380954,1.475
strict_common,TKL,Tmin,4,2022-02-06,2025-12-26,24,2.4791666666666665,3.31781805810184,2.3625000000000003,11.007916666666665,1.6265882352941177,3.635320855614973
strict_common,TU1,Tmin,4,2022-02-06,2025-12-26,24,1.1083333333333334,1.4605934866804429,0.5499999999999999,2.1333333333333333,0.7814756944444445,1.5606742424242424
strict_common,TW,Tmin,4,2022-02-06,2025-12-26,24,1.708333333333334,2.280716261762227,1.4333333333333336,5.201666666666668,1.0999038461538464,2.4504999999999977
strict_common,TWN,Tmin,4,2022-02-06,2025-12-26,24,2.2541666666666664,2.6058427939280344,2.1374999999999997,6.790416666666665,1.7470361990950223,2.900147058823528
strict_common,TY1,Tmin,4,2022-02-06,2025-12-26,24,1.1041666666666663,1.5276616117452189,0.2708333333333331,2.3337499999999998,0.7000000000000001,1.5646077712609963
strict_common,WGL,Tmin,4,2022-02-06,2025-12-26,24,1.0666666666666669,1.3647344063956182,0.2500000000000003,1.8625,0.7312040441176473,1.457214285714286
strict_common,WLP,Tmin,4,2022-02-06,2025-12-26,24,1.6333333333333337,2.149418526020468,1.1500000000000004,4.62,1.0949687500000003,2.315019736842105
strict_common,WTS,Tmin,4,2022-02-06,2025-12-26,24,1.1208333333333333,1.4735162028291375,0.40416666666666656,2.17125,0.7578362573099414,1.5523401534526846
strict_common,YLP,Tmin,4,2022-02-06,2025-12-26,24,1.566666666666667,2.268259244442751,1.3583333333333336,5.145,0.9420820433436535,2.421461038961039
lowland_available,CCH,Tmin,4,2022-01-05,2025-12-31,1312,1.5001524390243903,1.8173788415348455,1.3687500000000001,3.302865853658537,1.411275781902505,1.5943902472447162
lowland_available,CWB,Tmin,4,2022-01-05,2025-12-31,1259,1.3305798252581413,1.6622138027260496,1.176330420969023,2.7629547259729943,1.2440046715684285,1.420920523351823
lowland_available,HKP,Tmin,4,2022-01-05,2025-12-31,1283,1.046999220576773,1.3361249679022953,0.5692127825409197,1.7852299298519094,0.9858623674101709,1.1105608398193143
lowland_available,HKS,Tmin,4,2022-01-05,2025-12-31,1335,1.202172284644195,1.5519734929587046,0.6421722846441947,2.408621722846442,1.1294046219194214,1.2805865057972874
lowland_available,HPV,Tmin,4,2022-01-05,2025-12-31,1233,1.0566909975669099,1.358888315265745,0.1937550689375507,1.8465774533657744,0.9985191864122459,1.1214718726101178
lowland_available,JKB,Tmin,4,2022-01-05,2025-12-31,1305,1.5575478927203064,1.883316549614971,1.3659770114942529,3.54688122605364,1.4603800383647183,1.6585255454881327
lowland_available,KLT,Tmin,4,2022-01-05,2025-12-31,1299,1.3165511932255582,1.6469908642282822,1.0572748267898384,2.7125789068514243,1.235432201528718,1.3993198413146353
lowland_available,KP,Tmin,4,2022-01-07,2025-12-31,1245,1.080562248995984,1.3736914182049036,0.6900401606425703,1.8870281124497992,1.013406033945957,1.1512283498325317
lowland_available,KSC,Tmin,4,2022-01-05,2025-12-31,1313,1.964965727341965,2.3015111430336366,1.8909367859862911,5.296953541507997,1.8505543972706593,2.0836583114265834
lowland_available,KTG,Tmin,4,2022-01-07,2025-12-31,1250,1.2584,1.5647670753182406,0.9732799999999999,2.448496,1.1820664790231787,1.3383812903011367
lowland_available,LFS,Tmin,4,2022-01-06,2025-12-31,1217,1.7073130649137225,2.0661572427694868,1.5664749383730485,4.269005751848808,1.5895692927142744,1.8245816292992134
lowland_available,PEN,Tmin,4,2022-01-11,2025-12-31,997,1.1094282848545636,1.4112422947330234,0.6957873620862588,1.9916048144433296,1.0323831544096513,1.194024610890381
lowland_available,PLC,Tmin,4,2022-01-05,2025-12-31,1331,1.466115702479339,1.8079048398193485,1.3187077385424493,3.2685199098422237,1.3718311070476663,1.5638997803377745
lowland_available,SEK,Tmin,4,2022-01-05,2025-12-31,1027,1.9728334956183056,2.4726173211291327,1.7714703018500486,6.113836416747809,1.8121744564974778,2.1344263399374346
lowland_available,SHA,Tmin,4,2022-01-05,2025-12-31,1336,1.4474550898203593,1.8675530758235397,1.0305389221556887,3.4877544910179634,1.3389044994548178,1.5627559876836603
lowland_available,SKG,Tmin,4,2022-01-05,2025-12-31,1301,1.1783243658724059,1.4949003756018777,0.7913912375096079,2.2347271329746348,1.0981791660565632,1.2682808596411534
lowland_available,SKW,Tmin,4,2022-01-05,2025-12-31,1380,1.1772463768115942,1.477885289031673,0.8544927536231883,2.1841449275362317,1.1066707982687645,1.2504176446889943
lowland_available,SSH,Tmin,4,2022-01-05,2025-12-31,1369,1.6845142439737033,2.152289962298654,1.4370343316289262,4.632352081811542,1.5473789904519457,1.8178664469993289
lowland_available,SSP,Tmin,4,2022-01-05,2025-12-31,1349,1.086434395848777,1.3932326112209716,0.5897702001482579,1.9410971089696072,1.0223523740987472,1.1571744685662595
lowland_available,STY,Tmin,4,2022-01-05,2025-12-30,1252,1.0304313099041535,1.3197413581441502,0.6008785942492012,1.7417172523961661,0.9681004708981891,1.0977144222637145
lowland_available,TKL,Tmin,4,2022-01-06,2025-12-31,1279,2.490930414386239,3.1535315968683784,2.411024237685692,9.944761532447224,2.2660992394431276,2.708788279805458
lowland_available,TU1,Tmin,4,2022-01-06,2025-12-31,1284,1.2273364485981308,1.5494120078576445,0.8145638629283489,2.4006775700934577,1.1500328117465348,1.309363549446339
lowland_available,TW,Tmin,4,2022-01-05,2025-12-31,1063,1.8834430856067732,2.3112449557611834,1.728786453433678,5.341853245531515,1.7375454638083527,2.0189677006260665
lowland_available,TWN,Tmin,4,2022-01-05,2025-12-31,1299,2.3378752886836023,2.6572789916986252,2.298922247882987,7.061131639722864,2.2153837539121373,2.4551207506906074
lowland_available,TY1,Tmin,4,2022-01-22,2025-12-31,1000,1.2253000000000003,1.5525237518311918,0.8011,2.41033,1.1498004855433925,1.3019284194959155
lowland_available,WGL,Tmin,4,2022-01-05,2025-12-31,1390,1.1223741007194246,1.4091606767681395,0.7790647482014388,1.9857338129496407,1.0519060275255911,1.1951873947923144
lowland_available,WLP,Tmin,4,2022-01-05,2025-12-31,1300,1.6748461538461537,2.071315078361125,1.4091538461538462,4.290346153846154,1.5625363574130977,1.791163961350969
lowland_available,WTS,Tmin,4,2022-01-05,2025-12-30,1297,1.1341557440246723,1.4432198645689809,0.666615265998458,2.0828835774865073,1.069098235078906,1.2036100518154471
lowland_available,YLP,Tmin,4,2022-01-07,2025-12-31,1234,1.722609400324149,2.188101387580995,1.4733387358184764,4.7877876823338745,1.5848417125222691,1.8546468679757404
all_available,CCH,Tmin,5,2022-01-06,2025-12-31,1311,1.5363844393592678,1.8868043118087947,1.3823035850495804,3.5600305110602593,1.4338258439540843,1.6434317014932758
all_available,CWB,Tmin,5,2022-01-06,2025-12-31,1258,1.3661367249602545,1.7254662280938817,1.1828298887122417,2.9772337042925274,1.2720261543021527,1.467932557249075
all_available,HKP,Tmin,5,2022-01-06,2025-12-31,1282,1.111232449297972,1.4084212956434026,0.5820592823712948,1.9836505460218408,1.0443807497509756,1.1825688450670278
all_available,HKS,Tmin,5,2022-01-06,2025-12-31,1334,1.2532233883058472,1.6077072615002581,0.6559220389805097,2.5847226386806597,1.1777415858699094,1.332895669332011
all_available,HPV,Tmin,5,2022-01-06,2025-12-31,1232,1.1232142857142857,1.4325018981878135,0.20178571428571432,2.0520616883116887,1.0559595028100601,1.1964148507907226
all_available,JKB,Tmin,5,2022-01-06,2025-12-31,1304,1.5863496932515337,1.9388504594977094,1.3766871165644172,3.7591411042944785,1.4839929538493835,1.690377400481262
all_available,KLT,Tmin,5,2022-01-06,2025-12-31,1298,1.365562403697997,1.72539939772335,1.0660246533127888,2.977003081664099,1.2762771446263017,1.4580804162952612
all_available,KP,Tmin,5,2022-01-07,2025-12-31,1245,1.1427309236947791,1.4515882452455104,0.697269076305221,2.10710843373494,1.0684464186727907,1.2189964513031684
all_available,KSC,Tmin,5,2022-01-07,2025-12-31,1312,1.9829268292682927,2.345386623700695,1.9015243902439025,5.500838414634146,1.8615742944634646,2.107027869708352
all_available,KTG,Tmin,5,2022-01-07,2025-12-31,1250,1.3016,1.634483404626673,0.98288,2.671536,1.2160252316313447,1.3866274314017508
all_available,LFS,Tmin,5,2022-01-06,2025-12-31,1217,1.7511914543960558,2.1391179960793116,1.5820870994248153,4.575825801150369,1.624675381713682,1.8776164868295777
all_available,NGP,Tmin,5,2022-01-14,2025-12-31,757,4.7626155878467635,5.0157835424042805,4.755217965653896,25.15808454425363,4.56622541633624,4.948586575323779
all_available,PEN,Tmin,5,2022-01-11,2025-12-31,997,1.183851554663992,1.5015304796586821,0.7178535606820462,2.254593781344032,1.098368987479833,1.2752332931882373
all_available,PLC,Tmin,5,2022-01-06,2025-12-31,1330,1.5085714285714287,1.885847568768902,1.3314285714285714,3.556421052631579,1.404707907546635,1.616797639806228
all_available,SEK,Tmin,5,2022-01-06,2025-12-31,1026,2.016179337231969,2.536067315135895,1.8009746588693956,6.431637426900585,1.8511062265311191,2.1807521998037394
all_available,SHA,Tmin,5,2022-01-06,2025-12-31,1335,1.4907116104868914,1.9279046862852813,1.0415730337078652,3.7168164794007494,1.3758843835724837,1.614975264022179
all_available,SKG,Tmin,5,2022-01-06,2025-12-31,1300,1.2265384615384616,1.5663701301465707,0.8066923076923077,2.4535153846153848,1.138208900541742,1.320605811613035
all_available,SKW,Tmin,5,2022-01-06,2025-12-31,1379,1.2253081943437274,1.5450944619348255,0.8673676577229876,2.3873168963016678,1.150175348654427,1.3026325073243794
all_available,SSH,Tmin,5,2022-01-06,2025-12-31,1368,1.7363304093567253,2.22174428339958,1.448172514619883,4.936147660818714,1.5969071186262254,1.8751642769196186
all_available,SSP,Tmin,5,2022-01-06,2025-12-31,1348,1.1526706231454007,1.4768189006380907,0.599406528189911,2.180994065281899,1.0804352216378663,1.2327153329960823
all_available,STY,Tmin,5,2022-01-06,2025-12-30,1251,1.0852118305355716,1.3845037087651058,0.612150279776179,1.9168505195843326,1.0197133598695884,1.1549373872750295
all_available,TKL,Tmin,5,2022-01-06,2025-12-31,1279,2.517357310398749,3.215184604444473,2.428225175918686,10.337412040656762,2.2879651668178167,2.7374431692868333
all_available,TU1,Tmin,5,2022-01-06,2025-12-31,1284,1.2812305295950157,1.6303846802541653,0.8324766355140187,2.6581542056074765,1.1954358903020668,1.3710900308476641
all_available,TW,Tmin,5,2022-01-06,2025-12-31,1062,1.9275894538606402,2.3855398501487737,1.7383239171374765,5.690800376647833,1.7736824465856729,2.0721503628252966
all_available,TWN,Tmin,5,2022-01-06,2025-12-31,1298,2.3578582434514637,2.710939147818356,2.3096302003081663,7.349191063174114,2.227474653409058,2.4843814144565974
all_available,TY1,Tmin,5,2022-01-22,2025-12-31,1000,1.2675,1.5997281018973193,0.8021,2.5591299999999997,1.1878059226778657,1.3489243466261334
all_available,WGL,Tmin,5,2022-01-06,2025-12-31,1389,1.1653707703383729,1.4673136540124134,0.7891288696904248,2.1530093592512602,1.0886423942023318,1.2421124242772303
all_available,WLP,Tmin,5,2022-01-06,2025-12-31,1299,1.720554272517321,2.141269399686161,1.4207852193995383,4.5850346420323325,1.601297755079277,1.8423028668387729
all_available,WTS,Tmin,5,2022-01-06,2025-12-30,1296,1.2007716049382717,1.5217710199097094,0.6816358024691359,2.3157870370370373,1.1289235946060143,1.275117323039556
all_available,YLP,Tmin,5,2022-01-07,2025-12-31,1234,1.7598865478119934,2.244230853360826,1.4814424635332253,5.036572123176661,1.618982846048665,1.8968083435280092
strict_common,CCH,Tmin,5,2022-02-06,2025-12-26,24,1.4666666666666666,1.7677669529663687,0.975,3.1249999999999996,1.1105131578947367,1.8900937499999997
strict_common,CWB,Tmin,5,2022-02-06,2025-12-26,24,1.45,1.696565157408737,0.9666666666666662,2.8783333333333325,1.0999107142857139,1.812116666666666
strict_common,HKP,Tmin,5,2022-02-06,2025-12-26,24,1.05,1.3811227316933132,0.3833333333333335,1.9074999999999998,0.658800309597523,1.4520095238095239
strict_common,HKS,Tmin,5,2022-02-06,2025-12-26,24,1.3208333333333333,1.7612732137102787,0.5291666666666663,3.102083333333333,0.8646507352941177,1.8277777777777773
strict_common,HPV,Tmin,5,2022-02-06,2025-12-26,24,1.3041666666666665,1.6397408331806582,0.2041666666666669,2.688749999999999,0.914285714285714,1.763645454545454
strict_common,JKB,Tmin,5,2022-02-06,2025-12-26,24,1.7249999999999999,2.1217131442932304,1.3333333333333337,4.501666666666667,1.195818452380952,2.3
strict_common,KLT,Tmin,5,2022-02-06,2025-12-26,24,1.4041666666666668,1.6559237099979376,0.8958333333333334,2.7420833333333334,1.0666304347826088,1.7714610389610386
strict_common,KP,Tmin,5,2022-02-06,2025-12-26,24,1.1875000000000002,1.4228785378005158,0.5874999999999999,2.0245833333333336,0.8822732843137254,1.5199999999999998
strict_common,KSC,Tmin,5,2022-02-06,2025-12-26,24,2.0208333333333335,2.4342178757594124,1.9375,5.925416666666667,1.4628888888888891,2.6240476190476176
strict_common,KTG,Tmin,5,2022-02-06,2025-12-26,24,1.4583333333333333,1.6565526453049013,1.0249999999999997,2.744166666666666,1.1372977941176472,1.7889080459770115
strict_common,LFS,Tmin,5,2022-02-06,2025-12-26,24,1.6333333333333335,2.0471524939127845,1.4749999999999999,4.190833333333333,1.136347402597403,2.175
strict_common,NGP,Tmin,5,2022-02-06,2025-12-26,24,4.575,4.818021724041242,4.575,23.21333333333334,3.981717171717172,5.11671875
strict_common,PEN,Tmin,5,2022-02-06,2025-12-26,24,1.208333333333333,1.5583110515341063,0.49166666666666664,2.4283333333333323,0.8545151515151512,1.5533793103448272
strict_common,PLC,Tmin,5,2022-02-06,2025-12-26,24,1.5,1.7883884738314924,1.1666666666666665,3.198333333333334,1.118068181818182,1.917726715686274
strict_common,SEK,Tmin,5,2022-02-06,2025-12-26,24,1.8208333333333337,2.511722516521282,1.6541666666666668,6.308750000000001,1.1171228448275865,2.7001785714285713
strict_common,SHA,Tmin,5,2022-02-06,2025-12-26,24,1.4583333333333333,2.0126682124317794,1.075,4.050833333333334,0.9157853618421048,2.140029411764706
strict_common,SKG,Tmin,5,2022-02-06,2025-12-26,24,1.2958333333333334,1.6885644790768282,0.7625000000000003,2.8512500000000003,0.8894590643274854,1.8167499999999996
strict_common,SKW,Tmin,5,2022-02-06,2025-12-26,24,1.3125,1.5458277178694053,0.7125,2.389583333333334,0.977263986013986,1.6929166666666666
strict_common,SSH,Tmin,5,2022-02-06,2025-12-26,24,1.6333333333333337,2.187845210856259,1.3500000000000003,4.786666666666668,1.0666071428571435,2.312528409090909
strict_common,SSP,Tmin,5,2022-02-06,2025-12-26,24,1.0625000000000002,1.371282854361808,0.43749999999999983,1.8804166666666677,0.7272575757575759,1.418757440476191
strict_common,STY,Tmin,5,2022-02-06,2025-12-26,24,1.1666666666666667,1.438749456993816,0.37500000000000017,2.0700000000000003,0.8128931451612904,1.536846978557505
strict_common,TKL,Tmin,5,2022-02-06,2025-12-26,24,2.6041666666666665,3.3996936136461864,2.4875000000000003,11.557916666666666,1.7427857142857144,3.675036764705882
strict_common,TU1,Tmin,5,2022-02-06,2025-12-26,24,1.116666666666667,1.5027752105133134,0.6749999999999999,2.2583333333333333,0.759984375,1.5500657894736831
strict_common,TW,Tmin,5,2022-02-06,2025-12-26,24,1.816666666666667,2.3913036890644683,1.5583333333333336,5.718333333333335,1.1806500000000004,2.541361344537815
strict_common,TWN,Tmin,5,2022-02-06,2025-12-26,24,2.3791666666666664,2.7154649693929027,2.2624999999999997,7.3737499999999985,1.8622916666666667,2.9876654411764694
strict_common,TY1,Tmin,5,2022-02-06,2025-12-26,24,1.1124999999999998,1.5706951751798734,0.3958333333333331,2.467083333333333,0.6555128205128209,1.5947434210526312
strict_common,WGL,Tmin,5,2022-02-06,2025-12-26,24,1.1500000000000001,1.42448821218944,0.3750000000000003,2.029166666666667,0.8186759868421056,1.5063020833333332
strict_common,WLP,Tmin,5,2022-02-06,2025-12-26,24,1.716666666666667,2.231217903597346,1.2750000000000004,4.978333333333334,1.1646266968325796,2.405
strict_common,WTS,Tmin,5,2022-02-06,2025-12-26,24,1.1958333333333335,1.5290247436410789,0.5291666666666666,2.337916666666667,0.8260829307568437,1.627320075757576
strict_common,YLP,Tmin,5,2022-02-06,2025-12-26,24,1.691666666666667,2.345918441321721,1.4833333333333336,5.503333333333334,1.0499342105263159,2.4700555555555557
lowland_available,CCH,Tmin,5,2022-01-06,2025-12-31,1311,1.5363844393592678,1.8868043118087947,1.3823035850495804,3.5600305110602593,1.4338258439540843,1.6434317014932758
lowland_available,CWB,Tmin,5,2022-01-06,2025-12-31,1258,1.3661367249602545,1.7254662280938817,1.1828298887122417,2.9772337042925274,1.2720261543021527,1.467932557249075
lowland_available,HKP,Tmin,5,2022-01-06,2025-12-31,1282,1.111232449297972,1.4084212956434026,0.5820592823712948,1.9836505460218408,1.0443807497509756,1.1825688450670278
lowland_available,HKS,Tmin,5,2022-01-06,2025-12-31,1334,1.2532233883058472,1.6077072615002581,0.6559220389805097,2.5847226386806597,1.1777415858699094,1.332895669332011
lowland_available,HPV,Tmin,5,2022-01-06,2025-12-31,1232,1.1232142857142857,1.4325018981878135,0.20178571428571432,2.0520616883116887,1.0559595028100601,1.1964148507907226
lowland_available,JKB,Tmin,5,2022-01-06,2025-12-31,1304,1.5863496932515337,1.9388504594977094,1.3766871165644172,3.7591411042944785,1.4839929538493835,1.690377400481262
lowland_available,KLT,Tmin,5,2022-01-06,2025-12-31,1298,1.365562403697997,1.72539939772335,1.0660246533127888,2.977003081664099,1.2762771446263017,1.4580804162952612
lowland_available,KP,Tmin,5,2022-01-07,2025-12-31,1245,1.1427309236947791,1.4515882452455104,0.697269076305221,2.10710843373494,1.0684464186727907,1.2189964513031684
lowland_available,KSC,Tmin,5,2022-01-07,2025-12-31,1312,1.9829268292682927,2.345386623700695,1.9015243902439025,5.500838414634146,1.8615742944634646,2.107027869708352
lowland_available,KTG,Tmin,5,2022-01-07,2025-12-31,1250,1.3016,1.634483404626673,0.98288,2.671536,1.2160252316313447,1.3866274314017508
lowland_available,LFS,Tmin,5,2022-01-06,2025-12-31,1217,1.7511914543960558,2.1391179960793116,1.5820870994248153,4.575825801150369,1.624675381713682,1.8776164868295777
lowland_available,PEN,Tmin,5,2022-01-11,2025-12-31,997,1.183851554663992,1.5015304796586821,0.7178535606820462,2.254593781344032,1.098368987479833,1.2752332931882373
lowland_available,PLC,Tmin,5,2022-01-06,2025-12-31,1330,1.5085714285714287,1.885847568768902,1.3314285714285714,3.556421052631579,1.404707907546635,1.616797639806228
lowland_available,SEK,Tmin,5,2022-01-06,2025-12-31,1026,2.016179337231969,2.536067315135895,1.8009746588693956,6.431637426900585,1.8511062265311191,2.1807521998037394
lowland_available,SHA,Tmin,5,2022-01-06,2025-12-31,1335,1.4907116104868914,1.9279046862852813,1.0415730337078652,3.7168164794007494,1.3758843835724837,1.614975264022179
lowland_available,SKG,Tmin,5,2022-01-06,2025-12-31,1300,1.2265384615384616,1.5663701301465707,0.8066923076923077,2.4535153846153848,1.138208900541742,1.320605811613035
lowland_available,SKW,Tmin,5,2022-01-06,2025-12-31,1379,1.2253081943437274,1.5450944619348255,0.8673676577229876,2.3873168963016678,1.150175348654427,1.3026325073243794
lowland_available,SSH,Tmin,5,2022-01-06,2025-12-31,1368,1.7363304093567253,2.22174428339958,1.448172514619883,4.936147660818714,1.5969071186262254,1.8751642769196186
lowland_available,SSP,Tmin,5,2022-01-06,2025-12-31,1348,1.1526706231454007,1.4768189006380907,0.599406528189911,2.180994065281899,1.0804352216378663,1.2327153329960823
lowland_available,STY,Tmin,5,2022-01-06,2025-12-30,1251,1.0852118305355716,1.3845037087651058,0.612150279776179,1.9168505195843326,1.0197133598695884,1.1549373872750295
lowland_available,TKL,Tmin,5,2022-01-06,2025-12-31,1279,2.517357310398749,3.215184604444473,2.428225175918686,10.337412040656762,2.2879651668178167,2.7374431692868333
lowland_available,TU1,Tmin,5,2022-01-06,2025-12-31,1284,1.2812305295950157,1.6303846802541653,0.8324766355140187,2.6581542056074765,1.1954358903020668,1.3710900308476641
lowland_available,TW,Tmin,5,2022-01-06,2025-12-31,1062,1.9275894538606402,2.3855398501487737,1.7383239171374765,5.690800376647833,1.7736824465856729,2.0721503628252966
lowland_available,TWN,Tmin,5,2022-01-06,2025-12-31,1298,2.3578582434514637,2.710939147818356,2.3096302003081663,7.349191063174114,2.227474653409058,2.4843814144565974
lowland_available,TY1,Tmin,5,2022-01-22,2025-12-31,1000,1.2675,1.5997281018973193,0.8021,2.5591299999999997,1.1878059226778657,1.3489243466261334
lowland_available,WGL,Tmin,5,2022-01-06,2025-12-31,1389,1.1653707703383729,1.4673136540124134,0.7891288696904248,2.1530093592512602,1.0886423942023318,1.2421124242772303
lowland_available,WLP,Tmin,5,2022-01-06,2025-12-31,1299,1.720554272517321,2.141269399686161,1.4207852193995383,4.5850346420323325,1.601297755079277,1.8423028668387729
lowland_available,WTS,Tmin,5,2022-01-06,2025-12-30,1296,1.2007716049382717,1.5217710199097094,0.6816358024691359,2.3157870370370373,1.1289235946060143,1.275117323039556
lowland_available,YLP,Tmin,5,2022-01-07,2025-12-31,1234,1.7598865478119934,2.244230853360826,1.4814424635332253,5.036572123176661,1.618982846048665,1.8968083435280092
all_available,CCH,Tmin,6,2022-01-07,2025-12-31,1310,1.5780152671755723,1.9607523092733081,1.4061068702290076,3.8445496183206105,1.4720890478441944,1.6931464799056066
all_available,CWB,Tmin,6,2022-01-07,2025-12-31,1257,1.405648369132856,1.8104861181707803,1.2058074781225139,3.2778599840891007,1.3034826094226835,1.5145761024908126
all_available,HKP,Tmin,6,2022-01-07,2025-12-31,1281,1.1508196721311477,1.4754826940116472,0.6021857923497268,2.1770491803278684,1.0798031721208525,1.2279718162648396
all_available,HKS,Tmin,6,2022-01-07,2025-12-31,1333,1.2882220555138786,1.6585091688518914,0.673668417104276,2.7506526631657913,1.2090167260954567,1.371421257026827
all_available,HPV,Tmin,6,2022-01-07,2025-12-31,1231,1.1572705117790414,1.489573838161061,0.21689683184402925,2.218830219333875,1.0839219650273528,1.2339978932850582
all_available,JKB,Tmin,6,2022-01-07,2025-12-31,1303,1.6193399846508059,1.9970354083247597,1.4018419033000766,3.98815042210284,1.5082195783323395,1.7313168078089045
all_available,KLT,Tmin,6,2022-01-07,2025-12-31,1297,1.420431765612953,1.8136614269981688,1.0862760215882807,3.2893677717810337,1.3249379695361503,1.518581011811901
all_available,KP,Tmin,6,2022-01-07,2025-12-31,1245,1.1857831325301207,1.5292463429774943,0.7157429718875502,2.33859437751004,1.1071630299761783,1.2667941110543819
all_available,KSC,Tmin,6,2022-01-07,2025-12-31,1312,2.0185975609756097,2.4074167665372936,1.9243902439024392,5.795655487804877,1.8933281427127056,2.1533224243999496
all_available,KTG,Tmin,6,2022-01-07,2025-12-31,1250,1.34592,1.7127334877324025,1.0084799999999998,2.9334559999999996,1.256637005791154,1.4385024237847581
all_available,LFS,Tmin,6,2022-01-07,2025-12-31,1216,1.7949013157894735,2.207221252592213,1.5983552631578946,4.871825657894737,1.662609217755846,1.9285964687597972
all_available,NGP,Tmin,6,2022-01-14,2025-12-31,757,4.793791281373844,5.090809446347649,4.78560105680317,25.916340819022455,4.586448979400514,4.997456628544635
all_available,PEN,Tmin,6,2022-01-11,2025-12-31,997,1.2285857572718155,1.5906036779099126,0.7479438314944835,2.5300200601805414,1.1328237721885834,1.331466462291386
all_available,PLC,Tmin,6,2022-01-07,2025-12-31,1329,1.561023325808879,1.976391890780854,1.3542513167795334,3.906124905944319,1.450923504693864,1.6743507885655815
all_available,SEK,Tmin,6,2022-01-07,2025-12-31,1025,2.0726829268292684,2.6114662734871716,1.823121951219512,6.819756097560975,1.9031619276432266,2.2360472168074503
all_available,SHA,Tmin,6,2022-01-07,2025-12-31,1334,1.549175412293853,2.000363535176436,1.0655172413793104,4.001454272863569,1.4283083969530186,1.675094213698993
all_available,SKG,Tmin,6,2022-01-07,2025-12-31,1299,1.2725943033102385,1.6415528989156623,0.8254811393379522,2.694695919938414,1.1770525197722823,1.37457265831426
all_available,SKW,Tmin,6,2022-01-07,2025-12-31,1378,1.261611030478955,1.6136549935833249,0.8865747460087081,2.6038824383164005,1.1801462944050765,1.3485175314169486
all_available,SSH,Tmin,6,2022-01-07,2025-12-31,1367,1.782809070958303,2.2927336635100564,1.4662033650329187,5.256627651792245,1.638176431469043,1.92826880727927
all_available,SSP,Tmin,6,2022-01-07,2025-12-31,1347,1.2126206384558278,1.5683724464108415,0.6242019302152932,2.4597921306607278,1.1323900995668368,1.2959136425434008
all_available,STY,Tmin,6,2022-01-07,2025-12-30,1250,1.1232,1.4470770539262932,0.6384,2.094032,1.0529765043124142,1.197345640120968
all_available,TKL,Tmin,6,2022-01-07,2025-12-31,1278,2.5538341158059468,3.2655382740204306,2.4463223787167445,10.663740219092332,2.319853521730587,2.7789878391615415
all_available,TU1,Tmin,6,2022-01-07,2025-12-31,1283,1.3373343725643025,1.7144246130122667,0.8511301636788776,2.9392517537022607,1.245728108559504,1.4333232999911336
all_available,TW,Tmin,6,2022-01-07,2025-12-31,1061,1.9763430725730444,2.4428761189073818,1.7639019792648445,5.967643732327992,1.8185194685981512,2.124210015283017
all_available,TWN,Tmin,6,2022-01-07,2025-12-31,1297,2.39568234387047,2.77836669847226,2.3304548959136473,7.719321511179646,2.250676451916776,2.5338174087188716
all_available,TY1,Tmin,6,2022-01-22,2025-12-31,1000,1.3080999999999998,1.6457004587712796,0.8140999999999999,2.70833,1.2245098618213757,1.3980038199794553
all_available,WGL,Tmin,6,2022-01-07,2025-12-31,1388,1.1963256484149856,1.529472701134561,0.8077089337175792,2.33928674351585,1.1148566532565367,1.2750909884934751
all_available,WLP,Tmin,6,2022-01-07,2025-12-31,1298,1.7814329738058552,2.220493913600977,1.4446070878274269,4.930593220338983,1.658506860807581,1.9135296760489013
all_available,WTS,Tmin,6,2022-01-07,2025-12-30,1295,1.2525868725868725,1.6056007187198404,0.7006177606177606,2.577953667953668,1.1735441034873633,1.3362645126627772
all_available,YLP,Tmin,6,2022-01-07,2025-12-31,1234,1.8068881685575364,2.2986378180297344,1.5017017828200974,5.283735818476499,1.6646102119137332,1.946777728320067
strict_common,CCH,Tmin,6,2022-02-06,2025-12-26,24,1.45,1.8165902124584947,1.0166666666666666,3.2999999999999994,1.0239833333333332,1.9786263736263725
strict_common,CWB,Tmin,6,2022-02-06,2025-12-26,24,1.375,1.742603416347697,1.0083333333333329,3.0366666666666653,0.9599423076923075,1.8899999999999995
strict_common,HKP,Tmin,6,2022-02-06,2025-12-26,24,1.0166666666666668,1.4373007108233589,0.4250000000000002,2.0658333333333325,0.5912276214833759,1.5041777777777772
strict_common,HKS,Tmin,6,2022-02-06,2025-12-26,24,1.3958333333333333,1.7940875118009154,0.570833333333333,3.21875,0.9235180995475116,1.9214484126984124
strict_common,HPV,Tmin,6,2022-02-06,2025-12-26,24,1.270833333333333,1.6599447781979573,0.24583333333333357,2.7554166666666657,0.8285714285714286,1.8046590909090898
strict_common,JKB,Tmin,6,2022-02-06,2025-12-26,24,1.7750000000000001,2.208317610006918,1.3750000000000002,4.876666666666667,1.1925925925925926,2.4368585526315787
strict_common,KLT,Tmin,6,2022-02-06,2025-12-26,24,1.3458333333333332,1.7152502246999806,0.9375,2.942083333333334,0.9123798076923078,1.84
strict_common,KP,Tmin,6,2022-02-06,2025-12-26,24,1.1125,1.4802871343087465,0.6291666666666665,2.1912500000000006,0.711733746130031,1.5706290849673201
strict_common,KSC,Tmin,6,2022-02-06,2025-12-26,24,2.0708333333333333,2.5200033068761374,1.9791666666666667,6.350416666666667,1.479896551724138,2.75
strict_common,KTG,Tmin,6,2022-02-06,2025-12-26,24,1.4083333333333332,1.718284027743958,1.0666666666666664,2.952499999999999,0.9863474025974022,1.8727511961722483
strict_common,LFS,Tmin,6,2022-02-06,2025-12-26,24,1.7,2.1445667783183313,1.5166666666666666,4.599166666666666,1.1545359848484849,2.3189479166666653
strict_common,NGP,Tmin,6,2022-02-06,2025-12-26,24,4.616666666666666,4.888421694848621,4.616666666666666,23.896666666666672,3.9826023017902825,5.2500735294117655
strict_common,PEN,Tmin,6,2022-02-06,2025-12-26,24,1.1916666666666664,1.5926916420533719,0.5333333333333333,2.5366666666666657,0.8121122994652407,1.6231730769230759
strict_common,PLC,Tmin,6,2022-02-06,2025-12-26,24,1.4749999999999996,1.8569688563175566,1.2083333333333333,3.448333333333334,1.0038999999999998,2.0091267942583726
strict_common,SEK,Tmin,6,2022-02-06,2025-12-26,24,1.9458333333333337,2.6013618228407474,1.6958333333333335,6.767083333333335,1.2432916666666671,2.877364718614719
strict_common,SHA,Tmin,6,2022-02-06,2025-12-26,24,1.5083333333333335,2.077859475518015,1.1166666666666665,4.3175,0.9105050933786076,2.2527863777089774
strict_common,SKG,Tmin,6,2022-02-06,2025-12-26,24,1.2874999999999999,1.775176047607673,0.804166666666667,3.1512499999999997,0.7928505291005292,1.920715892053973
strict_common,SKW,Tmin,6,2022-02-06,2025-12-26,24,1.2208333333333332,1.6066269013059629,0.7541666666666668,2.5812500000000003,0.7928434065934066,1.7521930946291548
strict_common,SSH,Tmin,6,2022-02-06,2025-12-26,24,1.666666666666667,2.25905584998099,1.3916666666666668,5.103333333333334,1.0642694805194808,2.4633436532507735
strict_common,SSP,Tmin,6,2022-02-06,2025-12-26,24,1.1208333333333333,1.4538741348548714,0.4791666666666665,2.113750000000001,0.7555059523809524,1.5401111111111105
strict_common,STY,Tmin,6,2022-02-06,2025-12-26,24,1.0833333333333333,1.4815532390029054,0.4166666666666668,2.1950000000000003,0.6624374999999997,1.5733749999999995
strict_common,TKL,Tmin,6,2022-02-06,2025-12-26,24,2.670833333333333,3.458022074346355,2.529166666666667,11.957916666666668,1.7655139257294432,3.8003333333333313
strict_common,TU1,Tmin,6,2022-02-06,2025-12-26,24,1.2000000000000002,1.5968719422671314,0.7166666666666667,2.5500000000000003,0.7937500000000003,1.6812642045454547
strict_common,TW,Tmin,6,2022-02-06,2025-12-26,24,1.9166666666666672,2.480255363196836,1.6000000000000003,6.151666666666668,1.2499568965517245,2.710575657894737
strict_common,TWN,Tmin,6,2022-02-06,2025-12-26,24,2.4291666666666667,2.8134350297575144,2.3041666666666663,7.915416666666665,1.8384523809523807,3.1411363636363623
strict_common,TY1,Tmin,6,2022-02-06,2025-12-26,24,1.2208333333333332,1.6483577686089064,0.4374999999999998,2.717083333333333,0.7633240740740741,1.7230882352941175
strict_common,WGL,Tmin,6,2022-02-06,2025-12-26,24,1.1,1.4705441169852747,0.41666666666666696,2.162500000000001,0.7651778656126482,1.605263157894737
strict_common,WLP,Tmin,6,2022-02-06,2025-12-26,24,1.8000000000000005,2.3280893453645635,1.316666666666667,5.420000000000001,1.1874746621621621,2.5823529411764703
strict_common,WTS,Tmin,6,2022-02-06,2025-12-26,24,1.2125000000000001,1.5904663886210653,0.5708333333333332,2.5295833333333335,0.7863474025974023,1.7228072390572386
strict_common,YLP,Tmin,6,2022-02-06,2025-12-26,24,1.7916666666666667,2.4193663082165404,1.5250000000000004,5.853333333333333,1.1343708881578947,2.640980113636363
lowland_available,CCH,Tmin,6,2022-01-07,2025-12-31,1310,1.5780152671755723,1.9607523092733081,1.4061068702290076,3.8445496183206105,1.4720890478441944,1.6931464799056066
lowland_available,CWB,Tmin,6,2022-01-07,2025-12-31,1257,1.405648369132856,1.8104861181707803,1.2058074781225139,3.2778599840891007,1.3034826094226835,1.5145761024908126
lowland_available,HKP,Tmin,6,2022-01-07,2025-12-31,1281,1.1508196721311477,1.4754826940116472,0.6021857923497268,2.1770491803278684,1.0798031721208525,1.2279718162648396
lowland_available,HKS,Tmin,6,2022-01-07,2025-12-31,1333,1.2882220555138786,1.6585091688518914,0.673668417104276,2.7506526631657913,1.2090167260954567,1.371421257026827
lowland_available,HPV,Tmin,6,2022-01-07,2025-12-31,1231,1.1572705117790414,1.489573838161061,0.21689683184402925,2.218830219333875,1.0839219650273528,1.2339978932850582
lowland_available,JKB,Tmin,6,2022-01-07,2025-12-31,1303,1.6193399846508059,1.9970354083247597,1.4018419033000766,3.98815042210284,1.5082195783323395,1.7313168078089045
lowland_available,KLT,Tmin,6,2022-01-07,2025-12-31,1297,1.420431765612953,1.8136614269981688,1.0862760215882807,3.2893677717810337,1.3249379695361503,1.518581011811901
lowland_available,KP,Tmin,6,2022-01-07,2025-12-31,1245,1.1857831325301207,1.5292463429774943,0.7157429718875502,2.33859437751004,1.1071630299761783,1.2667941110543819
lowland_available,KSC,Tmin,6,2022-01-07,2025-12-31,1312,2.0185975609756097,2.4074167665372936,1.9243902439024392,5.795655487804877,1.8933281427127056,2.1533224243999496
lowland_available,KTG,Tmin,6,2022-01-07,2025-12-31,1250,1.34592,1.7127334877324025,1.0084799999999998,2.9334559999999996,1.256637005791154,1.4385024237847581
lowland_available,LFS,Tmin,6,2022-01-07,2025-12-31,1216,1.7949013157894735,2.207221252592213,1.5983552631578946,4.871825657894737,1.662609217755846,1.9285964687597972
lowland_available,PEN,Tmin,6,2022-01-11,2025-12-31,997,1.2285857572718155,1.5906036779099126,0.7479438314944835,2.5300200601805414,1.1328237721885834,1.331466462291386
lowland_available,PLC,Tmin,6,2022-01-07,2025-12-31,1329,1.561023325808879,1.976391890780854,1.3542513167795334,3.906124905944319,1.450923504693864,1.6743507885655815
lowland_available,SEK,Tmin,6,2022-01-07,2025-12-31,1025,2.0726829268292684,2.6114662734871716,1.823121951219512,6.819756097560975,1.9031619276432266,2.2360472168074503
lowland_available,SHA,Tmin,6,2022-01-07,2025-12-31,1334,1.549175412293853,2.000363535176436,1.0655172413793104,4.001454272863569,1.4283083969530186,1.675094213698993
lowland_available,SKG,Tmin,6,2022-01-07,2025-12-31,1299,1.2725943033102385,1.6415528989156623,0.8254811393379522,2.694695919938414,1.1770525197722823,1.37457265831426
lowland_available,SKW,Tmin,6,2022-01-07,2025-12-31,1378,1.261611030478955,1.6136549935833249,0.8865747460087081,2.6038824383164005,1.1801462944050765,1.3485175314169486
lowland_available,SSH,Tmin,6,2022-01-07,2025-12-31,1367,1.782809070958303,2.2927336635100564,1.4662033650329187,5.256627651792245,1.638176431469043,1.92826880727927
lowland_available,SSP,Tmin,6,2022-01-07,2025-12-31,1347,1.2126206384558278,1.5683724464108415,0.6242019302152932,2.4597921306607278,1.1323900995668368,1.2959136425434008
lowland_available,STY,Tmin,6,2022-01-07,2025-12-30,1250,1.1232,1.4470770539262932,0.6384,2.094032,1.0529765043124142,1.197345640120968
lowland_available,TKL,Tmin,6,2022-01-07,2025-12-31,1278,2.5538341158059468,3.2655382740204306,2.4463223787167445,10.663740219092332,2.319853521730587,2.7789878391615415
lowland_available,TU1,Tmin,6,2022-01-07,2025-12-31,1283,1.3373343725643025,1.7144246130122667,0.8511301636788776,2.9392517537022607,1.245728108559504,1.4333232999911336
lowland_available,TW,Tmin,6,2022-01-07,2025-12-31,1061,1.9763430725730444,2.4428761189073818,1.7639019792648445,5.967643732327992,1.8185194685981512,2.124210015283017
lowland_available,TWN,Tmin,6,2022-01-07,2025-12-31,1297,2.39568234387047,2.77836669847226,2.3304548959136473,7.719321511179646,2.250676451916776,2.5338174087188716
lowland_available,TY1,Tmin,6,2022-01-22,2025-12-31,1000,1.3080999999999998,1.6457004587712796,0.8140999999999999,2.70833,1.2245098618213757,1.3980038199794553
lowland_available,WGL,Tmin,6,2022-01-07,2025-12-31,1388,1.1963256484149856,1.529472701134561,0.8077089337175792,2.33928674351585,1.1148566532565367,1.2750909884934751
lowland_available,WLP,Tmin,6,2022-01-07,2025-12-31,1298,1.7814329738058552,2.220493913600977,1.4446070878274269,4.930593220338983,1.658506860807581,1.9135296760489013
lowland_available,WTS,Tmin,6,2022-01-07,2025-12-30,1295,1.2525868725868725,1.6056007187198404,0.7006177606177606,2.577953667953668,1.1735441034873633,1.3362645126627772
lowland_available,YLP,Tmin,6,2022-01-07,2025-12-31,1234,1.8068881685575364,2.2986378180297344,1.5017017828200974,5.283735818476499,1.6646102119137332,1.946777728320067
all_available,CCH,Tmin,7,2022-01-08,2025-12-31,1309,1.6300993124522538,2.0401246235844366,1.418181818181818,4.162108479755539,1.5112084873219445,1.7538893541863392
all_available,CWB,Tmin,7,2022-01-08,2025-12-31,1256,1.4601910828025477,1.8952631197260263,1.2152866242038216,3.5920222929936303,1.3500749706743418,1.5780359144725553
all_available,HKP,Tmin,7,2022-01-08,2025-12-31,1280,1.215234375,1.5755430611379684,0.6049218749999999,2.4823359375,1.1388101295097133,1.3030462050866147
all_available,HKS,Tmin,7,2022-01-08,2025-12-31,1332,1.3521771771771773,1.7341322656345202,0.6868618618618618,3.0072147147147144,1.2687067574984159,1.4412850998194224
all_available,HPV,Tmin,7,2022-01-08,2025-12-31,1230,1.212439024390244,1.5705547670879751,0.22837398373983742,2.466642276422764,1.132475866287264,1.294127367866417
all_available,JKB,Tmin,7,2022-01-08,2025-12-31,1302,1.6842549923195083,2.0774315791875884,1.4192780337941628,4.315721966205837,1.5643403318201472,1.8031219316872207
all_available,KLT,Tmin,7,2022-01-08,2025-12-31,1296,1.4868827160493827,1.917451530122827,1.0979938271604939,3.6766203703703706,1.38416328880878,1.5947415260083704
all_available,KP,Tmin,7,2022-01-15,2025-12-31,1244,1.242765273311897,1.628982875601587,0.7221864951768489,2.6535852090032153,1.1575347535019347,1.333280860100437
all_available,KSC,Tmin,7,2022-01-08,2025-12-31,1311,2.0576659038901606,2.469162981176518,1.9371472158657512,6.09676582761251,1.9209965203960786,2.1995537850113545
all_available,KTG,Tmin,7,2022-01-13,2025-12-31,1249,1.3996797437950363,1.806797059021846,1.0195356285028023,3.264515612489992,1.302030025803425,1.5020160748768354
all_available,LFS,Tmin,7,2022-01-08,2025-12-31,1215,1.8380246913580245,2.290452540330442,1.6052674897119343,5.2461728395061735,1.7008821369918845,1.9802805828563201
all_available,NGP,Tmin,7,2022-01-14,2025-12-31,757,4.811756935270806,5.1458092374337125,4.801453104359313,26.479352708058126,4.59518321418587,5.031543759206671
all_available,PEN,Tmin,7,2022-01-11,2025-12-31,997,1.29037111334002,1.694947947766217,0.7489468405215648,2.8728485456369106,1.1813540297066316,1.4031759763300569
all_available,PLC,Tmin,7,2022-01-08,2025-12-31,1328,1.6221385542168674,2.0622540013938777,1.3582831325301203,4.252891566265061,1.5020683192614768,1.7493716830932524
all_available,SEK,Tmin,7,2022-01-08,2025-12-31,1024,2.1408203125,2.690761102829458,1.828125,7.2401953125,1.9606711163557475,2.311882909790422
all_available,SHA,Tmin,7,2022-01-08,2025-12-31,1333,1.6077269317329332,2.091537982629815,1.0750937734433608,4.374531132783196,1.4758739510246488,1.7420276075633563
all_available,SKG,Tmin,7,2022-01-08,2025-12-31,1298,1.335130970724191,1.7358541189691215,0.8302003081664098,3.013189522342065,1.2266361982793053,1.4457981539533262
all_available,SKW,Tmin,7,2022-01-08,2025-12-31,1377,1.3177923021060276,1.6927501440286257,0.895424836601307,2.8654030501089327,1.2287889016511129,1.412093371445195
all_available,SSH,Tmin,7,2022-01-08,2025-12-31,1366,1.8433382137628112,2.3771730445527455,1.4796486090775989,5.65095168374817,1.6911869058173146,1.9962445143129408
all_available,SSP,Tmin,7,2022-01-08,2025-12-31,1346,1.2797176820208023,1.6819313352050747,0.6361812778603269,2.828893016344725,1.1894465081723629,1.3746914556962027
all_available,STY,Tmin,7,2022-01-08,2025-12-30,1249,1.178863090472378,1.528103425840035,0.6485188150520417,2.335100080064051,1.1048244678513084,1.2614867173612483
all_available,TKL,Tmin,7,2022-01-08,2025-12-31,1277,2.6036021926389976,3.3320799000705534,2.457791699295223,11.10275646045419,2.3649901648529887,2.838708127029503
all_available,TU1,Tmin,7,2022-01-08,2025-12-31,1282,1.4088923556942279,1.820977605127953,0.8556942277691107,3.3159594383775346,1.306774620264343,1.5149426060136437
all_available,TW,Tmin,7,2022-01-08,2025-12-31,1060,2.0413207547169807,2.513221641413253,1.778867924528302,6.316283018867924,1.8737534883938867,2.194238381519739
all_available,TWN,Tmin,7,2022-01-08,2025-12-31,1296,2.436188271604938,2.848238301082458,2.336188271604938,8.112461419753087,2.2835041790544297,2.584990566374118
all_available,TY1,Tmin,7,2022-01-22,2025-12-31,1000,1.3533000000000002,1.721897209475641,0.8140999999999999,2.9649299999999994,1.2582100747809328,1.4507063214643934
all_available,WGL,Tmin,7,2022-01-08,2025-12-31,1387,1.2434030281182407,1.6024314617986244,0.811968276856525,2.5677865897620764,1.158568447469278,1.3330447034430764
all_available,WLP,Tmin,7,2022-01-08,2025-12-31,1297,1.8348496530454894,2.2976472160398083,1.4573631457208942,5.279182729375481,1.701218074064848,1.972948948517218
all_available,WTS,Tmin,7,2022-01-08,2025-12-30,1294,1.332302936630603,1.7234988316113498,0.7132921174652241,2.970448222565688,1.2400448413879266,1.4268348172327838
all_available,YLP,Tmin,7,2022-01-08,2025-12-31,1233,1.8543390105433901,2.3698429732287236,1.5101378751013788,5.616155717761558,1.7048714221441017,1.99643861123518
strict_common,CCH,Tmin,7,2022-02-06,2025-12-26,24,1.508333333333333,1.906130460732773,1.0583333333333333,3.633333333333333,1.0727090909090913,2.0850178571428564
strict_common,CWB,Tmin,7,2022-02-06,2025-12-26,24,1.3583333333333332,1.819798523646688,1.0499999999999996,3.3116666666666656,0.8954431818181816,1.9308333333333327
strict_common,HKP,Tmin,7,2022-02-06,2025-12-26,24,1.1416666666666668,1.4829587542027818,0.46666666666666684,2.1991666666666663,0.7709643817204302,1.5698295454545446
strict_common,HKS,Tmin,7,2022-02-06,2025-12-26,24,1.5208333333333333,1.9001096459590605,0.6124999999999997,3.610416666666666,1.0720075757575758,2.014363354037267
strict_common,HPV,Tmin,7,2022-02-06,2025-12-26,24,1.3791666666666664,1.7527359565357619,0.28750000000000026,3.072083333333332,0.9499999999999997,1.8740972222222216
strict_common,JKB,Tmin,7,2022-02-06,2025-12-26,24,1.8,2.295285022243062,1.416666666666667,5.2683333333333335,1.2189746543778799,2.5000961538461532
strict_common,KLT,Tmin,7,2022-02-06,2025-12-26,24,1.4125000000000003,1.8144099132592209,0.9791666666666666,3.2920833333333337,0.9590719696969696,1.9250000000000003
strict_common,KP,Tmin,7,2022-02-06,2025-12-26,24,1.2125000000000001,1.559780967529309,0.6708333333333333,2.4329166666666673,0.8291517857142855,1.6500595238095235
strict_common,KSC,Tmin,7,2022-02-06,2025-12-26,24,2.0541666666666667,2.610954487028323,2.0208333333333335,6.817083333333334,1.4368301435406698,2.8188368055555557
strict_common,KTG,Tmin,7,2022-02-06,2025-12-26,24,1.3999999999999997,1.8034688796871432,1.108333333333333,3.252499999999999,0.9322470674486797,1.9334374999999993
strict_common,LFS,Tmin,7,2022-02-06,2025-12-26,24,1.75,2.2801681224564705,1.5583333333333333,5.199166666666667,1.1954431818181814,2.4182272727272722
strict_common,NGP,Tmin,7,2022-02-06,2025-12-26,24,4.658333333333333,4.982134749950735,4.658333333333333,24.82166666666667,4.000000000000001,5.350138888888889
strict_common,PEN,Tmin,7,2022-02-06,2025-12-26,24,1.3166666666666667,1.703917055884274,0.575,2.9033333333333324,0.8933148148148149,1.7588746803069046
strict_common,PLC,Tmin,7,2022-02-06,2025-12-26,24,1.5,1.9723082923316022,1.2499999999999998,3.8900000000000006,1.0198448275862062,2.082399380804953
strict_common,SEK,Tmin,7,2022-02-06,2025-12-26,24,2.0291666666666672,2.7478021520238074,1.7375,7.550416666666668,1.270341880341881,2.9863712121212123
strict_common,SHA,Tmin,7,2022-02-06,2025-12-26,24,1.5833333333333333,2.1929812280698315,1.1583333333333332,4.809166666666667,0.9738985507246373,2.373431818181818
strict_common,SKG,Tmin,7,2022-02-06,2025-12-26,24,1.3458333333333332,1.8555098131421097,0.8458333333333337,3.4429166666666666,0.8420526315789474,1.9800000000000004
strict_common,SKW,Tmin,7,2022-02-06,2025-12-26,24,1.2291666666666667,1.6627036216155104,0.7958333333333334,2.7645833333333343,0.7691216216216213,1.8107405462184878
strict_common,SSH,Tmin,7,2022-02-06,2025-12-26,24,1.7750000000000004,2.4020824298928627,1.4333333333333336,5.7700000000000005,1.129603174603175,2.594868421052631
strict_common,SSP,Tmin,7,2022-02-06,2025-12-26,24,1.2291666666666667,1.5775772564283503,0.5208333333333331,2.488750000000001,0.8818039772727272,1.6318560606060606
strict_common,STY,Tmin,7,2022-02-06,2025-12-26,24,1.133333333333333,1.5367715076310682,0.4583333333333335,2.3616666666666664,0.7237788018433178,1.625
strict_common,TKL,Tmin,7,2022-02-06,2025-12-26,24,2.7458333333333336,3.575320498454183,2.5708333333333333,12.782916666666665,1.828357142857143,3.9300312499999994
strict_common,TU1,Tmin,7,2022-02-06,2025-12-26,24,1.3250000000000002,1.7630466055477185,0.7583333333333333,3.108333333333333,0.8420942982456142,1.850059523809524
strict_common,TW,Tmin,7,2022-02-06,2025-12-26,24,1.958333333333334,2.5871477215909677,1.6416666666666668,6.693333333333335,1.2959958333333337,2.7572142857142854
strict_common,TWN,Tmin,7,2022-02-06,2025-12-26,24,2.4458333333333333,2.9280966514102635,2.3458333333333328,8.573749999999999,1.8228947368421051,3.2335714285714268
strict_common,TY1,Tmin,7,2022-02-06,2025-12-26,24,1.3208333333333335,1.7560609328835945,0.47916666666666646,3.08375,0.8912873641304351,1.809579831932773
strict_common,WGL,Tmin,7,2022-02-06,2025-12-26,24,1.1083333333333336,1.5096909175942828,0.45833333333333365,2.2791666666666672,0.6951847290640398,1.623839285714286
strict_common,WLP,Tmin,7,2022-02-06,2025-12-26,24,1.8750000000000002,2.460352278299458,1.3583333333333336,6.053333333333334,1.2344907407407408,2.7250568181818173
strict_common,WTS,Tmin,7,2022-02-06,2025-12-26,24,1.2958333333333332,1.6846117257892592,0.6124999999999999,2.8379166666666666,0.8805821572580645,1.7871689723320148
strict_common,YLP,Tmin,7,2022-02-06,2025-12-26,24,1.925,2.5664502073226876,1.566666666666667,6.586666666666666,1.2140147783251234,2.81471804511278
lowland_available,CCH,Tmin,7,2022-01-08,2025-12-31,1309,1.6300993124522538,2.0401246235844366,1.418181818181818,4.162108479755539,1.5112084873219445,1.7538893541863392
lowland_available,CWB,Tmin,7,2022-01-08,2025-12-31,1256,1.4601910828025477,1.8952631197260263,1.2152866242038216,3.5920222929936303,1.3500749706743418,1.5780359144725553
lowland_available,HKP,Tmin,7,2022-01-08,2025-12-31,1280,1.215234375,1.5755430611379684,0.6049218749999999,2.4823359375,1.1388101295097133,1.3030462050866147
lowland_available,HKS,Tmin,7,2022-01-08,2025-12-31,1332,1.3521771771771773,1.7341322656345202,0.6868618618618618,3.0072147147147144,1.2687067574984159,1.4412850998194224
lowland_available,HPV,Tmin,7,2022-01-08,2025-12-31,1230,1.212439024390244,1.5705547670879751,0.22837398373983742,2.466642276422764,1.132475866287264,1.294127367866417
lowland_available,JKB,Tmin,7,2022-01-08,2025-12-31,1302,1.6842549923195083,2.0774315791875884,1.4192780337941628,4.315721966205837,1.5643403318201472,1.8031219316872207
lowland_available,KLT,Tmin,7,2022-01-08,2025-12-31,1296,1.4868827160493827,1.917451530122827,1.0979938271604939,3.6766203703703706,1.38416328880878,1.5947415260083704
lowland_available,KP,Tmin,7,2022-01-15,2025-12-31,1244,1.242765273311897,1.628982875601587,0.7221864951768489,2.6535852090032153,1.1575347535019347,1.333280860100437
lowland_available,KSC,Tmin,7,2022-01-08,2025-12-31,1311,2.0576659038901606,2.469162981176518,1.9371472158657512,6.09676582761251,1.9209965203960786,2.1995537850113545
lowland_available,KTG,Tmin,7,2022-01-13,2025-12-31,1249,1.3996797437950363,1.806797059021846,1.0195356285028023,3.264515612489992,1.302030025803425,1.5020160748768354
lowland_available,LFS,Tmin,7,2022-01-08,2025-12-31,1215,1.8380246913580245,2.290452540330442,1.6052674897119343,5.2461728395061735,1.7008821369918845,1.9802805828563201
lowland_available,PEN,Tmin,7,2022-01-11,2025-12-31,997,1.29037111334002,1.694947947766217,0.7489468405215648,2.8728485456369106,1.1813540297066316,1.4031759763300569
lowland_available,PLC,Tmin,7,2022-01-08,2025-12-31,1328,1.6221385542168674,2.0622540013938777,1.3582831325301203,4.252891566265061,1.5020683192614768,1.7493716830932524
lowland_available,SEK,Tmin,7,2022-01-08,2025-12-31,1024,2.1408203125,2.690761102829458,1.828125,7.2401953125,1.9606711163557475,2.311882909790422
lowland_available,SHA,Tmin,7,2022-01-08,2025-12-31,1333,1.6077269317329332,2.091537982629815,1.0750937734433608,4.374531132783196,1.4758739510246488,1.7420276075633563
lowland_available,SKG,Tmin,7,2022-01-08,2025-12-31,1298,1.335130970724191,1.7358541189691215,0.8302003081664098,3.013189522342065,1.2266361982793053,1.4457981539533262
lowland_available,SKW,Tmin,7,2022-01-08,2025-12-31,1377,1.3177923021060276,1.6927501440286257,0.895424836601307,2.8654030501089327,1.2287889016511129,1.412093371445195
lowland_available,SSH,Tmin,7,2022-01-08,2025-12-31,1366,1.8433382137628112,2.3771730445527455,1.4796486090775989,5.65095168374817,1.6911869058173146,1.9962445143129408
lowland_available,SSP,Tmin,7,2022-01-08,2025-12-31,1346,1.2797176820208023,1.6819313352050747,0.6361812778603269,2.828893016344725,1.1894465081723629,1.3746914556962027
lowland_available,STY,Tmin,7,2022-01-08,2025-12-30,1249,1.178863090472378,1.528103425840035,0.6485188150520417,2.335100080064051,1.1048244678513084,1.2614867173612483
lowland_available,TKL,Tmin,7,2022-01-08,2025-12-31,1277,2.6036021926389976,3.3320799000705534,2.457791699295223,11.10275646045419,2.3649901648529887,2.838708127029503
lowland_available,TU1,Tmin,7,2022-01-08,2025-12-31,1282,1.4088923556942279,1.820977605127953,0.8556942277691107,3.3159594383775346,1.306774620264343,1.5149426060136437
lowland_available,TW,Tmin,7,2022-01-08,2025-12-31,1060,2.0413207547169807,2.513221641413253,1.778867924528302,6.316283018867924,1.8737534883938867,2.194238381519739
lowland_available,TWN,Tmin,7,2022-01-08,2025-12-31,1296,2.436188271604938,2.848238301082458,2.336188271604938,8.112461419753087,2.2835041790544297,2.584990566374118
lowland_available,TY1,Tmin,7,2022-01-22,2025-12-31,1000,1.3533000000000002,1.721897209475641,0.8140999999999999,2.9649299999999994,1.2582100747809328,1.4507063214643934
lowland_available,WGL,Tmin,7,2022-01-08,2025-12-31,1387,1.2434030281182407,1.6024314617986244,0.811968276856525,2.5677865897620764,1.158568447469278,1.3330447034430764
lowland_available,WLP,Tmin,7,2022-01-08,2025-12-31,1297,1.8348496530454894,2.2976472160398083,1.4573631457208942,5.279182729375481,1.701218074064848,1.972948948517218
lowland_available,WTS,Tmin,7,2022-01-08,2025-12-30,1294,1.332302936630603,1.7234988316113498,0.7132921174652241,2.970448222565688,1.2400448413879266,1.4268348172327838
lowland_available,YLP,Tmin,7,2022-01-08,2025-12-31,1233,1.8543390105433901,2.3698429732287236,1.5101378751013788,5.616155717761558,1.7048714221441017,1.99643861123518
all_available,CCH,Tmin,8,2022-01-09,2025-12-31,1308,1.693577981651376,2.1491766434261095,1.4307339449541285,4.618960244648318,1.5645064328355185,1.8282448639309616
all_available,CWB,Tmin,8,2022-01-09,2025-12-31,1255,1.545418326693227,2.026550854662637,1.2258964143426294,4.106908366533864,1.421154744937535,1.678681423846985
all_available,HKP,Tmin,8,2022-01-09,2025-12-31,1279,1.3158717748240814,1.7206331907217447,0.6203283815480846,2.9605785770132917,1.2220828118217717,1.4206789050079494
all_available,HKS,Tmin,8,2022-01-09,2025-12-31,1331,1.449962434259955,1.8626483976701966,0.7066115702479339,3.469459053343351,1.3537438515157494,1.5500388144174504
all_available,HPV,Tmin,8,2022-01-09,2025-12-31,1229,1.292514239218877,1.689196514839084,0.25589910496338486,2.853384865744508,1.2011559032622416,1.3853377381748286
all_available,JKB,Tmin,8,2022-01-09,2025-12-31,1301,1.753343581860107,2.1820083972471753,1.4311299000768638,4.761160645657187,1.6222245562199828,1.8803903673896045
all_available,KLT,Tmin,8,2022-01-09,2025-12-31,1295,1.565945945945946,2.0522913082453997,1.110965250965251,4.2118996138996145,1.4487463015614694,1.6905161338101684
all_available,KP,Tmin,8,2022-01-15,2025-12-31,1244,1.3387459807073954,1.771210460441347,0.7342443729903537,3.1371864951768487,1.2354276968616502,1.4466358646007647
all_available,KSC,Tmin,8,2022-01-09,2025-12-31,1310,2.106412213740458,2.563010515148808,1.9548091603053437,6.5690229007633585,1.958026302979896,2.261210243702772
all_available,KTG,Tmin,8,2022-01-13,2025-12-31,1249,1.4827862289831866,1.9454490015042705,1.0411529223378704,3.7847718174539633,1.3705189557491022,1.6034579921445407
all_available,LFS,Tmin,8,2022-01-09,2025-12-31,1214,1.905189456342669,2.3985322942149625,1.6190280065897857,5.752957166392092,1.754698620378093,2.056462393035669
all_available,NGP,Tmin,8,2022-01-14,2025-12-31,757,4.868560105680317,5.252824616004168,4.8582562747688245,27.592166446499334,4.622361200477986,5.1194493316189345
all_available,PEN,Tmin,8,2022-01-11,2025-12-31,997,1.3960882647943833,1.8477750995333186,0.7559679037111334,3.4142728184553657,1.267643359920281,1.526581912403878
all_available,PLC,Tmin,8,2022-01-09,2025-12-31,1327,1.6761868877166541,2.171360826124214,1.3605877920120573,4.714807837226828,1.5451055091459023,1.8166198915977336
all_available,SEK,Tmin,8,2022-01-10,2025-12-31,1023,2.2044965786901267,2.7935689306832905,1.839882697947214,7.804027370478984,2.010231142241379,2.3860309510841815
all_available,SHA,Tmin,8,2022-01-09,2025-12-31,1332,1.6873123123123124,2.2105551461237183,1.086111111111111,4.886554054054054,1.5477695859752476,1.8329537030749787
all_available,SKG,Tmin,8,2022-01-09,2025-12-31,1297,1.4139552814186584,1.8640845212984127,0.8414032382420973,3.474811102544333,1.2935183903773761,1.5370749591340636
all_available,SKW,Tmin,8,2022-01-09,2025-12-31,1376,1.382267441860465,1.80979650018808,0.9081395348837209,3.275363372093023,1.2808593652076181,1.4901195697577276
all_available,SSH,Tmin,8,2022-01-09,2025-12-31,1365,1.9221978021978023,2.4887203414061885,1.4920146520146522,6.193728937728936,1.759484328979383,2.086877917133983
all_available,SSP,Tmin,8,2022-01-09,2025-12-31,1345,1.3807434944237917,1.8300120868229848,0.65182156133829,3.3489442379182157,1.2757268108612694,1.488353218532185
all_available,STY,Tmin,8,2022-01-09,2025-12-30,1248,1.26650641025641,1.6541468867899618,0.6631410256410256,2.736201923076923,1.1769391139072511,1.3600946175022466
all_available,TKL,Tmin,8,2022-01-09,2025-12-31,1276,2.6632445141065832,3.4166072834251238,2.466065830721003,11.673205329153603,2.410242721392776,2.902276750698553
all_available,TU1,Tmin,8,2022-01-09,2025-12-31,1281,1.4953942232630757,1.9541784532150968,0.8605776736924279,3.818813427010148,1.3800611457527234,1.6157271973848197
all_available,TW,Tmin,8,2022-01-09,2025-12-31,1059,2.115297450424929,2.6209459904387535,1.79480642115203,6.869357884796979,1.9397095428509092,2.2771898530762162
all_available,TWN,Tmin,8,2022-01-09,2025-12-31,1295,2.5054054054054054,2.9626647193670492,2.365173745173745,8.777382239382238,2.3406261369827326,2.665604239423191
all_available,TY1,Tmin,8,2022-01-22,2025-12-31,1000,1.4575,1.8618619712535083,0.8271,3.4665299999999997,1.3483449555668021,1.5725305099820135
all_available,WGL,Tmin,8,2022-01-09,2025-12-31,1386,1.3103896103896104,1.7101007117840878,0.8206349206349207,2.924444444444444,1.2166409354844823,1.4067989756523145
all_available,WLP,Tmin,8,2022-01-09,2025-12-31,1296,1.902932098765432,2.411095110033951,1.4736111111111112,5.81337962962963,1.757189425254304,2.048548604912296
all_available,WTS,Tmin,8,2022-01-09,2025-12-30,1293,1.4360402165506576,1.869070929835978,0.7320959010054138,3.4934261407579275,1.3288988503837091,1.546733693435698
all_available,YLP,Tmin,8,2022-01-09,2025-12-31,1232,1.9258928571428573,2.47218782909747,1.520535714285714,6.111712662337663,1.7701691013263905,2.0777010940729594
strict_common,CCH,Tmin,8,2022-02-06,2025-12-26,24,1.8333333333333333,2.309401076758503,1.1833333333333333,5.333333333333333,1.3181439393939394,2.514345238095238
strict_common,CWB,Tmin,8,2022-02-06,2025-12-26,24,1.6916666666666664,2.178302091079196,1.1749999999999996,4.744999999999998,1.1943452380952384,2.3320035714285714
strict_common,HKP,Tmin,8,2022-02-06,2025-12-26,24,1.5166666666666668,1.857193222760267,0.5916666666666669,3.4491666666666667,1.1192045454545456,1.9766818181818182
strict_common,HKS,Tmin,8,2022-02-06,2025-12-26,24,1.8875,2.2458294681475706,0.7374999999999997,5.043749999999999,1.4198571428571432,2.415629111842105
strict_common,HPV,Tmin,8,2022-02-06,2025-12-26,24,1.7124999999999997,2.0989084464708476,0.41250000000000026,4.4054166666666665,1.2521739130434784,2.2428726708074533
strict_common,JKB,Tmin,8,2022-02-06,2025-12-26,24,2.1416666666666666,2.623928352680385,1.541666666666667,6.885000000000001,1.5591239316239316,2.8696260869565213
strict_common,KLT,Tmin,8,2022-02-06,2025-12-26,24,1.7625000000000004,2.192886225958839,1.1041666666666665,4.80875,1.2851617647058828,2.3626562499999997
strict_common,KP,Tmin,8,2022-02-06,2025-12-26,24,1.5458333333333334,1.9299179602597967,0.7958333333333333,3.724583333333334,1.1333333333333335,2.052202898550725
strict_common,KSC,Tmin,8,2022-02-06,2025-12-26,24,2.2625,2.9012210073231812,2.1458333333333335,8.417083333333334,1.5640789473684216,3.1834166666666666
strict_common,KTG,Tmin,8,2022-02-06,2025-12-26,24,1.7666666666666664,2.1704454227953605,1.233333333333333,4.710833333333332,1.289208743842364,2.3800238095238093
strict_common,LFS,Tmin,8,2022-02-06,2025-12-26,24,1.9833333333333336,2.6075211728127283,1.6833333333333333,6.799166666666667,1.3575649350649355,2.79375
strict_common,NGP,Tmin,8,2022-02-06,2025-12-26,24,4.783333333333333,5.235774377619164,4.783333333333333,27.413333333333338,3.964465725806452,5.681978609625667
strict_common,PEN,Tmin,8,2022-02-06,2025-12-26,24,1.6916666666666664,2.106339637063944,0.6999999999999998,4.4366666666666665,1.21655,2.1999999999999997
strict_common,PLC,Tmin,8,2022-02-06,2025-12-26,24,1.7750000000000001,2.32163735324878,1.375,5.390000000000001,1.2000000000000002,2.4878124999999986
strict_common,SEK,Tmin,8,2022-02-06,2025-12-26,24,2.3625000000000003,3.0727973140663436,1.8625,9.442083333333336,1.577708333333334,3.3764906417112304
strict_common,SHA,Tmin,8,2022-02-06,2025-12-26,24,1.9416666666666667,2.536565920031779,1.2833333333333332,6.434166666666667,1.330769230769231,2.7615909090909088
strict_common,SKG,Tmin,8,2022-02-06,2025-12-26,24,1.5791666666666668,2.1605361988790346,0.9708333333333337,4.667916666666667,1.0358291666666668,2.271599378881987
strict_common,SKW,Tmin,8,2022-02-06,2025-12-26,24,1.5208333333333333,1.970088830484555,0.9208333333333334,3.8812500000000014,1.056521739130435,2.08890350877193
strict_common,SSH,Tmin,8,2022-02-06,2025-12-26,24,2.1166666666666667,2.7392213005402346,1.5583333333333336,7.503333333333335,1.4374553571428565,2.9750815217391304
strict_common,SSP,Tmin,8,2022-02-06,2025-12-26,24,1.6041666666666667,1.982527847639641,0.6458333333333331,3.9304166666666682,1.1833333333333333,2.0615384615384613
strict_common,STY,Tmin,8,2022-02-06,2025-12-26,24,1.4249999999999998,1.8448125469362284,0.5833333333333335,3.4033333333333338,1.0090810276679838,1.9131484257871059
strict_common,TKL,Tmin,8,2022-02-06,2025-12-26,24,2.929166666666667,3.8653913126616297,2.695833333333333,14.941249999999998,1.9333333333333336,4.240938995215311
strict_common,TU1,Tmin,8,2022-02-06,2025-12-26,24,1.675,2.111476576553321,0.8833333333333333,4.458333333333333,1.1578362573099419,2.275056818181818
strict_common,TW,Tmin,8,2022-02-06,2025-12-26,24,2.3083333333333336,2.9328598102648322,1.7666666666666668,8.601666666666668,1.6066041666666666,3.1527443609022554
strict_common,TWN,Tmin,8,2022-02-06,2025-12-26,24,2.6541666666666663,3.2542920377044626,2.4708333333333328,10.590416666666663,1.9373958333333332,3.5999999999999996
strict_common,TY1,Tmin,8,2022-02-06,2025-12-26,24,1.6958333333333335,2.1056471689245564,0.6041666666666664,4.43375,1.2499456521739134,2.2
strict_common,WGL,Tmin,8,2022-02-06,2025-12-26,24,1.4833333333333334,1.8607794065928398,0.5833333333333336,3.462500000000001,1.079301270417423,1.9750694444444443
strict_common,WLP,Tmin,8,2022-02-06,2025-12-26,24,2.166666666666667,2.782984010015149,1.4833333333333336,7.745,1.4748817567567574,3.0389772727272697
strict_common,WTS,Tmin,8,2022-02-06,2025-12-26,24,1.6624999999999999,2.0626641348831694,0.7374999999999998,4.254583333333333,1.2183440170940174,2.2032741477272713
strict_common,YLP,Tmin,8,2022-02-06,2025-12-26,24,2.183333333333333,2.8597785462048164,1.691666666666667,8.178333333333333,1.4310243055555554,3.1251102941176465
lowland_available,CCH,Tmin,8,2022-01-09,2025-12-31,1308,1.693577981651376,2.1491766434261095,1.4307339449541285,4.618960244648318,1.5645064328355185,1.8282448639309616
lowland_available,CWB,Tmin,8,2022-01-09,2025-12-31,1255,1.545418326693227,2.026550854662637,1.2258964143426294,4.106908366533864,1.421154744937535,1.678681423846985
lowland_available,HKP,Tmin,8,2022-01-09,2025-12-31,1279,1.3158717748240814,1.7206331907217447,0.6203283815480846,2.9605785770132917,1.2220828118217717,1.4206789050079494
lowland_available,HKS,Tmin,8,2022-01-09,2025-12-31,1331,1.449962434259955,1.8626483976701966,0.7066115702479339,3.469459053343351,1.3537438515157494,1.5500388144174504
lowland_available,HPV,Tmin,8,2022-01-09,2025-12-31,1229,1.292514239218877,1.689196514839084,0.25589910496338486,2.853384865744508,1.2011559032622416,1.3853377381748286
lowland_available,JKB,Tmin,8,2022-01-09,2025-12-31,1301,1.753343581860107,2.1820083972471753,1.4311299000768638,4.761160645657187,1.6222245562199828,1.8803903673896045
lowland_available,KLT,Tmin,8,2022-01-09,2025-12-31,1295,1.565945945945946,2.0522913082453997,1.110965250965251,4.2118996138996145,1.4487463015614694,1.6905161338101684
lowland_available,KP,Tmin,8,2022-01-15,2025-12-31,1244,1.3387459807073954,1.771210460441347,0.7342443729903537,3.1371864951768487,1.2354276968616502,1.4466358646007647
lowland_available,KSC,Tmin,8,2022-01-09,2025-12-31,1310,2.106412213740458,2.563010515148808,1.9548091603053437,6.5690229007633585,1.958026302979896,2.261210243702772
lowland_available,KTG,Tmin,8,2022-01-13,2025-12-31,1249,1.4827862289831866,1.9454490015042705,1.0411529223378704,3.7847718174539633,1.3705189557491022,1.6034579921445407
lowland_available,LFS,Tmin,8,2022-01-09,2025-12-31,1214,1.905189456342669,2.3985322942149625,1.6190280065897857,5.752957166392092,1.754698620378093,2.056462393035669
lowland_available,PEN,Tmin,8,2022-01-11,2025-12-31,997,1.3960882647943833,1.8477750995333186,0.7559679037111334,3.4142728184553657,1.267643359920281,1.526581912403878
lowland_available,PLC,Tmin,8,2022-01-09,2025-12-31,1327,1.6761868877166541,2.171360826124214,1.3605877920120573,4.714807837226828,1.5451055091459023,1.8166198915977336
lowland_available,SEK,Tmin,8,2022-01-10,2025-12-31,1023,2.2044965786901267,2.7935689306832905,1.839882697947214,7.804027370478984,2.010231142241379,2.3860309510841815
lowland_available,SHA,Tmin,8,2022-01-09,2025-12-31,1332,1.6873123123123124,2.2105551461237183,1.086111111111111,4.886554054054054,1.5477695859752476,1.8329537030749787
lowland_available,SKG,Tmin,8,2022-01-09,2025-12-31,1297,1.4139552814186584,1.8640845212984127,0.8414032382420973,3.474811102544333,1.2935183903773761,1.5370749591340636
lowland_available,SKW,Tmin,8,2022-01-09,2025-12-31,1376,1.382267441860465,1.80979650018808,0.9081395348837209,3.275363372093023,1.2808593652076181,1.4901195697577276
lowland_available,SSH,Tmin,8,2022-01-09,2025-12-31,1365,1.9221978021978023,2.4887203414061885,1.4920146520146522,6.193728937728936,1.759484328979383,2.086877917133983
lowland_available,SSP,Tmin,8,2022-01-09,2025-12-31,1345,1.3807434944237917,1.8300120868229848,0.65182156133829,3.3489442379182157,1.2757268108612694,1.488353218532185
lowland_available,STY,Tmin,8,2022-01-09,2025-12-30,1248,1.26650641025641,1.6541468867899618,0.6631410256410256,2.736201923076923,1.1769391139072511,1.3600946175022466
lowland_available,TKL,Tmin,8,2022-01-09,2025-12-31,1276,2.6632445141065832,3.4166072834251238,2.466065830721003,11.673205329153603,2.410242721392776,2.902276750698553
lowland_available,TU1,Tmin,8,2022-01-09,2025-12-31,1281,1.4953942232630757,1.9541784532150968,0.8605776736924279,3.818813427010148,1.3800611457527234,1.6157271973848197
lowland_available,TW,Tmin,8,2022-01-09,2025-12-31,1059,2.115297450424929,2.6209459904387535,1.79480642115203,6.869357884796979,1.9397095428509092,2.2771898530762162
lowland_available,TWN,Tmin,8,2022-01-09,2025-12-31,1295,2.5054054054054054,2.9626647193670492,2.365173745173745,8.777382239382238,2.3406261369827326,2.665604239423191
lowland_available,TY1,Tmin,8,2022-01-22,2025-12-31,1000,1.4575,1.8618619712535083,0.8271,3.4665299999999997,1.3483449555668021,1.5725305099820135
lowland_available,WGL,Tmin,8,2022-01-09,2025-12-31,1386,1.3103896103896104,1.7101007117840878,0.8206349206349207,2.924444444444444,1.2166409354844823,1.4067989756523145
lowland_available,WLP,Tmin,8,2022-01-09,2025-12-31,1296,1.902932098765432,2.411095110033951,1.4736111111111112,5.81337962962963,1.757189425254304,2.048548604912296
lowland_available,WTS,Tmin,8,2022-01-09,2025-12-30,1293,1.4360402165506576,1.869070929835978,0.7320959010054138,3.4934261407579275,1.3288988503837091,1.546733693435698
lowland_available,YLP,Tmin,8,2022-01-09,2025-12-31,1232,1.9258928571428573,2.47218782909747,1.520535714285714,6.111712662337663,1.7701691013263905,2.0777010940729594
all_available,CCH,Tmin,9,2022-01-10,2025-12-31,1306,1.780398162327718,2.2887165799768545,1.4647779479326186,5.238223583460949,1.6368757321659777,1.9281644070067203
all_available,CWB,Tmin,9,2022-01-10,2025-12-31,1253,1.6216280925778133,2.1576438481036155,1.2415802075019953,4.6554269752593775,1.48692751765175,1.763473484236055
all_available,HKP,Tmin,9,2022-01-10,2025-12-31,1277,1.4111981205951447,1.8627389505261764,0.6478465152701645,3.4697963978073614,1.300294520867698,1.5272616505248158
all_available,HKS,Tmin,9,2022-01-10,2025-12-31,1329,1.5346124905944318,1.9847139695704963,0.7323551542513167,3.939089541008277,1.422675744986872,1.6448718110720266
all_available,HPV,Tmin,9,2022-01-10,2025-12-31,1227,1.384596577017115,1.8241095671920133,0.28891605541972293,3.3273757131214343,1.2790565202847741,1.4945987692677332
all_available,JKB,Tmin,9,2022-01-10,2025-12-31,1299,1.8248652809853734,2.306968057132169,1.4613548883756735,5.322101616628175,1.677841515006386,1.9657651858723288
all_available,KLT,Tmin,9,2022-01-10,2025-12-31,1293,1.662180974477958,2.203919731064287,1.1455529775715392,4.857262180974478,1.5315613776935353,1.7972103547743736
all_available,KP,Tmin,9,2022-01-15,2025-12-31,1244,1.437138263665595,1.9243865686485278,0.7680064308681672,3.703263665594855,1.3193429829960759,1.5571366801437552
all_available,KSC,Tmin,9,2022-01-10,2025-12-31,1308,2.154663608562691,2.667617854058283,1.9707186544342505,7.116185015290521,1.9903586607601442,2.3159305451545973
all_available,KTG,Tmin,9,2022-01-13,2025-12-31,1248,1.5726762820512823,2.079719301202658,1.0718750000000001,4.325232371794871,1.4471372576367172,1.7063498385424738
all_available,LFS,Tmin,9,2022-01-10,2025-12-31,1212,1.980858085808581,2.529182808056321,1.6547854785478546,6.396765676567657,1.817149095611813,2.1461325343599933
all_available,NGP,Tmin,9,2022-01-14,2025-12-31,756,4.907936507936507,5.38126526692523,4.9031746031746035,28.95801587301587,4.624909771551396,5.177857771906649
all_available,PEN,Tmin,9,2022-01-11,2025-12-31,996,1.519979919678715,2.011410721948523,0.7699799196787148,4.045773092369478,1.3788890152894069,1.6637450500114346
all_available,PLC,Tmin,9,2022-01-10,2025-12-31,1325,1.7689811320754718,2.312223466382643,1.394943396226415,5.346377358490566,1.626154675787159,1.923656178923427
all_available,SEK,Tmin,9,2022-01-10,2025-12-31,1022,2.2887475538160467,2.9191502798184925,1.8691780821917805,8.521438356164383,2.0858314780273073,2.4898628060396115
all_available,SHA,Tmin,9,2022-01-10,2025-12-31,1330,1.7706015037593985,2.338158455367389,1.1169172932330826,5.466984962406015,1.619402893762809,1.9262489683050128
all_available,SKG,Tmin,9,2022-01-10,2025-12-31,1295,1.4966795366795367,2.005124708472043,0.877992277992278,4.0205250965250965,1.3597240576135559,1.6323654207369884
all_available,SKW,Tmin,9,2022-01-10,2025-12-31,1374,1.4697962154294033,1.9476500228104923,0.938791848617176,3.7933406113537114,1.35934718128224,1.5866516649179965
all_available,SSH,Tmin,9,2022-01-10,2025-12-31,1363,1.9989728539985325,2.620775957184237,1.5236977256052826,6.868466617754954,1.8268394569923074,2.176911744356414
all_available,SSP,Tmin,9,2022-01-10,2025-12-31,1343,1.4935219657483247,1.988462626946748,0.6784810126582279,3.953983618763962,1.374584464563524,1.616370997766195
all_available,STY,Tmin,9,2022-01-10,2025-12-30,1246,1.345585874799358,1.7766137284983825,0.687158908507223,3.1563563402889243,1.2446278613424906,1.449665815650553
all_available,TKL,Tmin,9,2022-01-10,2025-12-31,1274,2.7433281004709578,3.5305084330615,2.495447409733124,12.464489795918368,2.478150396848597,2.994307609750943
all_available,TU1,Tmin,9,2022-01-10,2025-12-31,1279,1.5962470680218923,2.1091334943409206,0.8910086004691165,4.448444096950743,1.4682477865668122,1.727021732929612
all_available,TW,Tmin,9,2022-01-11,2025-12-31,1057,2.188174077578051,2.741380229540205,1.8313150425733205,7.515165562913908,2.0010020395701025,2.36670372223914
all_available,TWN,Tmin,9,2022-01-10,2025-12-31,1293,2.5631090487238977,3.0841096616785673,2.3929621036349578,9.511732405259087,2.3815561735862367,2.7378840505798014
all_available,TY1,Tmin,9,2022-01-22,2025-12-31,999,1.521921921921922,1.9721382632384903,0.8312312312312313,3.889329329329329,1.3982753360674416,1.645601979463258
all_available,WGL,Tmin,9,2022-01-10,2025-12-31,1384,1.3882947976878612,1.843395491048024,0.8534682080924855,3.3981069364161853,1.2812997258845553,1.494787625294435
all_available,WLP,Tmin,9,2022-01-10,2025-12-31,1294,2.0059505409582687,2.5499355993928563,1.506723338485317,6.502171561051005,1.847673847867004,2.1656353975557088
all_available,WTS,Tmin,9,2022-01-10,2025-12-30,1291,1.5295120061967469,2.011904924506062,0.7573973663826491,4.047761425251743,1.4096144801283912,1.6527598549671922
all_available,YLP,Tmin,9,2022-01-11,2025-12-31,1230,2.0029268292682927,2.5984329236169605,1.5442276422764227,6.751853658536586,1.8363376900164337,2.1748749353578054
strict_common,CCH,Tmin,9,2022-02-06,2025-12-26,24,1.7666666666666666,2.2453655975512468,1.1833333333333333,5.041666666666667,1.2564420289855076,2.419047619047619
strict_common,CWB,Tmin,9,2022-02-06,2025-12-26,24,1.675,2.1260291625469296,1.1749999999999996,4.519999999999999,1.210501253132832,2.245513833992095
strict_common,HKP,Tmin,9,2022-02-06,2025-12-26,24,1.4333333333333336,1.7485708450045712,0.5916666666666669,3.0574999999999997,1.0069642857142862,1.8920076923076925
strict_common,HKS,Tmin,9,2022-02-06,2025-12-26,24,1.8125,2.200852107707376,0.7374999999999997,4.84375,1.2999166666666666,2.3889166666666664
strict_common,HPV,Tmin,9,2022-02-06,2025-12-26,24,1.6624999999999996,2.060845295827257,0.41250000000000026,4.247083333333333,1.1566388888888888,2.242163742690058
strict_common,JKB,Tmin,9,2022-02-06,2025-12-26,24,2.066666666666667,2.572612161468054,1.541666666666667,6.618333333333333,1.4646507352941178,2.76
strict_common,KLT,Tmin,9,2022-02-06,2025-12-26,24,1.6875,2.1135475706341063,1.1041666666666665,4.467083333333332,1.2058602941176473,2.2607873376623373
strict_common,KP,Tmin,9,2022-02-06,2025-12-26,24,1.4625000000000001,1.8460543509514198,0.7958333333333333,3.4079166666666674,1.0099285714285717,1.9818315508021387
strict_common,KSC,Tmin,9,2022-02-06,2025-12-26,24,2.3708333333333336,2.8839353899373914,2.1458333333333335,8.317083333333334,1.7916369047619047,3.1500657894736843
strict_common,KTG,Tmin,9,2022-02-06,2025-12-26,24,1.7583333333333329,2.1395092895334664,1.233333333333333,4.577499999999998,1.3142619047619042,2.300147058823528
strict_common,LFS,Tmin,9,2022-02-06,2025-12-26,24,2.0833333333333335,2.6075211728127283,1.6833333333333333,6.799166666666667,1.5369934640522875,2.810083333333333
strict_common,NGP,Tmin,9,2022-02-06,2025-12-26,24,4.8,5.279362335232038,4.783333333333333,27.87166666666667,3.984839285714286,5.618208041958042
strict_common,PEN,Tmin,9,2022-02-06,2025-12-26,24,1.6083333333333332,2.029778313018444,0.6999999999999998,4.12,1.1066562499999997,2.153846153846154
strict_common,PLC,Tmin,9,2022-02-06,2025-12-26,24,1.7916666666666667,2.2781571499789037,1.375,5.19,1.2908585858585857,2.4222435897435894
strict_common,SEK,Tmin,9,2022-02-06,2025-12-26,24,2.4375000000000004,3.078216474952122,1.8625,9.475416666666668,1.7207754629629635,3.4401249999999997
strict_common,SHA,Tmin,9,2022-02-06,2025-12-26,24,1.8916666666666666,2.4867984772929765,1.2833333333333332,6.184166666666667,1.2736602870813398,2.68
strict_common,SKG,Tmin,9,2022-02-06,2025-12-26,24,1.5875000000000001,2.119650128362383,0.9708333333333335,4.492916666666667,1.0623848684210528,2.2500500000000003
strict_common,SKW,Tmin,9,2022-02-06,2025-12-26,24,1.5041666666666667,1.8813780410468637,0.9208333333333334,3.539583333333334,1.0739073226544622,2.0117966751918157
strict_common,SSH,Tmin,9,2022-02-06,2025-12-26,24,2.191666666666667,2.7437808464477143,1.5583333333333336,7.528333333333335,1.55,3.0143035714285715
strict_common,SSP,Tmin,9,2022-02-06,2025-12-26,24,1.5208333333333333,1.9009865859600383,0.6458333333333331,3.613750000000002,1.03125,2.0560130434782606
strict_common,STY,Tmin,9,2022-02-06,2025-12-26,24,1.375,1.7734147850968198,0.5833333333333335,3.1449999999999996,0.9421052631578947,1.861157407407407
strict_common,TKL,Tmin,9,2022-02-06,2025-12-26,24,3.054166666666667,3.883673089572121,2.695833333333333,15.082916666666664,2.148393970893971,4.288302139037432
strict_common,TU1,Tmin,9,2022-02-06,2025-12-26,24,1.6416666666666668,2.071633815776009,0.8833333333333334,4.291666666666667,1.1134877622377621,2.243445652173912
strict_common,TW,Tmin,9,2022-02-06,2025-12-26,24,2.275,2.918618394606142,1.7666666666666668,8.518333333333333,1.565335365853659,3.155614035087719
strict_common,TWN,Tmin,9,2022-02-06,2025-12-26,24,2.620833333333333,3.220830638204996,2.4708333333333328,10.37375,1.9259027777777773,3.488180952380951
strict_common,TY1,Tmin,9,2022-02-06,2025-12-26,24,1.6125,1.9770558919767545,0.6041666666666664,3.90875,1.15325,2.1315894736842105
strict_common,WGL,Tmin,9,2022-02-06,2025-12-26,24,1.4166666666666667,1.773649721149397,0.5833333333333336,3.1458333333333335,1.0052506265664163,1.9100000000000001
strict_common,WLP,Tmin,9,2022-02-06,2025-12-26,24,2.2,2.7468163389640745,1.4833333333333336,7.545000000000001,1.5423251748251752,3.037540760869565
strict_common,WTS,Tmin,9,2022-02-06,2025-12-26,24,1.5791666666666666,2.0115292689891437,0.7374999999999998,4.04625,1.0642694805194803,2.1611742424242424
strict_common,YLP,Tmin,9,2022-02-06,2025-12-26,24,2.3,2.8801041647829337,1.691666666666667,8.295,1.6296241830065357,3.2059019607843133
lowland_available,CCH,Tmin,9,2022-01-10,2025-12-31,1306,1.780398162327718,2.2887165799768545,1.4647779479326186,5.238223583460949,1.6368757321659777,1.9281644070067203
lowland_available,CWB,Tmin,9,2022-01-10,2025-12-31,1253,1.6216280925778133,2.1576438481036155,1.2415802075019953,4.6554269752593775,1.48692751765175,1.763473484236055
lowland_available,HKP,Tmin,9,2022-01-10,2025-12-31,1277,1.4111981205951447,1.8627389505261764,0.6478465152701645,3.4697963978073614,1.300294520867698,1.5272616505248158
lowland_available,HKS,Tmin,9,2022-01-10,2025-12-31,1329,1.5346124905944318,1.9847139695704963,0.7323551542513167,3.939089541008277,1.422675744986872,1.6448718110720266
lowland_available,HPV,Tmin,9,2022-01-10,2025-12-31,1227,1.384596577017115,1.8241095671920133,0.28891605541972293,3.3273757131214343,1.2790565202847741,1.4945987692677332
lowland_available,JKB,Tmin,9,2022-01-10,2025-12-31,1299,1.8248652809853734,2.306968057132169,1.4613548883756735,5.322101616628175,1.677841515006386,1.9657651858723288
lowland_available,KLT,Tmin,9,2022-01-10,2025-12-31,1293,1.662180974477958,2.203919731064287,1.1455529775715392,4.857262180974478,1.5315613776935353,1.7972103547743736
lowland_available,KP,Tmin,9,2022-01-15,2025-12-31,1244,1.437138263665595,1.9243865686485278,0.7680064308681672,3.703263665594855,1.3193429829960759,1.5571366801437552
lowland_available,KSC,Tmin,9,2022-01-10,2025-12-31,1308,2.154663608562691,2.667617854058283,1.9707186544342505,7.116185015290521,1.9903586607601442,2.3159305451545973
lowland_available,KTG,Tmin,9,2022-01-13,2025-12-31,1248,1.5726762820512823,2.079719301202658,1.0718750000000001,4.325232371794871,1.4471372576367172,1.7063498385424738
lowland_available,LFS,Tmin,9,2022-01-10,2025-12-31,1212,1.980858085808581,2.529182808056321,1.6547854785478546,6.396765676567657,1.817149095611813,2.1461325343599933
lowland_available,PEN,Tmin,9,2022-01-11,2025-12-31,996,1.519979919678715,2.011410721948523,0.7699799196787148,4.045773092369478,1.3788890152894069,1.6637450500114346
lowland_available,PLC,Tmin,9,2022-01-10,2025-12-31,1325,1.7689811320754718,2.312223466382643,1.394943396226415,5.346377358490566,1.626154675787159,1.923656178923427
lowland_available,SEK,Tmin,9,2022-01-10,2025-12-31,1022,2.2887475538160467,2.9191502798184925,1.8691780821917805,8.521438356164383,2.0858314780273073,2.4898628060396115
lowland_available,SHA,Tmin,9,2022-01-10,2025-12-31,1330,1.7706015037593985,2.338158455367389,1.1169172932330826,5.466984962406015,1.619402893762809,1.9262489683050128
lowland_available,SKG,Tmin,9,2022-01-10,2025-12-31,1295,1.4966795366795367,2.005124708472043,0.877992277992278,4.0205250965250965,1.3597240576135559,1.6323654207369884
lowland_available,SKW,Tmin,9,2022-01-10,2025-12-31,1374,1.4697962154294033,1.9476500228104923,0.938791848617176,3.7933406113537114,1.35934718128224,1.5866516649179965
lowland_available,SSH,Tmin,9,2022-01-10,2025-12-31,1363,1.9989728539985325,2.620775957184237,1.5236977256052826,6.868466617754954,1.8268394569923074,2.176911744356414
lowland_available,SSP,Tmin,9,2022-01-10,2025-12-31,1343,1.4935219657483247,1.988462626946748,0.6784810126582279,3.953983618763962,1.374584464563524,1.616370997766195
lowland_available,STY,Tmin,9,2022-01-10,2025-12-30,1246,1.345585874799358,1.7766137284983825,0.687158908507223,3.1563563402889243,1.2446278613424906,1.449665815650553
lowland_available,TKL,Tmin,9,2022-01-10,2025-12-31,1274,2.7433281004709578,3.5305084330615,2.495447409733124,12.464489795918368,2.478150396848597,2.994307609750943
lowland_available,TU1,Tmin,9,2022-01-10,2025-12-31,1279,1.5962470680218923,2.1091334943409206,0.8910086004691165,4.448444096950743,1.4682477865668122,1.727021732929612
lowland_available,TW,Tmin,9,2022-01-11,2025-12-31,1057,2.188174077578051,2.741380229540205,1.8313150425733205,7.515165562913908,2.0010020395701025,2.36670372223914
lowland_available,TWN,Tmin,9,2022-01-10,2025-12-31,1293,2.5631090487238977,3.0841096616785673,2.3929621036349578,9.511732405259087,2.3815561735862367,2.7378840505798014
lowland_available,TY1,Tmin,9,2022-01-22,2025-12-31,999,1.521921921921922,1.9721382632384903,0.8312312312312313,3.889329329329329,1.3982753360674416,1.645601979463258
lowland_available,WGL,Tmin,9,2022-01-10,2025-12-31,1384,1.3882947976878612,1.843395491048024,0.8534682080924855,3.3981069364161853,1.2812997258845553,1.494787625294435
lowland_available,WLP,Tmin,9,2022-01-10,2025-12-31,1294,2.0059505409582687,2.5499355993928563,1.506723338485317,6.502171561051005,1.847673847867004,2.1656353975557088
lowland_available,WTS,Tmin,9,2022-01-10,2025-12-30,1291,1.5295120061967469,2.011904924506062,0.7573973663826491,4.047761425251743,1.4096144801283912,1.6527598549671922
lowland_available,YLP,Tmin,9,2022-01-11,2025-12-31,1230,2.0029268292682927,2.5984329236169605,1.5442276422764227,6.751853658536586,1.8363376900164337,2.1748749353578054
