design,station_code,variable,lead,year,n,mae,rmse,bias,mse
all_available,CCH,Tmax,1,2022,302,1.3821192052980134,1.6759301064943921,0.3655629139072848,2.8087417218543047
all_available,CCH,Tmax,1,2023,308,1.2454545454545454,1.5427038163351594,0.19285714285714298,2.379935064935065
all_available,CCH,Tmax,1,2024,357,1.2946778711484594,1.6089212072007728,-0.21344537815126058,2.5886274509803924
all_available,CCH,Tmax,1,2025,348,1.3704022988505749,1.6564832572679977,-0.10431034482758628,2.7439367816091957
all_available,CWB,Tmax,1,2022,314,1.4321656050955414,1.7325379932599376,1.0818471337579618,3.0016878980891715
all_available,CWB,Tmax,1,2023,288,1.6069444444444447,1.8978423421231692,1.4520833333333334,3.601805555555556
all_available,CWB,Tmax,1,2024,321,1.4327102803738319,1.7225551549028097,1.2588785046728972,2.967196261682243
all_available,CWB,Tmax,1,2025,339,1.5640117994100295,1.8637197556053398,1.4253687315634216,3.4734513274336276
all_available,HKP,Tmax,1,2022,324,1.1867283950617284,1.4821260172010333,0.4182098765432098,2.1966975308641974
all_available,HKP,Tmax,1,2023,351,1.1384615384615386,1.3886598101680874,0.6398860398860398,1.9283760683760685
all_available,HKP,Tmax,1,2024,302,1.1188741721854303,1.3810328220680126,0.5149006622516554,1.907251655629139
all_available,HKP,Tmax,1,2025,309,1.1385113268608416,1.4015940993802292,0.7093851132686084,1.9644660194174757
all_available,HKS,Tmax,1,2022,331,1.1716012084592144,1.4698582869398673,0.04048338368580062,2.160483383685801
all_available,HKS,Tmax,1,2023,311,1.0630225080385853,1.350669715982418,-0.0012861736334404642,1.8243086816720258
all_available,HKS,Tmax,1,2024,347,1.221613832853026,1.532820571658384,-0.480979827089337,2.3495389048991355
all_available,HKS,Tmax,1,2025,349,1.1914040114613182,1.493577463330403,-0.4257879656160458,2.2307736389684814
all_available,HPV,Tmax,1,2022,328,1.4500000000000002,1.832614419280853,-1.1146341463414635,3.3584756097560975
all_available,HPV,Tmax,1,2023,321,1.3934579439252337,1.7433540917141799,-1.0588785046728972,3.039283489096573
all_available,HPV,Tmax,1,2024,285,1.4417543859649122,1.7557224733735033,-1.075438596491228,3.0825614035087723
all_available,HPV,Tmax,1,2025,302,1.342384105960265,1.6448998037079374,-0.9821192052980133,2.705695364238411
all_available,JKB,Tmax,1,2022,335,1.1755223880597017,1.478179598483599,-0.29671641791044784,2.1850149253731344
all_available,JKB,Tmax,1,2023,264,1.2333333333333334,1.516000519708874,-0.21212121212121232,2.298257575757576
all_available,JKB,Tmax,1,2024,358,1.2522346368715085,1.5417015195617454,-0.2902234636871509,2.3768435754189947
all_available,JKB,Tmax,1,2025,351,1.254985754985755,1.5609643450795687,-0.111965811965812,2.4366096866096867
all_available,KLT,Tmax,1,2022,328,1.3048780487804879,1.6372381563131875,-0.49451219512195116,2.680548780487805
all_available,KLT,Tmax,1,2023,259,1.4776061776061777,1.8204013304381548,-0.6382239382239382,3.3138610038610037
all_available,KLT,Tmax,1,2024,361,1.3706371191135733,1.7249192040173393,-0.6509695290858727,2.975346260387812
all_available,KLT,Tmax,1,2025,354,1.4861581920903955,1.8181678864386632,-0.8341807909604521,3.3057344632768357
all_available,KP,Tmax,1,2022,209,1.1617224880382777,1.4101477746716773,0.28038277511961723,1.9885167464114835
all_available,KP,Tmax,1,2023,341,1.0258064516129035,1.2944954519322631,0.23812316715542536,1.675718475073314
all_available,KP,Tmax,1,2024,350,1.0020000000000002,1.2708040199585682,0.024857142857142783,1.6149428571428568
all_available,KP,Tmax,1,2025,346,1.0404624277456647,1.302864784771944,0.16589595375722543,1.6974566473988437
all_available,KSC,Tmax,1,2022,313,1.1431309904153357,1.4374942700260853,0.23706070287539946,2.066389776357828
all_available,KSC,Tmax,1,2023,338,1.183431952662722,1.4799648164696908,0.07751479289940821,2.1902958579881657
all_available,KSC,Tmax,1,2024,333,1.2396396396396396,1.5449617816978214,-0.0036036036036036123,2.3869069069069067
all_available,KSC,Tmax,1,2025,332,1.3680722891566266,1.7248537566784352,0.15421686746987956,2.9751204819277106
all_available,KTG,Tmax,1,2022,197,1.2868020304568528,1.5861552020130618,0.39035532994923855,2.5158883248730968
all_available,KTG,Tmax,1,2023,350,1.1665714285714288,1.4718792652349484,0.28428571428571436,2.1664285714285714
all_available,KTG,Tmax,1,2024,351,1.1188034188034188,1.4112389739499975,0.01851851851851861,1.9915954415954416
all_available,KTG,Tmax,1,2025,353,1.161473087818697,1.4597527828262014,0.00849858356940518,2.1308781869688387
all_available,LFS,Tmax,1,2022,285,1.5571929824561404,2.0004736281296247,-0.5922807017543859,4.001894736842105
all_available,LFS,Tmax,1,2023,271,1.68929889298893,2.1838386596799944,-1.1468634686346861,4.769151291512915
all_available,LFS,Tmax,1,2024,315,1.833650793650794,2.3375064722769237,-1.3504761904761904,5.463936507936508
all_available,LFS,Tmax,1,2025,349,1.8455587392550141,2.301046230213913,-1.2570200573065904,5.2948137535816615
all_available,NGP,Tmax,1,2022,223,4.141255605381166,4.58345141850872,4.043497757847533,21.0080269058296
all_available,NGP,Tmax,1,2023,202,3.74950495049505,4.170048792363594,3.698019801980198,17.389306930693067
all_available,NGP,Tmax,1,2024,121,3.6537190082644626,4.158144452668305,3.5743801652892557,17.290165289256194
all_available,NGP,Tmax,1,2025,210,3.5271428571428576,4.0124033885417045,3.4519047619047623,16.09938095238095
all_available,PEN,Tmax,1,2022,248,0.9552419354838712,1.2263406094240625,0.24233870967741947,1.5039112903225809
all_available,PEN,Tmax,1,2023,253,1.047826086956522,1.3067020914237588,-0.15217391304347827,1.7074703557312254
all_available,PEN,Tmax,1,2024,194,1.17680412371134,1.504512113952868,-0.6097938144329897,2.263556701030928
all_available,PEN,Tmax,1,2025,304,1.205592105263158,1.5209826290575237,-0.42072368421052636,2.3133881578947366
all_available,PLC,Tmax,1,2022,317,1.4589905362776026,1.791312720277968,-0.4526813880126183,3.2088012618296533
all_available,PLC,Tmax,1,2023,340,1.2623529411764707,1.5825147522776748,-0.15882352941176475,2.5043529411764704
all_available,PLC,Tmax,1,2024,346,1.3557803468208094,1.7102124399019485,0.21358381502890156,2.9248265895953756
all_available,PLC,Tmax,1,2025,331,1.347129909365559,1.652947564064519,0.14290030211480362,2.7322356495468276
all_available,SEK,Tmax,1,2022,278,1.5658273381294965,1.9830305272341235,-1.1190647482014389,3.932410071942446
all_available,SEK,Tmax,1,2023,209,1.770334928229665,2.095677940120603,-1.229665071770335,4.391866028708133
all_available,SEK,Tmax,1,2024,256,1.671484375,2.0555089850204986,-1.1417968750000003,4.2251171875
all_available,SEK,Tmax,1,2025,287,1.6759581881533105,2.051208533034375,-1.1449477351916377,4.2074564459930315
all_available,SHA,Tmax,1,2022,321,1.064485981308411,1.348438580121976,-0.30809968847352015,1.818286604361371
all_available,SHA,Tmax,1,2023,341,0.9859237536656891,1.284420519293129,-0.33665689149560113,1.6497360703812316
all_available,SHA,Tmax,1,2024,342,1.039766081871345,1.3010791742026537,-0.30233918128654974,1.6928070175438594
all_available,SHA,Tmax,1,2025,335,1.1325373134328358,1.421435053718705,-0.31462686567164183,2.020477611940298
all_available,SKG,Tmax,1,2022,351,1.1501424501424502,1.4440466250335047,0.5968660968660968,2.0852706552706555
all_available,SKG,Tmax,1,2023,333,1.2507507507507507,1.519572011817505,0.6447447447447447,2.3090990990990994
all_available,SKG,Tmax,1,2024,289,1.1252595155709342,1.4153630612516739,0.5439446366782007,2.0032525951557094
all_available,SKG,Tmax,1,2025,331,1.1722054380664653,1.4310961720920208,0.5111782477341389,2.0480362537764347
all_available,SKW,Tmax,1,2022,339,1.4268436578171093,1.7572689322624995,0.9707964601769912,3.087994100294985
all_available,SKW,Tmax,1,2023,350,1.424857142857143,1.7156506470890696,1.046,2.943457142857143
all_available,SKW,Tmax,1,2024,345,1.2466666666666666,1.5151696705104623,0.7428985507246378,2.2957391304347827
all_available,SKW,Tmax,1,2025,349,1.3289398280802291,1.622849028246736,0.8991404011461318,2.6336389684813755
all_available,SSH,Tmax,1,2022,334,2.312874251497006,2.7563590060186067,-1.7925149700598804,7.597514970059881
all_available,SSH,Tmax,1,2023,351,2.174074074074074,2.5807914155321288,-1.6544159544159545,6.66048433048433
all_available,SSH,Tmax,1,2024,346,2.1725433526011564,2.585838489473312,-1.6615606936416185,6.686560693641619
all_available,SSH,Tmax,1,2025,341,2.3888563049853375,2.773597767301535,-1.9372434017595308,7.692844574780058
all_available,SSP,Tmax,1,2022,340,1.2894117647058827,1.6781292104777938,-0.7388235294117648,2.816117647058824
all_available,SSP,Tmax,1,2023,350,1.2185714285714286,1.5738306316573134,-0.7111428571428571,2.476942857142858
all_available,SSP,Tmax,1,2024,353,1.379886685552408,1.742755136966205,-0.8932011331444758,3.0371954674220967
all_available,SSP,Tmax,1,2025,309,1.4074433656957928,1.7355319638113853,-0.8715210355987058,3.0120711974110033
all_available,STY,Tmax,1,2022,289,1.1003460207612457,1.361812348296313,0.4844290657439446,1.8545328719723184
all_available,STY,Tmax,1,2023,341,1.0826979472140763,1.3326048840995968,0.5137829912023459,1.7758357771261
all_available,STY,Tmax,1,2024,335,1.0686567164179104,1.3287183814915156,0.12358208955223873,1.7654925373134327
all_available,STY,Tmax,1,2025,290,1.0658620689655174,1.361502719487704,0.3168965517241378,1.8536896551724136
all_available,TKL,Tmax,1,2022,319,1.6673981191222569,2.008609993648113,-0.9877742946708463,4.034514106583072
all_available,TKL,Tmax,1,2023,338,1.511242603550296,1.8567325120495348,-0.806508875739645,3.447455621301776
all_available,TKL,Tmax,1,2024,354,1.5596045197740114,1.8738536985623555,-0.8709039548022601,3.511327683615819
all_available,TKL,Tmax,1,2025,271,1.7782287822878229,2.113224918742814,-1.1664206642066421,4.465719557195572
all_available,TU1,Tmax,1,2022,336,1.1154761904761903,1.3726711880403806,-0.15416666666666656,1.88422619047619
all_available,TU1,Tmax,1,2023,350,1.0928571428571427,1.41088624630053,-0.10485714285714288,1.9906000000000001
all_available,TU1,Tmax,1,2024,332,1.1716867469879517,1.4852081919697238,-0.38975903614457824,2.2058433734939755
all_available,TU1,Tmax,1,2025,269,1.1520446096654275,1.4515598583264944,-0.4888475836431226,2.1070260223048325
all_available,TW,Tmax,1,2022,321,1.383177570093458,1.7723209346298154,-0.41869158878504664,3.1411214953271025
all_available,TW,Tmax,1,2023,126,1.738888888888889,2.1189058272518637,-1.1103174603174604,4.489761904761905
all_available,TW,Tmax,1,2024,290,1.293103448275862,1.6289831818949365,-0.4172413793103447,2.6535862068965517
all_available,TW,Tmax,1,2025,328,1.453048780487805,1.821065756035426,-0.7359756097560974,3.3162804878048773
all_available,TWN,Tmax,1,2022,293,1.7453924914675767,2.0493568457515323,1.0982935153583617,4.199863481228669
all_available,TWN,Tmax,1,2023,320,1.67,2.0032161640721653,1.026875,4.012875
all_available,TWN,Tmax,1,2024,347,1.6570605187319885,1.9976643422275657,0.8922190201729108,3.990662824207493
all_available,TWN,Tmax,1,2025,342,1.6652046783625731,1.9656033402566424,0.7581871345029239,3.86359649122807
all_available,TY1,Tmax,1,2022,69,1.3695652173913044,1.7121475623795748,-0.42463768115942024,2.93144927536232
all_available,TY1,Tmax,1,2023,299,1.114046822742475,1.3860629742410238,-0.029096989966555218,1.9211705685618732
all_available,TY1,Tmax,1,2024,323,1.2897832817337462,1.6205720810778645,-0.5238390092879255,2.6262538699690405
all_available,TY1,Tmax,1,2025,309,1.1718446601941748,1.455944182578155,-0.35825242718446604,2.1197734627831717
all_available,WGL,Tmax,1,2022,356,1.4157303370786516,1.7580792634660172,0.7612359550561798,3.0908426966292133
all_available,WGL,Tmax,1,2023,347,1.444092219020173,1.766017679357722,0.8394812680115274,3.118818443804034
all_available,WGL,Tmax,1,2024,344,1.168313953488372,1.4627447121843429,0.4892441860465115,2.139622093023256
all_available,WGL,Tmax,1,2025,346,1.3234104046242774,1.6103081958274734,0.4985549132947977,2.5930924855491324
all_available,WLP,Tmax,1,2022,316,1.9734177215189874,2.444394258530984,-1.7031645569620255,5.97506329113924
all_available,WLP,Tmax,1,2023,303,2.1554455445544556,2.6301062233063113,-1.7910891089108913,6.917458745874589
all_available,WLP,Tmax,1,2024,342,2.1444444444444444,2.7067816067549053,-1.7046783625730995,7.326666666666667
all_available,WLP,Tmax,1,2025,342,1.8821637426900584,2.3554528003627757,-1.3347953216374269,5.548157894736842
all_available,WTS,Tmax,1,2022,300,1.4096666666666666,1.7288628247107019,-0.7556666666666667,2.988966666666667
all_available,WTS,Tmax,1,2023,342,1.218421052631579,1.5623400502926814,-0.7073099415204679,2.4409064327485384
all_available,WTS,Tmax,1,2024,323,1.3393188854489164,1.6454082839990296,-0.8575851393188852,2.707368421052631
all_available,WTS,Tmax,1,2025,335,1.3265671641791041,1.6671720626759448,-0.7719402985074627,2.7794626865671646
all_available,YLP,Tmax,1,2022,278,1.8532374100719426,2.264092557276241,-1.4215827338129496,5.126115107913669
all_available,YLP,Tmax,1,2023,299,2.039799331103679,2.4212755421133134,-1.5193979933110366,5.8625752508361195
all_available,YLP,Tmax,1,2024,321,2.1800623052959507,2.557293643447346,-1.8267912772585673,6.5397507788162015
all_available,YLP,Tmax,1,2025,339,2.2412979351032445,2.6336824383058612,-1.8613569321533923,6.936283185840707
strict_common,CCH,Tmax,1,2022,4,1.2999999999999998,1.6416455159382002,-0.39999999999999947,2.6949999999999994
strict_common,CCH,Tmax,1,2023,3,1.0,1.4628738838327793,-0.9333333333333323,2.1399999999999997
strict_common,CCH,Tmax,1,2024,4,1.9000000000000004,2.0820662813657016,-0.5999999999999996,4.335000000000002
strict_common,CCH,Tmax,1,2025,13,1.3076923076923082,1.508437806269989,-0.6923076923076928,2.275384615384617
strict_common,CWB,Tmax,1,2022,4,1.5499999999999998,1.7790446874657189,0.7499999999999991,3.1649999999999974
strict_common,CWB,Tmax,1,2023,3,1.0,1.3190905958272925,1.0,1.7400000000000013
strict_common,CWB,Tmax,1,2024,4,0.9749999999999996,1.1191514642799691,0.875,1.252499999999999
strict_common,CWB,Tmax,1,2025,13,1.1692307692307695,1.3700084222088116,1.153846153846154,1.8769230769230776
strict_common,HKP,Tmax,1,2022,4,1.7999999999999998,2.0712315177207983,-0.20000000000000018,4.290000000000001
strict_common,HKP,Tmax,1,2023,3,1.3999999999999997,1.7146428199482242,-0.39999999999999974,2.939999999999998
strict_common,HKP,Tmax,1,2024,4,1.1749999999999998,1.3937359864766354,-0.5750000000000002,1.9425000000000003
strict_common,HKP,Tmax,1,2025,13,0.730769230769231,0.926947015330849,0.36153846153846136,0.8592307692307691
strict_common,HKS,Tmax,1,2022,4,1.5250000000000004,2.1639085008382404,-1.325000000000001,4.682500000000001
strict_common,HKS,Tmax,1,2023,3,1.1000000000000003,1.2124355652982144,-0.6999999999999993,1.4700000000000006
strict_common,HKS,Tmax,1,2024,4,1.8999999999999995,2.166794868002045,-1.7999999999999998,4.6949999999999985
strict_common,HKS,Tmax,1,2025,13,1.2999999999999998,1.5509302419466247,-0.9461538461538459,2.4053846153846155
strict_common,HPV,Tmax,1,2022,4,1.825000000000001,2.1523243250030895,-1.2750000000000004,4.632500000000004
strict_common,HPV,Tmax,1,2023,3,2.1666666666666665,2.2338307903688674,-2.1666666666666665,4.989999999999998
strict_common,HPV,Tmax,1,2024,4,1.8000000000000007,2.0087309426600672,-1.8000000000000007,4.035000000000003
strict_common,HPV,Tmax,1,2025,13,1.4846153846153847,1.6050401384868374,-1.1615384615384614,2.576153846153846
strict_common,JKB,Tmax,1,2022,4,1.9500000000000002,2.215851980616034,-0.7000000000000002,4.910000000000001
strict_common,JKB,Tmax,1,2023,3,1.6666666666666667,1.947648154398872,-0.3333333333333333,3.7933333333333326
strict_common,JKB,Tmax,1,2024,4,1.5999999999999996,1.7102631376487065,-1.25,2.9249999999999985
strict_common,JKB,Tmax,1,2025,13,1.3307692307692305,1.5,-0.4384615384615383,2.25
strict_common,KLT,Tmax,1,2022,4,1.6999999999999993,1.727715254317099,-1.0,2.9849999999999985
strict_common,KLT,Tmax,1,2023,3,1.3999999999999997,1.9078784028338909,-1.3999999999999997,3.639999999999999
strict_common,KLT,Tmax,1,2024,4,0.9749999999999996,1.4958275301651582,-0.625,2.2374999999999976
strict_common,KLT,Tmax,1,2025,13,1.7538461538461536,2.046761043510153,-1.3230769230769233,4.189230769230769
strict_common,KP,Tmax,1,2022,4,1.5,1.7102631376487074,-0.34999999999999964,2.9250000000000016
strict_common,KP,Tmax,1,2023,3,0.8333333333333334,1.037625494418225,-0.29999999999999954,1.076666666666666
strict_common,KP,Tmax,1,2024,4,0.6749999999999998,0.9886859966642587,-0.4249999999999998,0.9774999999999986
strict_common,KP,Tmax,1,2025,13,1.0846153846153848,1.3674794331177345,-0.33076923076923054,1.87
strict_common,KSC,Tmax,1,2022,4,1.8749999999999991,2.0081085628023194,-0.7749999999999995,4.032499999999996
strict_common,KSC,Tmax,1,2023,3,1.400000000000001,1.716585758611165,-0.8666666666666671,2.946666666666669
strict_common,KSC,Tmax,1,2024,4,1.3000000000000007,1.6837458240482734,-1.25,2.8349999999999995
strict_common,KSC,Tmax,1,2025,13,1.4076923076923076,1.7175564037317668,-0.4384615384615381,2.95
strict_common,KTG,Tmax,1,2022,4,1.3499999999999996,1.5763882770434445,0.3000000000000007,2.4849999999999994
strict_common,KTG,Tmax,1,2023,3,1.0,1.2274635093014648,0.06666666666666761,1.5066666666666668
strict_common,KTG,Tmax,1,2024,4,1.4749999999999996,1.5024979201316715,-0.7750000000000004,2.2574999999999985
strict_common,KTG,Tmax,1,2025,13,0.9461538461538463,1.1900226242193241,-0.09999999999999992,1.4161538461538465
strict_common,LFS,Tmax,1,2022,4,2.8,3.0372685096974883,-2.8,9.225000000000001
strict_common,LFS,Tmax,1,2023,3,1.8666666666666671,1.9390719429665324,-1.8666666666666671,3.760000000000003
strict_common,LFS,Tmax,1,2024,4,1.0749999999999993,1.5124483462254166,-0.7249999999999996,2.2874999999999974
strict_common,LFS,Tmax,1,2025,13,2.053846153846154,2.2279690648315014,-1.5153846153846156,4.963846153846154
strict_common,NGP,Tmax,1,2022,4,3.0499999999999994,3.1264996401726957,3.0499999999999994,9.774999999999997
strict_common,NGP,Tmax,1,2023,3,1.5333333333333339,1.8743887892679398,1.5333333333333339,3.513333333333333
strict_common,NGP,Tmax,1,2024,4,5.1000000000000005,5.319304465811297,5.1000000000000005,28.295000000000005
strict_common,NGP,Tmax,1,2025,13,2.853846153846154,3.3320125588460336,2.730769230769231,11.102307692307694
strict_common,PEN,Tmax,1,2022,4,0.9749999999999996,1.054751155486449,-0.07500000000000107,1.1124999999999996
strict_common,PEN,Tmax,1,2023,3,1.5666666666666664,1.8448125469362275,-1.5666666666666664,3.4033333333333307
strict_common,PEN,Tmax,1,2024,4,1.0999999999999996,1.40534693225552,-0.40000000000000036,1.9750000000000012
strict_common,PEN,Tmax,1,2025,13,1.5153846153846156,1.727381299495324,-1.1153846153846159,2.983846153846154
strict_common,PLC,Tmax,1,2022,4,1.8499999999999996,1.86815416922694,-0.8499999999999996,3.489999999999999
strict_common,PLC,Tmax,1,2023,3,1.6000000000000003,1.643167672515499,-0.6000000000000002,2.7000000000000015
strict_common,PLC,Tmax,1,2024,4,0.9250000000000007,1.1821590417536894,0.025000000000000355,1.3975000000000009
strict_common,PLC,Tmax,1,2025,13,1.1615384615384619,1.5102215833344559,-0.16153846153846205,2.2807692307692307
strict_common,SEK,Tmax,1,2022,4,1.825000000000001,2.0217566619155742,-1.825000000000001,4.087500000000005
strict_common,SEK,Tmax,1,2023,3,2.2999999999999994,2.5683976846794314,-2.2999999999999994,6.596666666666663
strict_common,SEK,Tmax,1,2024,4,1.0,1.4195069566578387,-0.5999999999999996,2.0149999999999992
strict_common,SEK,Tmax,1,2025,13,2.0000000000000004,2.181037156245414,-1.5538461538461545,4.756923076923081
strict_common,SHA,Tmax,1,2022,4,1.1000000000000005,1.250999600319681,-0.6000000000000005,1.5650000000000017
strict_common,SHA,Tmax,1,2023,3,1.366666666666666,1.6683325008322925,-1.0333333333333325,2.7833333333333314
strict_common,SHA,Tmax,1,2024,4,0.9499999999999993,1.1202678251204032,-0.25,1.2549999999999983
strict_common,SHA,Tmax,1,2025,13,1.2461538461538457,1.4185583147363705,-0.5384615384615383,2.012307692307692
strict_common,SKG,Tmax,1,2022,4,1.1749999999999998,1.2757350822173072,0.3750000000000009,1.6275
strict_common,SKG,Tmax,1,2023,3,0.8666666666666671,0.9201449161228179,0.40000000000000097,0.8466666666666676
strict_common,SKG,Tmax,1,2024,4,0.8999999999999995,0.9354143466934848,0.6499999999999995,0.8749999999999989
strict_common,SKG,Tmax,1,2025,13,0.8538461538461534,1.178982612255159,0.6384615384615382,1.3899999999999986
strict_common,SKW,Tmax,1,2022,4,1.549999999999999,1.85741756210067,0.75,3.4499999999999966
strict_common,SKW,Tmax,1,2023,3,1.1000000000000003,1.3178264933847206,0.8333333333333345,1.736666666666669
strict_common,SKW,Tmax,1,2024,4,1.0499999999999998,1.0908712114635715,-0.4999999999999991,1.19
strict_common,SKW,Tmax,1,2025,13,0.776923076923077,0.981756667329616,0.66923076923077,0.9638461538461544
strict_common,SSH,Tmax,1,2022,4,1.8000000000000007,2.1874642854227364,-1.8000000000000007,4.785000000000004
strict_common,SSH,Tmax,1,2023,3,2.5666666666666664,3.3491292400662394,-2.5666666666666664,11.216666666666667
strict_common,SSH,Tmax,1,2024,4,0.875,1.078192932642391,-0.5749999999999993,1.1624999999999994
strict_common,SSH,Tmax,1,2025,13,2.6769230769230767,3.0069151071386204,-2.230769230769231,9.04153846153846
strict_common,SSP,Tmax,1,2022,4,1.9250000000000007,2.2798026230356,-1.9250000000000007,5.197500000000003
strict_common,SSP,Tmax,1,2023,3,1.9666666666666675,2.324507116214819,-1.9666666666666675,5.403333333333336
strict_common,SSP,Tmax,1,2024,4,1.8499999999999996,2.2011360703055134,-1.8499999999999996,4.844999999999998
strict_common,SSP,Tmax,1,2025,13,1.7692307692307698,2.039607805437114,-1.4615384615384621,4.160000000000001
strict_common,STY,Tmax,1,2022,4,1.0999999999999996,1.4089002803605368,0.3000000000000007,1.9849999999999994
strict_common,STY,Tmax,1,2023,3,1.0,1.1518101695447327,0.7999999999999995,1.326666666666666
strict_common,STY,Tmax,1,2024,4,1.1499999999999995,1.2767145334803705,-0.7999999999999998,1.63
strict_common,STY,Tmax,1,2025,13,0.9692307692307688,1.103142364757639,-0.03076923076923066,1.2169230769230759
strict_common,TKL,Tmax,1,2022,4,1.3499999999999996,1.6867127793432992,-1.299999999999999,2.844999999999997
strict_common,TKL,Tmax,1,2023,3,2.266666666666667,3.103761159195942,-2.266666666666667,9.633333333333338
strict_common,TKL,Tmax,1,2024,4,0.8000000000000007,1.1510864433221337,-0.34999999999999964,1.325
strict_common,TKL,Tmax,1,2025,13,2.076923076923077,2.306512518934159,-1.5692307692307692,5.319999999999999
strict_common,TU1,Tmax,1,2022,4,1.1999999999999993,1.576388277043444,-1.1999999999999993,2.484999999999998
strict_common,TU1,Tmax,1,2023,3,1.3999999999999997,1.5297058540778352,-0.9333333333333336,2.3399999999999994
strict_common,TU1,Tmax,1,2024,4,1.200000000000001,1.2629330940315098,-0.15000000000000036,1.5950000000000024
strict_common,TU1,Tmax,1,2025,13,1.2615384615384615,1.4925455797704497,-0.7846153846153843,2.2276923076923074
strict_common,TW,Tmax,1,2022,4,1.7000000000000002,1.8920887928424501,-1.2999999999999998,3.5800000000000005
strict_common,TW,Tmax,1,2023,3,1.2666666666666668,1.6852299546352723,-1.133333333333334,2.8400000000000016
strict_common,TW,Tmax,1,2024,4,1.5750000000000002,1.8445866745696715,-1.2749999999999995,3.402499999999999
strict_common,TW,Tmax,1,2025,13,1.6307692307692307,1.9022254173629207,-1.2153846153846155,3.618461538461538
strict_common,TWN,Tmax,1,2022,4,1.2000000000000002,1.2942179105544787,-0.7000000000000002,1.6750000000000003
strict_common,TWN,Tmax,1,2023,3,1.4333333333333325,1.7860571099491742,-0.5,3.1899999999999964
strict_common,TWN,Tmax,1,2024,4,1.2249999999999996,1.283549765299343,0.7750000000000004,1.6474999999999989
strict_common,TWN,Tmax,1,2025,13,1.3461538461538456,1.6564559015700215,0.023076923076923404,2.7438461538461527
strict_common,TY1,Tmax,1,2022,4,1.5750000000000002,1.9384271974980132,-1.5750000000000002,3.757500000000001
strict_common,TY1,Tmax,1,2023,3,1.2999999999999996,1.7710637105046974,-1.2999999999999996,3.1366666666666663
strict_common,TY1,Tmax,1,2024,4,1.0,1.1768602295939818,-1.0,1.3849999999999998
strict_common,TY1,Tmax,1,2025,13,1.2692307692307692,1.583326585680629,-0.8692307692307696,2.5069230769230777
strict_common,WGL,Tmax,1,2022,4,1.5499999999999998,1.801388353465182,0.4500000000000002,3.244999999999999
strict_common,WGL,Tmax,1,2023,3,0.9333333333333336,1.1401754250991376,0.9333333333333336,1.2999999999999992
strict_common,WGL,Tmax,1,2024,4,1.25,1.3527749258468682,0.75,1.8299999999999996
strict_common,WGL,Tmax,1,2025,13,1.0769230769230769,1.3598642466183049,0.4923076923076927,1.8492307692307697
strict_common,WLP,Tmax,1,2022,4,2.5,2.724885318687743,-2.5,7.4250000000000025
strict_common,WLP,Tmax,1,2023,3,3.8000000000000007,4.7714428286071575,-3.8000000000000007,22.76666666666667
strict_common,WLP,Tmax,1,2024,4,1.4249999999999998,1.862122444953607,-1.4249999999999998,3.4674999999999985
strict_common,WLP,Tmax,1,2025,13,2.630769230769231,2.98070719538424,-2.2615384615384615,8.884615384615383
strict_common,WTS,Tmax,1,2022,4,1.6749999999999998,2.191460700081113,-1.5750000000000002,4.802500000000002
strict_common,WTS,Tmax,1,2023,3,1.3999999999999997,1.9078784028338909,-1.2666666666666668,3.639999999999999
strict_common,WTS,Tmax,1,2024,4,1.5250000000000012,1.7937391114652108,-1.4750000000000005,3.217500000000004
strict_common,WTS,Tmax,1,2025,13,1.6846153846153848,1.8353369005339426,-1.2846153846153845,3.368461538461539
strict_common,YLP,Tmax,1,2022,4,2.2250000000000005,2.4703238654071256,-2.2250000000000005,6.102500000000003
strict_common,YLP,Tmax,1,2023,3,3.0,3.2680269276736387,-3.0,10.680000000000001
strict_common,YLP,Tmax,1,2024,4,1.3500000000000005,1.824828759089466,-1.2000000000000002,3.330000000000001
strict_common,YLP,Tmax,1,2025,13,2.707692307692308,2.8974790103440986,-2.292307692307692,8.395384615384616
lowland_available,CCH,Tmax,1,2022,302,1.3821192052980134,1.6759301064943921,0.3655629139072848,2.8087417218543047
lowland_available,CCH,Tmax,1,2023,308,1.2454545454545454,1.5427038163351594,0.19285714285714298,2.379935064935065
lowland_available,CCH,Tmax,1,2024,357,1.2946778711484594,1.6089212072007728,-0.21344537815126058,2.5886274509803924
lowland_available,CCH,Tmax,1,2025,348,1.3704022988505749,1.6564832572679977,-0.10431034482758628,2.7439367816091957
lowland_available,CWB,Tmax,1,2022,314,1.4321656050955414,1.7325379932599376,1.0818471337579618,3.0016878980891715
lowland_available,CWB,Tmax,1,2023,288,1.6069444444444447,1.8978423421231692,1.4520833333333334,3.601805555555556
lowland_available,CWB,Tmax,1,2024,321,1.4327102803738319,1.7225551549028097,1.2588785046728972,2.967196261682243
lowland_available,CWB,Tmax,1,2025,339,1.5640117994100295,1.8637197556053398,1.4253687315634216,3.4734513274336276
lowland_available,HKP,Tmax,1,2022,324,1.1867283950617284,1.4821260172010333,0.4182098765432098,2.1966975308641974
lowland_available,HKP,Tmax,1,2023,351,1.1384615384615386,1.3886598101680874,0.6398860398860398,1.9283760683760685
lowland_available,HKP,Tmax,1,2024,302,1.1188741721854303,1.3810328220680126,0.5149006622516554,1.907251655629139
lowland_available,HKP,Tmax,1,2025,309,1.1385113268608416,1.4015940993802292,0.7093851132686084,1.9644660194174757
lowland_available,HKS,Tmax,1,2022,331,1.1716012084592144,1.4698582869398673,0.04048338368580062,2.160483383685801
lowland_available,HKS,Tmax,1,2023,311,1.0630225080385853,1.350669715982418,-0.0012861736334404642,1.8243086816720258
lowland_available,HKS,Tmax,1,2024,347,1.221613832853026,1.532820571658384,-0.480979827089337,2.3495389048991355
lowland_available,HKS,Tmax,1,2025,349,1.1914040114613182,1.493577463330403,-0.4257879656160458,2.2307736389684814
lowland_available,HPV,Tmax,1,2022,328,1.4500000000000002,1.832614419280853,-1.1146341463414635,3.3584756097560975
lowland_available,HPV,Tmax,1,2023,321,1.3934579439252337,1.7433540917141799,-1.0588785046728972,3.039283489096573
lowland_available,HPV,Tmax,1,2024,285,1.4417543859649122,1.7557224733735033,-1.075438596491228,3.0825614035087723
lowland_available,HPV,Tmax,1,2025,302,1.342384105960265,1.6448998037079374,-0.9821192052980133,2.705695364238411
lowland_available,JKB,Tmax,1,2022,335,1.1755223880597017,1.478179598483599,-0.29671641791044784,2.1850149253731344
lowland_available,JKB,Tmax,1,2023,264,1.2333333333333334,1.516000519708874,-0.21212121212121232,2.298257575757576
lowland_available,JKB,Tmax,1,2024,358,1.2522346368715085,1.5417015195617454,-0.2902234636871509,2.3768435754189947
lowland_available,JKB,Tmax,1,2025,351,1.254985754985755,1.5609643450795687,-0.111965811965812,2.4366096866096867
lowland_available,KLT,Tmax,1,2022,328,1.3048780487804879,1.6372381563131875,-0.49451219512195116,2.680548780487805
lowland_available,KLT,Tmax,1,2023,259,1.4776061776061777,1.8204013304381548,-0.6382239382239382,3.3138610038610037
lowland_available,KLT,Tmax,1,2024,361,1.3706371191135733,1.7249192040173393,-0.6509695290858727,2.975346260387812
lowland_available,KLT,Tmax,1,2025,354,1.4861581920903955,1.8181678864386632,-0.8341807909604521,3.3057344632768357
lowland_available,KP,Tmax,1,2022,209,1.1617224880382777,1.4101477746716773,0.28038277511961723,1.9885167464114835
lowland_available,KP,Tmax,1,2023,341,1.0258064516129035,1.2944954519322631,0.23812316715542536,1.675718475073314
lowland_available,KP,Tmax,1,2024,350,1.0020000000000002,1.2708040199585682,0.024857142857142783,1.6149428571428568
lowland_available,KP,Tmax,1,2025,346,1.0404624277456647,1.302864784771944,0.16589595375722543,1.6974566473988437
lowland_available,KSC,Tmax,1,2022,313,1.1431309904153357,1.4374942700260853,0.23706070287539946,2.066389776357828
lowland_available,KSC,Tmax,1,2023,338,1.183431952662722,1.4799648164696908,0.07751479289940821,2.1902958579881657
lowland_available,KSC,Tmax,1,2024,333,1.2396396396396396,1.5449617816978214,-0.0036036036036036123,2.3869069069069067
lowland_available,KSC,Tmax,1,2025,332,1.3680722891566266,1.7248537566784352,0.15421686746987956,2.9751204819277106
lowland_available,KTG,Tmax,1,2022,197,1.2868020304568528,1.5861552020130618,0.39035532994923855,2.5158883248730968
lowland_available,KTG,Tmax,1,2023,350,1.1665714285714288,1.4718792652349484,0.28428571428571436,2.1664285714285714
lowland_available,KTG,Tmax,1,2024,351,1.1188034188034188,1.4112389739499975,0.01851851851851861,1.9915954415954416
lowland_available,KTG,Tmax,1,2025,353,1.161473087818697,1.4597527828262014,0.00849858356940518,2.1308781869688387
lowland_available,LFS,Tmax,1,2022,285,1.5571929824561404,2.0004736281296247,-0.5922807017543859,4.001894736842105
lowland_available,LFS,Tmax,1,2023,271,1.68929889298893,2.1838386596799944,-1.1468634686346861,4.769151291512915
lowland_available,LFS,Tmax,1,2024,315,1.833650793650794,2.3375064722769237,-1.3504761904761904,5.463936507936508
lowland_available,LFS,Tmax,1,2025,349,1.8455587392550141,2.301046230213913,-1.2570200573065904,5.2948137535816615
lowland_available,PEN,Tmax,1,2022,248,0.9552419354838712,1.2263406094240625,0.24233870967741947,1.5039112903225809
lowland_available,PEN,Tmax,1,2023,253,1.047826086956522,1.3067020914237588,-0.15217391304347827,1.7074703557312254
lowland_available,PEN,Tmax,1,2024,194,1.17680412371134,1.504512113952868,-0.6097938144329897,2.263556701030928
lowland_available,PEN,Tmax,1,2025,304,1.205592105263158,1.5209826290575237,-0.42072368421052636,2.3133881578947366
lowland_available,PLC,Tmax,1,2022,317,1.4589905362776026,1.791312720277968,-0.4526813880126183,3.2088012618296533
lowland_available,PLC,Tmax,1,2023,340,1.2623529411764707,1.5825147522776748,-0.15882352941176475,2.5043529411764704
lowland_available,PLC,Tmax,1,2024,346,1.3557803468208094,1.7102124399019485,0.21358381502890156,2.9248265895953756
lowland_available,PLC,Tmax,1,2025,331,1.347129909365559,1.652947564064519,0.14290030211480362,2.7322356495468276
lowland_available,SEK,Tmax,1,2022,278,1.5658273381294965,1.9830305272341235,-1.1190647482014389,3.932410071942446
lowland_available,SEK,Tmax,1,2023,209,1.770334928229665,2.095677940120603,-1.229665071770335,4.391866028708133
lowland_available,SEK,Tmax,1,2024,256,1.671484375,2.0555089850204986,-1.1417968750000003,4.2251171875
lowland_available,SEK,Tmax,1,2025,287,1.6759581881533105,2.051208533034375,-1.1449477351916377,4.2074564459930315
lowland_available,SHA,Tmax,1,2022,321,1.064485981308411,1.348438580121976,-0.30809968847352015,1.818286604361371
lowland_available,SHA,Tmax,1,2023,341,0.9859237536656891,1.284420519293129,-0.33665689149560113,1.6497360703812316
lowland_available,SHA,Tmax,1,2024,342,1.039766081871345,1.3010791742026537,-0.30233918128654974,1.6928070175438594
lowland_available,SHA,Tmax,1,2025,335,1.1325373134328358,1.421435053718705,-0.31462686567164183,2.020477611940298
lowland_available,SKG,Tmax,1,2022,351,1.1501424501424502,1.4440466250335047,0.5968660968660968,2.0852706552706555
lowland_available,SKG,Tmax,1,2023,333,1.2507507507507507,1.519572011817505,0.6447447447447447,2.3090990990990994
lowland_available,SKG,Tmax,1,2024,289,1.1252595155709342,1.4153630612516739,0.5439446366782007,2.0032525951557094
lowland_available,SKG,Tmax,1,2025,331,1.1722054380664653,1.4310961720920208,0.5111782477341389,2.0480362537764347
lowland_available,SKW,Tmax,1,2022,339,1.4268436578171093,1.7572689322624995,0.9707964601769912,3.087994100294985
lowland_available,SKW,Tmax,1,2023,350,1.424857142857143,1.7156506470890696,1.046,2.943457142857143
lowland_available,SKW,Tmax,1,2024,345,1.2466666666666666,1.5151696705104623,0.7428985507246378,2.2957391304347827
lowland_available,SKW,Tmax,1,2025,349,1.3289398280802291,1.622849028246736,0.8991404011461318,2.6336389684813755
lowland_available,SSH,Tmax,1,2022,334,2.312874251497006,2.7563590060186067,-1.7925149700598804,7.597514970059881
lowland_available,SSH,Tmax,1,2023,351,2.174074074074074,2.5807914155321288,-1.6544159544159545,6.66048433048433
lowland_available,SSH,Tmax,1,2024,346,2.1725433526011564,2.585838489473312,-1.6615606936416185,6.686560693641619
lowland_available,SSH,Tmax,1,2025,341,2.3888563049853375,2.773597767301535,-1.9372434017595308,7.692844574780058
lowland_available,SSP,Tmax,1,2022,340,1.2894117647058827,1.6781292104777938,-0.7388235294117648,2.816117647058824
lowland_available,SSP,Tmax,1,2023,350,1.2185714285714286,1.5738306316573134,-0.7111428571428571,2.476942857142858
lowland_available,SSP,Tmax,1,2024,353,1.379886685552408,1.742755136966205,-0.8932011331444758,3.0371954674220967
lowland_available,SSP,Tmax,1,2025,309,1.4074433656957928,1.7355319638113853,-0.8715210355987058,3.0120711974110033
lowland_available,STY,Tmax,1,2022,289,1.1003460207612457,1.361812348296313,0.4844290657439446,1.8545328719723184
lowland_available,STY,Tmax,1,2023,341,1.0826979472140763,1.3326048840995968,0.5137829912023459,1.7758357771261
lowland_available,STY,Tmax,1,2024,335,1.0686567164179104,1.3287183814915156,0.12358208955223873,1.7654925373134327
lowland_available,STY,Tmax,1,2025,290,1.0658620689655174,1.361502719487704,0.3168965517241378,1.8536896551724136
lowland_available,TKL,Tmax,1,2022,319,1.6673981191222569,2.008609993648113,-0.9877742946708463,4.034514106583072
lowland_available,TKL,Tmax,1,2023,338,1.511242603550296,1.8567325120495348,-0.806508875739645,3.447455621301776
lowland_available,TKL,Tmax,1,2024,354,1.5596045197740114,1.8738536985623555,-0.8709039548022601,3.511327683615819
lowland_available,TKL,Tmax,1,2025,271,1.7782287822878229,2.113224918742814,-1.1664206642066421,4.465719557195572
lowland_available,TU1,Tmax,1,2022,336,1.1154761904761903,1.3726711880403806,-0.15416666666666656,1.88422619047619
lowland_available,TU1,Tmax,1,2023,350,1.0928571428571427,1.41088624630053,-0.10485714285714288,1.9906000000000001
lowland_available,TU1,Tmax,1,2024,332,1.1716867469879517,1.4852081919697238,-0.38975903614457824,2.2058433734939755
lowland_available,TU1,Tmax,1,2025,269,1.1520446096654275,1.4515598583264944,-0.4888475836431226,2.1070260223048325
lowland_available,TW,Tmax,1,2022,321,1.383177570093458,1.7723209346298154,-0.41869158878504664,3.1411214953271025
lowland_available,TW,Tmax,1,2023,126,1.738888888888889,2.1189058272518637,-1.1103174603174604,4.489761904761905
lowland_available,TW,Tmax,1,2024,290,1.293103448275862,1.6289831818949365,-0.4172413793103447,2.6535862068965517
lowland_available,TW,Tmax,1,2025,328,1.453048780487805,1.821065756035426,-0.7359756097560974,3.3162804878048773
lowland_available,TWN,Tmax,1,2022,293,1.7453924914675767,2.0493568457515323,1.0982935153583617,4.199863481228669
lowland_available,TWN,Tmax,1,2023,320,1.67,2.0032161640721653,1.026875,4.012875
lowland_available,TWN,Tmax,1,2024,347,1.6570605187319885,1.9976643422275657,0.8922190201729108,3.990662824207493
lowland_available,TWN,Tmax,1,2025,342,1.6652046783625731,1.9656033402566424,0.7581871345029239,3.86359649122807
lowland_available,TY1,Tmax,1,2022,69,1.3695652173913044,1.7121475623795748,-0.42463768115942024,2.93144927536232
lowland_available,TY1,Tmax,1,2023,299,1.114046822742475,1.3860629742410238,-0.029096989966555218,1.9211705685618732
lowland_available,TY1,Tmax,1,2024,323,1.2897832817337462,1.6205720810778645,-0.5238390092879255,2.6262538699690405
lowland_available,TY1,Tmax,1,2025,309,1.1718446601941748,1.455944182578155,-0.35825242718446604,2.1197734627831717
lowland_available,WGL,Tmax,1,2022,356,1.4157303370786516,1.7580792634660172,0.7612359550561798,3.0908426966292133
lowland_available,WGL,Tmax,1,2023,347,1.444092219020173,1.766017679357722,0.8394812680115274,3.118818443804034
lowland_available,WGL,Tmax,1,2024,344,1.168313953488372,1.4627447121843429,0.4892441860465115,2.139622093023256
lowland_available,WGL,Tmax,1,2025,346,1.3234104046242774,1.6103081958274734,0.4985549132947977,2.5930924855491324
lowland_available,WLP,Tmax,1,2022,316,1.9734177215189874,2.444394258530984,-1.7031645569620255,5.97506329113924
lowland_available,WLP,Tmax,1,2023,303,2.1554455445544556,2.6301062233063113,-1.7910891089108913,6.917458745874589
lowland_available,WLP,Tmax,1,2024,342,2.1444444444444444,2.7067816067549053,-1.7046783625730995,7.326666666666667
lowland_available,WLP,Tmax,1,2025,342,1.8821637426900584,2.3554528003627757,-1.3347953216374269,5.548157894736842
lowland_available,WTS,Tmax,1,2022,300,1.4096666666666666,1.7288628247107019,-0.7556666666666667,2.988966666666667
lowland_available,WTS,Tmax,1,2023,342,1.218421052631579,1.5623400502926814,-0.7073099415204679,2.4409064327485384
lowland_available,WTS,Tmax,1,2024,323,1.3393188854489164,1.6454082839990296,-0.8575851393188852,2.707368421052631
lowland_available,WTS,Tmax,1,2025,335,1.3265671641791041,1.6671720626759448,-0.7719402985074627,2.7794626865671646
lowland_available,YLP,Tmax,1,2022,278,1.8532374100719426,2.264092557276241,-1.4215827338129496,5.126115107913669
lowland_available,YLP,Tmax,1,2023,299,2.039799331103679,2.4212755421133134,-1.5193979933110366,5.8625752508361195
lowland_available,YLP,Tmax,1,2024,321,2.1800623052959507,2.557293643447346,-1.8267912772585673,6.5397507788162015
lowland_available,YLP,Tmax,1,2025,339,2.2412979351032445,2.6336824383058612,-1.8613569321533923,6.936283185840707
all_available,CCH,Tmax,2,2022,301,1.4857142857142858,1.835493542579352,0.35880398671096353,3.369036544850499
all_available,CCH,Tmax,2,2023,308,1.348051948051948,1.7313195928157032,0.12142857142857154,2.9974675324675326
all_available,CCH,Tmax,2,2024,357,1.3988795518207284,1.7381370625411772,-0.17703081232493006,3.0211204481792717
all_available,CCH,Tmax,2,2025,348,1.3979885057471264,1.7161253470817777,-0.08994252873563226,2.945086206896552
all_available,CWB,Tmax,2,2022,313,1.497444089456869,1.8602706869576786,1.0680511182108625,3.460607028753994
all_available,CWB,Tmax,2,2023,288,1.6083333333333334,1.920575723868005,1.3756944444444443,3.6886111111111117
all_available,CWB,Tmax,2,2024,321,1.5012461059190032,1.8244360712815197,1.2993769470404983,3.3285669781931464
all_available,CWB,Tmax,2,2025,339,1.6289085545722715,1.9675089441798552,1.4666666666666666,3.8710914454277283
all_available,HKP,Tmax,2,2022,323,1.2746130030959755,1.6404050696610453,0.4238390092879256,2.690928792569659
all_available,HKP,Tmax,2,2023,351,1.2700854700854702,1.5823636256798386,0.5886039886039887,2.5038746438746444
all_available,HKP,Tmax,2,2024,302,1.225496688741722,1.5257068712415378,0.5811258278145693,2.3277814569536424
all_available,HKP,Tmax,2,2025,309,1.1870550161812297,1.4897926703562645,0.7514563106796116,2.219482200647249
all_available,HKS,Tmax,2,2022,330,1.2000000000000004,1.535755662384305,0.013333333333333329,2.358545454545455
all_available,HKS,Tmax,2,2023,311,1.1305466237942123,1.4666276911902068,-0.07202572347266877,2.1509967845659164
all_available,HKS,Tmax,2,2024,347,1.279827089337176,1.6105649034911163,-0.4291066282420748,2.5939193083573486
all_available,HKS,Tmax,2,2025,349,1.2269340974212035,1.5383726004709184,-0.3942693409742121,2.366590257879656
all_available,HPV,Tmax,2,2022,327,1.6137614678899082,2.004864115675713,-1.117737003058104,4.0194801223241585
all_available,HPV,Tmax,2,2023,321,1.5641744548286605,1.9533580001206932,-1.1367601246105918,3.8156074766355137
all_available,HPV,Tmax,2,2024,285,1.5456140350877194,1.871981781287864,-1.0719298245614035,3.5043157894736843
all_available,HPV,Tmax,2,2025,302,1.3688741721854303,1.6714588940315243,-0.9556291390728477,2.793774834437086
all_available,JKB,Tmax,2,2022,334,1.3544910179640721,1.7267011918650035,-0.3137724550898204,2.981497005988024
all_available,JKB,Tmax,2,2023,264,1.4143939393939393,1.7756134236660384,-0.2196969696969699,3.1528030303030303
all_available,JKB,Tmax,2,2024,358,1.372346368715084,1.7141458775102763,-0.24273743016759786,2.9382960893854753
all_available,JKB,Tmax,2,2025,351,1.3005698005698005,1.6598578870277434,-0.0720797720797721,2.755128205128205
all_available,KLT,Tmax,2,2022,327,1.5048929663608563,1.8887482708346923,-0.498165137614679,3.56737003058104
all_available,KLT,Tmax,2,2023,259,1.7409266409266408,2.1303923179948403,-0.6768339768339767,4.538571428571428
all_available,KLT,Tmax,2,2024,361,1.4681440443213296,1.8559629139479428,-0.6121883656509697,3.4445983379501386
all_available,KLT,Tmax,2,2025,354,1.55,1.8966443754709656,-0.8087570621468927,3.597259887005649
all_available,KP,Tmax,2,2022,208,1.3350961538461539,1.6772086471735845,0.2754807692307693,2.8130288461538457
all_available,KP,Tmax,2,2023,341,1.2082111436950147,1.5577071653244798,0.1853372434017597,2.426451612903226
all_available,KP,Tmax,2,2024,350,1.0717142857142856,1.4071551848626056,0.06771428571428564,1.9800857142857138
all_available,KP,Tmax,2,2025,346,1.0537572254335261,1.3898059913677225,0.20057803468208094,1.9315606936416183
all_available,KSC,Tmax,2,2022,312,1.2852564102564104,1.694012835600571,0.2243589743589745,2.869679487179487
all_available,KSC,Tmax,2,2023,338,1.340828402366864,1.735566002522643,0.018343195266272126,3.0121893491124263
all_available,KSC,Tmax,2,2024,333,1.335135135135135,1.6906739420652281,0.05645645645645645,2.858378378378378
all_available,KSC,Tmax,2,2025,332,1.4042168674698796,1.7894772744191672,0.18433734939759042,3.202228915662651
all_available,KTG,Tmax,2,2022,196,1.454591836734694,1.8372978161708358,0.37193877551020404,3.3756632653061223
all_available,KTG,Tmax,2,2023,350,1.3528571428571428,1.7472018445830138,0.2357142857142858,3.052714285714286
all_available,KTG,Tmax,2,2024,351,1.1945868945868947,1.5000949637555951,0.0641025641025642,2.2502849002849006
all_available,KTG,Tmax,2,2025,353,1.1756373937677054,1.5166684826022396,0.03399433427762047,2.3002832861189804
all_available,LFS,Tmax,2,2022,284,1.7049295774647888,2.1613604218730935,-0.6267605633802816,4.671478873239438
all_available,LFS,Tmax,2,2023,271,1.9099630996309964,2.4287940609293956,-1.2059040590405903,5.899040590405904
all_available,LFS,Tmax,2,2024,315,1.8761904761904762,2.4688150232546016,-1.309206349206349,6.0950476190476195
all_available,LFS,Tmax,2,2025,349,1.908595988538682,2.3558073096561247,-1.2169054441260745,5.5498280802292275
all_available,NGP,Tmax,2,2022,223,4.141255605381166,4.60599628676815,4.043497757847533,21.21520179372198
all_available,NGP,Tmax,2,2023,202,3.742574257425743,4.248494200336989,3.6881188118811883,18.04970297029703
all_available,NGP,Tmax,2,2024,121,3.7809917355371896,4.327033988830671,3.7066115702479334,18.723223140495865
all_available,NGP,Tmax,2,2025,210,3.573809523809524,4.110885665204148,3.4661904761904765,16.899380952380955
all_available,PEN,Tmax,2,2022,247,1.1040485829959517,1.3914283576576723,0.22145748987854263,1.9360728744939273
all_available,PEN,Tmax,2,2023,253,1.2675889328063241,1.613664476735564,-0.24308300395256918,2.603913043478261
all_available,PEN,Tmax,2,2024,194,1.243814432989691,1.6001449676594222,-0.49639175257731966,2.560463917525773
all_available,PEN,Tmax,2,2025,304,1.3095394736842105,1.6422365205638572,-0.3680921052631579,2.6969407894736843
all_available,PLC,Tmax,2,2022,316,1.6667721518987344,2.0865376201991492,-0.4534810126582279,4.35363924050633
all_available,PLC,Tmax,2,2023,340,1.4994117647058824,1.8952572384771413,-0.21764705882352944,3.592
all_available,PLC,Tmax,2,2024,346,1.495086705202312,1.8947676661455146,0.2309248554913293,3.5901445086705204
all_available,PLC,Tmax,2,2025,331,1.3900302114803627,1.7672498989780892,0.17613293051359516,3.1231722054380664
all_available,SEK,Tmax,2,2022,277,1.7425992779783392,2.1328190189298826,-1.1209386281588447,4.548916967509026
all_available,SEK,Tmax,2,2023,209,1.9521531100478469,2.350709960963743,-1.2583732057416268,5.525837320574162
all_available,SEK,Tmax,2,2024,256,1.7964843750000001,2.2116788730509684,-1.0832031250000003,4.891523437500001
all_available,SEK,Tmax,2,2025,287,1.7895470383275263,2.163153588970823,-1.1449477351916377,4.679233449477352
all_available,SHA,Tmax,2,2022,320,1.2615625,1.5992478700939388,-0.3346874999999999,2.5575937499999997
all_available,SHA,Tmax,2,2023,341,1.2639296187683284,1.603661499593537,-0.395307917888563,2.571730205278592
all_available,SHA,Tmax,2,2024,342,1.1625730994152048,1.4677229051547127,-0.27017543859649124,2.1542105263157896
all_available,SHA,Tmax,2,2025,335,1.2023880597014927,1.5436533521622628,-0.2817910447761194,2.382865671641791
all_available,SKG,Tmax,2,2022,350,1.2262857142857144,1.5723322077183852,0.5628571428571428,2.4722285714285714
all_available,SKG,Tmax,2,2023,333,1.3438438438438438,1.6591994885916952,0.5756756756756756,2.752942942942943
all_available,SKG,Tmax,2,2024,289,1.2290657439446369,1.5356659455082577,0.5889273356401383,2.3582698961937716
all_available,SKG,Tmax,2,2025,331,1.2453172205438063,1.543821131414065,0.5595166163141994,2.3833836858006037
all_available,SKW,Tmax,2,2022,338,1.4952662721893493,1.8453684226692013,0.9408284023668639,3.405384615384616
all_available,SKW,Tmax,2,2023,350,1.4608571428571426,1.81549678364589,0.9888571428571429,3.2960285714285718
all_available,SKW,Tmax,2,2024,345,1.323768115942029,1.6379821449717873,0.7805797101449278,2.682985507246377
all_available,SKW,Tmax,2,2025,349,1.3570200573065903,1.676690012578593,0.9249283667621777,2.8112893982808025
all_available,SSH,Tmax,2,2022,333,2.5246246246246247,2.961073784619012,-1.8063063063063063,8.76795795795796
all_available,SSH,Tmax,2,2023,351,2.4002849002849005,2.8521147249994003,-1.6971509971509973,8.134558404558405
all_available,SSH,Tmax,2,2024,346,2.309537572254335,2.7691268630770653,-1.6095375722543352,7.668063583815029
all_available,SSH,Tmax,2,2025,341,2.472140762463343,2.872490617224198,-1.9196480938416423,8.251202346041055
all_available,SSP,Tmax,2,2022,339,1.3949852507374634,1.8202969059905316,-0.7466076696165193,3.3134808259587025
all_available,SSP,Tmax,2,2023,350,1.435714285714286,1.8281372252338486,-0.7654285714285713,3.3420857142857154
all_available,SSP,Tmax,2,2024,353,1.4490084985835694,1.8447767163384505,-0.8507082152974503,3.4032011331444756
all_available,SSP,Tmax,2,2025,309,1.440453074433657,1.7647483020474302,-0.8229773462783174,3.114336569579288
all_available,STY,Tmax,2,2022,288,1.1545138888888888,1.4748705216240359,0.48854166666666665,2.1752430555555557
all_available,STY,Tmax,2,2023,341,1.2129032258064516,1.5343190337608095,0.4756598240469207,2.3541348973607037
all_available,STY,Tmax,2,2024,335,1.1146268656716418,1.4260267314485975,0.17731343283582082,2.0335522388059704
all_available,STY,Tmax,2,2025,290,1.0651724137931036,1.395275278734729,0.3168965517241378,1.9467931034482757
all_available,TKL,Tmax,2,2022,318,1.9261006289308176,2.277625653252132,-1.0022012578616353,5.187578616352201
all_available,TKL,Tmax,2,2023,338,1.7674556213017754,2.170430655600227,-0.8568047337278107,4.710769230769231
all_available,TKL,Tmax,2,2024,354,1.6940677966101696,2.0493970451299988,-0.8341807909604522,4.200028248587571
all_available,TKL,Tmax,2,2025,271,1.8549815498154982,2.2106835529350897,-1.118450184501845,4.8871217712177115
all_available,TU1,Tmax,2,2022,335,1.2444776119402985,1.5694946424998784,-0.16865671641791033,2.463313432835821
all_available,TU1,Tmax,2,2023,350,1.3311428571428572,1.6766548328655568,-0.15914285714285717,2.8111714285714284
all_available,TU1,Tmax,2,2024,332,1.2993975903614456,1.6588027327033483,-0.3475903614457831,2.751626506024096
all_available,TU1,Tmax,2,2025,269,1.1899628252788106,1.5356845827013008,-0.5260223048327136,2.3583271375464685
all_available,TW,Tmax,2,2022,321,1.5003115264797509,1.9303285275566604,-0.42803738317757,3.726168224299065
all_available,TW,Tmax,2,2023,126,1.9341269841269844,2.3575444583328378,-1.2055555555555555,5.558015873015873
all_available,TW,Tmax,2,2024,290,1.3744827586206898,1.7177973064965775,-0.4206896551724137,2.9508275862068967
all_available,TW,Tmax,2,2025,328,1.4853658536585366,1.8826389107560384,-0.7207317073170731,3.544329268292683
all_available,TWN,Tmax,2,2022,292,1.770890410958904,2.1252477696004717,1.068835616438356,4.51667808219178
all_available,TWN,Tmax,2,2023,320,1.7418750000000003,2.148778722902849,0.9487500000000001,4.61725
all_available,TWN,Tmax,2,2024,347,1.7648414985590777,2.160531474800195,0.9095100864553315,4.667896253602306
all_available,TWN,Tmax,2,2025,342,1.7254385964912278,2.067960828522652,0.784502923976608,4.276461988304093
all_available,TY1,Tmax,2,2022,69,1.3695652173913044,1.8481091002364585,-0.3376811594202898,3.415507246376812
all_available,TY1,Tmax,2,2023,299,1.2545150501672242,1.5953842283664463,-0.07926421404682278,2.5452508361204016
all_available,TY1,Tmax,2,2024,323,1.3770897832817337,1.7283647132602955,-0.47120743034055707,2.9872445820433438
all_available,TY1,Tmax,2,2025,309,1.212621359223301,1.53282318796603,-0.3485436893203884,2.349546925566343
all_available,WGL,Tmax,2,2022,355,1.5611267605633805,1.9078045785297704,0.7459154929577464,3.6397183098591546
all_available,WGL,Tmax,2,2023,347,1.5536023054755042,1.8960219237779623,0.7760806916426514,3.5948991354466853
all_available,WGL,Tmax,2,2024,344,1.2479651162790697,1.5732409889468066,0.521220930232558,2.475087209302326
all_available,WGL,Tmax,2,2025,346,1.2997109826589595,1.651772563386397,0.5274566473988439,2.728352601156069
all_available,WLP,Tmax,2,2022,315,2.117777777777778,2.577872877282464,-1.7273015873015873,6.645428571428571
all_available,WLP,Tmax,2,2023,303,2.3,2.803575039712747,-1.8207920792079209,7.86003300330033
all_available,WLP,Tmax,2,2024,342,2.1695906432748537,2.7856776554368237,-1.6608187134502923,7.76
all_available,WLP,Tmax,2,2025,342,1.9558479532163746,2.410545787607455,-1.293859649122807,5.810730994152046
all_available,WTS,Tmax,2,2022,299,1.5862876254180602,1.9230428090619693,-0.7394648829431439,3.69809364548495
all_available,WTS,Tmax,2,2023,342,1.454093567251462,1.8329265896486242,-0.7599415204678364,3.359619883040936
all_available,WTS,Tmax,2,2024,323,1.3876160990712076,1.7083658659340348,-0.7739938080495354,2.9185139318885445
all_available,WTS,Tmax,2,2025,335,1.4101492537313431,1.7550949287589046,-0.7361194029850746,3.080358208955224
all_available,YLP,Tmax,2,2022,277,2.0657039711191336,2.452008680734453,-1.4368231046931408,6.012346570397112
all_available,YLP,Tmax,2,2023,299,2.1862876254180605,2.6274280059444832,-1.58628762541806,6.9033779264214035
all_available,YLP,Tmax,2,2024,321,2.2398753894081005,2.6863332430722164,-1.7800623052959503,7.216386292834892
all_available,YLP,Tmax,2,2025,339,2.2973451327433625,2.6883338042489897,-1.831858407079646,7.227138643067845
strict_common,CCH,Tmax,2,2022,4,1.7999999999999998,2.3441416339462084,0.10000000000000053,5.495
strict_common,CCH,Tmax,2,2023,3,2.0,2.2671568097509267,-1.2666666666666657,5.14
strict_common,CCH,Tmax,2,2024,4,1.9000000000000004,2.0820662813657016,-0.5999999999999996,4.335000000000002
strict_common,CCH,Tmax,2,2025,13,1.1384615384615389,1.3120741067250972,-0.538461538461539,1.721538461538462
strict_common,CWB,Tmax,2,2022,4,2.05,2.658006772000402,1.2499999999999991,7.064999999999997
strict_common,CWB,Tmax,2,2023,3,1.400000000000001,1.8814887722226787,0.6666666666666666,3.5400000000000027
strict_common,CWB,Tmax,2,2024,4,0.9749999999999996,1.1191514642799691,0.875,1.252499999999999
strict_common,CWB,Tmax,2,2025,13,1.3076923076923077,1.5980757659905098,1.3076923076923077,2.5538461538461545
strict_common,HKP,Tmax,2,2022,4,2.3,2.7910571473905725,0.2999999999999998,7.790000000000001
strict_common,HKP,Tmax,2,2023,3,2.1999999999999993,2.5179356624028335,-0.7333333333333331,6.339999999999996
strict_common,HKP,Tmax,2,2024,4,1.1749999999999998,1.3937359864766354,-0.5750000000000002,1.9425000000000003
strict_common,HKP,Tmax,2,2025,13,0.8230769230769229,1.1013977133973551,0.5153846153846152,1.2130769230769223
strict_common,HKS,Tmax,2,2022,4,2.0250000000000004,2.4662724910277047,-0.8250000000000011,6.0825
strict_common,HKS,Tmax,2,2023,3,1.1000000000000003,1.6340134638368196,-1.0333333333333325,2.6700000000000013
strict_common,HKS,Tmax,2,2024,4,1.8999999999999995,2.166794868002045,-1.7999999999999998,4.6949999999999985
strict_common,HKS,Tmax,2,2025,13,1.2999999999999998,1.5259297292016882,-0.792307692307692,2.328461538461538
strict_common,HPV,Tmax,2,2022,4,2.325000000000001,2.5947061490658254,-0.7750000000000004,6.732500000000005
strict_common,HPV,Tmax,2,2023,3,2.5,2.8618176042508363,-2.5,8.189999999999996
strict_common,HPV,Tmax,2,2024,4,1.8000000000000007,2.0087309426600672,-1.8000000000000007,4.035000000000003
strict_common,HPV,Tmax,2,2025,13,1.4846153846153847,1.6050401384868376,-1.0076923076923074,2.5761538461538467
strict_common,JKB,Tmax,2,2022,4,2.45,2.9,-0.20000000000000018,8.41
strict_common,JKB,Tmax,2,2023,3,2.6666666666666665,2.85073090043004,-0.6666666666666666,8.126666666666665
strict_common,JKB,Tmax,2,2024,4,1.5999999999999996,1.7102631376487065,-1.25,2.9249999999999985
strict_common,JKB,Tmax,2,2025,13,1.3307692307692305,1.6184037720021442,-0.28461538461538444,2.6192307692307684
strict_common,KLT,Tmax,2,2022,4,2.1999999999999993,2.320560277174458,-0.5,5.384999999999997
strict_common,KLT,Tmax,2,2023,3,2.266666666666667,2.6783079235467553,-1.7333333333333332,7.173333333333332
strict_common,KLT,Tmax,2,2024,4,0.9749999999999996,1.4958275301651582,-0.625,2.2374999999999976
strict_common,KLT,Tmax,2,2025,13,1.7538461538461536,1.9818406363005852,-1.1692307692307693,3.927692307692308
strict_common,KP,Tmax,2,2022,4,2.0,2.49499498997493,0.15000000000000036,6.225000000000002
strict_common,KP,Tmax,2,2023,3,1.6333333333333329,1.8284784202536633,-0.6333333333333329,3.343333333333332
strict_common,KP,Tmax,2,2024,4,0.6749999999999998,0.9886859966642587,-0.4249999999999998,0.9774999999999986
strict_common,KP,Tmax,2,2025,13,1.0538461538461534,1.400823933371961,-0.1769230769230767,1.962307692307692
strict_common,KSC,Tmax,2,2022,4,2.374999999999999,2.6893307717720396,-0.27499999999999947,7.232499999999995
strict_common,KSC,Tmax,2,2023,3,2.400000000000001,2.5974346318370882,-1.2000000000000004,6.746666666666671
strict_common,KSC,Tmax,2,2024,4,1.3000000000000007,1.6837458240482734,-1.25,2.8349999999999995
strict_common,KSC,Tmax,2,2025,13,1.4230769230769231,1.8594871087728215,-0.28461538461538427,3.4576923076923074
strict_common,KTG,Tmax,2,2022,4,1.8499999999999996,2.405202694161139,0.8000000000000007,5.785
strict_common,KTG,Tmax,2,2023,3,2.0,2.1228911104120876,-0.2666666666666657,4.506666666666667
strict_common,KTG,Tmax,2,2024,4,1.4749999999999996,1.5024979201316715,-0.7750000000000004,2.2574999999999985
strict_common,KTG,Tmax,2,2025,13,0.9461538461538463,1.271280396353946,0.053846153846153925,1.6161538461538465
strict_common,LFS,Tmax,2,2022,4,2.3,2.7248853186877424,-2.3,7.424999999999999
strict_common,LFS,Tmax,2,2023,3,2.2000000000000006,2.2420228961066986,-2.2000000000000006,5.026666666666668
strict_common,LFS,Tmax,2,2024,4,1.0749999999999993,1.5124483462254166,-0.7249999999999996,2.2874999999999974
strict_common,LFS,Tmax,2,2025,13,1.9000000000000001,2.1182358407229063,-1.3615384615384618,4.486923076923078
strict_common,NGP,Tmax,2,2022,4,3.5499999999999994,3.738315128503748,3.5499999999999994,13.974999999999996
strict_common,NGP,Tmax,2,2023,3,1.7999999999999996,2.246478726065899,1.2000000000000004,5.046666666666664
strict_common,NGP,Tmax,2,2024,4,5.1000000000000005,5.319304465811297,5.1000000000000005,28.295000000000005
strict_common,NGP,Tmax,2,2025,13,2.8846153846153846,3.3550192020544154,2.8846153846153846,11.256153846153847
strict_common,PEN,Tmax,2,2022,4,1.4749999999999996,1.8741664813991306,0.42499999999999893,3.512499999999998
strict_common,PEN,Tmax,2,2023,3,2.1666666666666656,2.595508941742768,-1.8999999999999997,6.736666666666662
strict_common,PEN,Tmax,2,2024,4,1.0999999999999996,1.40534693225552,-0.40000000000000036,1.9750000000000012
strict_common,PEN,Tmax,2,2025,13,1.5153846153846156,1.7318287355367359,-0.9615384615384621,2.9992307692307696
strict_common,PLC,Tmax,2,2022,4,2.3499999999999996,2.547547840571399,-0.34999999999999964,6.489999999999998
strict_common,PLC,Tmax,2,2023,3,2.6,2.6267851073127395,-0.9333333333333336,6.900000000000001
strict_common,PLC,Tmax,2,2024,4,0.9250000000000007,1.1821590417536894,0.025000000000000355,1.3975000000000009
strict_common,PLC,Tmax,2,2025,13,1.1307692307692305,1.4741359920566768,-0.007692307692308211,2.1730769230769225
strict_common,SEK,Tmax,2,2022,4,1.6750000000000007,1.9461500456028575,-1.325000000000001,3.787500000000004
strict_common,SEK,Tmax,2,2023,3,2.633333333333333,3.151190251317746,-2.633333333333333,9.929999999999998
strict_common,SEK,Tmax,2,2024,4,1.0,1.4195069566578387,-0.5999999999999996,2.0149999999999992
strict_common,SEK,Tmax,2,2025,13,1.8461538461538467,2.0538893686032704,-1.4000000000000008,4.218461538461542
strict_common,SHA,Tmax,2,2022,4,1.6000000000000005,1.8881207588499211,-0.10000000000000053,3.565000000000002
strict_common,SHA,Tmax,2,2023,3,2.366666666666666,2.5527762664727716,-1.366666666666666,6.516666666666663
strict_common,SHA,Tmax,2,2024,4,0.9499999999999993,1.1202678251204032,-0.25,1.2549999999999983
strict_common,SHA,Tmax,2,2025,13,1.2461538461538457,1.4873828331360062,-0.38461538461538447,2.2123076923076925
strict_common,SKG,Tmax,2,2022,4,1.6749999999999998,2.1511624764298953,0.8750000000000009,4.6275
strict_common,SKG,Tmax,2,2023,3,1.4666666666666661,1.6673332000533065,0.06666666666666761,2.78
strict_common,SKG,Tmax,2,2024,4,0.8999999999999995,0.9354143466934848,0.6499999999999995,0.8749999999999989
strict_common,SKG,Tmax,2,2025,13,0.9923076923076917,1.3942188328401508,0.792307692307692,1.9438461538461522
strict_common,SKW,Tmax,2,2022,4,2.049999999999999,2.7658633371878656,1.25,7.649999999999996
strict_common,SKW,Tmax,2,2023,3,1.5666666666666664,1.9672315572906005,0.5000000000000012,3.870000000000001
strict_common,SKW,Tmax,2,2024,4,1.0499999999999998,1.0908712114635715,-0.4999999999999991,1.19
strict_common,SKW,Tmax,2,2025,13,1.0846153846153848,1.3164637948219176,0.8230769230769238,1.7330769230769236
strict_common,SSH,Tmax,2,2022,4,2.0500000000000007,2.2989127865145305,-1.3000000000000007,5.285000000000004
strict_common,SSH,Tmax,2,2023,3,3.3000000000000007,4.100812927538474,-2.9,16.816666666666666
strict_common,SSH,Tmax,2,2024,4,0.875,1.078192932642391,-0.5749999999999993,1.1624999999999994
strict_common,SSH,Tmax,2,2025,13,2.523076923076923,2.8761619725439127,-2.076923076923077,8.272307692307692
strict_common,SSP,Tmax,2,2022,4,2.1750000000000007,2.386943652456003,-1.4250000000000007,5.697500000000003
strict_common,SSP,Tmax,2,2023,3,2.5666666666666664,3.088149391895844,-2.3000000000000007,9.53666666666667
strict_common,SSP,Tmax,2,2024,4,1.8499999999999996,2.2011360703055134,-1.8499999999999996,4.844999999999998
strict_common,SSP,Tmax,2,2025,13,1.692307692307693,1.9271341815883385,-1.3076923076923082,3.713846153846155
strict_common,STY,Tmax,2,2022,4,1.5999999999999996,2.342007685726074,0.8000000000000007,5.484999999999999
strict_common,STY,Tmax,2,2023,3,1.3333333333333333,1.7301252363147972,0.4666666666666662,2.9933333333333327
strict_common,STY,Tmax,2,2024,4,1.1499999999999995,1.2767145334803705,-0.7999999999999998,1.63
strict_common,STY,Tmax,2,2025,13,1.1230769230769226,1.3928388277184116,0.12307692307692318,1.9399999999999988
strict_common,TKL,Tmax,2,2022,4,1.8499999999999996,1.9862024066041202,-0.7999999999999989,3.9449999999999985
strict_common,TKL,Tmax,2,2023,3,3.266666666666667,3.8944404818493084,-2.6,15.166666666666671
strict_common,TKL,Tmax,2,2024,4,0.8000000000000007,1.1510864433221337,-0.34999999999999964,1.325
strict_common,TKL,Tmax,2,2025,13,1.9230769230769231,2.1796259382676726,-1.4153846153846152,4.750769230769231
strict_common,TU1,Tmax,2,2022,4,1.5,1.7564168070250294,-0.6999999999999993,3.0849999999999995
strict_common,TU1,Tmax,2,2023,3,2.4,2.477902338672773,-1.2666666666666668,6.139999999999998
strict_common,TU1,Tmax,2,2024,4,1.200000000000001,1.2629330940315098,-0.15000000000000036,1.5950000000000024
strict_common,TU1,Tmax,2,2025,13,1.1384615384615382,1.351921709157859,-0.6307692307692304,1.827692307692307
strict_common,TW,Tmax,2,2022,4,2.2,2.3194827009486407,-0.7999999999999998,5.380000000000001
strict_common,TW,Tmax,2,2023,3,1.6000000000000003,2.2449944320643653,-1.4666666666666675,5.040000000000002
strict_common,TW,Tmax,2,2024,4,1.5750000000000002,1.8445866745696715,-1.2749999999999995,3.402499999999999
strict_common,TW,Tmax,2,2025,13,1.6307692307692307,1.8110770276274835,-1.0615384615384615,3.2800000000000002
strict_common,TWN,Tmax,2,2022,4,1.7000000000000002,1.9170289512680814,-0.20000000000000018,3.6750000000000003
strict_common,TWN,Tmax,2,2023,3,1.7666666666666657,2.3923489154664144,-0.8333333333333334,5.723333333333328
strict_common,TWN,Tmax,2,2024,4,1.2249999999999996,1.283549765299343,0.7750000000000004,1.6474999999999989
strict_common,TWN,Tmax,2,2025,13,1.223076923076923,1.6093476939431077,0.17692307692307724,2.589999999999999
strict_common,TY1,Tmax,2,2022,4,1.9750000000000005,2.1348302040209197,-1.0750000000000002,4.557500000000002
strict_common,TY1,Tmax,2,2023,3,1.9666666666666661,2.4637369989509836,-1.6333333333333329,6.069999999999999
strict_common,TY1,Tmax,2,2024,4,1.0,1.1768602295939818,-1.0,1.3849999999999998
strict_common,TY1,Tmax,2,2025,13,1.2230769230769236,1.513782831696298,-0.7153846153846157,2.2915384615384626
strict_common,WGL,Tmax,2,2022,4,2.05,2.6542418879973995,0.9500000000000002,7.045
strict_common,WGL,Tmax,2,2023,3,1.1999999999999993,1.6431676725154978,0.6000000000000002,2.699999999999998
strict_common,WGL,Tmax,2,2024,4,1.25,1.3527749258468682,0.75,1.8299999999999996
strict_common,WGL,Tmax,2,2025,13,1.123076923076923,1.5048639090015363,0.6461538461538466,2.2646153846153845
strict_common,WLP,Tmax,2,2022,4,2.0500000000000007,2.554407954888961,-2.0,6.525000000000004
strict_common,WLP,Tmax,2,2023,3,4.133333333333334,5.468089245796927,-4.133333333333334,29.900000000000006
strict_common,WLP,Tmax,2,2024,4,1.4249999999999998,1.862122444953607,-1.4249999999999998,3.4674999999999985
strict_common,WLP,Tmax,2,2025,13,2.476923076923077,2.763776680280362,-2.1076923076923078,7.638461538461536
strict_common,WTS,Tmax,2,2022,4,2.175,2.45,-1.0750000000000002,6.002500000000001
strict_common,WTS,Tmax,2,2023,3,2.4,2.7276363393971708,-1.6000000000000003,7.439999999999998
strict_common,WTS,Tmax,2,2024,4,1.5250000000000012,1.7937391114652108,-1.4750000000000005,3.217500000000004
strict_common,WTS,Tmax,2,2025,13,1.6846153846153848,1.8057600147221202,-1.1307692307692307,3.260769230769232
strict_common,YLP,Tmax,2,2022,4,1.7250000000000005,2.145343795292494,-1.7250000000000005,4.602500000000003
strict_common,YLP,Tmax,2,2023,3,3.3333333333333335,3.9089640571384128,-3.3333333333333335,15.28
strict_common,YLP,Tmax,2,2024,4,1.3500000000000005,1.824828759089466,-1.2000000000000002,3.330000000000001
strict_common,YLP,Tmax,2,2025,13,2.5846153846153848,2.7726688059868074,-2.138461538461539,7.687692307692308
lowland_available,CCH,Tmax,2,2022,301,1.4857142857142858,1.835493542579352,0.35880398671096353,3.369036544850499
lowland_available,CCH,Tmax,2,2023,308,1.348051948051948,1.7313195928157032,0.12142857142857154,2.9974675324675326
lowland_available,CCH,Tmax,2,2024,357,1.3988795518207284,1.7381370625411772,-0.17703081232493006,3.0211204481792717
lowland_available,CCH,Tmax,2,2025,348,1.3979885057471264,1.7161253470817777,-0.08994252873563226,2.945086206896552
lowland_available,CWB,Tmax,2,2022,313,1.497444089456869,1.8602706869576786,1.0680511182108625,3.460607028753994
lowland_available,CWB,Tmax,2,2023,288,1.6083333333333334,1.920575723868005,1.3756944444444443,3.6886111111111117
lowland_available,CWB,Tmax,2,2024,321,1.5012461059190032,1.8244360712815197,1.2993769470404983,3.3285669781931464
lowland_available,CWB,Tmax,2,2025,339,1.6289085545722715,1.9675089441798552,1.4666666666666666,3.8710914454277283
lowland_available,HKP,Tmax,2,2022,323,1.2746130030959755,1.6404050696610453,0.4238390092879256,2.690928792569659
lowland_available,HKP,Tmax,2,2023,351,1.2700854700854702,1.5823636256798386,0.5886039886039887,2.5038746438746444
lowland_available,HKP,Tmax,2,2024,302,1.225496688741722,1.5257068712415378,0.5811258278145693,2.3277814569536424
lowland_available,HKP,Tmax,2,2025,309,1.1870550161812297,1.4897926703562645,0.7514563106796116,2.219482200647249
lowland_available,HKS,Tmax,2,2022,330,1.2000000000000004,1.535755662384305,0.013333333333333329,2.358545454545455
lowland_available,HKS,Tmax,2,2023,311,1.1305466237942123,1.4666276911902068,-0.07202572347266877,2.1509967845659164
lowland_available,HKS,Tmax,2,2024,347,1.279827089337176,1.6105649034911163,-0.4291066282420748,2.5939193083573486
lowland_available,HKS,Tmax,2,2025,349,1.2269340974212035,1.5383726004709184,-0.3942693409742121,2.366590257879656
lowland_available,HPV,Tmax,2,2022,327,1.6137614678899082,2.004864115675713,-1.117737003058104,4.0194801223241585
lowland_available,HPV,Tmax,2,2023,321,1.5641744548286605,1.9533580001206932,-1.1367601246105918,3.8156074766355137
lowland_available,HPV,Tmax,2,2024,285,1.5456140350877194,1.871981781287864,-1.0719298245614035,3.5043157894736843
lowland_available,HPV,Tmax,2,2025,302,1.3688741721854303,1.6714588940315243,-0.9556291390728477,2.793774834437086
lowland_available,JKB,Tmax,2,2022,334,1.3544910179640721,1.7267011918650035,-0.3137724550898204,2.981497005988024
lowland_available,JKB,Tmax,2,2023,264,1.4143939393939393,1.7756134236660384,-0.2196969696969699,3.1528030303030303
lowland_available,JKB,Tmax,2,2024,358,1.372346368715084,1.7141458775102763,-0.24273743016759786,2.9382960893854753
lowland_available,JKB,Tmax,2,2025,351,1.3005698005698005,1.6598578870277434,-0.0720797720797721,2.755128205128205
lowland_available,KLT,Tmax,2,2022,327,1.5048929663608563,1.8887482708346923,-0.498165137614679,3.56737003058104
lowland_available,KLT,Tmax,2,2023,259,1.7409266409266408,2.1303923179948403,-0.6768339768339767,4.538571428571428
lowland_available,KLT,Tmax,2,2024,361,1.4681440443213296,1.8559629139479428,-0.6121883656509697,3.4445983379501386
lowland_available,KLT,Tmax,2,2025,354,1.55,1.8966443754709656,-0.8087570621468927,3.597259887005649
lowland_available,KP,Tmax,2,2022,208,1.3350961538461539,1.6772086471735845,0.2754807692307693,2.8130288461538457
lowland_available,KP,Tmax,2,2023,341,1.2082111436950147,1.5577071653244798,0.1853372434017597,2.426451612903226
lowland_available,KP,Tmax,2,2024,350,1.0717142857142856,1.4071551848626056,0.06771428571428564,1.9800857142857138
lowland_available,KP,Tmax,2,2025,346,1.0537572254335261,1.3898059913677225,0.20057803468208094,1.9315606936416183
lowland_available,KSC,Tmax,2,2022,312,1.2852564102564104,1.694012835600571,0.2243589743589745,2.869679487179487
lowland_available,KSC,Tmax,2,2023,338,1.340828402366864,1.735566002522643,0.018343195266272126,3.0121893491124263
lowland_available,KSC,Tmax,2,2024,333,1.335135135135135,1.6906739420652281,0.05645645645645645,2.858378378378378
lowland_available,KSC,Tmax,2,2025,332,1.4042168674698796,1.7894772744191672,0.18433734939759042,3.202228915662651
lowland_available,KTG,Tmax,2,2022,196,1.454591836734694,1.8372978161708358,0.37193877551020404,3.3756632653061223
lowland_available,KTG,Tmax,2,2023,350,1.3528571428571428,1.7472018445830138,0.2357142857142858,3.052714285714286
lowland_available,KTG,Tmax,2,2024,351,1.1945868945868947,1.5000949637555951,0.0641025641025642,2.2502849002849006
lowland_available,KTG,Tmax,2,2025,353,1.1756373937677054,1.5166684826022396,0.03399433427762047,2.3002832861189804
lowland_available,LFS,Tmax,2,2022,284,1.7049295774647888,2.1613604218730935,-0.6267605633802816,4.671478873239438
lowland_available,LFS,Tmax,2,2023,271,1.9099630996309964,2.4287940609293956,-1.2059040590405903,5.899040590405904
lowland_available,LFS,Tmax,2,2024,315,1.8761904761904762,2.4688150232546016,-1.309206349206349,6.0950476190476195
lowland_available,LFS,Tmax,2,2025,349,1.908595988538682,2.3558073096561247,-1.2169054441260745,5.5498280802292275
lowland_available,PEN,Tmax,2,2022,247,1.1040485829959517,1.3914283576576723,0.22145748987854263,1.9360728744939273
lowland_available,PEN,Tmax,2,2023,253,1.2675889328063241,1.613664476735564,-0.24308300395256918,2.603913043478261
lowland_available,PEN,Tmax,2,2024,194,1.243814432989691,1.6001449676594222,-0.49639175257731966,2.560463917525773
lowland_available,PEN,Tmax,2,2025,304,1.3095394736842105,1.6422365205638572,-0.3680921052631579,2.6969407894736843
lowland_available,PLC,Tmax,2,2022,316,1.6667721518987344,2.0865376201991492,-0.4534810126582279,4.35363924050633
lowland_available,PLC,Tmax,2,2023,340,1.4994117647058824,1.8952572384771413,-0.21764705882352944,3.592
lowland_available,PLC,Tmax,2,2024,346,1.495086705202312,1.8947676661455146,0.2309248554913293,3.5901445086705204
lowland_available,PLC,Tmax,2,2025,331,1.3900302114803627,1.7672498989780892,0.17613293051359516,3.1231722054380664
lowland_available,SEK,Tmax,2,2022,277,1.7425992779783392,2.1328190189298826,-1.1209386281588447,4.548916967509026
lowland_available,SEK,Tmax,2,2023,209,1.9521531100478469,2.350709960963743,-1.2583732057416268,5.525837320574162
lowland_available,SEK,Tmax,2,2024,256,1.7964843750000001,2.2116788730509684,-1.0832031250000003,4.891523437500001
lowland_available,SEK,Tmax,2,2025,287,1.7895470383275263,2.163153588970823,-1.1449477351916377,4.679233449477352
lowland_available,SHA,Tmax,2,2022,320,1.2615625,1.5992478700939388,-0.3346874999999999,2.5575937499999997
lowland_available,SHA,Tmax,2,2023,341,1.2639296187683284,1.603661499593537,-0.395307917888563,2.571730205278592
lowland_available,SHA,Tmax,2,2024,342,1.1625730994152048,1.4677229051547127,-0.27017543859649124,2.1542105263157896
lowland_available,SHA,Tmax,2,2025,335,1.2023880597014927,1.5436533521622628,-0.2817910447761194,2.382865671641791
lowland_available,SKG,Tmax,2,2022,350,1.2262857142857144,1.5723322077183852,0.5628571428571428,2.4722285714285714
lowland_available,SKG,Tmax,2,2023,333,1.3438438438438438,1.6591994885916952,0.5756756756756756,2.752942942942943
lowland_available,SKG,Tmax,2,2024,289,1.2290657439446369,1.5356659455082577,0.5889273356401383,2.3582698961937716
lowland_available,SKG,Tmax,2,2025,331,1.2453172205438063,1.543821131414065,0.5595166163141994,2.3833836858006037
lowland_available,SKW,Tmax,2,2022,338,1.4952662721893493,1.8453684226692013,0.9408284023668639,3.405384615384616
lowland_available,SKW,Tmax,2,2023,350,1.4608571428571426,1.81549678364589,0.9888571428571429,3.2960285714285718
lowland_available,SKW,Tmax,2,2024,345,1.323768115942029,1.6379821449717873,0.7805797101449278,2.682985507246377
lowland_available,SKW,Tmax,2,2025,349,1.3570200573065903,1.676690012578593,0.9249283667621777,2.8112893982808025
lowland_available,SSH,Tmax,2,2022,333,2.5246246246246247,2.961073784619012,-1.8063063063063063,8.76795795795796
lowland_available,SSH,Tmax,2,2023,351,2.4002849002849005,2.8521147249994003,-1.6971509971509973,8.134558404558405
lowland_available,SSH,Tmax,2,2024,346,2.309537572254335,2.7691268630770653,-1.6095375722543352,7.668063583815029
lowland_available,SSH,Tmax,2,2025,341,2.472140762463343,2.872490617224198,-1.9196480938416423,8.251202346041055
lowland_available,SSP,Tmax,2,2022,339,1.3949852507374634,1.8202969059905316,-0.7466076696165193,3.3134808259587025
lowland_available,SSP,Tmax,2,2023,350,1.435714285714286,1.8281372252338486,-0.7654285714285713,3.3420857142857154
lowland_available,SSP,Tmax,2,2024,353,1.4490084985835694,1.8447767163384505,-0.8507082152974503,3.4032011331444756
lowland_available,SSP,Tmax,2,2025,309,1.440453074433657,1.7647483020474302,-0.8229773462783174,3.114336569579288
lowland_available,STY,Tmax,2,2022,288,1.1545138888888888,1.4748705216240359,0.48854166666666665,2.1752430555555557
lowland_available,STY,Tmax,2,2023,341,1.2129032258064516,1.5343190337608095,0.4756598240469207,2.3541348973607037
lowland_available,STY,Tmax,2,2024,335,1.1146268656716418,1.4260267314485975,0.17731343283582082,2.0335522388059704
lowland_available,STY,Tmax,2,2025,290,1.0651724137931036,1.395275278734729,0.3168965517241378,1.9467931034482757
lowland_available,TKL,Tmax,2,2022,318,1.9261006289308176,2.277625653252132,-1.0022012578616353,5.187578616352201
lowland_available,TKL,Tmax,2,2023,338,1.7674556213017754,2.170430655600227,-0.8568047337278107,4.710769230769231
lowland_available,TKL,Tmax,2,2024,354,1.6940677966101696,2.0493970451299988,-0.8341807909604522,4.200028248587571
lowland_available,TKL,Tmax,2,2025,271,1.8549815498154982,2.2106835529350897,-1.118450184501845,4.8871217712177115
lowland_available,TU1,Tmax,2,2022,335,1.2444776119402985,1.5694946424998784,-0.16865671641791033,2.463313432835821
lowland_available,TU1,Tmax,2,2023,350,1.3311428571428572,1.6766548328655568,-0.15914285714285717,2.8111714285714284
lowland_available,TU1,Tmax,2,2024,332,1.2993975903614456,1.6588027327033483,-0.3475903614457831,2.751626506024096
lowland_available,TU1,Tmax,2,2025,269,1.1899628252788106,1.5356845827013008,-0.5260223048327136,2.3583271375464685
lowland_available,TW,Tmax,2,2022,321,1.5003115264797509,1.9303285275566604,-0.42803738317757,3.726168224299065
lowland_available,TW,Tmax,2,2023,126,1.9341269841269844,2.3575444583328378,-1.2055555555555555,5.558015873015873
lowland_available,TW,Tmax,2,2024,290,1.3744827586206898,1.7177973064965775,-0.4206896551724137,2.9508275862068967
lowland_available,TW,Tmax,2,2025,328,1.4853658536585366,1.8826389107560384,-0.7207317073170731,3.544329268292683
lowland_available,TWN,Tmax,2,2022,292,1.770890410958904,2.1252477696004717,1.068835616438356,4.51667808219178
lowland_available,TWN,Tmax,2,2023,320,1.7418750000000003,2.148778722902849,0.9487500000000001,4.61725
lowland_available,TWN,Tmax,2,2024,347,1.7648414985590777,2.160531474800195,0.9095100864553315,4.667896253602306
lowland_available,TWN,Tmax,2,2025,342,1.7254385964912278,2.067960828522652,0.784502923976608,4.276461988304093
lowland_available,TY1,Tmax,2,2022,69,1.3695652173913044,1.8481091002364585,-0.3376811594202898,3.415507246376812
lowland_available,TY1,Tmax,2,2023,299,1.2545150501672242,1.5953842283664463,-0.07926421404682278,2.5452508361204016
lowland_available,TY1,Tmax,2,2024,323,1.3770897832817337,1.7283647132602955,-0.47120743034055707,2.9872445820433438
lowland_available,TY1,Tmax,2,2025,309,1.212621359223301,1.53282318796603,-0.3485436893203884,2.349546925566343
lowland_available,WGL,Tmax,2,2022,355,1.5611267605633805,1.9078045785297704,0.7459154929577464,3.6397183098591546
lowland_available,WGL,Tmax,2,2023,347,1.5536023054755042,1.8960219237779623,0.7760806916426514,3.5948991354466853
lowland_available,WGL,Tmax,2,2024,344,1.2479651162790697,1.5732409889468066,0.521220930232558,2.475087209302326
lowland_available,WGL,Tmax,2,2025,346,1.2997109826589595,1.651772563386397,0.5274566473988439,2.728352601156069
lowland_available,WLP,Tmax,2,2022,315,2.117777777777778,2.577872877282464,-1.7273015873015873,6.645428571428571
lowland_available,WLP,Tmax,2,2023,303,2.3,2.803575039712747,-1.8207920792079209,7.86003300330033
lowland_available,WLP,Tmax,2,2024,342,2.1695906432748537,2.7856776554368237,-1.6608187134502923,7.76
lowland_available,WLP,Tmax,2,2025,342,1.9558479532163746,2.410545787607455,-1.293859649122807,5.810730994152046
lowland_available,WTS,Tmax,2,2022,299,1.5862876254180602,1.9230428090619693,-0.7394648829431439,3.69809364548495
lowland_available,WTS,Tmax,2,2023,342,1.454093567251462,1.8329265896486242,-0.7599415204678364,3.359619883040936
lowland_available,WTS,Tmax,2,2024,323,1.3876160990712076,1.7083658659340348,-0.7739938080495354,2.9185139318885445
lowland_available,WTS,Tmax,2,2025,335,1.4101492537313431,1.7550949287589046,-0.7361194029850746,3.080358208955224
lowland_available,YLP,Tmax,2,2022,277,2.0657039711191336,2.452008680734453,-1.4368231046931408,6.012346570397112
lowland_available,YLP,Tmax,2,2023,299,2.1862876254180605,2.6274280059444832,-1.58628762541806,6.9033779264214035
lowland_available,YLP,Tmax,2,2024,321,2.2398753894081005,2.6863332430722164,-1.7800623052959503,7.216386292834892
lowland_available,YLP,Tmax,2,2025,339,2.2973451327433625,2.6883338042489897,-1.831858407079646,7.227138643067845
all_available,CCH,Tmax,3,2022,300,1.4853333333333334,1.8790423092628863,0.3106666666666667,3.5308
all_available,CCH,Tmax,3,2023,308,1.4636363636363636,1.8739672480471068,0.08896103896103906,3.5117532467532464
all_available,CCH,Tmax,3,2024,357,1.5182072829131652,1.9052779413023826,-0.18263305322128862,3.6300840336134454
all_available,CCH,Tmax,3,2025,348,1.417528735632184,1.764993243450322,-0.12155172413793111,3.1152011494252876
all_available,CWB,Tmax,3,2022,312,1.4676282051282052,1.8706659310633273,0.9958333333333333,3.4993910256410254
all_available,CWB,Tmax,3,2023,288,1.646527777777778,1.9679021542975377,1.3479166666666667,3.8726388888888894
all_available,CWB,Tmax,3,2024,321,1.5866043613707164,1.9500539172991684,1.2838006230529595,3.802710280373832
all_available,CWB,Tmax,3,2025,339,1.6554572271386432,2.0143291994839885,1.446017699115044,4.057522123893805
all_available,HKP,Tmax,3,2022,322,1.327329192546584,1.6926219141023133,0.3614906832298136,2.864968944099379
all_available,HKP,Tmax,3,2023,351,1.3578347578347578,1.7317711566576395,0.5601139601139602,2.9990313390313386
all_available,HKP,Tmax,3,2024,302,1.330794701986755,1.6625899368194326,0.5678807947019866,2.7642052980132448
all_available,HKP,Tmax,3,2025,309,1.2271844660194176,1.549423110099379,0.7288025889967638,2.4007119741100325
all_available,HKS,Tmax,3,2022,329,1.2191489361702128,1.5753708493779834,-0.04772036474164135,2.4817933130699092
all_available,HKS,Tmax,3,2023,311,1.219292604501608,1.6046155292731545,-0.09131832797427648,2.5747909967845657
all_available,HKS,Tmax,3,2024,347,1.3731988472622478,1.7140628714774502,-0.4463976945244955,2.9380115273775216
all_available,HKS,Tmax,3,2025,349,1.2693409742120345,1.6148842072623442,-0.4200573065902579,2.60785100286533
all_available,HPV,Tmax,3,2022,326,1.6975460122699386,2.10547052578974,-1.185889570552147,4.433006134969324
all_available,HPV,Tmax,3,2023,321,1.6987538940809968,2.1041495866183193,-1.1616822429906541,4.427445482866044
all_available,HPV,Tmax,3,2024,285,1.6487719298245616,2.0071189092302113,-1.1,4.028526315789474
all_available,HPV,Tmax,3,2025,302,1.4000000000000001,1.7602302678986321,-0.9688741721854306,3.0984105960264903
all_available,JKB,Tmax,3,2022,333,1.4483483483483486,1.8240716096790823,-0.3762762762762764,3.327237237237238
all_available,JKB,Tmax,3,2023,264,1.5348484848484851,1.9417073087175816,-0.24242424242424265,3.7702272727272734
all_available,JKB,Tmax,3,2024,358,1.4952513966480445,1.869118335460681,-0.25670391061452524,3.4936033519553074
all_available,JKB,Tmax,3,2025,351,1.3866096866096866,1.7641975973209922,-0.1005698005698006,3.112393162393162
all_available,KLT,Tmax,3,2022,326,1.5984662576687116,1.9865267034596548,-0.5512269938650306,3.9462883435582827
all_available,KLT,Tmax,3,2023,259,1.937837837837838,2.336292479177757,-0.7038610038610038,5.458262548262549
all_available,KLT,Tmax,3,2024,361,1.574515235457064,1.999376634155695,-0.623268698060942,3.997506925207756
all_available,KLT,Tmax,3,2025,354,1.660169491525424,2.028908309055309,-0.8341807909604521,4.116468926553672
all_available,KP,Tmax,3,2022,208,1.3783653846153845,1.7490519409976628,0.17451923076923082,3.059182692307692
all_available,KP,Tmax,3,2023,341,1.3114369501466276,1.721197837012032,0.16480938416422303,2.9625219941348973
all_available,KP,Tmax,3,2024,350,1.1808571428571428,1.5484831287424474,0.050571428571428496,2.3977999999999993
all_available,KP,Tmax,3,2025,346,1.1242774566473988,1.502714307184616,0.18901734104046244,2.258150289017341
all_available,KSC,Tmax,3,2022,311,1.3704180064308684,1.8199501777569862,0.1504823151125403,3.3122186495176855
all_available,KSC,Tmax,3,2023,338,1.4349112426035504,1.876450129568435,-0.014201183431952738,3.5210650887573967
all_available,KSC,Tmax,3,2024,333,1.452252252252252,1.8454066016803794,0.05045045045045044,3.405525525525526
all_available,KSC,Tmax,3,2025,332,1.485542168674699,1.9014420653048683,0.17831325301204826,3.615481927710843
all_available,KTG,Tmax,3,2022,196,1.5443877551020408,1.934422341661295,0.2749999999999999,3.741989795918368
all_available,KTG,Tmax,3,2023,350,1.4602857142857144,1.8989094614691726,0.21000000000000008,3.6058571428571433
all_available,KTG,Tmax,3,2024,351,1.2903133903133905,1.6474533571857397,0.052706552706552806,2.7141025641025642
all_available,KTG,Tmax,3,2025,353,1.2606232294617563,1.6226093768377219,0.014164305949008573,2.6328611898017
all_available,LFS,Tmax,3,2022,283,1.7515901060070673,2.2462296639436077,-0.6823321554770317,5.045547703180212
all_available,LFS,Tmax,3,2023,271,2.0516605166051662,2.594373702408556,-1.2428044280442803,6.730774907749077
all_available,LFS,Tmax,3,2024,315,1.9555555555555555,2.602282270598833,-1.3060317460317459,6.771873015873017
all_available,LFS,Tmax,3,2025,349,2.0392550143266472,2.4911821568648786,-1.2455587392550145,6.205988538681948
all_available,NGP,Tmax,3,2022,223,4.108071748878923,4.594103258892123,3.962780269058295,21.105784753363228
all_available,NGP,Tmax,3,2023,202,3.7376237623762383,4.316810336944225,3.6732673267326734,18.634851485148513
all_available,NGP,Tmax,3,2024,121,3.8719008264462804,4.451678112412097,3.7644628099173554,19.817438016528925
all_available,NGP,Tmax,3,2025,210,3.530952380952381,4.123723467704307,3.423333333333334,17.00509523809524
all_available,PEN,Tmax,3,2022,246,1.16869918699187,1.4757800748310341,0.15000000000000013,2.1779268292682925
all_available,PEN,Tmax,3,2023,253,1.4541501976284583,1.8355191186099393,-0.31818181818181823,3.3691304347826083
all_available,PEN,Tmax,3,2024,194,1.3469072164948455,1.7396675828930859,-0.4860824742268042,3.0264432989690717
all_available,PEN,Tmax,3,2025,304,1.3957236842105265,1.7601865182267955,-0.39769736842105263,3.098256578947369
all_available,PLC,Tmax,3,2022,315,1.7895238095238097,2.2088925617164703,-0.5120634920634921,4.87920634920635
all_available,PLC,Tmax,3,2023,340,1.645294117647059,2.0749769665624496,-0.24411764705882358,4.305529411764706
all_available,PLC,Tmax,3,2024,346,1.603757225433526,2.0467018442622167,0.21358381502890156,4.188988439306359
all_available,PLC,Tmax,3,2025,331,1.4885196374622358,1.9176159040034606,0.16102719033232626,3.6772507552870093
all_available,SEK,Tmax,3,2022,276,1.863405797101449,2.2609556143045073,-1.1778985507246378,5.111920289855072
all_available,SEK,Tmax,3,2023,209,2.1129186602870815,2.526131372854282,-1.2488038277511961,6.38133971291866
all_available,SEK,Tmax,3,2024,256,1.874609375,2.3350505214020534,-1.0871093750000003,5.4524609375000015
all_available,SEK,Tmax,3,2025,287,1.910104529616725,2.3213446781946403,-1.1588850174216028,5.388641114982579
all_available,SHA,Tmax,3,2022,319,1.3789968652037616,1.7165888022434088,-0.38965517241379294,2.9466771159874607
all_available,SHA,Tmax,3,2023,341,1.4205278592375368,1.797815552959575,-0.427565982404692,3.2321407624633425
all_available,SHA,Tmax,3,2024,342,1.253216374269006,1.5928752185869124,-0.2906432748538012,2.537251461988304
all_available,SHA,Tmax,3,2025,335,1.2823880597014925,1.6934112882122807,-0.2967164179104477,2.8676417910447762
all_available,SKG,Tmax,3,2022,349,1.2816618911174784,1.6221867868241022,0.4994269340974212,2.631489971346705
all_available,SKG,Tmax,3,2023,333,1.4213213213213214,1.7649660351137373,0.5156156156156155,3.1151051051051057
all_available,SKG,Tmax,3,2024,289,1.316262975778547,1.6488855416346413,0.5681660899653979,2.7188235294117646
all_available,SKG,Tmax,3,2025,331,1.3613293051359516,1.683131163514943,0.5323262839879154,2.832930513595166
all_available,SKW,Tmax,3,2022,337,1.457566765578635,1.8287029016957959,0.8759643916913946,3.3441543026706233
all_available,SKW,Tmax,3,2023,350,1.4854285714285718,1.885288913061944,0.9545714285714286,3.554314285714286
all_available,SKW,Tmax,3,2024,345,1.3944927536231884,1.7495589506327391,0.7660869565217393,3.060956521739131
all_available,SKW,Tmax,3,2025,349,1.374785100286533,1.7155449734337849,0.8991404011461318,2.943094555873926
all_available,SSH,Tmax,3,2022,332,2.637349397590362,3.080193234432831,-1.855421686746988,9.487590361445784
all_available,SSH,Tmax,3,2023,351,2.5735042735042737,3.032506696793408,-1.7427350427350428,9.196096866096866
all_available,SSH,Tmax,3,2024,346,2.409537572254335,2.88886140740844,-1.626878612716763,8.345520231213873
all_available,SSH,Tmax,3,2025,341,2.5824046920821115,3.0008112295162146,-1.943108504398827,9.004868035190617
all_available,SSP,Tmax,3,2022,338,1.4801775147928997,1.9070330746814523,-0.8073964497041421,3.636775147928994
all_available,SSP,Tmax,3,2023,350,1.564857142857143,1.9932242365431085,-0.7968571428571428,3.9729428571428578
all_available,SSP,Tmax,3,2024,353,1.5424929178470255,1.9665258188068606,-0.8705382436260622,3.867223796033994
all_available,SSP,Tmax,3,2025,309,1.488349514563107,1.857313018983455,-0.8391585760517801,3.449611650485436
all_available,STY,Tmax,3,2022,287,1.188850174216028,1.5167588771090803,0.44181184668989554,2.300557491289198
all_available,STY,Tmax,3,2023,341,1.2868035190615839,1.6482106177516294,0.4492668621700879,2.716598240469208
all_available,STY,Tmax,3,2024,335,1.2149253731343284,1.5548095818526768,0.15343283582089545,2.4174328358208954
all_available,STY,Tmax,3,2025,290,1.0982758620689654,1.4296973395647838,0.2824137931034481,2.044034482758621
all_available,TKL,Tmax,3,2022,317,2.0498422712933753,2.420626401710134,-1.0561514195583597,5.859432176656151
all_available,TKL,Tmax,3,2023,338,1.9408284023668638,2.37007976796328,-0.8893491124260355,5.617278106508876
all_available,TKL,Tmax,3,2024,354,1.808757062146893,2.208106533498064,-0.8454802259887008,4.875734463276836
all_available,TKL,Tmax,3,2025,271,1.9878228782287826,2.379501947949445,-1.1147601476014761,5.662029520295203
all_available,TU1,Tmax,3,2022,334,1.3011976047904192,1.6693431602957935,-0.2335329341317364,2.786706586826347
all_available,TU1,Tmax,3,2023,350,1.4545714285714284,1.8464715385992665,-0.19057142857142859,3.4094571428571427
all_available,TU1,Tmax,3,2024,332,1.4060240963855422,1.813553391443014,-0.37168674698795173,3.288975903614458
all_available,TU1,Tmax,3,2025,269,1.2762081784386619,1.6314634113131472,-0.5557620817843865,2.6616728624535315
all_available,TW,Tmax,3,2022,320,1.57625,2.0193284774894846,-0.48624999999999996,4.077687500000001
all_available,TW,Tmax,3,2023,126,2.0769841269841267,2.5462546413139235,-1.2531746031746032,6.483412698412698
all_available,TW,Tmax,3,2024,290,1.4710344827586208,1.832032976664505,-0.44137931034482747,3.3563448275862067
all_available,TW,Tmax,3,2025,328,1.5591463414634146,1.970003714246839,-0.748170731707317,3.8809146341463414
all_available,TWN,Tmax,3,2022,291,1.7594501718213058,2.1322108301138942,0.9876288659793814,4.546323024054982
all_available,TWN,Tmax,3,2023,320,1.81875,2.2690306300268404,0.905,5.1485
all_available,TWN,Tmax,3,2024,347,1.8368876080691643,2.2360422013514825,0.8806916426512967,4.999884726224784
all_available,TWN,Tmax,3,2025,342,1.7885964912280703,2.1622424465496044,0.7786549707602338,4.675292397660819
all_available,TY1,Tmax,3,2022,69,1.3144927536231883,1.759734828508735,-0.4681159420289855,3.096666666666667
all_available,TY1,Tmax,3,2023,299,1.3561872909698998,1.7520461043703914,-0.11939799331103683,3.069665551839465
all_available,TY1,Tmax,3,2024,323,1.4792569659442725,1.8660068124603961,-0.4959752321981422,3.4819814241486076
all_available,TY1,Tmax,3,2025,309,1.279935275080906,1.617271264519985,-0.3679611650485437,2.615566343042071
all_available,WGL,Tmax,3,2022,354,1.5830508474576275,1.9549300275021044,0.6745762711864406,3.821751412429379
all_available,WGL,Tmax,3,2023,347,1.6273775216138326,1.9959829976232644,0.7357348703170029,3.983948126801152
all_available,WGL,Tmax,3,2024,344,1.3375,1.7015980860683957,0.5124999999999998,2.8954360465116276
all_available,WGL,Tmax,3,2025,346,1.3638728323699423,1.7164707035951934,0.5072254335260116,2.946271676300578
all_available,WLP,Tmax,3,2022,314,2.2197452229299364,2.6765673424843066,-1.767515923566879,7.164012738853503
all_available,WLP,Tmax,3,2023,303,2.447854785478548,2.96046000350338,-1.8471947194719474,8.764323432343234
all_available,WLP,Tmax,3,2024,342,2.2859649122807015,2.9225479550740654,-1.6666666666666667,8.541286549707602
all_available,WLP,Tmax,3,2025,342,2.0669590643274853,2.5393223298228293,-1.3055555555555556,6.448157894736842
all_available,WTS,Tmax,3,2022,298,1.6620805369127518,2.026245577648375,-0.7895973154362417,4.105671140939598
all_available,WTS,Tmax,3,2023,342,1.6061403508771928,2.0110731475205874,-0.7891812865497077,4.044415204678363
all_available,WTS,Tmax,3,2024,323,1.4848297213622292,1.8454865031846026,-0.7956656346749225,3.4058204334365323
all_available,WTS,Tmax,3,2025,335,1.4877611940298507,1.8710042000000724,-0.751044776119403,3.5006567164179105
all_available,YLP,Tmax,3,2022,276,2.2010869565217392,2.589422463726646,-1.5141304347826086,6.705108695652173
all_available,YLP,Tmax,3,2023,299,2.345484949832776,2.7881198037627035,-1.6331103678929764,7.773612040133777
all_available,YLP,Tmax,3,2024,321,2.3451713395638634,2.8261462813765177,-1.8080996884735205,7.98710280373832
all_available,YLP,Tmax,3,2025,339,2.404719764011799,2.818501871980908,-1.8407079646017699,7.943952802359881
strict_common,CCH,Tmax,3,2022,4,1.7999999999999998,2.3441416339462084,0.10000000000000053,5.495
strict_common,CCH,Tmax,3,2023,3,2.6666666666666665,2.9788140816998525,-1.2666666666666657,8.873333333333335
strict_common,CCH,Tmax,3,2024,4,2.1500000000000004,2.4155744658362326,-0.34999999999999964,5.835000000000001
strict_common,CCH,Tmax,3,2025,13,1.353846153846154,1.4982040530633285,-0.46153846153846206,2.244615384615385
strict_common,CWB,Tmax,3,2022,4,2.05,2.658006772000402,1.2499999999999991,7.064999999999997
strict_common,CWB,Tmax,3,2023,3,2.0666666666666678,2.5179356624028357,0.6666666666666666,6.340000000000006
strict_common,CWB,Tmax,3,2024,4,1.125,1.4671400751121209,1.125,2.1524999999999994
strict_common,CWB,Tmax,3,2025,13,1.5230769230769228,1.8355464497611522,1.3846153846153846,3.36923076923077
strict_common,HKP,Tmax,3,2022,4,2.3,2.7910571473905725,0.2999999999999998,7.790000000000001
strict_common,HKP,Tmax,3,2023,3,2.866666666666666,3.3075670817082448,-0.7333333333333331,10.939999999999996
strict_common,HKP,Tmax,3,2024,4,1.4249999999999998,1.6255768207008858,-0.3250000000000002,2.6425
strict_common,HKP,Tmax,3,2025,13,1.0538461538461537,1.3969747533647343,0.5923076923076921,1.9515384615384606
strict_common,HKS,Tmax,3,2022,4,2.0250000000000004,2.4662724910277047,-0.8250000000000011,6.0825
strict_common,HKS,Tmax,3,2023,3,1.7666666666666668,2.2956480566498,-1.0333333333333325,5.270000000000002
strict_common,HKS,Tmax,3,2024,4,2.1499999999999995,2.448468909339059,-1.5499999999999998,5.994999999999999
strict_common,HKS,Tmax,3,2025,13,1.376923076923077,1.6795145818864539,-0.7153846153846152,2.82076923076923
strict_common,HPV,Tmax,3,2022,4,2.325000000000001,2.5947061490658254,-0.7750000000000004,6.732500000000005
strict_common,HPV,Tmax,3,2023,3,2.7666666666666657,3.3251566379144704,-2.5,11.056666666666663
strict_common,HPV,Tmax,3,2024,4,1.9000000000000004,2.0820662813657016,-1.5500000000000007,4.335000000000002
strict_common,HPV,Tmax,3,2025,13,1.6076923076923078,1.807888696369757,-0.9307692307692306,3.268461538461539
strict_common,JKB,Tmax,3,2022,4,2.45,2.9,-0.20000000000000018,8.41
strict_common,JKB,Tmax,3,2023,3,3.3333333333333335,3.6414282912066245,-0.6666666666666666,13.259999999999998
strict_common,JKB,Tmax,3,2024,4,1.8499999999999996,1.9039432764659772,-1.0,3.625
strict_common,JKB,Tmax,3,2025,13,1.5615384615384613,1.8943235041728055,-0.2076923076923075,3.588461538461537
strict_common,KLT,Tmax,3,2022,4,2.1999999999999993,2.320560277174458,-0.5,5.384999999999997
strict_common,KLT,Tmax,3,2023,3,2.9333333333333336,3.342653636459113,-1.7333333333333332,11.173333333333332
strict_common,KLT,Tmax,3,2024,4,1.2249999999999996,1.4097872179871678,-0.375,1.9874999999999978
strict_common,KLT,Tmax,3,2025,13,1.9384615384615382,2.2128992468983033,-1.0923076923076924,4.896923076923078
strict_common,KP,Tmax,3,2022,4,2.0,2.49499498997493,0.15000000000000036,6.225000000000002
strict_common,KP,Tmax,3,2023,3,2.2999999999999994,2.6095976701399772,-0.6333333333333329,6.809999999999998
strict_common,KP,Tmax,3,2024,4,0.9249999999999998,1.0380269746013349,-0.17499999999999982,1.0775000000000001
strict_common,KP,Tmax,3,2025,13,1.2846153846153843,1.675846513992716,-0.09999999999999978,2.808461538461538
strict_common,KSC,Tmax,3,2022,4,2.374999999999999,2.6893307717720396,-0.27499999999999947,7.232499999999995
strict_common,KSC,Tmax,3,2023,3,3.0666666666666678,3.3386624068130444,-1.2000000000000004,11.14666666666667
strict_common,KSC,Tmax,3,2024,4,1.5500000000000007,1.5763882770434452,-1.0,2.4850000000000017
strict_common,KSC,Tmax,3,2025,13,1.6538461538461537,2.140273167324496,-0.20769230769230737,4.5807692307692305
strict_common,KTG,Tmax,3,2022,4,1.8499999999999996,2.405202694161139,0.8000000000000007,5.785
strict_common,KTG,Tmax,3,2023,3,2.6666666666666665,2.916619047230314,-0.2666666666666657,8.506666666666666
strict_common,KTG,Tmax,3,2024,4,1.7249999999999996,1.8728320800328038,-0.5250000000000004,3.5074999999999985
strict_common,KTG,Tmax,3,2025,13,1.1769230769230772,1.598316421931335,0.13076923076923086,2.5546153846153854
strict_common,LFS,Tmax,3,2022,4,2.3,2.7248853186877424,-2.3,7.424999999999999
strict_common,LFS,Tmax,3,2023,3,2.2000000000000006,2.521904042583699,-2.2000000000000006,6.360000000000002
strict_common,LFS,Tmax,3,2024,4,1.125,1.2399596767637242,-0.47499999999999964,1.5374999999999994
strict_common,LFS,Tmax,3,2025,13,1.9769230769230772,2.262231709549733,-1.284615384615385,5.117692307692308
strict_common,NGP,Tmax,3,2022,4,3.5499999999999994,3.738315128503748,3.5499999999999994,13.974999999999996
strict_common,NGP,Tmax,3,2023,3,2.4666666666666663,2.96310647800581,1.2000000000000004,8.779999999999996
strict_common,NGP,Tmax,3,2024,4,5.3500000000000005,5.558327086453262,5.3500000000000005,30.895000000000003
strict_common,NGP,Tmax,3,2025,13,2.9615384615384617,3.5726525375197284,2.9615384615384617,12.763846153846155
strict_common,PEN,Tmax,3,2022,4,1.4749999999999996,1.8741664813991306,0.42499999999999893,3.512499999999998
strict_common,PEN,Tmax,3,2023,3,2.833333333333332,3.2046840717924123,-1.8999999999999997,10.269999999999994
strict_common,PEN,Tmax,3,2024,4,1.3499999999999996,1.4053469322555192,-0.15000000000000036,1.9749999999999992
strict_common,PEN,Tmax,3,2025,13,1.7461538461538464,1.925337133315378,-0.8846153846153851,3.7069230769230774
strict_common,PLC,Tmax,3,2022,4,2.3499999999999996,2.547547840571399,-0.34999999999999964,6.489999999999998
strict_common,PLC,Tmax,3,2023,3,3.266666666666667,3.3615472627943226,-0.9333333333333336,11.300000000000002
strict_common,PLC,Tmax,3,2024,4,1.0250000000000004,1.3592277219068187,0.27500000000000036,1.8475000000000004
strict_common,PLC,Tmax,3,2025,13,1.3615384615384611,1.7726555481276363,0.06923076923076871,3.142307692307691
strict_common,SEK,Tmax,3,2022,4,1.6750000000000007,1.9461500456028575,-1.325000000000001,3.787500000000004
strict_common,SEK,Tmax,3,2023,3,2.8333333333333335,3.6601457165892537,-2.633333333333333,13.396666666666661
strict_common,SEK,Tmax,3,2024,4,1.25,1.401784576887619,-0.34999999999999964,1.9650000000000005
strict_common,SEK,Tmax,3,2025,13,1.9230769230769236,2.2401922994380508,-1.323076923076924,5.018461538461541
strict_common,SHA,Tmax,3,2022,4,1.6000000000000005,1.8881207588499211,-0.10000000000000053,3.565000000000002
strict_common,SHA,Tmax,3,2023,3,3.0333333333333328,3.2634337744161437,-1.366666666666666,10.649999999999997
strict_common,SHA,Tmax,3,2024,4,1.1999999999999993,1.34350288425444,0.0,1.8049999999999993
strict_common,SHA,Tmax,3,2025,13,1.4769230769230766,1.809377283444819,-0.30769230769230754,3.273846153846153
strict_common,SKG,Tmax,3,2022,4,1.6749999999999998,2.1511624764298953,0.8750000000000009,4.6275
strict_common,SKG,Tmax,3,2023,3,2.133333333333333,2.472515588087026,0.06666666666666761,6.113333333333333
strict_common,SKG,Tmax,3,2024,4,0.8999999999999995,1.106797181058932,0.8999999999999995,1.2249999999999985
strict_common,SKG,Tmax,3,2025,13,1.2230769230769225,1.6657176785444112,0.869230769230769,2.7746153846153825
strict_common,SKW,Tmax,3,2022,4,2.049999999999999,2.7658633371878656,1.25,7.649999999999996
strict_common,SKW,Tmax,3,2023,3,2.233333333333333,2.7452990122510643,0.5000000000000012,7.536666666666669
strict_common,SKW,Tmax,3,2024,4,1.3500000000000005,1.6703293088490072,-0.2499999999999991,2.790000000000002
strict_common,SKW,Tmax,3,2025,13,1.3153846153846156,1.6155494421403511,0.9000000000000008,2.61
strict_common,SSH,Tmax,3,2022,4,2.0500000000000007,2.2989127865145305,-1.3000000000000007,5.285000000000004
strict_common,SSH,Tmax,3,2023,3,3.9666666666666672,4.713455915426246,-2.9,22.21666666666667
strict_common,SSH,Tmax,3,2024,4,1.125,1.289379695822763,-0.3249999999999993,1.662500000000001
strict_common,SSH,Tmax,3,2025,13,2.661538461538461,3.065189164698423,-2.0,9.395384615384616
strict_common,SSP,Tmax,3,2022,4,2.1750000000000007,2.386943652456003,-1.4250000000000007,5.697500000000003
strict_common,SSP,Tmax,3,2023,3,3.233333333333333,3.679220932027142,-2.3000000000000007,13.53666666666667
strict_common,SSP,Tmax,3,2024,4,2.0999999999999996,2.2011360703055134,-1.5999999999999996,4.844999999999998
strict_common,SSP,Tmax,3,2025,13,1.8000000000000005,2.0917420049768607,-1.2307692307692313,4.3753846153846165
strict_common,STY,Tmax,3,2022,4,1.5999999999999996,2.342007685726074,0.8000000000000007,5.484999999999999
strict_common,STY,Tmax,3,2023,3,2.0,2.5152865973217975,0.4666666666666662,6.326666666666665
strict_common,STY,Tmax,3,2024,4,1.4500000000000002,1.6522711641858305,-0.5499999999999998,2.73
strict_common,STY,Tmax,3,2025,13,1.3538461538461535,1.6783691718221814,0.20000000000000012,2.816923076923075
strict_common,TKL,Tmax,3,2022,4,1.8499999999999996,1.9862024066041202,-0.7999999999999989,3.9449999999999985
strict_common,TKL,Tmax,3,2023,3,3.9333333333333336,4.535048695071165,-2.6,20.566666666666674
strict_common,TKL,Tmax,3,2024,4,1.0500000000000007,1.0839741694339404,-0.09999999999999964,1.1750000000000012
strict_common,TKL,Tmax,3,2025,13,2.076923076923077,2.414061371981315,-1.3384615384615384,5.827692307692309
strict_common,TU1,Tmax,3,2022,4,1.5,1.7564168070250294,-0.6999999999999993,3.0849999999999995
strict_common,TU1,Tmax,3,2023,3,3.0666666666666664,3.1738514983113704,-1.2666666666666668,10.07333333333333
strict_common,TU1,Tmax,3,2024,4,1.450000000000001,1.5475787540542172,0.09999999999999964,2.395000000000003
strict_common,TU1,Tmax,3,2025,13,1.215384615384615,1.5531605494306413,-0.5538461538461535,2.4123076923076914
strict_common,TW,Tmax,3,2022,4,2.2,2.3194827009486407,-0.7999999999999998,5.380000000000001
strict_common,TW,Tmax,3,2023,3,2.266666666666667,2.893671255228094,-1.4666666666666675,8.373333333333335
strict_common,TW,Tmax,3,2024,4,1.8250000000000002,1.8309833423600554,-1.0249999999999995,3.3525
strict_common,TW,Tmax,3,2025,13,1.769230769230769,2.000769082897105,-0.9846153846153847,4.003076923076923
strict_common,TWN,Tmax,3,2022,4,1.7000000000000002,1.9170289512680814,-0.20000000000000018,3.6750000000000003
strict_common,TWN,Tmax,3,2023,3,2.4333333333333322,3.150132272355135,-0.8333333333333334,9.923333333333327
strict_common,TWN,Tmax,3,2024,4,1.125,1.5157506391224116,1.0250000000000004,2.297499999999999
strict_common,TWN,Tmax,3,2025,13,1.3615384615384611,1.8244071745258887,0.25384615384615417,3.328461538461537
strict_common,TY1,Tmax,3,2022,4,1.9750000000000005,2.1348302040209197,-1.0750000000000002,4.557500000000002
strict_common,TY1,Tmax,3,2023,3,2.633333333333333,3.1203632267200345,-1.6333333333333329,9.736666666666665
strict_common,TY1,Tmax,3,2024,4,1.0999999999999996,1.1979148550710934,-0.75,1.4349999999999987
strict_common,TY1,Tmax,3,2025,13,1.3307692307692311,1.6684861862916804,-0.6384615384615387,2.783846153846156
strict_common,WGL,Tmax,3,2022,4,2.05,2.6542418879973995,0.9500000000000002,7.045
strict_common,WGL,Tmax,3,2023,3,1.866666666666666,2.401388487243716,0.6000000000000002,5.766666666666663
strict_common,WGL,Tmax,3,2024,4,1.0,1.5427248620541512,1.0,2.38
strict_common,WGL,Tmax,3,2025,13,1.353846153846154,1.7549928774784243,0.7230769230769235,3.079999999999999
strict_common,WLP,Tmax,3,2022,4,2.0500000000000007,2.554407954888961,-2.0,6.525000000000004
strict_common,WLP,Tmax,3,2023,3,4.733333333333333,6.030478145774734,-4.133333333333334,36.366666666666674
strict_common,WLP,Tmax,3,2024,4,1.4750000000000005,1.9280819484658842,-1.1749999999999998,3.7175000000000002
strict_common,WLP,Tmax,3,2025,13,2.6153846153846154,2.899602094717878,-2.0307692307692307,8.407692307692306
strict_common,WTS,Tmax,3,2022,4,2.175,2.45,-1.0750000000000002,6.002500000000001
strict_common,WTS,Tmax,3,2023,3,3.0666666666666664,3.421500645428357,-1.6000000000000003,11.706666666666663
strict_common,WTS,Tmax,3,2024,4,1.7750000000000012,1.835074930350258,-1.2250000000000005,3.367500000000004
strict_common,WTS,Tmax,3,2025,13,1.7615384615384617,1.988234624755571,-1.0538461538461539,3.9530769230769254
strict_common,YLP,Tmax,3,2022,4,1.7250000000000005,2.145343795292494,-1.7250000000000005,4.602500000000003
strict_common,YLP,Tmax,3,2023,3,3.4666666666666663,4.39089968002003,-3.3333333333333335,19.279999999999998
strict_common,YLP,Tmax,3,2024,4,1.5499999999999998,1.8520259177452132,-0.9500000000000002,3.429999999999999
strict_common,YLP,Tmax,3,2025,13,2.661538461538462,2.881506016491537,-2.0615384615384618,8.303076923076926
lowland_available,CCH,Tmax,3,2022,300,1.4853333333333334,1.8790423092628863,0.3106666666666667,3.5308
lowland_available,CCH,Tmax,3,2023,308,1.4636363636363636,1.8739672480471068,0.08896103896103906,3.5117532467532464
lowland_available,CCH,Tmax,3,2024,357,1.5182072829131652,1.9052779413023826,-0.18263305322128862,3.6300840336134454
lowland_available,CCH,Tmax,3,2025,348,1.417528735632184,1.764993243450322,-0.12155172413793111,3.1152011494252876
lowland_available,CWB,Tmax,3,2022,312,1.4676282051282052,1.8706659310633273,0.9958333333333333,3.4993910256410254
lowland_available,CWB,Tmax,3,2023,288,1.646527777777778,1.9679021542975377,1.3479166666666667,3.8726388888888894
lowland_available,CWB,Tmax,3,2024,321,1.5866043613707164,1.9500539172991684,1.2838006230529595,3.802710280373832
lowland_available,CWB,Tmax,3,2025,339,1.6554572271386432,2.0143291994839885,1.446017699115044,4.057522123893805
lowland_available,HKP,Tmax,3,2022,322,1.327329192546584,1.6926219141023133,0.3614906832298136,2.864968944099379
lowland_available,HKP,Tmax,3,2023,351,1.3578347578347578,1.7317711566576395,0.5601139601139602,2.9990313390313386
lowland_available,HKP,Tmax,3,2024,302,1.330794701986755,1.6625899368194326,0.5678807947019866,2.7642052980132448
lowland_available,HKP,Tmax,3,2025,309,1.2271844660194176,1.549423110099379,0.7288025889967638,2.4007119741100325
lowland_available,HKS,Tmax,3,2022,329,1.2191489361702128,1.5753708493779834,-0.04772036474164135,2.4817933130699092
lowland_available,HKS,Tmax,3,2023,311,1.219292604501608,1.6046155292731545,-0.09131832797427648,2.5747909967845657
lowland_available,HKS,Tmax,3,2024,347,1.3731988472622478,1.7140628714774502,-0.4463976945244955,2.9380115273775216
lowland_available,HKS,Tmax,3,2025,349,1.2693409742120345,1.6148842072623442,-0.4200573065902579,2.60785100286533
lowland_available,HPV,Tmax,3,2022,326,1.6975460122699386,2.10547052578974,-1.185889570552147,4.433006134969324
lowland_available,HPV,Tmax,3,2023,321,1.6987538940809968,2.1041495866183193,-1.1616822429906541,4.427445482866044
lowland_available,HPV,Tmax,3,2024,285,1.6487719298245616,2.0071189092302113,-1.1,4.028526315789474
lowland_available,HPV,Tmax,3,2025,302,1.4000000000000001,1.7602302678986321,-0.9688741721854306,3.0984105960264903
lowland_available,JKB,Tmax,3,2022,333,1.4483483483483486,1.8240716096790823,-0.3762762762762764,3.327237237237238
lowland_available,JKB,Tmax,3,2023,264,1.5348484848484851,1.9417073087175816,-0.24242424242424265,3.7702272727272734
lowland_available,JKB,Tmax,3,2024,358,1.4952513966480445,1.869118335460681,-0.25670391061452524,3.4936033519553074
lowland_available,JKB,Tmax,3,2025,351,1.3866096866096866,1.7641975973209922,-0.1005698005698006,3.112393162393162
lowland_available,KLT,Tmax,3,2022,326,1.5984662576687116,1.9865267034596548,-0.5512269938650306,3.9462883435582827
lowland_available,KLT,Tmax,3,2023,259,1.937837837837838,2.336292479177757,-0.7038610038610038,5.458262548262549
lowland_available,KLT,Tmax,3,2024,361,1.574515235457064,1.999376634155695,-0.623268698060942,3.997506925207756
lowland_available,KLT,Tmax,3,2025,354,1.660169491525424,2.028908309055309,-0.8341807909604521,4.116468926553672
lowland_available,KP,Tmax,3,2022,208,1.3783653846153845,1.7490519409976628,0.17451923076923082,3.059182692307692
lowland_available,KP,Tmax,3,2023,341,1.3114369501466276,1.721197837012032,0.16480938416422303,2.9625219941348973
lowland_available,KP,Tmax,3,2024,350,1.1808571428571428,1.5484831287424474,0.050571428571428496,2.3977999999999993
lowland_available,KP,Tmax,3,2025,346,1.1242774566473988,1.502714307184616,0.18901734104046244,2.258150289017341
lowland_available,KSC,Tmax,3,2022,311,1.3704180064308684,1.8199501777569862,0.1504823151125403,3.3122186495176855
lowland_available,KSC,Tmax,3,2023,338,1.4349112426035504,1.876450129568435,-0.014201183431952738,3.5210650887573967
lowland_available,KSC,Tmax,3,2024,333,1.452252252252252,1.8454066016803794,0.05045045045045044,3.405525525525526
lowland_available,KSC,Tmax,3,2025,332,1.485542168674699,1.9014420653048683,0.17831325301204826,3.615481927710843
lowland_available,KTG,Tmax,3,2022,196,1.5443877551020408,1.934422341661295,0.2749999999999999,3.741989795918368
lowland_available,KTG,Tmax,3,2023,350,1.4602857142857144,1.8989094614691726,0.21000000000000008,3.6058571428571433
lowland_available,KTG,Tmax,3,2024,351,1.2903133903133905,1.6474533571857397,0.052706552706552806,2.7141025641025642
lowland_available,KTG,Tmax,3,2025,353,1.2606232294617563,1.6226093768377219,0.014164305949008573,2.6328611898017
lowland_available,LFS,Tmax,3,2022,283,1.7515901060070673,2.2462296639436077,-0.6823321554770317,5.045547703180212
lowland_available,LFS,Tmax,3,2023,271,2.0516605166051662,2.594373702408556,-1.2428044280442803,6.730774907749077
lowland_available,LFS,Tmax,3,2024,315,1.9555555555555555,2.602282270598833,-1.3060317460317459,6.771873015873017
lowland_available,LFS,Tmax,3,2025,349,2.0392550143266472,2.4911821568648786,-1.2455587392550145,6.205988538681948
lowland_available,PEN,Tmax,3,2022,246,1.16869918699187,1.4757800748310341,0.15000000000000013,2.1779268292682925
lowland_available,PEN,Tmax,3,2023,253,1.4541501976284583,1.8355191186099393,-0.31818181818181823,3.3691304347826083
lowland_available,PEN,Tmax,3,2024,194,1.3469072164948455,1.7396675828930859,-0.4860824742268042,3.0264432989690717
lowland_available,PEN,Tmax,3,2025,304,1.3957236842105265,1.7601865182267955,-0.39769736842105263,3.098256578947369
lowland_available,PLC,Tmax,3,2022,315,1.7895238095238097,2.2088925617164703,-0.5120634920634921,4.87920634920635
lowland_available,PLC,Tmax,3,2023,340,1.645294117647059,2.0749769665624496,-0.24411764705882358,4.305529411764706
lowland_available,PLC,Tmax,3,2024,346,1.603757225433526,2.0467018442622167,0.21358381502890156,4.188988439306359
lowland_available,PLC,Tmax,3,2025,331,1.4885196374622358,1.9176159040034606,0.16102719033232626,3.6772507552870093
lowland_available,SEK,Tmax,3,2022,276,1.863405797101449,2.2609556143045073,-1.1778985507246378,5.111920289855072
lowland_available,SEK,Tmax,3,2023,209,2.1129186602870815,2.526131372854282,-1.2488038277511961,6.38133971291866
lowland_available,SEK,Tmax,3,2024,256,1.874609375,2.3350505214020534,-1.0871093750000003,5.4524609375000015
lowland_available,SEK,Tmax,3,2025,287,1.910104529616725,2.3213446781946403,-1.1588850174216028,5.388641114982579
lowland_available,SHA,Tmax,3,2022,319,1.3789968652037616,1.7165888022434088,-0.38965517241379294,2.9466771159874607
lowland_available,SHA,Tmax,3,2023,341,1.4205278592375368,1.797815552959575,-0.427565982404692,3.2321407624633425
lowland_available,SHA,Tmax,3,2024,342,1.253216374269006,1.5928752185869124,-0.2906432748538012,2.537251461988304
lowland_available,SHA,Tmax,3,2025,335,1.2823880597014925,1.6934112882122807,-0.2967164179104477,2.8676417910447762
lowland_available,SKG,Tmax,3,2022,349,1.2816618911174784,1.6221867868241022,0.4994269340974212,2.631489971346705
lowland_available,SKG,Tmax,3,2023,333,1.4213213213213214,1.7649660351137373,0.5156156156156155,3.1151051051051057
lowland_available,SKG,Tmax,3,2024,289,1.316262975778547,1.6488855416346413,0.5681660899653979,2.7188235294117646
lowland_available,SKG,Tmax,3,2025,331,1.3613293051359516,1.683131163514943,0.5323262839879154,2.832930513595166
lowland_available,SKW,Tmax,3,2022,337,1.457566765578635,1.8287029016957959,0.8759643916913946,3.3441543026706233
lowland_available,SKW,Tmax,3,2023,350,1.4854285714285718,1.885288913061944,0.9545714285714286,3.554314285714286
lowland_available,SKW,Tmax,3,2024,345,1.3944927536231884,1.7495589506327391,0.7660869565217393,3.060956521739131
lowland_available,SKW,Tmax,3,2025,349,1.374785100286533,1.7155449734337849,0.8991404011461318,2.943094555873926
lowland_available,SSH,Tmax,3,2022,332,2.637349397590362,3.080193234432831,-1.855421686746988,9.487590361445784
lowland_available,SSH,Tmax,3,2023,351,2.5735042735042737,3.032506696793408,-1.7427350427350428,9.196096866096866
lowland_available,SSH,Tmax,3,2024,346,2.409537572254335,2.88886140740844,-1.626878612716763,8.345520231213873
lowland_available,SSH,Tmax,3,2025,341,2.5824046920821115,3.0008112295162146,-1.943108504398827,9.004868035190617
lowland_available,SSP,Tmax,3,2022,338,1.4801775147928997,1.9070330746814523,-0.8073964497041421,3.636775147928994
lowland_available,SSP,Tmax,3,2023,350,1.564857142857143,1.9932242365431085,-0.7968571428571428,3.9729428571428578
lowland_available,SSP,Tmax,3,2024,353,1.5424929178470255,1.9665258188068606,-0.8705382436260622,3.867223796033994
lowland_available,SSP,Tmax,3,2025,309,1.488349514563107,1.857313018983455,-0.8391585760517801,3.449611650485436
lowland_available,STY,Tmax,3,2022,287,1.188850174216028,1.5167588771090803,0.44181184668989554,2.300557491289198
lowland_available,STY,Tmax,3,2023,341,1.2868035190615839,1.6482106177516294,0.4492668621700879,2.716598240469208
lowland_available,STY,Tmax,3,2024,335,1.2149253731343284,1.5548095818526768,0.15343283582089545,2.4174328358208954
lowland_available,STY,Tmax,3,2025,290,1.0982758620689654,1.4296973395647838,0.2824137931034481,2.044034482758621
lowland_available,TKL,Tmax,3,2022,317,2.0498422712933753,2.420626401710134,-1.0561514195583597,5.859432176656151
lowland_available,TKL,Tmax,3,2023,338,1.9408284023668638,2.37007976796328,-0.8893491124260355,5.617278106508876
lowland_available,TKL,Tmax,3,2024,354,1.808757062146893,2.208106533498064,-0.8454802259887008,4.875734463276836
lowland_available,TKL,Tmax,3,2025,271,1.9878228782287826,2.379501947949445,-1.1147601476014761,5.662029520295203
lowland_available,TU1,Tmax,3,2022,334,1.3011976047904192,1.6693431602957935,-0.2335329341317364,2.786706586826347
lowland_available,TU1,Tmax,3,2023,350,1.4545714285714284,1.8464715385992665,-0.19057142857142859,3.4094571428571427
lowland_available,TU1,Tmax,3,2024,332,1.4060240963855422,1.813553391443014,-0.37168674698795173,3.288975903614458
lowland_available,TU1,Tmax,3,2025,269,1.2762081784386619,1.6314634113131472,-0.5557620817843865,2.6616728624535315
lowland_available,TW,Tmax,3,2022,320,1.57625,2.0193284774894846,-0.48624999999999996,4.077687500000001
lowland_available,TW,Tmax,3,2023,126,2.0769841269841267,2.5462546413139235,-1.2531746031746032,6.483412698412698
lowland_available,TW,Tmax,3,2024,290,1.4710344827586208,1.832032976664505,-0.44137931034482747,3.3563448275862067
lowland_available,TW,Tmax,3,2025,328,1.5591463414634146,1.970003714246839,-0.748170731707317,3.8809146341463414
lowland_available,TWN,Tmax,3,2022,291,1.7594501718213058,2.1322108301138942,0.9876288659793814,4.546323024054982
lowland_available,TWN,Tmax,3,2023,320,1.81875,2.2690306300268404,0.905,5.1485
lowland_available,TWN,Tmax,3,2024,347,1.8368876080691643,2.2360422013514825,0.8806916426512967,4.999884726224784
lowland_available,TWN,Tmax,3,2025,342,1.7885964912280703,2.1622424465496044,0.7786549707602338,4.675292397660819
lowland_available,TY1,Tmax,3,2022,69,1.3144927536231883,1.759734828508735,-0.4681159420289855,3.096666666666667
lowland_available,TY1,Tmax,3,2023,299,1.3561872909698998,1.7520461043703914,-0.11939799331103683,3.069665551839465
lowland_available,TY1,Tmax,3,2024,323,1.4792569659442725,1.8660068124603961,-0.4959752321981422,3.4819814241486076
lowland_available,TY1,Tmax,3,2025,309,1.279935275080906,1.617271264519985,-0.3679611650485437,2.615566343042071
lowland_available,WGL,Tmax,3,2022,354,1.5830508474576275,1.9549300275021044,0.6745762711864406,3.821751412429379
lowland_available,WGL,Tmax,3,2023,347,1.6273775216138326,1.9959829976232644,0.7357348703170029,3.983948126801152
lowland_available,WGL,Tmax,3,2024,344,1.3375,1.7015980860683957,0.5124999999999998,2.8954360465116276
lowland_available,WGL,Tmax,3,2025,346,1.3638728323699423,1.7164707035951934,0.5072254335260116,2.946271676300578
lowland_available,WLP,Tmax,3,2022,314,2.2197452229299364,2.6765673424843066,-1.767515923566879,7.164012738853503
lowland_available,WLP,Tmax,3,2023,303,2.447854785478548,2.96046000350338,-1.8471947194719474,8.764323432343234
lowland_available,WLP,Tmax,3,2024,342,2.2859649122807015,2.9225479550740654,-1.6666666666666667,8.541286549707602
lowland_available,WLP,Tmax,3,2025,342,2.0669590643274853,2.5393223298228293,-1.3055555555555556,6.448157894736842
lowland_available,WTS,Tmax,3,2022,298,1.6620805369127518,2.026245577648375,-0.7895973154362417,4.105671140939598
lowland_available,WTS,Tmax,3,2023,342,1.6061403508771928,2.0110731475205874,-0.7891812865497077,4.044415204678363
lowland_available,WTS,Tmax,3,2024,323,1.4848297213622292,1.8454865031846026,-0.7956656346749225,3.4058204334365323
lowland_available,WTS,Tmax,3,2025,335,1.4877611940298507,1.8710042000000724,-0.751044776119403,3.5006567164179105
lowland_available,YLP,Tmax,3,2022,276,2.2010869565217392,2.589422463726646,-1.5141304347826086,6.705108695652173
lowland_available,YLP,Tmax,3,2023,299,2.345484949832776,2.7881198037627035,-1.6331103678929764,7.773612040133777
lowland_available,YLP,Tmax,3,2024,321,2.3451713395638634,2.8261462813765177,-1.8080996884735205,7.98710280373832
lowland_available,YLP,Tmax,3,2025,339,2.404719764011799,2.818501871980908,-1.8407079646017699,7.943952802359881
all_available,CCH,Tmax,4,2022,299,1.5471571906354515,1.97258806620383,0.2983277591973245,3.891103678929766
all_available,CCH,Tmax,4,2023,308,1.5954545454545455,2.0525720323662084,0.0500000000000001,4.213051948051947
all_available,CCH,Tmax,4,2024,357,1.6470588235294117,2.030261260112532,-0.18823529411764714,4.121960784313726
all_available,CCH,Tmax,4,2025,348,1.4554597701149425,1.8172939969263002,-0.1359195402298851,3.3025574712643677
all_available,CWB,Tmax,4,2022,311,1.517363344051447,1.9009305556731844,0.960450160771704,3.6135369774919615
all_available,CWB,Tmax,4,2023,288,1.7208333333333334,2.0865974429412324,1.3270833333333334,4.353888888888889
all_available,CWB,Tmax,4,2024,321,1.5909657320872275,1.9928767228302793,1.2619937694704049,3.9715576323987536
all_available,CWB,Tmax,4,2025,339,1.6554572271386432,2.0306646252050085,1.4283185840707966,4.123598820058997
all_available,HKP,Tmax,4,2022,321,1.4046728971962619,1.7583180153176656,0.35233644859813074,3.0916822429906543
all_available,HKP,Tmax,4,2023,351,1.451851851851852,1.8727769347398122,0.5287749287749288,3.507293447293447
all_available,HKP,Tmax,4,2024,302,1.4301324503311257,1.7623640805230572,0.5579470198675495,3.105927152317881
all_available,HKP,Tmax,4,2025,309,1.2472491909385115,1.5695525303828057,0.7093851132686084,2.4634951456310685
all_available,HKS,Tmax,4,2022,328,1.276219512195122,1.653728234375507,-0.06829268292682925,2.734817073170732
all_available,HKS,Tmax,4,2023,311,1.3003215434083604,1.706955696319076,-0.1331189710610932,2.9136977491961416
all_available,HKS,Tmax,4,2024,347,1.447550432276657,1.8108621985168531,-0.45504322766570593,3.279221902017291
all_available,HKS,Tmax,4,2025,349,1.3037249283667622,1.6766900125785928,-0.43438395415472786,2.811289398280802
all_available,HPV,Tmax,4,2022,325,1.7738461538461539,2.213295489327379,-1.215076923076923,4.8986769230769225
all_available,HPV,Tmax,4,2023,321,1.802803738317757,2.240945783866832,-1.2021806853582553,5.02183800623053
all_available,HPV,Tmax,4,2024,285,1.74140350877193,2.1165430271943237,-1.1070175438596492,4.479754385964911
all_available,HPV,Tmax,4,2025,302,1.443046357615894,1.8214323742702432,-0.9754966887417219,3.3176158940397356
all_available,JKB,Tmax,4,2022,332,1.5298192771084338,1.9138131368792428,-0.3936746987951808,3.662680722891567
all_available,JKB,Tmax,4,2023,264,1.6477272727272727,2.0839756585561515,-0.2613636363636366,4.342954545454546
all_available,JKB,Tmax,4,2024,358,1.6108938547486036,2.01801246321126,-0.26787709497206713,4.0723743016759775
all_available,JKB,Tmax,4,2025,351,1.4316239316239319,1.8178052575608736,-0.12051282051282054,3.3044159544159544
all_available,KLT,Tmax,4,2022,325,1.6713846153846155,2.1009009056556227,-0.5556923076923077,4.413784615384616
all_available,KLT,Tmax,4,2023,259,2.055984555984556,2.518265321934969,-0.7193050193050192,6.3416602316602315
all_available,KLT,Tmax,4,2024,361,1.68808864265928,2.123669536243569,-0.6343490304709143,4.509972299168976
all_available,KLT,Tmax,4,2025,354,1.7042372881355934,2.092919189663872,-0.8539548022598871,4.3803107344632775
all_available,KP,Tmax,4,2022,208,1.4389423076923078,1.807449860992,0.09759615384615386,3.2668749999999998
all_available,KP,Tmax,4,2023,341,1.4293255131964808,1.882018632983574,0.1266862170087978,3.5419941348973607
all_available,KP,Tmax,4,2024,350,1.2837142857142856,1.6459734418964878,0.04485714285714278,2.7092285714285707
all_available,KP,Tmax,4,2025,346,1.1606936416184972,1.5418253576608512,0.16589595375722543,2.3772254335260117
all_available,KSC,Tmax,4,2022,310,1.4787096774193549,1.9214745681712868,0.11032258064516139,3.692064516129033
all_available,KSC,Tmax,4,2023,338,1.5591715976331362,2.036443122632198,-0.03195266272189357,4.147100591715977
all_available,KSC,Tmax,4,2024,333,1.5573573573573574,1.9793528836056087,0.03243243243243243,3.9178378378378382
all_available,KSC,Tmax,4,2025,332,1.540963855421687,1.9599452906060093,0.16325301204819279,3.8413855421686747
all_available,KTG,Tmax,4,2022,196,1.6045918367346939,1.9967192479419937,0.1729591836734693,3.986887755102041
all_available,KTG,Tmax,4,2023,350,1.5768571428571427,2.064149773081955,0.17285714285714293,4.260714285714286
all_available,KTG,Tmax,4,2024,351,1.4190883190883188,1.78426966392926,0.04415954415954424,3.1836182336182337
all_available,KTG,Tmax,4,2025,353,1.3178470254957506,1.6807525631306517,0.0028328611898017753,2.824929178470255
all_available,LFS,Tmax,4,2022,282,1.834397163120567,2.3377339455121917,-0.7145390070921985,5.465
all_available,LFS,Tmax,4,2023,271,2.1948339483394834,2.720049923570497,-1.2907749077490773,7.398671586715866
all_available,LFS,Tmax,4,2024,315,2.038730158730159,2.6679401720999594,-1.309206349206349,7.117904761904762
all_available,LFS,Tmax,4,2025,349,2.076504297994269,2.538917712700131,-1.2656160458452723,6.446103151862465
all_available,NGP,Tmax,4,2022,223,4.1313901345291475,4.639269889983511,3.949327354260089,21.522825112107626
all_available,NGP,Tmax,4,2023,202,3.8000000000000003,4.452521812978517,3.717821782178218,19.824950495049507
all_available,NGP,Tmax,4,2024,121,3.8685950413223136,4.507945235684866,3.7561983471074374,20.32157024793388
all_available,NGP,Tmax,4,2025,210,3.577619047619048,4.138938212127541,3.4423809523809528,17.130809523809525
all_available,PEN,Tmax,4,2022,246,1.2410569105691058,1.5533467671005687,0.1418699186991871,2.412886178861789
all_available,PEN,Tmax,4,2023,253,1.568774703557312,1.9988039902162362,-0.4090909090909091,3.995217391304348
all_available,PEN,Tmax,4,2024,194,1.4159793814432993,1.8181927131819775,-0.5067010309278351,3.3058247422680407
all_available,PEN,Tmax,4,2025,304,1.4398026315789476,1.8206328425491014,-0.42401315789473687,3.314703947368421
all_available,PLC,Tmax,4,2022,314,1.8917197452229304,2.3368687198926557,-0.5165605095541401,5.46095541401274
all_available,PLC,Tmax,4,2023,340,1.8076470588235292,2.2778214566193054,-0.27941176470588236,5.188470588235294
all_available,PLC,Tmax,4,2024,346,1.7604046242774567,2.2033802198130905,0.20780346820809228,4.854884393063584
all_available,PLC,Tmax,4,2025,331,1.5259818731117825,1.9764244929759003,0.1308157099697885,3.9062537764350447
all_available,SEK,Tmax,4,2022,275,1.9781818181818183,2.425470900858036,-1.2232727272727273,5.8829090909090915
all_available,SEK,Tmax,4,2023,209,2.213397129186603,2.6719345893492163,-1.2966507177033493,7.139234449760765
all_available,SEK,Tmax,4,2024,256,1.9753906250000002,2.4485566539290042,-1.0714843750000003,5.995429687500001
all_available,SEK,Tmax,4,2025,287,1.9365853658536585,2.3591618425413583,-1.1554006968641115,5.565644599303137
all_available,SHA,Tmax,4,2022,318,1.4383647798742139,1.8088705256641096,-0.4150943396226413,3.2720125786163523
all_available,SHA,Tmax,4,2023,341,1.5577712609970673,1.9901222350056615,-0.4539589442815249,3.9605865102639295
all_available,SHA,Tmax,4,2024,342,1.3766081871345028,1.7221807201186923,-0.308187134502924,2.965906432748538
all_available,SHA,Tmax,4,2025,335,1.3456716417910448,1.7591212188722432,-0.3086567164179104,3.0945074626865665
all_available,SKG,Tmax,4,2022,348,1.3568965517241378,1.6853834107939092,0.478735632183908,2.8405172413793105
all_available,SKG,Tmax,4,2023,333,1.5126126126126125,1.8963613015947636,0.4495495495495495,3.596186186186186
all_available,SKG,Tmax,4,2024,289,1.3951557093425606,1.7486920470547482,0.5439446366782007,3.057923875432526
all_available,SKG,Tmax,4,2025,331,1.3740181268882175,1.716368681301036,0.5051359516616314,2.945921450151057
all_available,SKW,Tmax,4,2022,336,1.4976190476190478,1.848535456336538,0.8553571428571428,3.417083333333333
all_available,SKW,Tmax,4,2023,350,1.5614285714285714,1.9810603221507417,0.926,3.9246000000000003
all_available,SKW,Tmax,4,2024,345,1.46231884057971,1.8319467747473577,0.7544927536231886,3.3560289855072463
all_available,SKW,Tmax,4,2025,349,1.405730659025788,1.7410763064469805,0.879083094555874,3.0313467048710603
all_available,SSH,Tmax,4,2022,331,2.73987915407855,3.2076522929750975,-1.870392749244713,10.2890332326284
all_available,SSH,Tmax,4,2023,351,2.7,3.1991051099133188,-1.776923076923077,10.234273504273506
all_available,SSH,Tmax,4,2024,346,2.534971098265896,3.0162134129734848,-1.644219653179191,9.097543352601157
all_available,SSH,Tmax,4,2025,341,2.643401759530792,3.071895113678658,-1.9577712609970674,9.436539589442814
all_available,SSP,Tmax,4,2022,337,1.5495548961424335,2.008985748797737,-0.8207715133531158,4.036023738872404
all_available,SSP,Tmax,4,2023,350,1.6660000000000001,2.1360377203732015,-0.8282857142857142,4.562657142857143
all_available,SSP,Tmax,4,2024,353,1.6342776203966007,2.0728447969898594,-0.8847025495750707,4.296685552407932
all_available,SSP,Tmax,4,2025,309,1.5310679611650486,1.9180036141982815,-0.8585760517799355,3.67873786407767
all_available,STY,Tmax,4,2022,286,1.2125874125874125,1.5246918753260656,0.4188811188811189,2.3246853146853153
all_available,STY,Tmax,4,2023,341,1.3706744868035192,1.781099861193224,0.4228739002932551,3.172316715542522
all_available,STY,Tmax,4,2024,335,1.3074626865671641,1.659742832084753,0.1594029850746268,2.7547462686567163
all_available,STY,Tmax,4,2025,290,1.1155172413793104,1.4720030922006504,0.24793103448275844,2.1667931034482764
all_available,TKL,Tmax,4,2022,316,2.1224683544303797,2.5531254115473074,-1.0718354430379746,6.518449367088607
all_available,TKL,Tmax,4,2023,338,2.088165680473373,2.5691847070951512,-0.9189349112426036,6.600710059171598
all_available,TKL,Tmax,4,2024,354,1.9364406779661016,2.350147248662407,-0.8624293785310736,5.52319209039548
all_available,TKL,Tmax,4,2025,271,2.0328413284132845,2.4431620065820243,-1.1442804428044282,5.969040590405904
all_available,TU1,Tmax,4,2022,333,1.3609609609609612,1.77750373263167,-0.2438438438438437,3.1595195195195194
all_available,TU1,Tmax,4,2023,350,1.5625714285714285,1.9973625466742744,-0.2162857142857143,3.989457142857143
all_available,TU1,Tmax,4,2024,332,1.5030120481927711,1.9083993166544648,-0.40180722891566256,3.6419879518072285
all_available,TU1,Tmax,4,2025,269,1.3059479553903346,1.6608212238367104,-0.5631970260223047,2.7583271375464684
all_available,TW,Tmax,4,2022,319,1.660501567398119,2.143481771926944,-0.49435736677115993,4.5945141065830715
all_available,TW,Tmax,4,2023,126,2.2071428571428573,2.695837473316906,-1.3087301587301587,7.267539682539682
all_available,TW,Tmax,4,2024,290,1.5682758620689656,1.9528405482518412,-0.4310344827586206,3.813586206896552
all_available,TW,Tmax,4,2025,328,1.5957317073170731,2.0260047191335016,-0.7664634146341462,4.104695121951219
all_available,TWN,Tmax,4,2022,290,1.8282758620689656,2.2400277091882224,0.9662068965517239,5.017724137931035
all_available,TWN,Tmax,4,2023,320,1.8543749999999999,2.358839757168765,0.87375,5.564125
all_available,TWN,Tmax,4,2024,347,1.9118155619596542,2.318550675191162,0.8662824207492794,5.375677233429394
all_available,TWN,Tmax,4,2025,342,1.7728070175438595,2.179483011824228,0.7640350877192981,4.750146198830408
all_available,TY1,Tmax,4,2022,69,1.2971014492753623,1.7996376446868168,-0.5405797101449274,3.2386956521739134
all_available,TY1,Tmax,4,2023,299,1.4458193979933112,1.8695142716866684,-0.14949832775919736,3.4950836120401343
all_available,TY1,Tmax,4,2024,323,1.563467492260062,1.960981620619803,-0.5052631578947366,3.8454489164086687
all_available,TY1,Tmax,4,2025,309,1.3084142394822007,1.6640205531466545,-0.3906148867313916,2.768964401294498
all_available,WGL,Tmax,4,2022,353,1.63314447592068,1.995668113221813,0.6512747875354107,3.982691218130311
all_available,WGL,Tmax,4,2023,347,1.7599423631123918,2.170824356360308,0.7184438040345822,4.712478386167146
all_available,WGL,Tmax,4,2024,344,1.4107558139534884,1.7741932329673047,0.4979651162790697,3.1477616279069767
all_available,WGL,Tmax,4,2025,346,1.4135838150289017,1.7682246738211256,0.4869942196531792,3.1266184971098263
all_available,WLP,Tmax,4,2022,313,2.313099041533546,2.7820166450649664,-1.7763578274760383,7.73961661341853
all_available,WLP,Tmax,4,2023,303,2.557425742574258,3.0742140587811906,-1.8471947194719474,9.450792079207922
all_available,WLP,Tmax,4,2024,342,2.388888888888889,3.0272253908903877,-1.6842105263157894,9.164093567251461
all_available,WLP,Tmax,4,2025,342,2.081578947368421,2.581915287089722,-1.314327485380117,6.666286549707602
all_available,WTS,Tmax,4,2022,297,1.7508417508417509,2.1402665116150232,-0.8161616161616163,4.580740740740741
all_available,WTS,Tmax,4,2023,342,1.7207602339181287,2.1986106724222205,-0.8330409356725146,4.833888888888889
all_available,WTS,Tmax,4,2024,323,1.5987616099071207,1.9720021728333472,-0.8204334365325076,3.8887925696594423
all_available,WTS,Tmax,4,2025,335,1.5391044776119405,1.9286682436411535,-0.7838805970149254,3.719761194029852
all_available,YLP,Tmax,4,2022,275,2.3120000000000003,2.7296086965650654,-1.5323636363636364,7.450763636363637
all_available,YLP,Tmax,4,2023,299,2.4625418060200666,2.9299000633589714,-1.6565217391304345,8.584314381270904
all_available,YLP,Tmax,4,2024,321,2.424299065420561,2.927291285115435,-1.8174454828660438,8.569034267912775
all_available,YLP,Tmax,4,2025,339,2.4442477876106192,2.876719698578363,-1.8672566371681416,8.27551622418879
strict_common,CCH,Tmax,4,2022,4,1.7999999999999998,2.3334523779156067,-0.39999999999999947,5.444999999999999
strict_common,CCH,Tmax,4,2023,3,3.3333333333333335,3.733630940518894,-1.2666666666666657,13.940000000000003
strict_common,CCH,Tmax,4,2024,4,2.1500000000000004,2.4155744658362326,-0.34999999999999964,5.835000000000001
strict_common,CCH,Tmax,4,2025,13,1.4307692307692308,1.5486967225578863,-0.38461538461538514,2.3984615384615386
strict_common,CWB,Tmax,4,2022,4,2.05,2.3695991222145567,0.7499999999999991,5.614999999999997
strict_common,CWB,Tmax,4,2023,3,2.7333333333333343,3.23625297733866,0.6666666666666666,10.473333333333342
strict_common,CWB,Tmax,4,2024,4,1.125,1.4671400751121209,1.125,2.1524999999999994
strict_common,CWB,Tmax,4,2025,13,1.5999999999999999,1.9135146880905989,1.4615384615384615,3.6615384615384623
strict_common,HKP,Tmax,4,2022,4,2.3,2.754995462791183,-0.20000000000000018,7.5900000000000025
strict_common,HKP,Tmax,4,2023,3,3.5333333333333328,4.1077163160731205,-0.7333333333333331,16.87333333333333
strict_common,HKP,Tmax,4,2024,4,1.4249999999999998,1.6255768207008858,-0.3250000000000002,2.6425
strict_common,HKP,Tmax,4,2025,13,1.2076923076923074,1.456286108829316,0.6692307692307691,2.12076923076923
strict_common,HKS,Tmax,4,2022,4,2.0250000000000004,2.717075633838705,-1.325000000000001,7.3825
strict_common,HKS,Tmax,4,2023,3,2.4333333333333336,3.033699611585389,-1.0333333333333325,9.203333333333338
strict_common,HKS,Tmax,4,2024,4,2.1499999999999995,2.448468909339059,-1.5499999999999998,5.994999999999999
strict_common,HKS,Tmax,4,2025,13,1.4538461538461538,1.7424562680749967,-0.6384615384615382,3.0361538461538444
strict_common,HPV,Tmax,4,2022,4,2.325000000000001,2.735415873317987,-1.2750000000000004,7.482500000000005
strict_common,HPV,Tmax,4,2023,3,3.4333333333333322,3.9059783238859196,-2.5,15.256666666666659
strict_common,HPV,Tmax,4,2024,4,1.9000000000000004,2.0820662813657016,-1.5500000000000007,4.335000000000002
strict_common,HPV,Tmax,4,2025,13,1.5307692307692309,1.820608520417112,-0.8538461538461537,3.3146153846153856
strict_common,JKB,Tmax,4,2022,4,2.45,2.8827070610799153,-0.7000000000000002,8.310000000000002
strict_common,JKB,Tmax,4,2023,3,4.0,4.441471227720232,-0.6666666666666666,19.726666666666663
strict_common,JKB,Tmax,4,2024,4,1.8499999999999996,1.9039432764659772,-1.0,3.625
strict_common,JKB,Tmax,4,2025,13,1.5769230769230769,1.922538386132731,-0.13076923076923058,3.6961538461538455
strict_common,KLT,Tmax,4,2022,4,2.1999999999999993,2.2880122377295096,-1.0,5.234999999999998
strict_common,KLT,Tmax,4,2023,3,3.6,4.062839729384691,-1.7333333333333332,16.506666666666664
strict_common,KLT,Tmax,4,2024,4,1.2249999999999996,1.4097872179871678,-0.375,1.9874999999999978
strict_common,KLT,Tmax,4,2025,13,2.015384615384615,2.2981597989562133,-1.0153846153846156,5.281538461538462
strict_common,KP,Tmax,4,2022,4,2.0,2.371708245126285,-0.34999999999999964,5.625000000000002
strict_common,KP,Tmax,4,2023,3,2.9666666666666663,3.407345007480164,-0.6333333333333329,11.609999999999998
strict_common,KP,Tmax,4,2024,4,0.9249999999999998,1.0380269746013349,-0.17499999999999982,1.0775000000000001
strict_common,KP,Tmax,4,2025,13,1.2846153846153843,1.662019161233616,-0.02307692307692286,2.762307692307692
strict_common,KSC,Tmax,4,2022,4,2.374999999999999,2.661296676434252,-0.7749999999999995,7.082499999999995
strict_common,KSC,Tmax,4,2023,3,3.7333333333333343,4.108527716834828,-1.2000000000000004,16.880000000000006
strict_common,KSC,Tmax,4,2024,4,1.5500000000000007,1.5763882770434452,-1.0,2.4850000000000017
strict_common,KSC,Tmax,4,2025,13,1.7000000000000002,2.1330729007701543,-0.13076923076923044,4.55
strict_common,KTG,Tmax,4,2022,4,1.8499999999999996,2.254994456755936,0.3000000000000007,5.084999999999999
strict_common,KTG,Tmax,4,2023,3,3.3333333333333335,3.720215047547655,-0.2666666666666657,13.840000000000002
strict_common,KTG,Tmax,4,2024,4,1.7249999999999996,1.8728320800328038,-0.5250000000000004,3.5074999999999985
strict_common,KTG,Tmax,4,2025,13,1.2076923076923078,1.6410596951594794,0.2076923076923078,2.6930769230769234
strict_common,LFS,Tmax,4,2022,4,2.8,3.2132538026119257,-2.8,10.325
strict_common,LFS,Tmax,4,2023,3,2.4666666666666663,3.0044411571316667,-2.2000000000000006,9.026666666666669
strict_common,LFS,Tmax,4,2024,4,1.125,1.2399596767637242,-0.47499999999999964,1.5374999999999994
strict_common,LFS,Tmax,4,2025,13,1.9000000000000001,2.2417369639153955,-1.2076923076923078,5.025384615384616
strict_common,NGP,Tmax,4,2022,4,3.0499999999999994,3.3052987762076813,3.0499999999999994,10.924999999999995
strict_common,NGP,Tmax,4,2023,3,3.133333333333333,3.721110945224109,1.2000000000000004,13.846666666666662
strict_common,NGP,Tmax,4,2024,4,5.3500000000000005,5.558327086453262,5.3500000000000005,30.895000000000003
strict_common,NGP,Tmax,4,2025,13,3.0384615384615383,3.6387867800640956,3.0384615384615383,13.24076923076923
strict_common,PEN,Tmax,4,2022,4,1.4749999999999996,1.64696690920006,-0.07500000000000107,2.712499999999999
strict_common,PEN,Tmax,4,2023,3,3.4999999999999987,3.890586930871312,-1.8999999999999997,15.136666666666656
strict_common,PEN,Tmax,4,2024,4,1.3499999999999996,1.4053469322555192,-0.15000000000000036,1.9749999999999992
strict_common,PEN,Tmax,4,2025,13,1.7461538461538464,1.9726982692592556,-0.8076923076923083,3.8915384615384623
strict_common,PLC,Tmax,4,2022,4,2.3499999999999996,2.447447650104083,-0.8499999999999996,5.989999999999998
strict_common,PLC,Tmax,4,2023,3,3.9333333333333336,4.127145906474999,-0.9333333333333336,17.033333333333335
strict_common,PLC,Tmax,4,2024,4,1.0250000000000004,1.3592277219068187,0.27500000000000036,1.8475000000000004
strict_common,PLC,Tmax,4,2025,13,1.469230769230769,1.8615543546683277,0.14615384615384563,3.465384615384614
strict_common,SEK,Tmax,4,2022,4,1.825000000000001,2.3425413550244967,-1.825000000000001,5.487500000000005
strict_common,SEK,Tmax,4,2023,3,3.5,4.265755110958277,-2.633333333333333,18.196666666666662
strict_common,SEK,Tmax,4,2024,4,1.25,1.401784576887619,-0.34999999999999964,1.9650000000000005
strict_common,SEK,Tmax,4,2025,13,1.8461538461538467,2.2298671916299626,-1.2461538461538468,4.972307692307695
strict_common,SHA,Tmax,4,2022,4,1.6000000000000005,1.9013153341831548,-0.6000000000000005,3.615000000000002
strict_common,SHA,Tmax,4,2023,3,3.6999999999999993,4.014556845614054,-1.366666666666666,16.116666666666664
strict_common,SHA,Tmax,4,2024,4,1.1999999999999993,1.34350288425444,0.0,1.8049999999999993
strict_common,SHA,Tmax,4,2025,13,1.446153846153846,1.867948277985975,-0.23076923076923064,3.4892307692307694
strict_common,SKG,Tmax,4,2022,4,1.6749999999999998,1.8914280319377734,0.3750000000000009,3.5774999999999992
strict_common,SKG,Tmax,4,2023,3,2.7999999999999994,3.283291031876401,0.06666666666666761,10.780000000000001
strict_common,SKG,Tmax,4,2024,4,0.8999999999999995,1.106797181058932,0.8999999999999995,1.2249999999999985
strict_common,SKG,Tmax,4,2025,13,1.2999999999999994,1.7022609399537738,0.9461538461538459,2.8976923076923056
strict_common,SKW,Tmax,4,2022,4,2.049999999999999,2.479919353527448,0.75,6.149999999999996
strict_common,SKW,Tmax,4,2023,3,2.9,3.5407155585653403,0.5000000000000012,12.536666666666669
strict_common,SKW,Tmax,4,2024,4,1.3500000000000005,1.6703293088490072,-0.2499999999999991,2.790000000000002
strict_common,SKW,Tmax,4,2025,13,1.4230769230769231,1.64854247979611,0.9769230769230777,2.7176923076923076
strict_common,SSH,Tmax,4,2022,4,2.0500000000000007,2.6143832924802752,-1.8000000000000007,6.835000000000004
strict_common,SSH,Tmax,4,2023,3,4.633333333333334,5.380520420925842,-2.9,28.950000000000003
strict_common,SSH,Tmax,4,2024,4,1.125,1.289379695822763,-0.3249999999999993,1.662500000000001
strict_common,SSH,Tmax,4,2025,13,2.5999999999999996,3.0676977085053916,-1.9230769230769231,9.41076923076923
strict_common,SSP,Tmax,4,2022,4,2.1750000000000007,2.7106272336859605,-1.9250000000000007,7.347500000000004
strict_common,SSP,Tmax,4,2023,3,3.9,4.3439613257946945,-2.3000000000000007,18.87
strict_common,SSP,Tmax,4,2024,4,2.0999999999999996,2.2011360703055134,-1.5999999999999996,4.844999999999998
strict_common,SSP,Tmax,4,2025,13,1.7538461538461543,2.153351591571399,-1.1538461538461544,4.636923076923078
strict_common,STY,Tmax,4,2022,4,1.5999999999999996,2.082066281365701,0.3000000000000007,4.334999999999999
strict_common,STY,Tmax,4,2023,3,2.6666666666666665,3.315619600215521,0.4666666666666662,10.993333333333332
strict_common,STY,Tmax,4,2024,4,1.4500000000000002,1.6522711641858305,-0.5499999999999998,2.73
strict_common,STY,Tmax,4,2025,13,1.5538461538461534,1.8106522411720967,0.27692307692307705,3.2784615384615368
strict_common,TKL,Tmax,4,2022,4,1.8499999999999996,2.2011360703055134,-1.299999999999999,4.844999999999997
strict_common,TKL,Tmax,4,2023,3,4.6000000000000005,5.2249401910452535,-2.6,27.300000000000008
strict_common,TKL,Tmax,4,2024,4,1.0500000000000007,1.0839741694339404,-0.09999999999999964,1.1750000000000012
strict_common,TKL,Tmax,4,2025,13,2.0,2.439419855369147,-1.2615384615384615,5.9507692307692315
strict_common,TU1,Tmax,4,2022,4,1.5,2.057911562725667,-1.1999999999999993,4.234999999999998
strict_common,TU1,Tmax,4,2023,3,3.733333333333333,3.9166312055132275,-1.2666666666666668,15.339999999999996
strict_common,TU1,Tmax,4,2024,4,1.450000000000001,1.5475787540542172,0.09999999999999964,2.395000000000003
strict_common,TU1,Tmax,4,2025,13,1.2307692307692308,1.62101582586115,-0.4769230769230766,2.6276923076923064
strict_common,TW,Tmax,4,2022,4,2.2,2.445403852127497,-1.2999999999999998,5.98
strict_common,TW,Tmax,4,2023,3,2.9333333333333336,3.6110940170535577,-1.4666666666666675,13.040000000000001
strict_common,TW,Tmax,4,2024,4,1.8250000000000002,1.8309833423600554,-1.0249999999999995,3.3525
strict_common,TW,Tmax,4,2025,13,1.7384615384615383,2.031293638584497,-0.9076923076923078,4.126153846153846
strict_common,TWN,Tmax,4,2022,4,1.7000000000000002,1.8641351882307253,-0.7000000000000002,3.4750000000000014
strict_common,TWN,Tmax,4,2023,3,3.099999999999999,3.9314967463634836,-0.8333333333333334,15.456666666666656
strict_common,TWN,Tmax,4,2024,4,1.125,1.5157506391224116,1.0250000000000004,2.297499999999999
strict_common,TWN,Tmax,4,2025,13,1.4384615384615382,1.898785036644384,0.3307692307692311,3.6053846153846143
strict_common,TY1,Tmax,4,2022,4,1.9750000000000005,2.4098755154571787,-1.5750000000000002,5.807500000000002
strict_common,TY1,Tmax,4,2023,3,3.2999999999999994,3.8388366293275187,-1.6333333333333329,14.736666666666665
strict_common,TY1,Tmax,4,2024,4,1.0999999999999996,1.1979148550710934,-0.75,1.4349999999999987
strict_common,TY1,Tmax,4,2025,13,1.3000000000000005,1.731828735536736,-0.5615384615384619,2.9992307692307705
strict_common,WGL,Tmax,4,2022,4,2.05,2.4688053791257016,0.4500000000000002,6.094999999999999
strict_common,WGL,Tmax,4,2023,3,2.5333333333333328,3.1885210782848312,0.6000000000000002,10.166666666666663
strict_common,WGL,Tmax,4,2024,4,1.0,1.5427248620541512,1.0,2.38
strict_common,WGL,Tmax,4,2025,13,1.4307692307692308,1.7767732204541682,0.8000000000000005,3.1569230769230763
strict_common,WLP,Tmax,4,2022,4,2.5,3.004163777159961,-2.5,9.025000000000004
strict_common,WLP,Tmax,4,2023,3,5.3999999999999995,6.645800679125628,-4.133333333333334,44.166666666666664
strict_common,WLP,Tmax,4,2024,4,1.4750000000000005,1.9280819484658842,-1.1749999999999998,3.7175000000000002
strict_common,WLP,Tmax,4,2025,13,2.5384615384615383,2.8863071961884494,-1.9538461538461538,8.33076923076923
strict_common,WTS,Tmax,4,2022,4,2.175,2.6744158240632667,-1.5750000000000002,7.152500000000002
strict_common,WTS,Tmax,4,2023,3,3.733333333333333,4.160128203152718,-1.6000000000000003,17.30666666666666
strict_common,WTS,Tmax,4,2024,4,1.7750000000000012,1.835074930350258,-1.2250000000000005,3.367500000000004
strict_common,WTS,Tmax,4,2025,13,1.730769230769231,2.034131831443653,-0.9769230769230769,4.137692307692309
strict_common,YLP,Tmax,4,2022,4,2.2250000000000005,2.674415824063267,-2.2250000000000005,7.152500000000003
strict_common,YLP,Tmax,4,2023,3,4.133333333333333,4.961182654703748,-3.3333333333333335,24.613333333333333
strict_common,YLP,Tmax,4,2024,4,1.5499999999999998,1.8520259177452132,-0.9500000000000002,3.429999999999999
strict_common,YLP,Tmax,4,2025,13,2.5846153846153848,2.892164480906193,-1.984615384615385,8.364615384615387
lowland_available,CCH,Tmax,4,2022,299,1.5471571906354515,1.97258806620383,0.2983277591973245,3.891103678929766
lowland_available,CCH,Tmax,4,2023,308,1.5954545454545455,2.0525720323662084,0.0500000000000001,4.213051948051947
lowland_available,CCH,Tmax,4,2024,357,1.6470588235294117,2.030261260112532,-0.18823529411764714,4.121960784313726
lowland_available,CCH,Tmax,4,2025,348,1.4554597701149425,1.8172939969263002,-0.1359195402298851,3.3025574712643677
lowland_available,CWB,Tmax,4,2022,311,1.517363344051447,1.9009305556731844,0.960450160771704,3.6135369774919615
lowland_available,CWB,Tmax,4,2023,288,1.7208333333333334,2.0865974429412324,1.3270833333333334,4.353888888888889
lowland_available,CWB,Tmax,4,2024,321,1.5909657320872275,1.9928767228302793,1.2619937694704049,3.9715576323987536
lowland_available,CWB,Tmax,4,2025,339,1.6554572271386432,2.0306646252050085,1.4283185840707966,4.123598820058997
lowland_available,HKP,Tmax,4,2022,321,1.4046728971962619,1.7583180153176656,0.35233644859813074,3.0916822429906543
lowland_available,HKP,Tmax,4,2023,351,1.451851851851852,1.8727769347398122,0.5287749287749288,3.507293447293447
lowland_available,HKP,Tmax,4,2024,302,1.4301324503311257,1.7623640805230572,0.5579470198675495,3.105927152317881
lowland_available,HKP,Tmax,4,2025,309,1.2472491909385115,1.5695525303828057,0.7093851132686084,2.4634951456310685
lowland_available,HKS,Tmax,4,2022,328,1.276219512195122,1.653728234375507,-0.06829268292682925,2.734817073170732
lowland_available,HKS,Tmax,4,2023,311,1.3003215434083604,1.706955696319076,-0.1331189710610932,2.9136977491961416
lowland_available,HKS,Tmax,4,2024,347,1.447550432276657,1.8108621985168531,-0.45504322766570593,3.279221902017291
lowland_available,HKS,Tmax,4,2025,349,1.3037249283667622,1.6766900125785928,-0.43438395415472786,2.811289398280802
lowland_available,HPV,Tmax,4,2022,325,1.7738461538461539,2.213295489327379,-1.215076923076923,4.8986769230769225
lowland_available,HPV,Tmax,4,2023,321,1.802803738317757,2.240945783866832,-1.2021806853582553,5.02183800623053
lowland_available,HPV,Tmax,4,2024,285,1.74140350877193,2.1165430271943237,-1.1070175438596492,4.479754385964911
lowland_available,HPV,Tmax,4,2025,302,1.443046357615894,1.8214323742702432,-0.9754966887417219,3.3176158940397356
lowland_available,JKB,Tmax,4,2022,332,1.5298192771084338,1.9138131368792428,-0.3936746987951808,3.662680722891567
lowland_available,JKB,Tmax,4,2023,264,1.6477272727272727,2.0839756585561515,-0.2613636363636366,4.342954545454546
lowland_available,JKB,Tmax,4,2024,358,1.6108938547486036,2.01801246321126,-0.26787709497206713,4.0723743016759775
lowland_available,JKB,Tmax,4,2025,351,1.4316239316239319,1.8178052575608736,-0.12051282051282054,3.3044159544159544
lowland_available,KLT,Tmax,4,2022,325,1.6713846153846155,2.1009009056556227,-0.5556923076923077,4.413784615384616
lowland_available,KLT,Tmax,4,2023,259,2.055984555984556,2.518265321934969,-0.7193050193050192,6.3416602316602315
lowland_available,KLT,Tmax,4,2024,361,1.68808864265928,2.123669536243569,-0.6343490304709143,4.509972299168976
lowland_available,KLT,Tmax,4,2025,354,1.7042372881355934,2.092919189663872,-0.8539548022598871,4.3803107344632775
lowland_available,KP,Tmax,4,2022,208,1.4389423076923078,1.807449860992,0.09759615384615386,3.2668749999999998
lowland_available,KP,Tmax,4,2023,341,1.4293255131964808,1.882018632983574,0.1266862170087978,3.5419941348973607
lowland_available,KP,Tmax,4,2024,350,1.2837142857142856,1.6459734418964878,0.04485714285714278,2.7092285714285707
lowland_available,KP,Tmax,4,2025,346,1.1606936416184972,1.5418253576608512,0.16589595375722543,2.3772254335260117
lowland_available,KSC,Tmax,4,2022,310,1.4787096774193549,1.9214745681712868,0.11032258064516139,3.692064516129033
lowland_available,KSC,Tmax,4,2023,338,1.5591715976331362,2.036443122632198,-0.03195266272189357,4.147100591715977
lowland_available,KSC,Tmax,4,2024,333,1.5573573573573574,1.9793528836056087,0.03243243243243243,3.9178378378378382
lowland_available,KSC,Tmax,4,2025,332,1.540963855421687,1.9599452906060093,0.16325301204819279,3.8413855421686747
lowland_available,KTG,Tmax,4,2022,196,1.6045918367346939,1.9967192479419937,0.1729591836734693,3.986887755102041
lowland_available,KTG,Tmax,4,2023,350,1.5768571428571427,2.064149773081955,0.17285714285714293,4.260714285714286
lowland_available,KTG,Tmax,4,2024,351,1.4190883190883188,1.78426966392926,0.04415954415954424,3.1836182336182337
lowland_available,KTG,Tmax,4,2025,353,1.3178470254957506,1.6807525631306517,0.0028328611898017753,2.824929178470255
lowland_available,LFS,Tmax,4,2022,282,1.834397163120567,2.3377339455121917,-0.7145390070921985,5.465
lowland_available,LFS,Tmax,4,2023,271,2.1948339483394834,2.720049923570497,-1.2907749077490773,7.398671586715866
lowland_available,LFS,Tmax,4,2024,315,2.038730158730159,2.6679401720999594,-1.309206349206349,7.117904761904762
lowland_available,LFS,Tmax,4,2025,349,2.076504297994269,2.538917712700131,-1.2656160458452723,6.446103151862465
lowland_available,PEN,Tmax,4,2022,246,1.2410569105691058,1.5533467671005687,0.1418699186991871,2.412886178861789
lowland_available,PEN,Tmax,4,2023,253,1.568774703557312,1.9988039902162362,-0.4090909090909091,3.995217391304348
lowland_available,PEN,Tmax,4,2024,194,1.4159793814432993,1.8181927131819775,-0.5067010309278351,3.3058247422680407
lowland_available,PEN,Tmax,4,2025,304,1.4398026315789476,1.8206328425491014,-0.42401315789473687,3.314703947368421
lowland_available,PLC,Tmax,4,2022,314,1.8917197452229304,2.3368687198926557,-0.5165605095541401,5.46095541401274
lowland_available,PLC,Tmax,4,2023,340,1.8076470588235292,2.2778214566193054,-0.27941176470588236,5.188470588235294
lowland_available,PLC,Tmax,4,2024,346,1.7604046242774567,2.2033802198130905,0.20780346820809228,4.854884393063584
lowland_available,PLC,Tmax,4,2025,331,1.5259818731117825,1.9764244929759003,0.1308157099697885,3.9062537764350447
lowland_available,SEK,Tmax,4,2022,275,1.9781818181818183,2.425470900858036,-1.2232727272727273,5.8829090909090915
lowland_available,SEK,Tmax,4,2023,209,2.213397129186603,2.6719345893492163,-1.2966507177033493,7.139234449760765
lowland_available,SEK,Tmax,4,2024,256,1.9753906250000002,2.4485566539290042,-1.0714843750000003,5.995429687500001
lowland_available,SEK,Tmax,4,2025,287,1.9365853658536585,2.3591618425413583,-1.1554006968641115,5.565644599303137
lowland_available,SHA,Tmax,4,2022,318,1.4383647798742139,1.8088705256641096,-0.4150943396226413,3.2720125786163523
lowland_available,SHA,Tmax,4,2023,341,1.5577712609970673,1.9901222350056615,-0.4539589442815249,3.9605865102639295
lowland_available,SHA,Tmax,4,2024,342,1.3766081871345028,1.7221807201186923,-0.308187134502924,2.965906432748538
lowland_available,SHA,Tmax,4,2025,335,1.3456716417910448,1.7591212188722432,-0.3086567164179104,3.0945074626865665
lowland_available,SKG,Tmax,4,2022,348,1.3568965517241378,1.6853834107939092,0.478735632183908,2.8405172413793105
lowland_available,SKG,Tmax,4,2023,333,1.5126126126126125,1.8963613015947636,0.4495495495495495,3.596186186186186
lowland_available,SKG,Tmax,4,2024,289,1.3951557093425606,1.7486920470547482,0.5439446366782007,3.057923875432526
lowland_available,SKG,Tmax,4,2025,331,1.3740181268882175,1.716368681301036,0.5051359516616314,2.945921450151057
lowland_available,SKW,Tmax,4,2022,336,1.4976190476190478,1.848535456336538,0.8553571428571428,3.417083333333333
lowland_available,SKW,Tmax,4,2023,350,1.5614285714285714,1.9810603221507417,0.926,3.9246000000000003
lowland_available,SKW,Tmax,4,2024,345,1.46231884057971,1.8319467747473577,0.7544927536231886,3.3560289855072463
lowland_available,SKW,Tmax,4,2025,349,1.405730659025788,1.7410763064469805,0.879083094555874,3.0313467048710603
lowland_available,SSH,Tmax,4,2022,331,2.73987915407855,3.2076522929750975,-1.870392749244713,10.2890332326284
lowland_available,SSH,Tmax,4,2023,351,2.7,3.1991051099133188,-1.776923076923077,10.234273504273506
lowland_available,SSH,Tmax,4,2024,346,2.534971098265896,3.0162134129734848,-1.644219653179191,9.097543352601157
lowland_available,SSH,Tmax,4,2025,341,2.643401759530792,3.071895113678658,-1.9577712609970674,9.436539589442814
lowland_available,SSP,Tmax,4,2022,337,1.5495548961424335,2.008985748797737,-0.8207715133531158,4.036023738872404
lowland_available,SSP,Tmax,4,2023,350,1.6660000000000001,2.1360377203732015,-0.8282857142857142,4.562657142857143
lowland_available,SSP,Tmax,4,2024,353,1.6342776203966007,2.0728447969898594,-0.8847025495750707,4.296685552407932
lowland_available,SSP,Tmax,4,2025,309,1.5310679611650486,1.9180036141982815,-0.8585760517799355,3.67873786407767
lowland_available,STY,Tmax,4,2022,286,1.2125874125874125,1.5246918753260656,0.4188811188811189,2.3246853146853153
lowland_available,STY,Tmax,4,2023,341,1.3706744868035192,1.781099861193224,0.4228739002932551,3.172316715542522
lowland_available,STY,Tmax,4,2024,335,1.3074626865671641,1.659742832084753,0.1594029850746268,2.7547462686567163
lowland_available,STY,Tmax,4,2025,290,1.1155172413793104,1.4720030922006504,0.24793103448275844,2.1667931034482764
lowland_available,TKL,Tmax,4,2022,316,2.1224683544303797,2.5531254115473074,-1.0718354430379746,6.518449367088607
lowland_available,TKL,Tmax,4,2023,338,2.088165680473373,2.5691847070951512,-0.9189349112426036,6.600710059171598
lowland_available,TKL,Tmax,4,2024,354,1.9364406779661016,2.350147248662407,-0.8624293785310736,5.52319209039548
lowland_available,TKL,Tmax,4,2025,271,2.0328413284132845,2.4431620065820243,-1.1442804428044282,5.969040590405904
lowland_available,TU1,Tmax,4,2022,333,1.3609609609609612,1.77750373263167,-0.2438438438438437,3.1595195195195194
lowland_available,TU1,Tmax,4,2023,350,1.5625714285714285,1.9973625466742744,-0.2162857142857143,3.989457142857143
lowland_available,TU1,Tmax,4,2024,332,1.5030120481927711,1.9083993166544648,-0.40180722891566256,3.6419879518072285
lowland_available,TU1,Tmax,4,2025,269,1.3059479553903346,1.6608212238367104,-0.5631970260223047,2.7583271375464684
lowland_available,TW,Tmax,4,2022,319,1.660501567398119,2.143481771926944,-0.49435736677115993,4.5945141065830715
lowland_available,TW,Tmax,4,2023,126,2.2071428571428573,2.695837473316906,-1.3087301587301587,7.267539682539682
lowland_available,TW,Tmax,4,2024,290,1.5682758620689656,1.9528405482518412,-0.4310344827586206,3.813586206896552
lowland_available,TW,Tmax,4,2025,328,1.5957317073170731,2.0260047191335016,-0.7664634146341462,4.104695121951219
lowland_available,TWN,Tmax,4,2022,290,1.8282758620689656,2.2400277091882224,0.9662068965517239,5.017724137931035
lowland_available,TWN,Tmax,4,2023,320,1.8543749999999999,2.358839757168765,0.87375,5.564125
lowland_available,TWN,Tmax,4,2024,347,1.9118155619596542,2.318550675191162,0.8662824207492794,5.375677233429394
lowland_available,TWN,Tmax,4,2025,342,1.7728070175438595,2.179483011824228,0.7640350877192981,4.750146198830408
lowland_available,TY1,Tmax,4,2022,69,1.2971014492753623,1.7996376446868168,-0.5405797101449274,3.2386956521739134
lowland_available,TY1,Tmax,4,2023,299,1.4458193979933112,1.8695142716866684,-0.14949832775919736,3.4950836120401343
lowland_available,TY1,Tmax,4,2024,323,1.563467492260062,1.960981620619803,-0.5052631578947366,3.8454489164086687
lowland_available,TY1,Tmax,4,2025,309,1.3084142394822007,1.6640205531466545,-0.3906148867313916,2.768964401294498
lowland_available,WGL,Tmax,4,2022,353,1.63314447592068,1.995668113221813,0.6512747875354107,3.982691218130311
lowland_available,WGL,Tmax,4,2023,347,1.7599423631123918,2.170824356360308,0.7184438040345822,4.712478386167146
lowland_available,WGL,Tmax,4,2024,344,1.4107558139534884,1.7741932329673047,0.4979651162790697,3.1477616279069767
lowland_available,WGL,Tmax,4,2025,346,1.4135838150289017,1.7682246738211256,0.4869942196531792,3.1266184971098263
lowland_available,WLP,Tmax,4,2022,313,2.313099041533546,2.7820166450649664,-1.7763578274760383,7.73961661341853
lowland_available,WLP,Tmax,4,2023,303,2.557425742574258,3.0742140587811906,-1.8471947194719474,9.450792079207922
lowland_available,WLP,Tmax,4,2024,342,2.388888888888889,3.0272253908903877,-1.6842105263157894,9.164093567251461
lowland_available,WLP,Tmax,4,2025,342,2.081578947368421,2.581915287089722,-1.314327485380117,6.666286549707602
lowland_available,WTS,Tmax,4,2022,297,1.7508417508417509,2.1402665116150232,-0.8161616161616163,4.580740740740741
lowland_available,WTS,Tmax,4,2023,342,1.7207602339181287,2.1986106724222205,-0.8330409356725146,4.833888888888889
lowland_available,WTS,Tmax,4,2024,323,1.5987616099071207,1.9720021728333472,-0.8204334365325076,3.8887925696594423
lowland_available,WTS,Tmax,4,2025,335,1.5391044776119405,1.9286682436411535,-0.7838805970149254,3.719761194029852
lowland_available,YLP,Tmax,4,2022,275,2.3120000000000003,2.7296086965650654,-1.5323636363636364,7.450763636363637
lowland_available,YLP,Tmax,4,2023,299,2.4625418060200666,2.9299000633589714,-1.6565217391304345,8.584314381270904
lowland_available,YLP,Tmax,4,2024,321,2.424299065420561,2.927291285115435,-1.8174454828660438,8.569034267912775
lowland_available,YLP,Tmax,4,2025,339,2.4442477876106192,2.876719698578363,-1.8672566371681416,8.27551622418879
all_available,CCH,Tmax,5,2022,298,1.6399328859060405,2.080453938592255,0.2963087248322149,4.328288590604027
all_available,CCH,Tmax,5,2023,308,1.6753246753246753,2.1646660760448064,0.033766233766233875,4.68577922077922
all_available,CCH,Tmax,5,2024,357,1.7361344537815124,2.1337228285894345,-0.18823529411764714,4.552773109243698
all_available,CCH,Tmax,5,2025,348,1.542816091954023,1.9270384042603441,-0.2336206896551725,3.7134770114942532
all_available,CWB,Tmax,5,2022,310,1.5277419354838713,1.9314043027406669,0.9316129032258063,3.7303225806451614
all_available,CWB,Tmax,5,2023,288,1.7618055555555556,2.1744411798079164,1.323611111111111,4.728194444444444
all_available,CWB,Tmax,5,2024,321,1.6271028037383175,2.042134061828398,1.2433021806853581,4.170311526479751
all_available,CWB,Tmax,5,2025,339,1.6377581120943951,2.0303740736760916,1.3339233038348084,4.122418879056047
all_available,HKP,Tmax,5,2022,320,1.4612500000000002,1.8494424835609242,0.34624999999999984,3.4204375
all_available,HKP,Tmax,5,2023,351,1.5105413105413106,1.9684549308568928,0.525925925925926,3.8748148148148145
all_available,HKP,Tmax,5,2024,302,1.4996688741721853,1.8122011057501646,0.5711920529801323,3.2840728476821193
all_available,HKP,Tmax,5,2025,309,1.2362459546925568,1.5767526335205264,0.602588996763754,2.486148867313916
all_available,HKS,Tmax,5,2022,327,1.3470948012232418,1.7287017631542816,-0.0626911314984709,2.988409785932722
all_available,HKS,Tmax,5,2023,311,1.3942122186495178,1.8178818811358612,-0.13633440514469447,3.3046945337620572
all_available,HKS,Tmax,5,2024,347,1.477521613832853,1.8203856829205542,-0.4463976945244956,3.313804034582133
all_available,HKS,Tmax,5,2025,349,1.3736389684813752,1.7374519432244238,-0.5318051575931233,3.0187392550143266
all_available,HPV,Tmax,5,2022,324,1.876543209876543,2.296441154331772,-1.2123456790123455,5.273641975308641
all_available,HPV,Tmax,5,2023,321,1.8981308411214952,2.3471398383054956,-1.2052959501557632,5.509065420560747
all_available,HPV,Tmax,5,2024,285,1.7828070175438597,2.182007766882795,-1.1350877192982456,4.761157894736842
all_available,HPV,Tmax,5,2025,302,1.5384105960264902,1.9243301061969318,-1.0649006622516557,3.7030463576158947
all_available,JKB,Tmax,5,2022,331,1.6117824773413898,2.027343297500808,-0.39607250755287016,4.11012084592145
all_available,JKB,Tmax,5,2023,264,1.728030303030303,2.2096036940701573,-0.2613636363636366,4.882348484848485
all_available,JKB,Tmax,5,2024,358,1.679050279329609,2.0859398964008165,-0.2762569832402236,4.351145251396648
all_available,JKB,Tmax,5,2025,351,1.5153846153846153,1.913551909847473,-0.21168091168091172,3.6616809116809113
all_available,KLT,Tmax,5,2022,324,1.7898148148148147,2.230394694628545,-0.555246913580247,4.97466049382716
all_available,KLT,Tmax,5,2023,259,2.167181467181467,2.656448408442774,-0.6922779922779924,7.056718146718147
all_available,KLT,Tmax,5,2024,361,1.7567867036011082,2.205947639031712,-0.6426592797783935,4.866204986149585
all_available,KLT,Tmax,5,2025,354,1.8245762711864406,2.2298881429218604,-0.9556497175141243,4.972401129943503
all_available,KP,Tmax,5,2022,208,1.5322115384615385,1.9244254886948626,0.11201923076923079,3.703413461538461
all_available,KP,Tmax,5,2023,341,1.510850439882698,2.000454493813389,0.12375366568914971,4.001818181818182
all_available,KP,Tmax,5,2024,350,1.3562857142857143,1.7246366076862185,0.03342857142857134,2.9743714285714278
all_available,KP,Tmax,5,2025,346,1.238150289017341,1.6300289014778784,0.07341040462427745,2.656994219653179
all_available,KSC,Tmax,5,2022,309,1.5524271844660196,2.016477431010192,0.10194174757281564,4.066181229773464
all_available,KSC,Tmax,5,2023,338,1.630769230769231,2.1511796681116717,-0.028994082840236756,4.627573964497042
all_available,KSC,Tmax,5,2024,333,1.6156156156156156,2.061982485806262,0.035435435435435425,4.251771771771772
all_available,KSC,Tmax,5,2025,332,1.5873493975903614,2.0258420828332877,0.0698795180722892,4.104036144578314
all_available,KTG,Tmax,5,2022,196,1.6719387755102044,2.1247208700227436,0.17806122448979583,4.514438775510205
all_available,KTG,Tmax,5,2023,350,1.651142857142857,2.178236508213533,0.1614285714285715,4.744714285714286
all_available,KTG,Tmax,5,2024,351,1.489173789173789,1.8729214499905644,0.04415954415954426,3.507834757834758
all_available,KTG,Tmax,5,2025,353,1.4011331444759205,1.7880623979073542,-0.09631728045325771,3.197167138810198
all_available,LFS,Tmax,5,2022,282,1.9443262411347517,2.4644493580306883,-0.7251773049645389,6.073510638297872
all_available,LFS,Tmax,5,2023,271,2.272324723247232,2.7829475467515516,-1.2760147601476013,7.74479704797048
all_available,LFS,Tmax,5,2024,315,2.06984126984127,2.664487204602804,-1.3123809523809522,7.099492063492064
all_available,LFS,Tmax,5,2025,349,2.16647564469914,2.6622103404592465,-1.3573065902578798,7.087363896848137
all_available,NGP,Tmax,5,2022,223,4.187892376681614,4.710255008187186,3.9448430493273534,22.186502242152468
all_available,NGP,Tmax,5,2023,202,3.894059405940594,4.573513933833623,3.777227722772277,20.9170297029703
all_available,NGP,Tmax,5,2024,121,3.9512396694214873,4.592223034293327,3.8223140495867765,21.088512396694213
all_available,NGP,Tmax,5,2025,210,3.4947619047619054,4.065926942870703,3.337619047619048,16.531761904761904
all_available,PEN,Tmax,5,2022,246,1.3085365853658537,1.637182290906708,0.12154471544715457,2.6803658536585364
all_available,PEN,Tmax,5,2023,253,1.6320158102766797,2.0870293959608577,-0.46047430830039526,4.355691699604742
all_available,PEN,Tmax,5,2024,194,1.4603092783505152,1.8866459629964287,-0.4860824742268042,3.5594329896907215
all_available,PEN,Tmax,5,2025,304,1.5766447368421055,1.9765650028588273,-0.5292763157894737,3.906809210526316
all_available,PLC,Tmax,5,2022,313,2.010223642172524,2.4658562983971812,-0.5194888178913739,6.080447284345049
all_available,PLC,Tmax,5,2023,340,1.8958823529411761,2.386161081294042,-0.29411764705882354,5.693764705882353
all_available,PLC,Tmax,5,2024,346,1.8326589595375724,2.2799642528381128,0.21647398843930618,5.198236994219653
all_available,PLC,Tmax,5,2025,331,1.6093655589123865,2.079514526194171,0.01903323262839878,4.324380664652567
all_available,SEK,Tmax,5,2022,274,2.088321167883212,2.532532848303695,-1.2233576642335766,6.413722627737227
all_available,SEK,Tmax,5,2023,209,2.2832535885167466,2.760018722632565,-1.2727272727272727,7.617703349282296
all_available,SEK,Tmax,5,2024,256,2.047265625,2.5132694717240334,-1.0558593750000003,6.316523437500001
all_available,SEK,Tmax,5,2025,287,2.0494773519163765,2.4623577268368,-1.2459930313588852,6.063205574912892
all_available,SHA,Tmax,5,2022,317,1.5261829652996843,1.91133098124679,-0.431545741324921,3.653186119873817
all_available,SHA,Tmax,5,2023,341,1.655131964809384,2.1145772509290426,-0.456891495601173,4.471436950146628
all_available,SHA,Tmax,5,2024,342,1.4497076023391813,1.8042671966643589,-0.29649122807017547,3.255380116959064
all_available,SHA,Tmax,5,2025,335,1.4591044776119404,1.8792345218358728,-0.4101492537313432,3.5315223880597015
all_available,SKG,Tmax,5,2022,347,1.4236311239193085,1.76284090863704,0.46397694524495675,3.107608069164265
all_available,SKG,Tmax,5,2023,333,1.6069069069069066,2.027239428311244,0.4525525525525525,4.1096996996997
all_available,SKG,Tmax,5,2024,289,1.4442906574394463,1.805355355180112,0.5543252595155709,3.2593079584775086
all_available,SKG,Tmax,5,2025,331,1.4151057401812688,1.7919760734268018,0.40543806646525676,3.2111782477341384
all_available,SKW,Tmax,5,2022,335,1.53044776119403,1.9046917719853407,0.8397014925373133,3.6278507462686567
all_available,SKW,Tmax,5,2023,350,1.6317142857142855,2.08368492271333,0.9202857142857144,4.341742857142857
all_available,SKW,Tmax,5,2024,345,1.5231884057971015,1.8857436160589929,0.7544927536231886,3.556028985507246
all_available,SKW,Tmax,5,2025,349,1.3994269340974215,1.7599003618579154,0.7845272206303725,3.097249283667622
all_available,SSH,Tmax,5,2022,330,2.8381818181818184,3.2860863708009314,-1.8727272727272728,10.798363636363636
all_available,SSH,Tmax,5,2023,351,2.801424501424502,3.292843833652078,-1.7883190883190885,10.842820512820513
all_available,SSH,Tmax,5,2024,346,2.58757225433526,3.073074377096596,-1.644219653179191,9.44378612716763
all_available,SSH,Tmax,5,2025,341,2.774193548387097,3.2099825964940556,-2.060410557184751,10.30398826979472
all_available,SSP,Tmax,5,2022,336,1.6511904761904763,2.115968201219345,-0.8363095238095238,4.477321428571429
all_available,SSP,Tmax,5,2023,350,1.7391428571428573,2.2256491829833127,-0.8397142857142859,4.953514285714287
all_available,SSP,Tmax,5,2024,353,1.6790368271954677,2.1339890694288774,-0.8960339943342774,4.553909348441926
all_available,SSP,Tmax,5,2025,309,1.633980582524272,2.0141329130883494,-0.9362459546925569,4.05673139158576
all_available,STY,Tmax,5,2022,285,1.229122807017544,1.567219014240349,0.4185964912280702,2.456175438596491
all_available,STY,Tmax,5,2023,341,1.4363636363636365,1.882750842022871,0.41407624633431084,3.544750733137829
all_available,STY,Tmax,5,2024,335,1.391044776119403,1.715112806872629,0.17731343283582082,2.9416119402985075
all_available,STY,Tmax,5,2025,290,1.1803448275862072,1.5357464769223177,0.15482758620689635,2.3585172413793107
all_available,TKL,Tmax,5,2022,316,2.214240506329114,2.6559164906041928,-1.1003164556962024,7.053892405063292
all_available,TKL,Tmax,5,2023,338,2.184615384615385,2.6748002192720395,-0.9218934911242604,7.1545562130177505
all_available,TKL,Tmax,5,2024,354,2.0138418079096048,2.428183157491972,-0.8624293785310736,5.896073446327684
all_available,TKL,Tmax,5,2025,271,2.134686346863469,2.5545054619204772,-1.2402214022140223,6.52549815498155
all_available,TU1,Tmax,5,2022,333,1.4576576576576579,1.8977780590895137,-0.26486486486486477,3.6015615615615615
all_available,TU1,Tmax,5,2023,350,1.6437142857142857,2.1101861800053836,-0.2248571428571429,4.4528857142857134
all_available,TU1,Tmax,5,2024,332,1.5463855421686745,1.9599452906060093,-0.3927710843373493,3.8413855421686747
all_available,TU1,Tmax,5,2025,269,1.3825278810408923,1.7367555103129027,-0.6821561338289962,3.016319702602231
all_available,TW,Tmax,5,2022,318,1.7518867924528299,2.2467376768726797,-0.5015723270440252,5.047830188679245
all_available,TW,Tmax,5,2023,126,2.2976190476190474,2.825774230188958,-1.3325396825396827,7.984999999999999
all_available,TW,Tmax,5,2024,290,1.6027586206896551,1.9930396123890073,-0.42758620689655163,3.9722068965517243
all_available,TW,Tmax,5,2025,328,1.678658536585366,2.1087361837562626,-0.8792682926829267,4.446768292682926
all_available,TWN,Tmax,5,2022,289,1.891695501730104,2.3295083164779196,0.9885813148788924,5.426608996539792
all_available,TWN,Tmax,5,2023,320,1.9225,2.4448415081554877,0.8675,5.97725
all_available,TWN,Tmax,5,2024,347,1.9158501440922189,2.3415554326943457,0.8691642651296829,5.482881844380404
all_available,TWN,Tmax,5,2025,342,1.7798245614035086,2.2068142739628276,0.6675438596491226,4.870029239766081
all_available,TY1,Tmax,5,2022,69,1.2971014492753623,1.777761171420024,-0.48260869565217385,3.1604347826086965
all_available,TY1,Tmax,5,2023,299,1.5234113712374584,1.9734271498383373,-0.15618729096989967,3.894414715719064
all_available,TY1,Tmax,5,2024,323,1.5746130030959753,1.9944815507662006,-0.5083591331269348,3.9779566563467488
all_available,TY1,Tmax,5,2025,309,1.4197411003236247,1.7926585272910331,-0.49417475728155336,3.2136245954692555
all_available,WGL,Tmax,5,2022,352,1.6892045454545455,2.053821272209882,0.6465909090909091,4.218181818181818
all_available,WGL,Tmax,5,2023,347,1.8095100864553313,2.2563582910859172,0.7126801152737753,5.091152737752161
all_available,WGL,Tmax,5,2024,344,1.4886627906976742,1.8536811270901563,0.4892441860465116,3.436133720930232
all_available,WGL,Tmax,5,2025,346,1.4315028901734104,1.8528294251259927,0.37716763005780346,3.4329768786127164
all_available,WLP,Tmax,5,2022,312,2.3971153846153848,2.8983029959633715,-1.7900641025641026,8.400160256410256
all_available,WLP,Tmax,5,2023,303,2.6339933993399343,3.1481515347594975,-1.8438943894389441,9.91085808580858
all_available,WLP,Tmax,5,2024,342,2.424561403508772,3.073428852646617,-1.6900584795321638,9.445964912280703
all_available,WLP,Tmax,5,2025,342,2.1915204678362574,2.6788482730784584,-1.3932748538011697,7.176228070175439
all_available,WTS,Tmax,5,2022,296,1.85,2.2510658136308006,-0.8304054054054056,5.067297297297298
all_available,WTS,Tmax,5,2023,342,1.8166666666666664,2.315969224815476,-0.8418128654970759,5.363713450292397
all_available,WTS,Tmax,5,2024,323,1.655108359133127,2.067798218802843,-0.8142414860681113,4.275789473684211
all_available,WTS,Tmax,5,2025,335,1.684179104477612,2.0786907475333116,-0.8823880597014926,4.320955223880597
all_available,YLP,Tmax,5,2022,275,2.3963636363636365,2.837386761857403,-1.554181818181818,8.050763636363637
all_available,YLP,Tmax,5,2023,299,2.5481605351170566,3.008966533323727,-1.646488294314381,9.053879598662206
all_available,YLP,Tmax,5,2024,321,2.483489096573209,2.9719666333560903,-1.829906542056075,8.832585669781933
all_available,YLP,Tmax,5,2025,339,2.575221238938053,3.01510455162456,-1.9675516224188792,9.090855457227137
strict_common,CCH,Tmax,5,2022,4,1.7999999999999998,2.3334523779156067,-0.39999999999999947,5.444999999999999
strict_common,CCH,Tmax,5,2023,3,3.0,3.522309848191478,-0.2666666666666657,12.406666666666672
strict_common,CCH,Tmax,5,2024,4,2.1500000000000004,2.4155744658362326,-0.34999999999999964,5.835000000000001
strict_common,CCH,Tmax,5,2025,13,1.4307692307692308,1.5486967225578863,-0.38461538461538514,2.3984615384615386
strict_common,CWB,Tmax,5,2022,4,2.05,2.3695991222145567,0.7499999999999991,5.614999999999997
strict_common,CWB,Tmax,5,2023,3,2.400000000000001,3.5786403377074194,1.6666666666666667,12.806666666666672
strict_common,CWB,Tmax,5,2024,4,1.125,1.4671400751121209,1.125,2.1524999999999994
strict_common,CWB,Tmax,5,2025,13,1.5999999999999999,1.9135146880905989,1.4615384615384615,3.6615384615384623
strict_common,HKP,Tmax,5,2022,4,2.3,2.754995462791183,-0.20000000000000018,7.5900000000000025
strict_common,HKP,Tmax,5,2023,3,3.4,4.050514370628336,0.2666666666666669,16.406666666666663
strict_common,HKP,Tmax,5,2024,4,1.4249999999999998,1.6255768207008858,-0.3250000000000002,2.6425
strict_common,HKP,Tmax,5,2025,13,1.2076923076923074,1.456286108829316,0.6692307692307691,2.12076923076923
strict_common,HKS,Tmax,5,2022,4,2.0250000000000004,2.717075633838705,-1.325000000000001,7.3825
strict_common,HKS,Tmax,5,2023,3,2.5000000000000013,2.852484297356722,-0.033333333333332625,8.136666666666672
strict_common,HKS,Tmax,5,2024,4,2.1499999999999995,2.448468909339059,-1.5499999999999998,5.994999999999999
strict_common,HKS,Tmax,5,2025,13,1.4538461538461538,1.7424562680749967,-0.6384615384615382,3.0361538461538444
strict_common,HPV,Tmax,5,2022,4,2.325000000000001,2.735415873317987,-1.2750000000000004,7.482500000000005
strict_common,HPV,Tmax,5,2023,3,3.099999999999999,3.355095627052478,-1.5,11.25666666666666
strict_common,HPV,Tmax,5,2024,4,1.9000000000000004,2.0820662813657016,-1.5500000000000007,4.335000000000002
strict_common,HPV,Tmax,5,2025,13,1.5307692307692309,1.820608520417112,-0.8538461538461537,3.3146153846153856
strict_common,JKB,Tmax,5,2022,4,2.45,2.8827070610799153,-0.7000000000000002,8.310000000000002
strict_common,JKB,Tmax,5,2023,3,3.6666666666666665,4.4037862497325335,0.3333333333333333,19.39333333333333
strict_common,JKB,Tmax,5,2024,4,1.8499999999999996,1.9039432764659772,-1.0,3.625
strict_common,JKB,Tmax,5,2025,13,1.5769230769230769,1.922538386132731,-0.13076923076923058,3.6961538461538455
strict_common,KLT,Tmax,5,2022,4,2.1999999999999993,2.2880122377295096,-1.0,5.234999999999998
strict_common,KLT,Tmax,5,2023,3,3.266666666666667,3.746998799039039,-0.7333333333333331,14.04
strict_common,KLT,Tmax,5,2024,4,1.2249999999999996,1.4097872179871678,-0.375,1.9874999999999978
strict_common,KLT,Tmax,5,2025,13,2.015384615384615,2.2981597989562133,-1.0153846153846156,5.281538461538462
strict_common,KP,Tmax,5,2022,4,2.0,2.371708245126285,-0.34999999999999964,5.625000000000002
strict_common,KP,Tmax,5,2023,3,2.8333333333333335,3.3679865399572684,0.36666666666666714,11.343333333333332
strict_common,KP,Tmax,5,2024,4,0.9249999999999998,1.0380269746013349,-0.17499999999999982,1.0775000000000001
strict_common,KP,Tmax,5,2025,13,1.2846153846153843,1.662019161233616,-0.02307692307692286,2.762307692307692
strict_common,KSC,Tmax,5,2022,4,2.374999999999999,2.661296676434252,-0.7749999999999995,7.082499999999995
strict_common,KSC,Tmax,5,2023,3,3.400000000000001,3.934463114581201,-0.20000000000000048,15.480000000000004
strict_common,KSC,Tmax,5,2024,4,1.5500000000000007,1.5763882770434452,-1.0,2.4850000000000017
strict_common,KSC,Tmax,5,2025,13,1.7000000000000002,2.1330729007701543,-0.13076923076923044,4.55
strict_common,KTG,Tmax,5,2022,4,1.8499999999999996,2.254994456755936,0.3000000000000007,5.084999999999999
strict_common,KTG,Tmax,5,2023,3,3.0,3.7824154540011428,0.7333333333333343,14.30666666666667
strict_common,KTG,Tmax,5,2024,4,1.7249999999999996,1.8728320800328038,-0.5250000000000004,3.5074999999999985
strict_common,KTG,Tmax,5,2025,13,1.2076923076923078,1.6410596951594794,0.2076923076923078,2.6930769230769234
strict_common,LFS,Tmax,5,2022,4,2.8,3.2132538026119257,-2.8,10.325
strict_common,LFS,Tmax,5,2023,3,2.133333333333333,2.3720595832876263,-1.2000000000000004,5.626666666666668
strict_common,LFS,Tmax,5,2024,4,1.125,1.2399596767637242,-0.47499999999999964,1.5374999999999994
strict_common,LFS,Tmax,5,2025,13,1.9000000000000001,2.2417369639153955,-1.2076923076923078,5.025384615384616
strict_common,NGP,Tmax,5,2022,4,3.0499999999999994,3.3052987762076813,3.0499999999999994,10.924999999999995
strict_common,NGP,Tmax,5,2023,3,3.4666666666666663,4.152910625894405,2.2000000000000006,17.246666666666663
strict_common,NGP,Tmax,5,2024,4,5.3500000000000005,5.558327086453262,5.3500000000000005,30.895000000000003
strict_common,NGP,Tmax,5,2025,13,3.0384615384615383,3.6387867800640956,3.0384615384615383,13.24076923076923
strict_common,PEN,Tmax,5,2022,4,1.4749999999999996,1.64696690920006,-0.07500000000000107,2.712499999999999
strict_common,PEN,Tmax,5,2023,3,3.1666666666666656,3.5123591312203053,-0.8999999999999998,12.336666666666659
strict_common,PEN,Tmax,5,2024,4,1.3499999999999996,1.4053469322555192,-0.15000000000000036,1.9749999999999992
strict_common,PEN,Tmax,5,2025,13,1.7461538461538464,1.9726982692592556,-0.8076923076923083,3.8915384615384623
strict_common,PLC,Tmax,5,2022,4,2.3499999999999996,2.447447650104083,-0.8499999999999996,5.989999999999998
strict_common,PLC,Tmax,5,2023,3,3.6,4.02077936060494,0.06666666666666643,16.16666666666667
strict_common,PLC,Tmax,5,2024,4,1.0250000000000004,1.3592277219068187,0.27500000000000036,1.8475000000000004
strict_common,PLC,Tmax,5,2025,13,1.469230769230769,1.8615543546683277,0.14615384615384563,3.465384615384614
strict_common,SEK,Tmax,5,2022,4,1.825000000000001,2.3425413550244967,-1.825000000000001,5.487500000000005
strict_common,SEK,Tmax,5,2023,3,3.1666666666666665,3.7322915213043037,-1.6333333333333329,13.929999999999994
strict_common,SEK,Tmax,5,2024,4,1.25,1.401784576887619,-0.34999999999999964,1.9650000000000005
strict_common,SEK,Tmax,5,2025,13,1.8461538461538467,2.2298671916299626,-1.2461538461538468,4.972307692307695
strict_common,SHA,Tmax,5,2022,4,1.6000000000000005,1.9013153341831548,-0.6000000000000005,3.615000000000002
strict_common,SHA,Tmax,5,2023,3,3.366666666666666,3.7925365302569376,-0.366666666666666,14.383333333333331
strict_common,SHA,Tmax,5,2024,4,1.1999999999999993,1.34350288425444,0.0,1.8049999999999993
strict_common,SHA,Tmax,5,2025,13,1.446153846153846,1.867948277985975,-0.23076923076923064,3.4892307692307694
strict_common,SKG,Tmax,5,2022,4,1.6749999999999998,1.8914280319377734,0.3750000000000009,3.5774999999999992
strict_common,SKG,Tmax,5,2023,3,2.866666666666667,3.4515696912177996,1.0666666666666675,11.913333333333336
strict_common,SKG,Tmax,5,2024,4,0.8999999999999995,1.106797181058932,0.8999999999999995,1.2249999999999985
strict_common,SKG,Tmax,5,2025,13,1.2999999999999994,1.7022609399537738,0.9461538461538459,2.8976923076923056
strict_common,SKW,Tmax,5,2022,4,2.049999999999999,2.479919353527448,0.75,6.149999999999996
strict_common,SKW,Tmax,5,2023,3,3.1,3.8126980822859116,1.500000000000001,14.536666666666669
strict_common,SKW,Tmax,5,2024,4,1.3500000000000005,1.6703293088490072,-0.2499999999999991,2.790000000000002
strict_common,SKW,Tmax,5,2025,13,1.4230769230769231,1.64854247979611,0.9769230769230777,2.7176923076923076
strict_common,SSH,Tmax,5,2022,4,2.0500000000000007,2.6143832924802752,-1.8000000000000007,6.835000000000004
strict_common,SSH,Tmax,5,2023,3,4.300000000000001,4.914264950122247,-1.8999999999999997,24.150000000000006
strict_common,SSH,Tmax,5,2024,4,1.125,1.289379695822763,-0.3249999999999993,1.662500000000001
strict_common,SSH,Tmax,5,2025,13,2.5999999999999996,3.0676977085053916,-1.9230769230769231,9.41076923076923
strict_common,SSP,Tmax,5,2022,4,2.1750000000000007,2.7106272336859605,-1.9250000000000007,7.347500000000004
strict_common,SSP,Tmax,5,2023,3,3.5666666666666664,3.907684736515985,-1.3000000000000007,15.270000000000001
strict_common,SSP,Tmax,5,2024,4,2.0999999999999996,2.2011360703055134,-1.5999999999999996,4.844999999999998
strict_common,SSP,Tmax,5,2025,13,1.7538461538461543,2.153351591571399,-1.1538461538461544,4.636923076923078
strict_common,STY,Tmax,5,2022,4,1.5999999999999996,2.082066281365701,0.3000000000000007,4.334999999999999
strict_common,STY,Tmax,5,2023,3,3.0,3.595367389665021,1.4666666666666661,12.926666666666668
strict_common,STY,Tmax,5,2024,4,1.4500000000000002,1.6522711641858305,-0.5499999999999998,2.73
strict_common,STY,Tmax,5,2025,13,1.5538461538461534,1.8106522411720967,0.27692307692307705,3.2784615384615368
strict_common,TKL,Tmax,5,2022,4,1.8499999999999996,2.2011360703055134,-1.299999999999999,4.844999999999997
strict_common,TKL,Tmax,5,2023,3,4.266666666666667,4.806245936279167,-1.6000000000000003,23.100000000000005
strict_common,TKL,Tmax,5,2024,4,1.0500000000000007,1.0839741694339404,-0.09999999999999964,1.1750000000000012
strict_common,TKL,Tmax,5,2025,13,2.0,2.439419855369147,-1.2615384615384615,5.9507692307692315
strict_common,TU1,Tmax,5,2022,4,1.5,2.057911562725667,-1.1999999999999993,4.234999999999998
strict_common,TU1,Tmax,5,2023,3,3.4,3.715732319027659,-0.2666666666666669,13.806666666666663
strict_common,TU1,Tmax,5,2024,4,1.450000000000001,1.5475787540542172,0.09999999999999964,2.395000000000003
strict_common,TU1,Tmax,5,2025,13,1.2307692307692308,1.62101582586115,-0.4769230769230766,2.6276923076923064
strict_common,TW,Tmax,5,2022,4,2.2,2.445403852127497,-1.2999999999999998,5.98
strict_common,TW,Tmax,5,2023,3,2.733333333333333,3.3326665999866636,-0.4666666666666674,11.106666666666667
strict_common,TW,Tmax,5,2024,4,1.8250000000000002,1.8309833423600554,-1.0249999999999995,3.3525
strict_common,TW,Tmax,5,2025,13,1.7384615384615383,2.031293638584497,-0.9076923076923078,4.126153846153846
strict_common,TWN,Tmax,5,2022,4,1.7000000000000002,1.8641351882307253,-0.7000000000000002,3.4750000000000014
strict_common,TWN,Tmax,5,2023,3,3.4333333333333322,3.845776904605881,0.16666666666666666,14.789999999999992
strict_common,TWN,Tmax,5,2024,4,1.125,1.5157506391224116,1.0250000000000004,2.297499999999999
strict_common,TWN,Tmax,5,2025,13,1.4384615384615382,1.898785036644384,0.3307692307692311,3.6053846153846143
strict_common,TY1,Tmax,5,2022,4,1.9750000000000005,2.4098755154571787,-1.5750000000000002,5.807500000000002
strict_common,TY1,Tmax,5,2023,3,2.9666666666666663,3.5312887166019147,-0.6333333333333329,12.469999999999999
strict_common,TY1,Tmax,5,2024,4,1.0999999999999996,1.1979148550710934,-0.75,1.4349999999999987
strict_common,TY1,Tmax,5,2025,13,1.3000000000000005,1.731828735536736,-0.5615384615384619,2.9992307692307705
strict_common,WGL,Tmax,5,2022,4,2.05,2.4688053791257016,0.4500000000000002,6.094999999999999
strict_common,WGL,Tmax,5,2023,3,2.866666666666666,3.516627171974115,1.6000000000000003,12.366666666666662
strict_common,WGL,Tmax,5,2024,4,1.0,1.5427248620541512,1.0,2.38
strict_common,WGL,Tmax,5,2025,13,1.4307692307692308,1.7767732204541682,0.8000000000000005,3.1569230769230763
strict_common,WLP,Tmax,5,2022,4,2.5,3.004163777159961,-2.5,9.025000000000004
strict_common,WLP,Tmax,5,2023,3,5.066666666666666,6.074537019394977,-3.133333333333334,36.900000000000006
strict_common,WLP,Tmax,5,2024,4,1.4750000000000005,1.9280819484658842,-1.1749999999999998,3.7175000000000002
strict_common,WLP,Tmax,5,2025,13,2.5384615384615383,2.8863071961884494,-1.9538461538461538,8.33076923076923
strict_common,WTS,Tmax,5,2022,4,2.175,2.6744158240632667,-1.5750000000000002,7.152500000000002
strict_common,WTS,Tmax,5,2023,3,3.4,3.886729559239575,-0.6000000000000002,15.106666666666662
strict_common,WTS,Tmax,5,2024,4,1.7750000000000012,1.835074930350258,-1.2250000000000005,3.367500000000004
strict_common,WTS,Tmax,5,2025,13,1.730769230769231,2.034131831443653,-0.9769230769230769,4.137692307692309
strict_common,YLP,Tmax,5,2022,4,2.2250000000000005,2.674415824063267,-2.2250000000000005,7.152500000000003
strict_common,YLP,Tmax,5,2023,3,3.7999999999999994,4.352776891441447,-2.3333333333333335,18.94666666666667
strict_common,YLP,Tmax,5,2024,4,1.5499999999999998,1.8520259177452132,-0.9500000000000002,3.429999999999999
strict_common,YLP,Tmax,5,2025,13,2.5846153846153848,2.892164480906193,-1.984615384615385,8.364615384615387
lowland_available,CCH,Tmax,5,2022,298,1.6399328859060405,2.080453938592255,0.2963087248322149,4.328288590604027
lowland_available,CCH,Tmax,5,2023,308,1.6753246753246753,2.1646660760448064,0.033766233766233875,4.68577922077922
lowland_available,CCH,Tmax,5,2024,357,1.7361344537815124,2.1337228285894345,-0.18823529411764714,4.552773109243698
lowland_available,CCH,Tmax,5,2025,348,1.542816091954023,1.9270384042603441,-0.2336206896551725,3.7134770114942532
lowland_available,CWB,Tmax,5,2022,310,1.5277419354838713,1.9314043027406669,0.9316129032258063,3.7303225806451614
lowland_available,CWB,Tmax,5,2023,288,1.7618055555555556,2.1744411798079164,1.323611111111111,4.728194444444444
lowland_available,CWB,Tmax,5,2024,321,1.6271028037383175,2.042134061828398,1.2433021806853581,4.170311526479751
lowland_available,CWB,Tmax,5,2025,339,1.6377581120943951,2.0303740736760916,1.3339233038348084,4.122418879056047
lowland_available,HKP,Tmax,5,2022,320,1.4612500000000002,1.8494424835609242,0.34624999999999984,3.4204375
lowland_available,HKP,Tmax,5,2023,351,1.5105413105413106,1.9684549308568928,0.525925925925926,3.8748148148148145
lowland_available,HKP,Tmax,5,2024,302,1.4996688741721853,1.8122011057501646,0.5711920529801323,3.2840728476821193
lowland_available,HKP,Tmax,5,2025,309,1.2362459546925568,1.5767526335205264,0.602588996763754,2.486148867313916
lowland_available,HKS,Tmax,5,2022,327,1.3470948012232418,1.7287017631542816,-0.0626911314984709,2.988409785932722
lowland_available,HKS,Tmax,5,2023,311,1.3942122186495178,1.8178818811358612,-0.13633440514469447,3.3046945337620572
lowland_available,HKS,Tmax,5,2024,347,1.477521613832853,1.8203856829205542,-0.4463976945244956,3.313804034582133
lowland_available,HKS,Tmax,5,2025,349,1.3736389684813752,1.7374519432244238,-0.5318051575931233,3.0187392550143266
lowland_available,HPV,Tmax,5,2022,324,1.876543209876543,2.296441154331772,-1.2123456790123455,5.273641975308641
lowland_available,HPV,Tmax,5,2023,321,1.8981308411214952,2.3471398383054956,-1.2052959501557632,5.509065420560747
lowland_available,HPV,Tmax,5,2024,285,1.7828070175438597,2.182007766882795,-1.1350877192982456,4.761157894736842
lowland_available,HPV,Tmax,5,2025,302,1.5384105960264902,1.9243301061969318,-1.0649006622516557,3.7030463576158947
lowland_available,JKB,Tmax,5,2022,331,1.6117824773413898,2.027343297500808,-0.39607250755287016,4.11012084592145
lowland_available,JKB,Tmax,5,2023,264,1.728030303030303,2.2096036940701573,-0.2613636363636366,4.882348484848485
lowland_available,JKB,Tmax,5,2024,358,1.679050279329609,2.0859398964008165,-0.2762569832402236,4.351145251396648
lowland_available,JKB,Tmax,5,2025,351,1.5153846153846153,1.913551909847473,-0.21168091168091172,3.6616809116809113
lowland_available,KLT,Tmax,5,2022,324,1.7898148148148147,2.230394694628545,-0.555246913580247,4.97466049382716
lowland_available,KLT,Tmax,5,2023,259,2.167181467181467,2.656448408442774,-0.6922779922779924,7.056718146718147
lowland_available,KLT,Tmax,5,2024,361,1.7567867036011082,2.205947639031712,-0.6426592797783935,4.866204986149585
lowland_available,KLT,Tmax,5,2025,354,1.8245762711864406,2.2298881429218604,-0.9556497175141243,4.972401129943503
lowland_available,KP,Tmax,5,2022,208,1.5322115384615385,1.9244254886948626,0.11201923076923079,3.703413461538461
lowland_available,KP,Tmax,5,2023,341,1.510850439882698,2.000454493813389,0.12375366568914971,4.001818181818182
lowland_available,KP,Tmax,5,2024,350,1.3562857142857143,1.7246366076862185,0.03342857142857134,2.9743714285714278
lowland_available,KP,Tmax,5,2025,346,1.238150289017341,1.6300289014778784,0.07341040462427745,2.656994219653179
lowland_available,KSC,Tmax,5,2022,309,1.5524271844660196,2.016477431010192,0.10194174757281564,4.066181229773464
lowland_available,KSC,Tmax,5,2023,338,1.630769230769231,2.1511796681116717,-0.028994082840236756,4.627573964497042
lowland_available,KSC,Tmax,5,2024,333,1.6156156156156156,2.061982485806262,0.035435435435435425,4.251771771771772
lowland_available,KSC,Tmax,5,2025,332,1.5873493975903614,2.0258420828332877,0.0698795180722892,4.104036144578314
lowland_available,KTG,Tmax,5,2022,196,1.6719387755102044,2.1247208700227436,0.17806122448979583,4.514438775510205
lowland_available,KTG,Tmax,5,2023,350,1.651142857142857,2.178236508213533,0.1614285714285715,4.744714285714286
lowland_available,KTG,Tmax,5,2024,351,1.489173789173789,1.8729214499905644,0.04415954415954426,3.507834757834758
lowland_available,KTG,Tmax,5,2025,353,1.4011331444759205,1.7880623979073542,-0.09631728045325771,3.197167138810198
lowland_available,LFS,Tmax,5,2022,282,1.9443262411347517,2.4644493580306883,-0.7251773049645389,6.073510638297872
lowland_available,LFS,Tmax,5,2023,271,2.272324723247232,2.7829475467515516,-1.2760147601476013,7.74479704797048
lowland_available,LFS,Tmax,5,2024,315,2.06984126984127,2.664487204602804,-1.3123809523809522,7.099492063492064
lowland_available,LFS,Tmax,5,2025,349,2.16647564469914,2.6622103404592465,-1.3573065902578798,7.087363896848137
lowland_available,PEN,Tmax,5,2022,246,1.3085365853658537,1.637182290906708,0.12154471544715457,2.6803658536585364
lowland_available,PEN,Tmax,5,2023,253,1.6320158102766797,2.0870293959608577,-0.46047430830039526,4.355691699604742
lowland_available,PEN,Tmax,5,2024,194,1.4603092783505152,1.8866459629964287,-0.4860824742268042,3.5594329896907215
lowland_available,PEN,Tmax,5,2025,304,1.5766447368421055,1.9765650028588273,-0.5292763157894737,3.906809210526316
lowland_available,PLC,Tmax,5,2022,313,2.010223642172524,2.4658562983971812,-0.5194888178913739,6.080447284345049
lowland_available,PLC,Tmax,5,2023,340,1.8958823529411761,2.386161081294042,-0.29411764705882354,5.693764705882353
lowland_available,PLC,Tmax,5,2024,346,1.8326589595375724,2.2799642528381128,0.21647398843930618,5.198236994219653
lowland_available,PLC,Tmax,5,2025,331,1.6093655589123865,2.079514526194171,0.01903323262839878,4.324380664652567
lowland_available,SEK,Tmax,5,2022,274,2.088321167883212,2.532532848303695,-1.2233576642335766,6.413722627737227
lowland_available,SEK,Tmax,5,2023,209,2.2832535885167466,2.760018722632565,-1.2727272727272727,7.617703349282296
lowland_available,SEK,Tmax,5,2024,256,2.047265625,2.5132694717240334,-1.0558593750000003,6.316523437500001
lowland_available,SEK,Tmax,5,2025,287,2.0494773519163765,2.4623577268368,-1.2459930313588852,6.063205574912892
lowland_available,SHA,Tmax,5,2022,317,1.5261829652996843,1.91133098124679,-0.431545741324921,3.653186119873817
lowland_available,SHA,Tmax,5,2023,341,1.655131964809384,2.1145772509290426,-0.456891495601173,4.471436950146628
lowland_available,SHA,Tmax,5,2024,342,1.4497076023391813,1.8042671966643589,-0.29649122807017547,3.255380116959064
lowland_available,SHA,Tmax,5,2025,335,1.4591044776119404,1.8792345218358728,-0.4101492537313432,3.5315223880597015
lowland_available,SKG,Tmax,5,2022,347,1.4236311239193085,1.76284090863704,0.46397694524495675,3.107608069164265
lowland_available,SKG,Tmax,5,2023,333,1.6069069069069066,2.027239428311244,0.4525525525525525,4.1096996996997
lowland_available,SKG,Tmax,5,2024,289,1.4442906574394463,1.805355355180112,0.5543252595155709,3.2593079584775086
lowland_available,SKG,Tmax,5,2025,331,1.4151057401812688,1.7919760734268018,0.40543806646525676,3.2111782477341384
lowland_available,SKW,Tmax,5,2022,335,1.53044776119403,1.9046917719853407,0.8397014925373133,3.6278507462686567
lowland_available,SKW,Tmax,5,2023,350,1.6317142857142855,2.08368492271333,0.9202857142857144,4.341742857142857
lowland_available,SKW,Tmax,5,2024,345,1.5231884057971015,1.8857436160589929,0.7544927536231886,3.556028985507246
lowland_available,SKW,Tmax,5,2025,349,1.3994269340974215,1.7599003618579154,0.7845272206303725,3.097249283667622
lowland_available,SSH,Tmax,5,2022,330,2.8381818181818184,3.2860863708009314,-1.8727272727272728,10.798363636363636
lowland_available,SSH,Tmax,5,2023,351,2.801424501424502,3.292843833652078,-1.7883190883190885,10.842820512820513
lowland_available,SSH,Tmax,5,2024,346,2.58757225433526,3.073074377096596,-1.644219653179191,9.44378612716763
lowland_available,SSH,Tmax,5,2025,341,2.774193548387097,3.2099825964940556,-2.060410557184751,10.30398826979472
lowland_available,SSP,Tmax,5,2022,336,1.6511904761904763,2.115968201219345,-0.8363095238095238,4.477321428571429
lowland_available,SSP,Tmax,5,2023,350,1.7391428571428573,2.2256491829833127,-0.8397142857142859,4.953514285714287
lowland_available,SSP,Tmax,5,2024,353,1.6790368271954677,2.1339890694288774,-0.8960339943342774,4.553909348441926
lowland_available,SSP,Tmax,5,2025,309,1.633980582524272,2.0141329130883494,-0.9362459546925569,4.05673139158576
lowland_available,STY,Tmax,5,2022,285,1.229122807017544,1.567219014240349,0.4185964912280702,2.456175438596491
lowland_available,STY,Tmax,5,2023,341,1.4363636363636365,1.882750842022871,0.41407624633431084,3.544750733137829
lowland_available,STY,Tmax,5,2024,335,1.391044776119403,1.715112806872629,0.17731343283582082,2.9416119402985075
lowland_available,STY,Tmax,5,2025,290,1.1803448275862072,1.5357464769223177,0.15482758620689635,2.3585172413793107
lowland_available,TKL,Tmax,5,2022,316,2.214240506329114,2.6559164906041928,-1.1003164556962024,7.053892405063292
lowland_available,TKL,Tmax,5,2023,338,2.184615384615385,2.6748002192720395,-0.9218934911242604,7.1545562130177505
lowland_available,TKL,Tmax,5,2024,354,2.0138418079096048,2.428183157491972,-0.8624293785310736,5.896073446327684
lowland_available,TKL,Tmax,5,2025,271,2.134686346863469,2.5545054619204772,-1.2402214022140223,6.52549815498155
lowland_available,TU1,Tmax,5,2022,333,1.4576576576576579,1.8977780590895137,-0.26486486486486477,3.6015615615615615
lowland_available,TU1,Tmax,5,2023,350,1.6437142857142857,2.1101861800053836,-0.2248571428571429,4.4528857142857134
lowland_available,TU1,Tmax,5,2024,332,1.5463855421686745,1.9599452906060093,-0.3927710843373493,3.8413855421686747
lowland_available,TU1,Tmax,5,2025,269,1.3825278810408923,1.7367555103129027,-0.6821561338289962,3.016319702602231
lowland_available,TW,Tmax,5,2022,318,1.7518867924528299,2.2467376768726797,-0.5015723270440252,5.047830188679245
lowland_available,TW,Tmax,5,2023,126,2.2976190476190474,2.825774230188958,-1.3325396825396827,7.984999999999999
lowland_available,TW,Tmax,5,2024,290,1.6027586206896551,1.9930396123890073,-0.42758620689655163,3.9722068965517243
lowland_available,TW,Tmax,5,2025,328,1.678658536585366,2.1087361837562626,-0.8792682926829267,4.446768292682926
lowland_available,TWN,Tmax,5,2022,289,1.891695501730104,2.3295083164779196,0.9885813148788924,5.426608996539792
lowland_available,TWN,Tmax,5,2023,320,1.9225,2.4448415081554877,0.8675,5.97725
lowland_available,TWN,Tmax,5,2024,347,1.9158501440922189,2.3415554326943457,0.8691642651296829,5.482881844380404
lowland_available,TWN,Tmax,5,2025,342,1.7798245614035086,2.2068142739628276,0.6675438596491226,4.870029239766081
lowland_available,TY1,Tmax,5,2022,69,1.2971014492753623,1.777761171420024,-0.48260869565217385,3.1604347826086965
lowland_available,TY1,Tmax,5,2023,299,1.5234113712374584,1.9734271498383373,-0.15618729096989967,3.894414715719064
lowland_available,TY1,Tmax,5,2024,323,1.5746130030959753,1.9944815507662006,-0.5083591331269348,3.9779566563467488
lowland_available,TY1,Tmax,5,2025,309,1.4197411003236247,1.7926585272910331,-0.49417475728155336,3.2136245954692555
lowland_available,WGL,Tmax,5,2022,352,1.6892045454545455,2.053821272209882,0.6465909090909091,4.218181818181818
lowland_available,WGL,Tmax,5,2023,347,1.8095100864553313,2.2563582910859172,0.7126801152737753,5.091152737752161
lowland_available,WGL,Tmax,5,2024,344,1.4886627906976742,1.8536811270901563,0.4892441860465116,3.436133720930232
lowland_available,WGL,Tmax,5,2025,346,1.4315028901734104,1.8528294251259927,0.37716763005780346,3.4329768786127164
lowland_available,WLP,Tmax,5,2022,312,2.3971153846153848,2.8983029959633715,-1.7900641025641026,8.400160256410256
lowland_available,WLP,Tmax,5,2023,303,2.6339933993399343,3.1481515347594975,-1.8438943894389441,9.91085808580858
lowland_available,WLP,Tmax,5,2024,342,2.424561403508772,3.073428852646617,-1.6900584795321638,9.445964912280703
lowland_available,WLP,Tmax,5,2025,342,2.1915204678362574,2.6788482730784584,-1.3932748538011697,7.176228070175439
lowland_available,WTS,Tmax,5,2022,296,1.85,2.2510658136308006,-0.8304054054054056,5.067297297297298
lowland_available,WTS,Tmax,5,2023,342,1.8166666666666664,2.315969224815476,-0.8418128654970759,5.363713450292397
lowland_available,WTS,Tmax,5,2024,323,1.655108359133127,2.067798218802843,-0.8142414860681113,4.275789473684211
lowland_available,WTS,Tmax,5,2025,335,1.684179104477612,2.0786907475333116,-0.8823880597014926,4.320955223880597
lowland_available,YLP,Tmax,5,2022,275,2.3963636363636365,2.837386761857403,-1.554181818181818,8.050763636363637
lowland_available,YLP,Tmax,5,2023,299,2.5481605351170566,3.008966533323727,-1.646488294314381,9.053879598662206
lowland_available,YLP,Tmax,5,2024,321,2.483489096573209,2.9719666333560903,-1.829906542056075,8.832585669781933
lowland_available,YLP,Tmax,5,2025,339,2.575221238938053,3.01510455162456,-1.9675516224188792,9.090855457227137
all_available,CCH,Tmax,6,2022,297,1.7393939393939395,2.219427535617819,0.25521885521885534,4.9258585858585855
all_available,CCH,Tmax,6,2023,308,1.7077922077922079,2.2369535173894515,0.0500000000000001,5.003961038961038
all_available,CCH,Tmax,6,2024,357,1.8056022408963586,2.2257343860898966,-0.22464985994397768,4.95389355742297
all_available,CCH,Tmax,6,2025,348,1.625,2.0307195372774793,-0.2278735632183909,4.123821839080461
all_available,CWB,Tmax,6,2022,309,1.5614886731391586,1.986939556853453,0.8611650485436892,3.9479288025889963
all_available,CWB,Tmax,6,2023,288,1.802777777777778,2.283941524840093,1.3513888888888888,5.21638888888889
all_available,CWB,Tmax,6,2024,321,1.6389408099688472,2.0582407877085025,1.199688473520249,4.236355140186916
all_available,CWB,Tmax,6,2025,339,1.6766961651917403,2.1209031303894044,1.328023598820059,4.498230088495576
all_available,HKP,Tmax,6,2022,319,1.5272727272727273,1.955572377306453,0.2909090909090908,3.8242633228840126
all_available,HKP,Tmax,6,2023,351,1.5361823361823363,2.043445501027496,0.5344729344729344,4.175669515669515
all_available,HKP,Tmax,6,2024,302,1.5023178807947022,1.849100371918859,0.5248344370860926,3.419172185430463
all_available,HKP,Tmax,6,2025,309,1.2841423948220065,1.6712106341867174,0.6122977346278317,2.7929449838187703
all_available,HKS,Tmax,6,2022,326,1.4331288343558284,1.8471998373927505,-0.12269938650306748,3.412147239263804
all_available,HKS,Tmax,6,2023,311,1.4533762057877813,1.9020719790546368,-0.11704180064308677,3.6178778135048226
all_available,HKS,Tmax,6,2024,347,1.5270893371757928,1.865421740758205,-0.48674351585014397,3.479798270893372
all_available,HKS,Tmax,6,2025,349,1.3971346704871062,1.7958404661725087,-0.5404011461318052,3.2250429799426934
all_available,HPV,Tmax,6,2022,323,2.0157894736842104,2.444815073381636,-1.2609907120743034,5.977120743034055
all_available,HPV,Tmax,6,2023,321,1.9741433021806856,2.417749784136396,-1.1834890965732086,5.845514018691588
all_available,HPV,Tmax,6,2024,285,1.8094736842105266,2.2572534156483495,-1.1982456140350877,5.0951929824561395
all_available,HPV,Tmax,6,2025,302,1.6271523178807947,2.0491639387033236,-1.0814569536423841,4.199072847682118
all_available,JKB,Tmax,6,2022,330,1.730909090909091,2.167976294178793,-0.42727272727272725,4.700121212121212
all_available,JKB,Tmax,6,2023,264,1.7750000000000001,2.29024611619085,-0.23106060606060624,5.2452272727272735
all_available,JKB,Tmax,6,2024,358,1.7544692737430168,2.170594491591503,-0.31256983240223474,4.711480446927375
all_available,JKB,Tmax,6,2025,351,1.6202279202279204,2.052619756128218,-0.22022792022792026,4.213247863247863
all_available,KLT,Tmax,6,2022,323,1.91609907120743,2.4020308744854684,-0.6046439628482972,5.769752321981424
all_available,KLT,Tmax,6,2023,259,2.236679536679537,2.7494400974418136,-0.6498069498069498,7.559420849420849
all_available,KLT,Tmax,6,2024,361,1.8326869806094186,2.305539517200684,-0.6786703601108035,5.3155124653739625
all_available,KLT,Tmax,6,2025,354,1.951129943502825,2.378713273212682,-0.9500000000000001,5.658276836158191
all_available,KP,Tmax,6,2022,208,1.6331730769230772,2.072844107092401,0.00625000000000002,4.296682692307693
all_available,KP,Tmax,6,2023,341,1.5524926686217009,2.09847032683571,0.132551319648094,4.40357771260997
all_available,KP,Tmax,6,2024,350,1.4162857142857141,1.821012277357216,-0.009428571428571501,3.316085714285714
all_available,KP,Tmax,6,2025,346,1.322543352601156,1.7499132926496408,0.07341040462427745,3.0621965317919075
all_available,KSC,Tmax,6,2022,309,1.6527508090614889,2.158036084290604,0.027508090614886835,4.657119741100323
all_available,KSC,Tmax,6,2023,338,1.6781065088757399,2.2382632743283577,-0.02011834319526634,5.0098224852071
all_available,KSC,Tmax,6,2024,333,1.6828828828828828,2.1464685712414533,0.011411411411411403,4.607327327327327
all_available,KSC,Tmax,6,2025,332,1.6801204819277107,2.1483672702102967,0.07590361445783138,4.615481927710842
all_available,KTG,Tmax,6,2022,196,1.8076530612244899,2.314583314198767,0.10153061224489791,5.357295918367348
all_available,KTG,Tmax,6,2023,350,1.7020000000000002,2.2928771694719527,0.17000000000000004,5.257285714285715
all_available,KTG,Tmax,6,2024,351,1.5575498575498576,1.9607618148533226,0.009971509971510063,3.844586894586895
all_available,KTG,Tmax,6,2025,353,1.5297450424929178,1.9379905483358513,-0.09065155807365431,3.7558073654390935
all_available,LFS,Tmax,6,2022,281,2.0640569395017794,2.6243318078555578,-0.793594306049822,6.88711743772242
all_available,LFS,Tmax,6,2023,271,2.3571955719557196,2.9121453270577105,-1.2944649446494463,8.480590405904058
all_available,LFS,Tmax,6,2024,315,2.1606349206349207,2.7453510487645074,-1.3473015873015872,7.53695238095238
all_available,LFS,Tmax,6,2025,349,2.218051575931232,2.735990624826847,-1.3544412607449858,7.4856446991404
all_available,NGP,Tmax,6,2022,223,4.141255605381166,4.688020225242954,3.868609865470851,21.977533632286995
all_available,NGP,Tmax,6,2023,202,3.9287128712871286,4.6568590953198665,3.8267326732673266,21.686336633663363
all_available,NGP,Tmax,6,2024,121,3.987603305785124,4.666665682801942,3.847107438016529,21.77776859504132
all_available,NGP,Tmax,6,2025,210,3.548095238095238,4.172397963030943,3.3614285714285717,17.408904761904765
all_available,PEN,Tmax,6,2022,246,1.3939024390243904,1.7840417254225813,0.08089430894308954,3.1828048780487808
all_available,PEN,Tmax,6,2023,253,1.691304347826087,2.172219498440964,-0.4841897233201581,4.718537549407115
all_available,PEN,Tmax,6,2024,194,1.518041237113402,1.9869808211216218,-0.5118556701030929,3.9480927835051545
all_available,PEN,Tmax,6,2025,304,1.637828947368421,2.0882424617240614,-0.5128289473684211,4.360756578947369
all_available,PLC,Tmax,6,2022,312,2.108653846153846,2.6190194387428325,-0.5586538461538462,6.8592628205128205
all_available,PLC,Tmax,6,2023,340,1.9594117647058824,2.4860079030682196,-0.3,6.180235294117647
all_available,PLC,Tmax,6,2024,346,1.9014450867052022,2.3793366248949464,0.18757225433525992,5.661242774566475
all_available,PLC,Tmax,6,2025,331,1.7277945619335344,2.2231751062096055,0.01299093655589123,4.942507552870091
all_available,SEK,Tmax,6,2022,273,2.183150183150183,2.6899623484163184,-1.287912087912088,7.235897435897436
all_available,SEK,Tmax,6,2023,209,2.3311004784689,2.8263117799549224,-1.2727272727272727,7.988038277511961
all_available,SEK,Tmax,6,2024,256,2.095703125,2.600503256583233,-1.0753906250000003,6.7626171875
all_available,SEK,Tmax,6,2025,287,2.116376306620209,2.557315120820604,-1.2285714285714286,6.539860627177701
all_available,SHA,Tmax,6,2022,316,1.6132911392405063,2.057419423341848,-0.4829113924050632,4.232974683544303
all_available,SHA,Tmax,6,2023,341,1.7436950146627563,2.2369596039702464,-0.4304985337243401,5.003988269794722
all_available,SHA,Tmax,6,2024,342,1.4883040935672514,1.8931547976114627,-0.33742690058479535,3.584035087719298
all_available,SHA,Tmax,6,2025,335,1.5880597014925373,2.0277625343028673,-0.41910447761194025,4.111820895522388
all_available,SKG,Tmax,6,2022,346,1.4520231213872832,1.8536793594443615,0.42254335260115605,3.436127167630058
all_available,SKG,Tmax,6,2023,333,1.6711711711711712,2.1419098435223125,0.46156156156156153,4.587777777777778
all_available,SKG,Tmax,6,2024,289,1.4463667820069204,1.8270743531781957,0.4816608996539793,3.3382006920415224
all_available,SKG,Tmax,6,2025,331,1.4779456193353473,1.8877086927705051,0.3993957703927492,3.5634441087613293
all_available,SKW,Tmax,6,2022,334,1.5949101796407188,1.9844379587117478,0.7829341317365269,3.937994011976048
all_available,SKW,Tmax,6,2023,350,1.6682857142857146,2.1682184918894656,0.9288571428571429,4.701171428571429
all_available,SKW,Tmax,6,2024,345,1.517391304347826,1.9126050222182553,0.713913043478261,3.658057971014493
all_available,SKW,Tmax,6,2025,349,1.4389684813753583,1.8573327148773269,0.7787965616045845,3.449684813753582
all_available,SSH,Tmax,6,2022,329,2.9632218844984806,3.447235798499419,-1.9176291793313072,11.883434650455929
all_available,SSH,Tmax,6,2023,351,2.8595441595441597,3.3771605936368614,-1.77977207977208,11.405213675213677
all_available,SSH,Tmax,6,2024,346,2.6725433526011564,3.1543849651985285,-1.6846820809248557,9.95014450867052
all_available,SSH,Tmax,6,2025,341,2.8633431085043988,3.3295354708446796,-2.0721407624633432,11.085806451612903
all_available,SSP,Tmax,6,2022,335,1.763283582089552,2.2419141608182978,-0.8719402985074628,5.026179104477612
all_available,SSP,Tmax,6,2023,350,1.8162857142857145,2.3260819295237956,-0.8254285714285715,5.4106571428571435
all_available,SSP,Tmax,6,2024,353,1.7441926345609067,2.2122053908301846,-0.9300283286118979,4.893852691218131
all_available,SSP,Tmax,6,2025,309,1.7258899676375408,2.1427457206353187,-0.9362459546925569,4.591359223300971
all_available,STY,Tmax,6,2022,284,1.2570422535211268,1.6338841650462044,0.3795774647887324,2.6695774647887327
all_available,STY,Tmax,6,2023,341,1.510850439882698,1.9905642519285123,0.4404692082111436,3.962346041055718
all_available,STY,Tmax,6,2024,335,1.413731343283582,1.755196974105883,0.14447761194029843,3.080716417910448
all_available,STY,Tmax,6,2025,290,1.2486206896551726,1.6319757435655124,0.14448275862068946,2.6633448275862075
all_available,TKL,Tmax,6,2022,315,2.333015873015873,2.825883763996504,-1.1596825396825396,7.985619047619048
all_available,TKL,Tmax,6,2023,338,2.2414201183431954,2.7808729632742706,-0.9189349112426034,7.733254437869823
all_available,TKL,Tmax,6,2024,354,2.0833333333333335,2.5261401744145076,-0.9019774011299437,6.38138418079096
all_available,TKL,Tmax,6,2025,271,2.2571955719557195,2.701516589236279,-1.2328413284132842,7.298191881918819
all_available,TU1,Tmax,6,2022,332,1.5704819277108433,2.0629549516482713,-0.31987951807228904,4.25578313253012
all_available,TU1,Tmax,6,2023,350,1.6957142857142857,2.207849632561058,-0.2191428571428572,4.874599999999999
all_available,TU1,Tmax,6,2024,332,1.605421686746988,2.0369626573577335,-0.43192771084337345,4.149216867469879
all_available,TU1,Tmax,6,2025,269,1.4620817843866172,1.8469204751790718,-0.711895910780669,3.411115241635688
all_available,TW,Tmax,6,2022,317,1.8700315457413248,2.40176065807463,-0.5501577287066245,5.768454258675079
all_available,TW,Tmax,6,2023,126,2.359523809523809,2.881123568310289,-1.276984126984127,8.300873015873014
all_available,TW,Tmax,6,2024,290,1.650344827586207,2.0692660701237813,-0.45517241379310336,4.281862068965518
all_available,TW,Tmax,6,2025,328,1.7390243902439024,2.2219388369444264,-0.8945121951219511,4.937012195121951
all_available,TWN,Tmax,6,2022,288,1.9520833333333334,2.4193950116139,0.9354166666666666,5.853472222222222
all_available,TWN,Tmax,6,2023,320,1.9775000000000003,2.5430788426629642,0.8925000000000001,6.467250000000002
all_available,TWN,Tmax,6,2024,347,1.9746397694524498,2.3924472898231492,0.8432276657060518,5.723804034582132
all_available,TWN,Tmax,6,2025,342,1.8616959064327487,2.3266508318970534,0.6646198830409354,5.413304093567251
all_available,TY1,Tmax,6,2022,69,1.418840579710145,1.8036597256126508,-0.5840579710144927,3.2531884057971023
all_available,TY1,Tmax,6,2023,299,1.5675585284280937,2.0461481881884205,-0.13277591973244152,4.186722408026756
all_available,TY1,Tmax,6,2024,323,1.6253869969040247,2.0637517310544746,-0.5547987616099069,4.259071207430341
all_available,TY1,Tmax,6,2025,309,1.4961165048543688,1.9074118760050014,-0.474757281553398,3.638220064724919
all_available,WGL,Tmax,6,2022,351,1.7390313390313392,2.140745669805739,0.5994301994301995,4.582792022792023
all_available,WGL,Tmax,6,2023,347,1.862536023054755,2.3390125752311244,0.7213256484149856,5.470979827089336
all_available,WGL,Tmax,6,2024,344,1.5281976744186048,1.910367978676749,0.43691860465116283,3.6495058139534877
all_available,WGL,Tmax,6,2025,346,1.5135838150289018,1.9742636001825542,0.3829479768786127,3.89771676300578
all_available,WLP,Tmax,6,2022,311,2.5434083601286175,3.0796291587830846,-1.8450160771704178,9.484115755627009
all_available,WLP,Tmax,6,2023,303,2.7052805280528056,3.2282734046108135,-1.8405940594059407,10.421749174917492
all_available,WLP,Tmax,6,2024,342,2.5146198830409356,3.187658951431799,-1.7339181286549707,10.161169590643276
all_available,WLP,Tmax,6,2025,342,2.2546783625730993,2.7774520276832635,-1.381578947368421,7.714239766081871
all_available,WTS,Tmax,6,2022,295,1.9915254237288136,2.4258984007677356,-0.8722033898305085,5.884983050847457
all_available,WTS,Tmax,6,2023,342,1.89093567251462,2.414375804698968,-0.8271929824561403,5.829210526315789
all_available,WTS,Tmax,6,2024,323,1.7393188854489166,2.1752050542107004,-0.8637770897832816,4.731517027863776
all_available,WTS,Tmax,6,2025,335,1.7611940298507462,2.208612720522485,-0.8764179104477613,4.877970149253731
all_available,YLP,Tmax,6,2022,275,2.519272727272727,2.9964585157087753,-1.6196363636363635,8.978763636363636
all_available,YLP,Tmax,6,2023,299,2.598327759197325,3.071886764565774,-1.6297658862876252,9.43648829431438
all_available,YLP,Tmax,6,2024,321,2.5588785046728977,3.059971697790236,-1.8672897196261684,9.36342679127726
all_available,YLP,Tmax,6,2025,339,2.6418879056047198,3.1071332906934797,-1.952802359882006,9.654277286135692
strict_common,CCH,Tmax,6,2022,4,1.7999999999999998,2.3334523779156067,-0.39999999999999947,5.444999999999999
strict_common,CCH,Tmax,6,2023,3,3.0,3.522309848191478,-0.2666666666666657,12.406666666666672
strict_common,CCH,Tmax,6,2024,4,1.9000000000000004,2.1177818584547374,-0.09999999999999964,4.485000000000002
strict_common,CCH,Tmax,6,2025,13,1.5230769230769234,1.801281595035986,-0.615384615384616,3.2446153846153853
strict_common,CWB,Tmax,6,2022,4,2.05,2.3695991222145567,0.7499999999999991,5.614999999999997
strict_common,CWB,Tmax,6,2023,3,2.400000000000001,3.5786403377074194,1.6666666666666667,12.806666666666672
strict_common,CWB,Tmax,6,2024,4,1.375,1.5819292019556372,1.375,2.502499999999999
strict_common,CWB,Tmax,6,2025,13,1.4153846153846152,1.8229308607506,1.2307692307692308,3.3230769230769237
strict_common,HKP,Tmax,6,2022,4,2.3,2.754995462791183,-0.20000000000000018,7.5900000000000025
strict_common,HKP,Tmax,6,2023,3,3.4,4.050514370628336,0.2666666666666669,16.406666666666663
strict_common,HKP,Tmax,6,2024,4,1.1749999999999998,1.3756816492197603,-0.07500000000000018,1.8924999999999998
strict_common,HKP,Tmax,6,2025,13,1.1769230769230767,1.553408163708728,0.4384615384615383,2.4130769230769222
strict_common,HKS,Tmax,6,2022,4,2.0250000000000004,2.717075633838705,-1.325000000000001,7.3825
strict_common,HKS,Tmax,6,2023,3,2.5000000000000013,2.852484297356722,-0.033333333333332625,8.136666666666672
strict_common,HKS,Tmax,6,2024,4,1.8999999999999995,2.0844663585675827,-1.2999999999999998,4.344999999999999
strict_common,HKS,Tmax,6,2025,13,1.5307692307692307,2.0318615943172746,-0.869230769230769,4.128461538461536
strict_common,HPV,Tmax,6,2022,4,2.325000000000001,2.735415873317987,-1.2750000000000004,7.482500000000005
strict_common,HPV,Tmax,6,2023,3,3.099999999999999,3.355095627052478,-1.5,11.25666666666666
strict_common,HPV,Tmax,6,2024,4,1.6500000000000004,1.7564168070250301,-1.3000000000000007,3.0850000000000017
strict_common,HPV,Tmax,6,2025,13,1.7615384615384617,2.1463744027832323,-1.0846153846153845,4.606923076923077
strict_common,JKB,Tmax,6,2022,4,2.45,2.8827070610799153,-0.7000000000000002,8.310000000000002
strict_common,JKB,Tmax,6,2023,3,3.6666666666666665,4.4037862497325335,0.3333333333333333,19.39333333333333
strict_common,JKB,Tmax,6,2024,4,1.5999999999999996,1.6046806535881208,-0.75,2.574999999999999
strict_common,JKB,Tmax,6,2025,13,1.715384615384615,2.105852650261975,-0.36153846153846136,4.434615384615384
strict_common,KLT,Tmax,6,2022,4,2.1999999999999993,2.2880122377295096,-1.0,5.234999999999998
strict_common,KLT,Tmax,6,2023,3,3.266666666666667,3.746998799039039,-0.7333333333333331,14.04
strict_common,KLT,Tmax,6,2024,4,0.9749999999999996,1.279648389206972,-0.125,1.6374999999999982
strict_common,KLT,Tmax,6,2025,13,2.092307692307692,2.560949343204886,-1.2461538461538464,6.558461538461539
strict_common,KP,Tmax,6,2022,4,2.0,2.371708245126285,-0.34999999999999964,5.625000000000002
strict_common,KP,Tmax,6,2023,3,2.8333333333333335,3.3679865399572684,0.36666666666666714,11.343333333333332
strict_common,KP,Tmax,6,2024,4,0.6749999999999998,0.8817596044274195,0.07500000000000018,0.7774999999999993
strict_common,KP,Tmax,6,2025,13,1.4384615384615382,1.8914788678947243,-0.2538461538461536,3.5776923076923075
strict_common,KSC,Tmax,6,2022,4,2.374999999999999,2.661296676434252,-0.7749999999999995,7.082499999999995
strict_common,KSC,Tmax,6,2023,3,3.400000000000001,3.934463114581201,-0.20000000000000048,15.480000000000004
strict_common,KSC,Tmax,6,2024,4,1.3000000000000007,1.391042774324356,-0.75,1.9350000000000012
strict_common,KSC,Tmax,6,2025,13,1.8076923076923077,2.2996655275194997,-0.3615384615384612,5.288461538461538
strict_common,KTG,Tmax,6,2022,4,1.8499999999999996,2.254994456755936,0.3000000000000007,5.084999999999999
strict_common,KTG,Tmax,6,2023,3,3.0,3.7824154540011428,0.7333333333333343,14.30666666666667
strict_common,KTG,Tmax,6,2024,4,1.4749999999999996,1.6454482671904327,-0.27500000000000036,2.707499999999998
strict_common,KTG,Tmax,6,2025,13,1.3307692307692311,1.8771910275318688,-0.023076923076922995,3.523846153846154
strict_common,LFS,Tmax,6,2022,4,2.8,3.2132538026119257,-2.8,10.325
strict_common,LFS,Tmax,6,2023,3,2.133333333333333,2.3720595832876263,-1.2000000000000004,5.626666666666668
strict_common,LFS,Tmax,6,2024,4,0.875,1.0665364503850767,-0.22499999999999964,1.137499999999999
strict_common,LFS,Tmax,6,2025,13,2.284615384615385,2.6242947770635596,-1.4384615384615387,6.886923076923078
strict_common,NGP,Tmax,6,2022,4,3.0499999999999994,3.3052987762076813,3.0499999999999994,10.924999999999995
strict_common,NGP,Tmax,6,2023,3,3.4666666666666663,4.152910625894405,2.2000000000000006,17.246666666666663
strict_common,NGP,Tmax,6,2024,4,5.6000000000000005,5.765847726050351,5.6000000000000005,33.245000000000005
strict_common,NGP,Tmax,6,2025,13,2.8076923076923075,3.651448606111953,2.8076923076923075,13.333076923076923
strict_common,PEN,Tmax,6,2022,4,1.4749999999999996,1.64696690920006,-0.07500000000000107,2.712499999999999
strict_common,PEN,Tmax,6,2023,3,3.1666666666666656,3.5123591312203053,-0.8999999999999998,12.336666666666659
strict_common,PEN,Tmax,6,2024,4,1.0999999999999996,1.2349089035228469,0.09999999999999964,1.5250000000000001
strict_common,PEN,Tmax,6,2025,13,1.9000000000000001,2.2012234360429237,-1.038461538461539,4.845384615384616
strict_common,PLC,Tmax,6,2022,4,2.3499999999999996,2.447447650104083,-0.8499999999999996,5.989999999999998
strict_common,PLC,Tmax,6,2023,3,3.6,4.02077936060494,0.06666666666666643,16.16666666666667
strict_common,PLC,Tmax,6,2024,4,0.9250000000000007,1.3219304066402289,0.5250000000000004,1.7475000000000007
strict_common,PLC,Tmax,6,2025,13,1.515384615384615,2.0238957102958257,-0.08461538461538513,4.096153846153845
strict_common,SEK,Tmax,6,2022,4,1.825000000000001,2.3425413550244967,-1.825000000000001,5.487500000000005
strict_common,SEK,Tmax,6,2023,3,3.1666666666666665,3.7322915213043037,-1.6333333333333329,13.929999999999994
strict_common,SEK,Tmax,6,2024,4,1.0,1.2509996003196804,-0.09999999999999964,1.5650000000000002
strict_common,SEK,Tmax,6,2025,13,2.2307692307692313,2.6053200010156736,-1.4769230769230777,6.787692307692311
strict_common,SHA,Tmax,6,2022,4,1.6000000000000005,1.9013153341831548,-0.6000000000000005,3.615000000000002
strict_common,SHA,Tmax,6,2023,3,3.366666666666666,3.7925365302569376,-0.366666666666666,14.383333333333331
strict_common,SHA,Tmax,6,2024,4,0.9499999999999993,1.142365965879586,0.25,1.3049999999999993
strict_common,SHA,Tmax,6,2025,13,1.6307692307692305,2.093212474054763,-0.4615384615384614,4.381538461538461
strict_common,SKG,Tmax,6,2022,4,1.6749999999999998,1.8914280319377734,0.3750000000000009,3.5774999999999992
strict_common,SKG,Tmax,6,2023,3,2.866666666666667,3.4515696912177996,1.0666666666666675,11.913333333333336
strict_common,SKG,Tmax,6,2024,4,1.1499999999999995,1.2549900398011127,1.1499999999999995,1.5749999999999982
strict_common,SKG,Tmax,6,2025,13,1.238461538461538,1.7291616465790576,0.7153846153846152,2.989999999999998
strict_common,SKW,Tmax,6,2022,4,2.049999999999999,2.479919353527448,0.75,6.149999999999996
strict_common,SKW,Tmax,6,2023,3,3.1,3.8126980822859116,1.500000000000001,14.536666666666669
strict_common,SKW,Tmax,6,2024,4,1.1000000000000005,1.3379088160259658,8.881784197001252e-16,1.7900000000000016
strict_common,SKW,Tmax,6,2025,13,1.3461538461538463,1.6990947816184583,0.746153846153847,2.8869230769230763
strict_common,SSH,Tmax,6,2022,4,2.0500000000000007,2.6143832924802752,-1.8000000000000007,6.835000000000004
strict_common,SSH,Tmax,6,2023,3,4.300000000000001,4.914264950122247,-1.8999999999999997,24.150000000000006
strict_common,SSH,Tmax,6,2024,4,0.875,1.0062305898749058,-0.07499999999999929,1.0125000000000006
strict_common,SSH,Tmax,6,2025,13,2.969230769230769,3.4187267085411066,-2.1538461538461537,11.687692307692307
strict_common,SSP,Tmax,6,2022,4,2.1750000000000007,2.7106272336859605,-1.9250000000000007,7.347500000000004
strict_common,SSP,Tmax,6,2023,3,3.5666666666666664,3.907684736515985,-1.3000000000000007,15.270000000000001
strict_common,SSP,Tmax,6,2024,4,1.8499999999999996,1.9352002480363624,-1.3499999999999996,3.7449999999999983
strict_common,SSP,Tmax,6,2025,13,2.030769230769231,2.4912153351635116,-1.3846153846153852,6.206153846153848
strict_common,STY,Tmax,6,2022,4,1.5999999999999996,2.082066281365701,0.3000000000000007,4.334999999999999
strict_common,STY,Tmax,6,2023,3,3.0,3.595367389665021,1.4666666666666661,12.926666666666668
strict_common,STY,Tmax,6,2024,4,1.2000000000000002,1.4247806848775009,-0.2999999999999998,2.0300000000000007
strict_common,STY,Tmax,6,2025,13,1.5076923076923072,1.814895631667604,0.04615384615384626,3.2938461538461508
strict_common,TKL,Tmax,6,2022,4,1.8499999999999996,2.2011360703055134,-1.299999999999999,4.844999999999997
strict_common,TKL,Tmax,6,2023,3,4.266666666666667,4.806245936279167,-1.6000000000000003,23.100000000000005
strict_common,TKL,Tmax,6,2024,4,0.8000000000000007,0.9354143466934857,0.15000000000000036,0.8750000000000006
strict_common,TKL,Tmax,6,2025,13,2.3846153846153846,2.811514784705104,-1.4923076923076921,7.904615384615387
strict_common,TU1,Tmax,6,2022,4,1.5,2.057911562725667,-1.1999999999999993,4.234999999999998
strict_common,TU1,Tmax,6,2023,3,3.4,3.715732319027659,-0.2666666666666669,13.806666666666663
strict_common,TU1,Tmax,6,2024,4,1.200000000000001,1.2629330940315098,0.34999999999999964,1.5950000000000024
strict_common,TU1,Tmax,6,2025,13,1.4769230769230766,2.0107403917654114,-0.7076923076923074,4.043076923076921
strict_common,TW,Tmax,6,2022,4,2.2,2.445403852127497,-1.2999999999999998,5.98
strict_common,TW,Tmax,6,2023,3,2.733333333333333,3.3326665999866636,-0.4666666666666674,11.106666666666667
strict_common,TW,Tmax,6,2024,4,1.5750000000000002,1.6439282222773595,-0.7749999999999995,2.7024999999999997
strict_common,TW,Tmax,6,2025,13,1.923076923076923,2.3442236700845367,-1.1384615384615384,5.495384615384615
strict_common,TWN,Tmax,6,2022,4,1.7000000000000002,1.8641351882307253,-0.7000000000000002,3.4750000000000014
strict_common,TWN,Tmax,6,2023,3,3.4333333333333322,3.845776904605881,0.16666666666666666,14.789999999999992
strict_common,TWN,Tmax,6,2024,4,1.2750000000000004,1.5644487847162014,1.2750000000000004,2.4474999999999993
strict_common,TWN,Tmax,6,2025,13,1.515384615384615,2.2200138599705945,0.10000000000000032,4.928461538461538
strict_common,TY1,Tmax,6,2022,4,1.9750000000000005,2.4098755154571787,-1.5750000000000002,5.807500000000002
strict_common,TY1,Tmax,6,2023,3,2.9666666666666663,3.5312887166019147,-0.6333333333333329,12.469999999999999
strict_common,TY1,Tmax,6,2024,4,0.8499999999999996,0.857321409974112,-0.5,0.7349999999999993
strict_common,TY1,Tmax,6,2025,13,1.484615384615385,2.0716028725454265,-0.7923076923076926,4.2915384615384635
strict_common,WGL,Tmax,6,2022,4,2.05,2.4688053791257016,0.4500000000000002,6.094999999999999
strict_common,WGL,Tmax,6,2023,3,2.866666666666666,3.516627171974115,1.6000000000000003,12.366666666666662
strict_common,WGL,Tmax,6,2024,4,1.25,1.682260384126072,1.25,2.829999999999999
strict_common,WGL,Tmax,6,2025,13,1.2000000000000002,1.6511068548564158,0.5692307692307697,2.7261538461538453
strict_common,WLP,Tmax,6,2022,4,2.5,3.004163777159961,-2.5,9.025000000000004
strict_common,WLP,Tmax,6,2023,3,5.066666666666666,6.074537019394977,-3.133333333333334,36.900000000000006
strict_common,WLP,Tmax,6,2024,4,1.2250000000000005,1.5223337347638328,-0.9249999999999998,2.3175
strict_common,WLP,Tmax,6,2025,13,2.9230769230769225,3.2851647892164695,-2.1846153846153844,10.792307692307691
strict_common,WTS,Tmax,6,2022,4,2.175,2.6744158240632667,-1.5750000000000002,7.152500000000002
strict_common,WTS,Tmax,6,2023,3,3.4,3.886729559239575,-0.6000000000000002,15.106666666666662
strict_common,WTS,Tmax,6,2024,4,1.5250000000000012,1.570827807240502,-0.9750000000000005,2.467500000000004
strict_common,WTS,Tmax,6,2025,13,1.9153846153846155,2.336828883502006,-1.2076923076923076,5.460769230769231
strict_common,YLP,Tmax,6,2022,4,2.2250000000000005,2.674415824063267,-2.2250000000000005,7.152500000000003
strict_common,YLP,Tmax,6,2023,3,3.7999999999999994,4.352776891441447,-2.3333333333333335,18.94666666666667
strict_common,YLP,Tmax,6,2024,4,1.2999999999999998,1.4933184523068077,-0.7000000000000002,2.2299999999999995
strict_common,YLP,Tmax,6,2025,13,2.9384615384615387,3.245588722226856,-2.2153846153846155,10.533846153846156
lowland_available,CCH,Tmax,6,2022,297,1.7393939393939395,2.219427535617819,0.25521885521885534,4.9258585858585855
lowland_available,CCH,Tmax,6,2023,308,1.7077922077922079,2.2369535173894515,0.0500000000000001,5.003961038961038
lowland_available,CCH,Tmax,6,2024,357,1.8056022408963586,2.2257343860898966,-0.22464985994397768,4.95389355742297
lowland_available,CCH,Tmax,6,2025,348,1.625,2.0307195372774793,-0.2278735632183909,4.123821839080461
lowland_available,CWB,Tmax,6,2022,309,1.5614886731391586,1.986939556853453,0.8611650485436892,3.9479288025889963
lowland_available,CWB,Tmax,6,2023,288,1.802777777777778,2.283941524840093,1.3513888888888888,5.21638888888889
lowland_available,CWB,Tmax,6,2024,321,1.6389408099688472,2.0582407877085025,1.199688473520249,4.236355140186916
lowland_available,CWB,Tmax,6,2025,339,1.6766961651917403,2.1209031303894044,1.328023598820059,4.498230088495576
lowland_available,HKP,Tmax,6,2022,319,1.5272727272727273,1.955572377306453,0.2909090909090908,3.8242633228840126
lowland_available,HKP,Tmax,6,2023,351,1.5361823361823363,2.043445501027496,0.5344729344729344,4.175669515669515
lowland_available,HKP,Tmax,6,2024,302,1.5023178807947022,1.849100371918859,0.5248344370860926,3.419172185430463
lowland_available,HKP,Tmax,6,2025,309,1.2841423948220065,1.6712106341867174,0.6122977346278317,2.7929449838187703
lowland_available,HKS,Tmax,6,2022,326,1.4331288343558284,1.8471998373927505,-0.12269938650306748,3.412147239263804
lowland_available,HKS,Tmax,6,2023,311,1.4533762057877813,1.9020719790546368,-0.11704180064308677,3.6178778135048226
lowland_available,HKS,Tmax,6,2024,347,1.5270893371757928,1.865421740758205,-0.48674351585014397,3.479798270893372
lowland_available,HKS,Tmax,6,2025,349,1.3971346704871062,1.7958404661725087,-0.5404011461318052,3.2250429799426934
lowland_available,HPV,Tmax,6,2022,323,2.0157894736842104,2.444815073381636,-1.2609907120743034,5.977120743034055
lowland_available,HPV,Tmax,6,2023,321,1.9741433021806856,2.417749784136396,-1.1834890965732086,5.845514018691588
lowland_available,HPV,Tmax,6,2024,285,1.8094736842105266,2.2572534156483495,-1.1982456140350877,5.0951929824561395
lowland_available,HPV,Tmax,6,2025,302,1.6271523178807947,2.0491639387033236,-1.0814569536423841,4.199072847682118
lowland_available,JKB,Tmax,6,2022,330,1.730909090909091,2.167976294178793,-0.42727272727272725,4.700121212121212
lowland_available,JKB,Tmax,6,2023,264,1.7750000000000001,2.29024611619085,-0.23106060606060624,5.2452272727272735
lowland_available,JKB,Tmax,6,2024,358,1.7544692737430168,2.170594491591503,-0.31256983240223474,4.711480446927375
lowland_available,JKB,Tmax,6,2025,351,1.6202279202279204,2.052619756128218,-0.22022792022792026,4.213247863247863
lowland_available,KLT,Tmax,6,2022,323,1.91609907120743,2.4020308744854684,-0.6046439628482972,5.769752321981424
lowland_available,KLT,Tmax,6,2023,259,2.236679536679537,2.7494400974418136,-0.6498069498069498,7.559420849420849
lowland_available,KLT,Tmax,6,2024,361,1.8326869806094186,2.305539517200684,-0.6786703601108035,5.3155124653739625
lowland_available,KLT,Tmax,6,2025,354,1.951129943502825,2.378713273212682,-0.9500000000000001,5.658276836158191
lowland_available,KP,Tmax,6,2022,208,1.6331730769230772,2.072844107092401,0.00625000000000002,4.296682692307693
lowland_available,KP,Tmax,6,2023,341,1.5524926686217009,2.09847032683571,0.132551319648094,4.40357771260997
lowland_available,KP,Tmax,6,2024,350,1.4162857142857141,1.821012277357216,-0.009428571428571501,3.316085714285714
lowland_available,KP,Tmax,6,2025,346,1.322543352601156,1.7499132926496408,0.07341040462427745,3.0621965317919075
lowland_available,KSC,Tmax,6,2022,309,1.6527508090614889,2.158036084290604,0.027508090614886835,4.657119741100323
lowland_available,KSC,Tmax,6,2023,338,1.6781065088757399,2.2382632743283577,-0.02011834319526634,5.0098224852071
lowland_available,KSC,Tmax,6,2024,333,1.6828828828828828,2.1464685712414533,0.011411411411411403,4.607327327327327
lowland_available,KSC,Tmax,6,2025,332,1.6801204819277107,2.1483672702102967,0.07590361445783138,4.615481927710842
lowland_available,KTG,Tmax,6,2022,196,1.8076530612244899,2.314583314198767,0.10153061224489791,5.357295918367348
lowland_available,KTG,Tmax,6,2023,350,1.7020000000000002,2.2928771694719527,0.17000000000000004,5.257285714285715
lowland_available,KTG,Tmax,6,2024,351,1.5575498575498576,1.9607618148533226,0.009971509971510063,3.844586894586895
lowland_available,KTG,Tmax,6,2025,353,1.5297450424929178,1.9379905483358513,-0.09065155807365431,3.7558073654390935
lowland_available,LFS,Tmax,6,2022,281,2.0640569395017794,2.6243318078555578,-0.793594306049822,6.88711743772242
lowland_available,LFS,Tmax,6,2023,271,2.3571955719557196,2.9121453270577105,-1.2944649446494463,8.480590405904058
lowland_available,LFS,Tmax,6,2024,315,2.1606349206349207,2.7453510487645074,-1.3473015873015872,7.53695238095238
lowland_available,LFS,Tmax,6,2025,349,2.218051575931232,2.735990624826847,-1.3544412607449858,7.4856446991404
lowland_available,PEN,Tmax,6,2022,246,1.3939024390243904,1.7840417254225813,0.08089430894308954,3.1828048780487808
lowland_available,PEN,Tmax,6,2023,253,1.691304347826087,2.172219498440964,-0.4841897233201581,4.718537549407115
lowland_available,PEN,Tmax,6,2024,194,1.518041237113402,1.9869808211216218,-0.5118556701030929,3.9480927835051545
lowland_available,PEN,Tmax,6,2025,304,1.637828947368421,2.0882424617240614,-0.5128289473684211,4.360756578947369
lowland_available,PLC,Tmax,6,2022,312,2.108653846153846,2.6190194387428325,-0.5586538461538462,6.8592628205128205
lowland_available,PLC,Tmax,6,2023,340,1.9594117647058824,2.4860079030682196,-0.3,6.180235294117647
lowland_available,PLC,Tmax,6,2024,346,1.9014450867052022,2.3793366248949464,0.18757225433525992,5.661242774566475
lowland_available,PLC,Tmax,6,2025,331,1.7277945619335344,2.2231751062096055,0.01299093655589123,4.942507552870091
lowland_available,SEK,Tmax,6,2022,273,2.183150183150183,2.6899623484163184,-1.287912087912088,7.235897435897436
lowland_available,SEK,Tmax,6,2023,209,2.3311004784689,2.8263117799549224,-1.2727272727272727,7.988038277511961
lowland_available,SEK,Tmax,6,2024,256,2.095703125,2.600503256583233,-1.0753906250000003,6.7626171875
lowland_available,SEK,Tmax,6,2025,287,2.116376306620209,2.557315120820604,-1.2285714285714286,6.539860627177701
lowland_available,SHA,Tmax,6,2022,316,1.6132911392405063,2.057419423341848,-0.4829113924050632,4.232974683544303
lowland_available,SHA,Tmax,6,2023,341,1.7436950146627563,2.2369596039702464,-0.4304985337243401,5.003988269794722
lowland_available,SHA,Tmax,6,2024,342,1.4883040935672514,1.8931547976114627,-0.33742690058479535,3.584035087719298
lowland_available,SHA,Tmax,6,2025,335,1.5880597014925373,2.0277625343028673,-0.41910447761194025,4.111820895522388
lowland_available,SKG,Tmax,6,2022,346,1.4520231213872832,1.8536793594443615,0.42254335260115605,3.436127167630058
lowland_available,SKG,Tmax,6,2023,333,1.6711711711711712,2.1419098435223125,0.46156156156156153,4.587777777777778
lowland_available,SKG,Tmax,6,2024,289,1.4463667820069204,1.8270743531781957,0.4816608996539793,3.3382006920415224
lowland_available,SKG,Tmax,6,2025,331,1.4779456193353473,1.8877086927705051,0.3993957703927492,3.5634441087613293
lowland_available,SKW,Tmax,6,2022,334,1.5949101796407188,1.9844379587117478,0.7829341317365269,3.937994011976048
lowland_available,SKW,Tmax,6,2023,350,1.6682857142857146,2.1682184918894656,0.9288571428571429,4.701171428571429
lowland_available,SKW,Tmax,6,2024,345,1.517391304347826,1.9126050222182553,0.713913043478261,3.658057971014493
lowland_available,SKW,Tmax,6,2025,349,1.4389684813753583,1.8573327148773269,0.7787965616045845,3.449684813753582
lowland_available,SSH,Tmax,6,2022,329,2.9632218844984806,3.447235798499419,-1.9176291793313072,11.883434650455929
lowland_available,SSH,Tmax,6,2023,351,2.8595441595441597,3.3771605936368614,-1.77977207977208,11.405213675213677
lowland_available,SSH,Tmax,6,2024,346,2.6725433526011564,3.1543849651985285,-1.6846820809248557,9.95014450867052
lowland_available,SSH,Tmax,6,2025,341,2.8633431085043988,3.3295354708446796,-2.0721407624633432,11.085806451612903
lowland_available,SSP,Tmax,6,2022,335,1.763283582089552,2.2419141608182978,-0.8719402985074628,5.026179104477612
lowland_available,SSP,Tmax,6,2023,350,1.8162857142857145,2.3260819295237956,-0.8254285714285715,5.4106571428571435
lowland_available,SSP,Tmax,6,2024,353,1.7441926345609067,2.2122053908301846,-0.9300283286118979,4.893852691218131
lowland_available,SSP,Tmax,6,2025,309,1.7258899676375408,2.1427457206353187,-0.9362459546925569,4.591359223300971
lowland_available,STY,Tmax,6,2022,284,1.2570422535211268,1.6338841650462044,0.3795774647887324,2.6695774647887327
lowland_available,STY,Tmax,6,2023,341,1.510850439882698,1.9905642519285123,0.4404692082111436,3.962346041055718
lowland_available,STY,Tmax,6,2024,335,1.413731343283582,1.755196974105883,0.14447761194029843,3.080716417910448
lowland_available,STY,Tmax,6,2025,290,1.2486206896551726,1.6319757435655124,0.14448275862068946,2.6633448275862075
lowland_available,TKL,Tmax,6,2022,315,2.333015873015873,2.825883763996504,-1.1596825396825396,7.985619047619048
lowland_available,TKL,Tmax,6,2023,338,2.2414201183431954,2.7808729632742706,-0.9189349112426034,7.733254437869823
lowland_available,TKL,Tmax,6,2024,354,2.0833333333333335,2.5261401744145076,-0.9019774011299437,6.38138418079096
lowland_available,TKL,Tmax,6,2025,271,2.2571955719557195,2.701516589236279,-1.2328413284132842,7.298191881918819
lowland_available,TU1,Tmax,6,2022,332,1.5704819277108433,2.0629549516482713,-0.31987951807228904,4.25578313253012
lowland_available,TU1,Tmax,6,2023,350,1.6957142857142857,2.207849632561058,-0.2191428571428572,4.874599999999999
lowland_available,TU1,Tmax,6,2024,332,1.605421686746988,2.0369626573577335,-0.43192771084337345,4.149216867469879
lowland_available,TU1,Tmax,6,2025,269,1.4620817843866172,1.8469204751790718,-0.711895910780669,3.411115241635688
lowland_available,TW,Tmax,6,2022,317,1.8700315457413248,2.40176065807463,-0.5501577287066245,5.768454258675079
lowland_available,TW,Tmax,6,2023,126,2.359523809523809,2.881123568310289,-1.276984126984127,8.300873015873014
lowland_available,TW,Tmax,6,2024,290,1.650344827586207,2.0692660701237813,-0.45517241379310336,4.281862068965518
lowland_available,TW,Tmax,6,2025,328,1.7390243902439024,2.2219388369444264,-0.8945121951219511,4.937012195121951
lowland_available,TWN,Tmax,6,2022,288,1.9520833333333334,2.4193950116139,0.9354166666666666,5.853472222222222
lowland_available,TWN,Tmax,6,2023,320,1.9775000000000003,2.5430788426629642,0.8925000000000001,6.467250000000002
lowland_available,TWN,Tmax,6,2024,347,1.9746397694524498,2.3924472898231492,0.8432276657060518,5.723804034582132
lowland_available,TWN,Tmax,6,2025,342,1.8616959064327487,2.3266508318970534,0.6646198830409354,5.413304093567251
lowland_available,TY1,Tmax,6,2022,69,1.418840579710145,1.8036597256126508,-0.5840579710144927,3.2531884057971023
lowland_available,TY1,Tmax,6,2023,299,1.5675585284280937,2.0461481881884205,-0.13277591973244152,4.186722408026756
lowland_available,TY1,Tmax,6,2024,323,1.6253869969040247,2.0637517310544746,-0.5547987616099069,4.259071207430341
lowland_available,TY1,Tmax,6,2025,309,1.4961165048543688,1.9074118760050014,-0.474757281553398,3.638220064724919
lowland_available,WGL,Tmax,6,2022,351,1.7390313390313392,2.140745669805739,0.5994301994301995,4.582792022792023
lowland_available,WGL,Tmax,6,2023,347,1.862536023054755,2.3390125752311244,0.7213256484149856,5.470979827089336
lowland_available,WGL,Tmax,6,2024,344,1.5281976744186048,1.910367978676749,0.43691860465116283,3.6495058139534877
lowland_available,WGL,Tmax,6,2025,346,1.5135838150289018,1.9742636001825542,0.3829479768786127,3.89771676300578
lowland_available,WLP,Tmax,6,2022,311,2.5434083601286175,3.0796291587830846,-1.8450160771704178,9.484115755627009
lowland_available,WLP,Tmax,6,2023,303,2.7052805280528056,3.2282734046108135,-1.8405940594059407,10.421749174917492
lowland_available,WLP,Tmax,6,2024,342,2.5146198830409356,3.187658951431799,-1.7339181286549707,10.161169590643276
lowland_available,WLP,Tmax,6,2025,342,2.2546783625730993,2.7774520276832635,-1.381578947368421,7.714239766081871
lowland_available,WTS,Tmax,6,2022,295,1.9915254237288136,2.4258984007677356,-0.8722033898305085,5.884983050847457
lowland_available,WTS,Tmax,6,2023,342,1.89093567251462,2.414375804698968,-0.8271929824561403,5.829210526315789
lowland_available,WTS,Tmax,6,2024,323,1.7393188854489166,2.1752050542107004,-0.8637770897832816,4.731517027863776
lowland_available,WTS,Tmax,6,2025,335,1.7611940298507462,2.208612720522485,-0.8764179104477613,4.877970149253731
lowland_available,YLP,Tmax,6,2022,275,2.519272727272727,2.9964585157087753,-1.6196363636363635,8.978763636363636
lowland_available,YLP,Tmax,6,2023,299,2.598327759197325,3.071886764565774,-1.6297658862876252,9.43648829431438
lowland_available,YLP,Tmax,6,2024,321,2.5588785046728977,3.059971697790236,-1.8672897196261684,9.36342679127726
lowland_available,YLP,Tmax,6,2025,339,2.6418879056047198,3.1071332906934797,-1.952802359882006,9.654277286135692
all_available,CCH,Tmax,7,2022,296,1.8520270270270272,2.3150068589005857,0.21824324324324332,5.359256756756756
all_available,CCH,Tmax,7,2023,308,1.7863636363636366,2.338983573230936,0.014285714285714384,5.470844155844156
all_available,CCH,Tmax,7,2024,357,1.9938375350140054,2.422894997325973,-0.23585434173669476,5.870420168067226
all_available,CCH,Tmax,7,2025,348,1.6945402298850576,2.1167707459251695,-0.2508620689655173,4.480718390804598
all_available,CWB,Tmax,7,2022,308,1.586038961038961,2.0507759063783193,0.7938311688311687,4.205681818181818
all_available,CWB,Tmax,7,2023,288,1.849305555555556,2.3518019096476266,1.3340277777777778,5.530972222222222
all_available,CWB,Tmax,7,2024,321,1.7143302180685356,2.1788204531301316,1.174766355140187,4.747258566978193
all_available,CWB,Tmax,7,2025,339,1.7026548672566373,2.1737913265912674,1.2985250737463125,4.725368731563422
all_available,HKP,Tmax,7,2022,318,1.60125786163522,2.041780576978903,0.261006289308176,4.1688679245283025
all_available,HKP,Tmax,7,2023,351,1.5880341880341884,2.1246484542462674,0.49173789173789173,4.514131054131053
all_available,HKP,Tmax,7,2024,302,1.6082781456953643,1.9848682542564298,0.4850993377483442,3.939701986754967
all_available,HKP,Tmax,7,2025,309,1.3281553398058255,1.7596888515782931,0.5993527508090615,3.0965048543689324
all_available,HKS,Tmax,7,2022,325,1.5043076923076923,1.9465709495259766,-0.16215384615384612,3.7891384615384625
all_available,HKS,Tmax,7,2023,311,1.5106109324758845,1.9951387866850387,-0.16205787781350478,3.9805787781350483
all_available,HKS,Tmax,7,2024,347,1.6348703170028818,2.015995116868886,-0.49538904899135433,4.064236311239193
all_available,HKS,Tmax,7,2025,349,1.4527220630372493,1.8862646339633722,-0.5604584527220631,3.5579942693409743
all_available,HPV,Tmax,7,2022,322,2.1437888198757764,2.594170483390482,-1.281055900621118,6.729720496894408
all_available,HPV,Tmax,7,2023,321,2.052647975077882,2.5478657613176376,-1.2271028037383176,6.491619937694705
all_available,HPV,Tmax,7,2024,285,1.9021052631578947,2.3543390326590083,-1.2157894736842105,5.542912280701755
all_available,HPV,Tmax,7,2025,302,1.7178807947019865,2.147939101582249,-1.114569536423841,4.613642384105959
all_available,JKB,Tmax,7,2022,329,1.793617021276596,2.2597240060650385,-0.44224924012158057,5.106352583586627
all_available,JKB,Tmax,7,2023,264,1.8643939393939395,2.3970783984852995,-0.25378787878787895,5.745984848484849
all_available,JKB,Tmax,7,2024,358,1.8924581005586592,2.3287791416325407,-0.33212290502793307,5.423212290502794
all_available,JKB,Tmax,7,2025,351,1.665242165242165,2.1309348161976214,-0.24301994301994306,4.540883190883191
all_available,KLT,Tmax,7,2022,322,2.042546583850932,2.528145909383087,-0.6295031055900621,6.391521739130435
all_available,KLT,Tmax,7,2023,259,2.2907335907335904,2.843600143490954,-0.6884169884169884,8.086061776061776
all_available,KLT,Tmax,7,2024,361,1.9922437673130196,2.5001385003186574,-0.6925207756232689,6.250692520775624
all_available,KLT,Tmax,7,2025,354,2.0042372881355934,2.4618157370452893,-0.9612994350282487,6.060536723163842
all_available,KP,Tmax,7,2022,207,1.735265700483092,2.2068185945334844,0.02125603864734303,4.870048309178744
all_available,KP,Tmax,7,2023,341,1.6129032258064513,2.1862138028538878,0.09149560117302068,4.779530791788857
all_available,KP,Tmax,7,2024,350,1.5631428571428572,2.0107070540341914,-0.026571428571428645,4.042942857142856
all_available,KP,Tmax,7,2025,346,1.3745664739884393,1.8455696051978256,0.058959537572254334,3.406127167630058
all_available,KSC,Tmax,7,2022,308,1.7136363636363634,2.2340051971244876,-0.007142857142857048,4.990779220779221
all_available,KSC,Tmax,7,2023,338,1.7378698224852074,2.332253906422641,-0.05562130177514799,5.439408284023669
all_available,KSC,Tmax,7,2024,333,1.809009009009009,2.32032409458332,-0.006606606606606615,5.383903903903905
all_available,KSC,Tmax,7,2025,332,1.7337349397590363,2.2233292088857053,0.06385542168674704,4.943192771084337
all_available,KTG,Tmax,7,2022,195,1.903076923076923,2.4570881244436578,0.12974358974358965,6.037282051282051
all_available,KTG,Tmax,7,2023,350,1.7968571428571432,2.4013389122380397,0.1357142857142858,5.7664285714285715
all_available,KTG,Tmax,7,2024,351,1.7113960113960112,2.159224562719383,-0.0014245014245013335,4.662250712250712
all_available,KTG,Tmax,7,2025,353,1.5875354107648725,2.0384407750045455,-0.11048158640226621,4.155240793201132
all_available,LFS,Tmax,7,2022,280,2.163214285714286,2.718895521557027,-0.814642857142857,7.392392857142858
all_available,LFS,Tmax,7,2023,271,2.408118081180812,2.9652601113014145,-1.3387453874538744,8.792767527675277
all_available,LFS,Tmax,7,2024,315,2.274285714285714,2.8869382914105906,-1.3568253968253967,8.334412698412699
all_available,LFS,Tmax,7,2025,349,2.295415472779369,2.821271025721043,-1.3773638968481376,7.959570200573067
all_available,NGP,Tmax,7,2022,223,4.089237668161434,4.6992939074609446,3.8327354260089677,22.083363228699554
all_available,NGP,Tmax,7,2023,202,3.9544554455445544,4.708029795408632,3.8069306930693068,22.165544554455447
all_available,NGP,Tmax,7,2024,121,4.055371900826446,4.8208483187502065,3.904958677685951,23.24057851239669
all_available,NGP,Tmax,7,2025,210,3.5547619047619046,4.220511140337659,3.356666666666667,17.812714285714286
all_available,PEN,Tmax,7,2022,246,1.4963414634146341,1.8900359182718522,0.0483739837398375,3.5722357723577236
all_available,PEN,Tmax,7,2023,253,1.7719367588932804,2.2773936284995693,-0.5592885375494071,5.186521739130435
all_available,PEN,Tmax,7,2024,194,1.7262886597938143,2.2139785524995124,-0.5427835051546392,4.9017010309278355
all_available,PEN,Tmax,7,2025,304,1.686513157894737,2.137440365434665,-0.5161184210526316,4.568651315789474
all_available,PLC,Tmax,7,2022,311,2.2418006430868167,2.74176932570371,-0.580064308681672,7.517299035369775
all_available,PLC,Tmax,7,2023,340,2.0182352941176473,2.565655517659009,-0.36176470588235293,6.582588235294118
all_available,PLC,Tmax,7,2024,346,2.042485549132948,2.5820579237087773,0.17601156069364146,6.667023121387283
all_available,PLC,Tmax,7,2025,331,1.7954682779456193,2.3104713687079816,-0.02024169184290031,5.3382779456193346
all_available,SEK,Tmax,7,2022,272,2.3238970588235297,2.8307074048309384,-1.3393382352941179,8.012904411764707
all_available,SEK,Tmax,7,2023,209,2.3502392344497607,2.9093974120830257,-1.291866028708134,8.464593301435407
all_available,SEK,Tmax,7,2024,256,2.2582031250000005,2.801666635683125,-1.0949218750000003,7.8493359375
all_available,SEK,Tmax,7,2025,287,2.1937282229965156,2.620436966513483,-1.2634146341463415,6.866689895470383
all_available,SHA,Tmax,7,2022,315,1.7469841269841269,2.1883747684032837,-0.5076190476190475,4.7889841269841265
all_available,SHA,Tmax,7,2023,341,1.8064516129032258,2.342868382573916,-0.47448680351906153,5.489032258064516
all_available,SHA,Tmax,7,2024,342,1.6228070175438596,2.1035614467454757,-0.35789473684210527,4.4249707602339186
all_available,SHA,Tmax,7,2025,335,1.6543283582089554,2.1226989297280614,-0.43999999999999995,4.505850746268657
all_available,SKG,Tmax,7,2022,345,1.50463768115942,1.941081425764843,0.38637681159420284,3.7677971014492755
all_available,SKG,Tmax,7,2023,333,1.7294294294294295,2.2051877137452163,0.41351351351351345,4.862852852852853
all_available,SKG,Tmax,7,2024,289,1.5640138408304498,1.9797766467291849,0.4574394463667821,3.9195155709342555
all_available,SKG,Tmax,7,2025,331,1.5492447129909364,1.9680990567755898,0.36918429003021147,3.8734138972809666
all_available,SKW,Tmax,7,2022,333,1.6387387387387389,2.069461928297468,0.7474474474474474,4.282672672672673
all_available,SKW,Tmax,7,2023,350,1.7277142857142858,2.2349240958667287,0.8831428571428572,4.994885714285714
all_available,SKW,Tmax,7,2024,345,1.6008695652173912,2.0239364714782204,0.6820289855072464,4.09631884057971
all_available,SKW,Tmax,7,2025,349,1.486532951289398,1.9284775829564667,0.7644699140401147,3.719025787965616
all_available,SSH,Tmax,7,2022,328,3.083536585365854,3.580247300356125,-1.9426829268292685,12.818170731707319
all_available,SSH,Tmax,7,2023,351,2.917663817663818,3.4793775845786525,-1.8225071225071225,12.106068376068377
all_available,SSH,Tmax,7,2024,346,2.8124277456647397,3.3127665123455228,-1.7078034682080927,10.97442196531792
all_available,SSH,Tmax,7,2025,341,2.9431085043988268,3.400388109640969,-2.0868035190615837,11.562639296187683
all_available,SSP,Tmax,7,2022,334,1.8649700598802395,2.3556086719930502,-0.9050898203592814,5.548892215568863
all_available,SSP,Tmax,7,2023,350,1.8791428571428572,2.4208204040307137,-0.8654285714285715,5.860371428571429
all_available,SSP,Tmax,7,2024,353,1.8790368271954674,2.3799980955547406,-0.947025495750708,5.664390934844193
all_available,SSP,Tmax,7,2025,309,1.749190938511327,2.201595479129098,-0.9459546925566346,4.847022653721683
all_available,STY,Tmax,7,2022,283,1.3123674911660779,1.711858453248281,0.353356890459364,2.930459363957597
all_available,STY,Tmax,7,2023,341,1.5882697947214077,2.0964709909359054,0.40527859237536645,4.395190615835777
all_available,STY,Tmax,7,2024,335,1.5582089552238807,1.9168070465572018,0.13253731343283576,3.674149253731343
all_available,STY,Tmax,7,2025,290,1.3210344827586207,1.7328171203025993,0.10310344827586186,3.002655172413793
all_available,TKL,Tmax,7,2022,314,2.446815286624204,2.9366289872772824,-1.1856687898089173,8.623789808917197
all_available,TKL,Tmax,7,2023,338,2.284615384615385,2.866889124894416,-0.9544378698224852,8.21905325443787
all_available,TKL,Tmax,7,2024,354,2.234180790960452,2.7228941482130518,-0.9189265536723166,7.4141525423728805
all_available,TKL,Tmax,7,2025,271,2.3177121771217712,2.812209804626933,-1.2549815498154981,7.908523985239852
all_available,TU1,Tmax,7,2022,331,1.6848942598187313,2.1751619032007596,-0.34652567975830806,4.731329305135952
all_available,TU1,Tmax,7,2023,350,1.7522857142857142,2.2976447568263088,-0.25628571428571434,5.279171428571428
all_available,TU1,Tmax,7,2024,332,1.722289156626506,2.1898863919478915,-0.4590361445783132,4.795602409638554
all_available,TU1,Tmax,7,2025,269,1.5394052044609667,1.9588612882152738,-0.6933085501858735,3.837137546468402
all_available,TW,Tmax,7,2022,316,2.0205696202531644,2.5547857796196602,-0.5908227848101265,6.526930379746835
all_available,TW,Tmax,7,2023,126,2.4246031746031744,2.969300596394045,-1.3325396825396827,8.816746031746032
all_available,TW,Tmax,7,2024,290,1.7703448275862068,2.2041809801156185,-0.44482758620689644,4.858413793103448
all_available,TW,Tmax,7,2025,328,1.795731707317073,2.3245377195812718,-0.9189024390243902,5.403475609756098
all_available,TWN,Tmax,7,2022,287,1.9968641114982575,2.510736527277935,0.9069686411149824,6.303797909407666
all_available,TWN,Tmax,7,2023,320,2.00875,2.602714928685045,0.8487500000000001,6.774125
all_available,TWN,Tmax,7,2024,347,2.112391930835735,2.5528195408350283,0.8518731988472622,6.5168876080691645
all_available,TWN,Tmax,7,2025,342,1.8640350877192982,2.3941632241473534,0.6470760233918127,5.73201754385965
all_available,TY1,Tmax,7,2022,69,1.4855072463768115,1.8807568627580746,-0.5695652173913043,3.537246376811595
all_available,TY1,Tmax,7,2023,299,1.6117056856187295,2.136190777245632,-0.19297658862876257,4.5633110367892975
all_available,TY1,Tmax,7,2024,323,1.7424148606811147,2.2244629226214685,-0.576470588235294,4.948235294117646
all_available,TY1,Tmax,7,2025,309,1.5517799352750807,2.0072764074864677,-0.503883495145631,4.02915857605178
all_available,WGL,Tmax,7,2022,350,1.8085714285714285,2.2371665753167074,0.5588571428571428,5.004914285714285
all_available,WGL,Tmax,7,2023,347,1.9293948126801153,2.4259820792807507,0.660806916426513,5.885389048991354
all_available,WGL,Tmax,7,2024,344,1.657267441860465,2.0894460710247893,0.39912790697674416,4.365784883720929
all_available,WGL,Tmax,7,2025,346,1.5621387283236994,2.045162062349015,0.3627167630057804,4.182687861271677
all_available,WLP,Tmax,7,2022,310,2.6493548387096775,3.2032594287291087,-1.8790322580645162,10.260870967741935
all_available,WLP,Tmax,7,2023,303,2.7745874587458745,3.324769527236576,-1.886798679867987,11.054092409240925
all_available,WLP,Tmax,7,2024,342,2.6467836257309942,3.348526777397393,-1.7660818713450293,11.212631578947368
all_available,WLP,Tmax,7,2025,342,2.3078947368421057,2.850807826416557,-1.3932748538011697,8.127105263157894
all_available,WTS,Tmax,7,2022,294,2.1333333333333333,2.57696493948205,-0.891156462585034,6.6407482993197275
all_available,WTS,Tmax,7,2023,342,1.9652046783625732,2.529931927059611,-0.8681286549707602,6.400555555555555
all_available,WTS,Tmax,7,2024,323,1.9034055727554178,2.3667458816086393,-0.9102167182662538,5.601486068111455
all_available,WTS,Tmax,7,2025,335,1.8328358208955224,2.30542513967096,-0.9092537313432837,5.314985074626866
all_available,YLP,Tmax,7,2022,274,2.6350364963503647,3.131730707815947,-1.6394160583941608,9.807737226277371
all_available,YLP,Tmax,7,2023,299,2.6391304347826083,3.1664577763643598,-1.6565217391304345,10.026454849498327
all_available,YLP,Tmax,7,2024,321,2.6884735202492216,3.1990360697717892,-1.8828660436137075,10.233831775700935
all_available,YLP,Tmax,7,2025,339,2.7339233038348083,3.1962367252035357,-1.991150442477876,10.215929203539822
strict_common,CCH,Tmax,7,2022,4,1.7999999999999998,2.3334523779156067,-0.39999999999999947,5.444999999999999
strict_common,CCH,Tmax,7,2023,3,3.0666666666666678,3.5317606562921755,0.06666666666666761,12.473333333333338
strict_common,CCH,Tmax,7,2024,4,2.4000000000000004,2.4768932153001675,-0.09999999999999964,6.1350000000000025
strict_common,CCH,Tmax,7,2025,13,1.8307692307692311,2.162263771001266,-0.7692307692307698,4.6753846153846155
strict_common,CWB,Tmax,7,2022,4,2.05,2.3695991222145567,0.7499999999999991,5.614999999999997
strict_common,CWB,Tmax,7,2023,3,2.7333333333333343,3.6249137920783725,2.0,13.140000000000006
strict_common,CWB,Tmax,7,2024,4,1.4749999999999996,1.7327723451163453,1.375,3.002499999999999
strict_common,CWB,Tmax,7,2025,13,1.5076923076923079,2.0418694300152422,1.076923076923077,4.1692307692307695
strict_common,HKP,Tmax,7,2022,4,2.3,2.754995462791183,-0.20000000000000018,7.5900000000000025
strict_common,HKP,Tmax,7,2023,3,3.733333333333333,4.115823125451334,0.6000000000000002,16.939999999999994
strict_common,HKP,Tmax,7,2024,4,1.5750000000000002,1.7153716798408445,-0.07500000000000018,2.942500000000001
strict_common,HKP,Tmax,7,2025,13,1.376923076923077,1.8763712934196235,0.28461538461538444,3.5207692307692304
strict_common,HKS,Tmax,7,2022,4,2.0250000000000004,2.717075633838705,-1.325000000000001,7.3825
strict_common,HKS,Tmax,7,2023,3,2.8333333333333344,2.978254522367087,0.3000000000000007,8.870000000000006
strict_common,HKS,Tmax,7,2024,4,1.8999999999999995,1.9862024066041202,-1.2999999999999998,3.9449999999999985
strict_common,HKS,Tmax,7,2025,13,1.8846153846153846,2.453725581797856,-1.0230769230769228,6.020769230769228
strict_common,HPV,Tmax,7,2022,4,2.325000000000001,2.735415873317987,-1.2750000000000004,7.482500000000005
strict_common,HPV,Tmax,7,2023,3,2.7666666666666657,3.202603107889996,-1.1666666666666667,10.25666666666666
strict_common,HPV,Tmax,7,2024,4,1.6500000000000004,1.7986105748604955,-1.3000000000000007,3.235000000000002
strict_common,HPV,Tmax,7,2025,13,2.023076923076923,2.534227237701405,-1.2384615384615383,6.422307692307693
strict_common,JKB,Tmax,7,2022,4,2.45,2.8827070610799153,-0.7000000000000002,8.310000000000002
strict_common,JKB,Tmax,7,2023,3,3.7999999999999994,4.418898807018177,0.6666666666666666,19.526666666666667
strict_common,JKB,Tmax,7,2024,4,1.5999999999999996,1.7102631376487065,-0.75,2.9249999999999985
strict_common,JKB,Tmax,7,2025,13,1.8999999999999997,2.4059221804666784,-0.5153846153846152,5.7884615384615365
strict_common,KLT,Tmax,7,2022,4,2.1999999999999993,2.2880122377295096,-1.0,5.234999999999998
strict_common,KLT,Tmax,7,2023,3,3.0666666666666664,3.7202150475476548,-0.39999999999999974,13.839999999999998
strict_common,KLT,Tmax,7,2024,4,1.424999999999999,1.7428425057933365,-0.125,3.037499999999996
strict_common,KLT,Tmax,7,2025,13,2.338461538461538,2.888438492174781,-1.4000000000000001,8.343076923076923
strict_common,KP,Tmax,7,2022,4,2.0,2.371708245126285,-0.34999999999999964,5.625000000000002
strict_common,KP,Tmax,7,2023,3,3.1666666666666665,3.4462540049547514,0.7000000000000005,11.876666666666665
strict_common,KP,Tmax,7,2024,4,1.0750000000000002,1.275735082217307,0.07500000000000018,1.627499999999999
strict_common,KP,Tmax,7,2025,13,1.6846153846153844,2.2379592352099573,-0.40769230769230747,5.008461538461537
strict_common,KSC,Tmax,7,2022,4,2.374999999999999,2.661296676434252,-0.7749999999999995,7.082499999999995
strict_common,KSC,Tmax,7,2023,3,3.3333333333333335,3.9259818304894556,0.13333333333333286,15.413333333333336
strict_common,KSC,Tmax,7,2024,4,1.3000000000000007,1.6077935190813526,-0.75,2.5849999999999995
strict_common,KSC,Tmax,7,2025,13,1.9615384615384615,2.609892423365082,-0.5153846153846151,6.81153846153846
strict_common,KTG,Tmax,7,2022,4,1.8499999999999996,2.254994456755936,0.3000000000000007,5.084999999999999
strict_common,KTG,Tmax,7,2023,3,3.3333333333333335,3.8262252939417984,1.0666666666666675,14.64
strict_common,KTG,Tmax,7,2024,4,1.4749999999999996,1.583508762211311,-0.27500000000000036,2.5074999999999985
strict_common,KTG,Tmax,7,2025,13,1.5923076923076924,2.2499572645514165,-0.17692307692307685,5.062307692307693
strict_common,LFS,Tmax,7,2022,4,2.8,3.2132538026119257,-2.8,10.325
strict_common,LFS,Tmax,7,2023,3,1.7999999999999996,2.2420228961066986,-0.8666666666666671,5.026666666666668
strict_common,LFS,Tmax,7,2024,4,1.375,1.7139136501002603,-0.22499999999999964,2.9374999999999973
strict_common,LFS,Tmax,7,2025,13,2.5923076923076924,3.055008498036777,-1.5923076923076924,9.333076923076923
strict_common,NGP,Tmax,7,2022,4,3.0499999999999994,3.3052987762076813,3.0499999999999994,10.924999999999995
strict_common,NGP,Tmax,7,2023,3,3.7999999999999994,4.33358973600409,2.5333333333333337,18.779999999999998
strict_common,NGP,Tmax,7,2024,4,5.6000000000000005,5.924103307674504,5.6000000000000005,35.095000000000006
strict_common,NGP,Tmax,7,2025,13,2.6538461538461537,3.7512049346228022,2.6538461538461537,14.071538461538463
strict_common,PEN,Tmax,7,2022,4,1.4749999999999996,1.64696690920006,-0.07500000000000107,2.712499999999999
strict_common,PEN,Tmax,7,2023,3,2.833333333333332,3.445286635390442,-0.5666666666666664,11.869999999999992
strict_common,PEN,Tmax,7,2024,4,1.5999999999999996,1.7818529681205462,0.09999999999999964,3.1750000000000003
strict_common,PEN,Tmax,7,2025,13,2.053846153846154,2.529670090986327,-1.192307692307693,6.399230769230771
strict_common,PLC,Tmax,7,2022,4,2.3499999999999996,2.447447650104083,-0.8499999999999996,5.989999999999998
strict_common,PLC,Tmax,7,2023,3,3.266666666666667,3.9623225512317903,0.39999999999999974,15.700000000000003
strict_common,PLC,Tmax,7,2024,4,1.4250000000000007,1.6424067705656846,0.5250000000000004,2.697500000000001
strict_common,PLC,Tmax,7,2025,13,1.7307692307692302,2.324617420963319,-0.23846153846153897,5.4038461538461515
strict_common,SEK,Tmax,7,2022,4,1.825000000000001,2.3425413550244967,-1.825000000000001,5.487500000000005
strict_common,SEK,Tmax,7,2023,3,2.8333333333333335,3.6601457165892537,-1.2999999999999996,13.396666666666661
strict_common,SEK,Tmax,7,2024,4,1.4000000000000004,1.6777961735562517,-0.09999999999999964,2.815
strict_common,SEK,Tmax,7,2025,13,2.538461538461539,2.9876669570341754,-1.6307692307692316,8.92615384615385
strict_common,SHA,Tmax,7,2022,4,1.6000000000000005,1.9013153341831548,-0.6000000000000005,3.615000000000002
strict_common,SHA,Tmax,7,2023,3,3.1,3.7572152808518524,-0.033333333333332625,14.116666666666665
strict_common,SHA,Tmax,7,2024,4,1.4499999999999993,1.5668439615992389,0.25,2.4549999999999974
strict_common,SHA,Tmax,7,2025,13,1.7999999999999998,2.442571154778064,-0.6153846153846152,5.966153846153845
strict_common,SKG,Tmax,7,2022,4,1.6749999999999998,1.8914280319377734,0.3750000000000009,3.5774999999999992
strict_common,SKG,Tmax,7,2023,3,3.2000000000000006,3.5562152165844334,1.400000000000001,12.64666666666667
strict_common,SKG,Tmax,7,2024,4,1.3999999999999995,1.52479506819769,1.1499999999999995,2.324999999999998
strict_common,SKG,Tmax,7,2025,13,1.4384615384615382,1.993643745661542,0.5615384615384613,3.9746153846153827
strict_common,SKW,Tmax,7,2022,4,2.049999999999999,2.479919353527448,0.75,6.149999999999996
strict_common,SKW,Tmax,7,2023,3,3.4333333333333336,3.9247080570831425,1.8333333333333346,15.403333333333336
strict_common,SKW,Tmax,7,2024,4,1.2000000000000002,1.3747727084867523,8.881784197001252e-16,1.890000000000001
strict_common,SKW,Tmax,7,2025,13,1.5615384615384613,2.036777243210837,0.5923076923076931,4.148461538461538
strict_common,SSH,Tmax,7,2022,4,2.0500000000000007,2.6143832924802752,-1.8000000000000007,6.835000000000004
strict_common,SSH,Tmax,7,2023,3,3.9666666666666672,4.825280648141964,-1.5666666666666664,23.283333333333335
strict_common,SSH,Tmax,7,2024,4,1.2750000000000004,1.3647344063956182,-0.07499999999999929,1.8625000000000005
strict_common,SSH,Tmax,7,2025,13,3.276923076923077,3.7676762885609767,-2.3076923076923084,14.195384615384617
strict_common,SSP,Tmax,7,2022,4,2.1750000000000007,2.7106272336859605,-1.9250000000000007,7.347500000000004
strict_common,SSP,Tmax,7,2023,3,3.233333333333333,3.803945320322047,-0.9666666666666673,14.47
strict_common,SSP,Tmax,7,2024,4,1.8499999999999996,2.0236106344848057,-1.3499999999999996,4.094999999999998
strict_common,SSP,Tmax,7,2025,13,2.338461538461539,2.8511805921812057,-1.538461538461539,8.129230769230771
strict_common,STY,Tmax,7,2022,4,1.5999999999999996,2.082066281365701,0.3000000000000007,4.334999999999999
strict_common,STY,Tmax,7,2023,3,3.3333333333333335,3.731844941401862,1.7999999999999996,13.926666666666668
strict_common,STY,Tmax,7,2024,4,1.1499999999999995,1.1958260743101392,-0.2999999999999998,1.4299999999999988
strict_common,STY,Tmax,7,2025,13,1.6923076923076918,2.1271143327558537,-0.10769230769230759,4.524615384615381
strict_common,TKL,Tmax,7,2022,4,1.8499999999999996,2.2011360703055134,-1.299999999999999,4.844999999999997
strict_common,TKL,Tmax,7,2023,3,3.9333333333333336,4.722287581247039,-1.2666666666666668,22.300000000000008
strict_common,TKL,Tmax,7,2024,4,1.3000000000000007,1.5083103128998359,0.15000000000000036,2.275000000000001
strict_common,TKL,Tmax,7,2025,13,2.6923076923076925,3.190852309577876,-1.646153846153846,10.181538461538464
strict_common,TU1,Tmax,7,2022,4,1.5,2.057911562725667,-1.1999999999999993,4.234999999999998
strict_common,TU1,Tmax,7,2023,3,3.0666666666666664,3.643258614665356,0.06666666666666643,13.273333333333328
strict_common,TU1,Tmax,7,2024,4,1.700000000000001,1.7734147850968207,0.34999999999999964,3.1450000000000027
strict_common,TU1,Tmax,7,2025,13,1.815384615384615,2.410872807160861,-0.8615384615384613,5.81230769230769
strict_common,TW,Tmax,7,2022,4,2.2,2.445403852127497,-1.2999999999999998,5.98
strict_common,TW,Tmax,7,2023,3,3.0666666666666664,3.4019602192461527,-0.13333333333333405,11.573333333333332
strict_common,TW,Tmax,7,2024,4,1.5750000000000002,1.8034688796871434,-0.7749999999999995,3.2525000000000004
strict_common,TW,Tmax,7,2025,13,2.1538461538461537,2.7009969669336202,-1.2923076923076924,7.295384615384616
strict_common,TWN,Tmax,7,2022,4,1.7000000000000002,1.8641351882307253,-0.7000000000000002,3.4750000000000014
strict_common,TWN,Tmax,7,2023,3,3.7666666666666657,3.9736632972611043,0.5,15.789999999999992
strict_common,TWN,Tmax,7,2024,4,1.7249999999999996,1.9358460682605934,1.2750000000000004,3.7474999999999983
strict_common,TWN,Tmax,7,2025,13,1.776923076923077,2.5550854268422296,-0.053846153846153516,6.5284615384615385
strict_common,TY1,Tmax,7,2022,4,1.9750000000000005,2.4098755154571787,-1.5750000000000002,5.807500000000002
strict_common,TY1,Tmax,7,2023,3,3.0333333333333337,3.54071555856534,-0.29999999999999954,12.536666666666667
strict_common,TY1,Tmax,7,2024,4,0.9499999999999993,1.1554220008291338,-0.5,1.334999999999999
strict_common,TY1,Tmax,7,2025,13,1.761538461538462,2.414539293529928,-0.9461538461538465,5.830000000000003
strict_common,WGL,Tmax,7,2022,4,2.05,2.4688053791257016,0.4500000000000002,6.094999999999999
strict_common,WGL,Tmax,7,2023,3,3.1999999999999993,3.6560452221856696,1.9333333333333336,13.366666666666662
strict_common,WGL,Tmax,7,2024,4,1.75,1.905255888325765,1.25,3.63
strict_common,WGL,Tmax,7,2025,13,1.3076923076923077,1.8654758106177627,0.4153846153846158,3.479999999999999
strict_common,WLP,Tmax,7,2022,4,2.5,3.004163777159961,-2.5,9.025000000000004
strict_common,WLP,Tmax,7,2023,3,4.733333333333333,5.963779562212764,-2.8000000000000007,35.56666666666667
strict_common,WLP,Tmax,7,2024,4,1.6749999999999998,1.9280819484658838,-0.9249999999999998,3.7174999999999985
strict_common,WLP,Tmax,7,2025,13,3.2307692307692304,3.6151391078671877,-2.338461538461538,13.069230769230767
strict_common,WTS,Tmax,7,2022,4,2.175,2.6744158240632667,-1.5750000000000002,7.152500000000002
strict_common,WTS,Tmax,7,2023,3,3.1999999999999993,3.860915262818735,-0.2666666666666669,14.906666666666661
strict_common,WTS,Tmax,7,2024,4,1.5250000000000012,1.6484841521834548,-0.9750000000000005,2.717500000000004
strict_common,WTS,Tmax,7,2025,13,2.1307692307692307,2.7229791377488346,-1.3615384615384616,7.414615384615386
strict_common,YLP,Tmax,7,2022,4,2.2250000000000005,2.674415824063267,-2.2250000000000005,7.152500000000003
strict_common,YLP,Tmax,7,2023,3,3.4666666666666663,4.204759208325728,-2.0,17.680000000000003
strict_common,YLP,Tmax,7,2024,4,1.7999999999999998,1.982422760159901,-0.7000000000000002,3.93
strict_common,YLP,Tmax,7,2025,13,3.246153846153846,3.5963656868908864,-2.3692307692307693,12.933846153846158
lowland_available,CCH,Tmax,7,2022,296,1.8520270270270272,2.3150068589005857,0.21824324324324332,5.359256756756756
lowland_available,CCH,Tmax,7,2023,308,1.7863636363636366,2.338983573230936,0.014285714285714384,5.470844155844156
lowland_available,CCH,Tmax,7,2024,357,1.9938375350140054,2.422894997325973,-0.23585434173669476,5.870420168067226
lowland_available,CCH,Tmax,7,2025,348,1.6945402298850576,2.1167707459251695,-0.2508620689655173,4.480718390804598
lowland_available,CWB,Tmax,7,2022,308,1.586038961038961,2.0507759063783193,0.7938311688311687,4.205681818181818
lowland_available,CWB,Tmax,7,2023,288,1.849305555555556,2.3518019096476266,1.3340277777777778,5.530972222222222
lowland_available,CWB,Tmax,7,2024,321,1.7143302180685356,2.1788204531301316,1.174766355140187,4.747258566978193
lowland_available,CWB,Tmax,7,2025,339,1.7026548672566373,2.1737913265912674,1.2985250737463125,4.725368731563422
lowland_available,HKP,Tmax,7,2022,318,1.60125786163522,2.041780576978903,0.261006289308176,4.1688679245283025
lowland_available,HKP,Tmax,7,2023,351,1.5880341880341884,2.1246484542462674,0.49173789173789173,4.514131054131053
lowland_available,HKP,Tmax,7,2024,302,1.6082781456953643,1.9848682542564298,0.4850993377483442,3.939701986754967
lowland_available,HKP,Tmax,7,2025,309,1.3281553398058255,1.7596888515782931,0.5993527508090615,3.0965048543689324
lowland_available,HKS,Tmax,7,2022,325,1.5043076923076923,1.9465709495259766,-0.16215384615384612,3.7891384615384625
lowland_available,HKS,Tmax,7,2023,311,1.5106109324758845,1.9951387866850387,-0.16205787781350478,3.9805787781350483
lowland_available,HKS,Tmax,7,2024,347,1.6348703170028818,2.015995116868886,-0.49538904899135433,4.064236311239193
lowland_available,HKS,Tmax,7,2025,349,1.4527220630372493,1.8862646339633722,-0.5604584527220631,3.5579942693409743
lowland_available,HPV,Tmax,7,2022,322,2.1437888198757764,2.594170483390482,-1.281055900621118,6.729720496894408
lowland_available,HPV,Tmax,7,2023,321,2.052647975077882,2.5478657613176376,-1.2271028037383176,6.491619937694705
lowland_available,HPV,Tmax,7,2024,285,1.9021052631578947,2.3543390326590083,-1.2157894736842105,5.542912280701755
lowland_available,HPV,Tmax,7,2025,302,1.7178807947019865,2.147939101582249,-1.114569536423841,4.613642384105959
lowland_available,JKB,Tmax,7,2022,329,1.793617021276596,2.2597240060650385,-0.44224924012158057,5.106352583586627
lowland_available,JKB,Tmax,7,2023,264,1.8643939393939395,2.3970783984852995,-0.25378787878787895,5.745984848484849
lowland_available,JKB,Tmax,7,2024,358,1.8924581005586592,2.3287791416325407,-0.33212290502793307,5.423212290502794
lowland_available,JKB,Tmax,7,2025,351,1.665242165242165,2.1309348161976214,-0.24301994301994306,4.540883190883191
lowland_available,KLT,Tmax,7,2022,322,2.042546583850932,2.528145909383087,-0.6295031055900621,6.391521739130435
lowland_available,KLT,Tmax,7,2023,259,2.2907335907335904,2.843600143490954,-0.6884169884169884,8.086061776061776
lowland_available,KLT,Tmax,7,2024,361,1.9922437673130196,2.5001385003186574,-0.6925207756232689,6.250692520775624
lowland_available,KLT,Tmax,7,2025,354,2.0042372881355934,2.4618157370452893,-0.9612994350282487,6.060536723163842
lowland_available,KP,Tmax,7,2022,207,1.735265700483092,2.2068185945334844,0.02125603864734303,4.870048309178744
lowland_available,KP,Tmax,7,2023,341,1.6129032258064513,2.1862138028538878,0.09149560117302068,4.779530791788857
lowland_available,KP,Tmax,7,2024,350,1.5631428571428572,2.0107070540341914,-0.026571428571428645,4.042942857142856
lowland_available,KP,Tmax,7,2025,346,1.3745664739884393,1.8455696051978256,0.058959537572254334,3.406127167630058
lowland_available,KSC,Tmax,7,2022,308,1.7136363636363634,2.2340051971244876,-0.007142857142857048,4.990779220779221
lowland_available,KSC,Tmax,7,2023,338,1.7378698224852074,2.332253906422641,-0.05562130177514799,5.439408284023669
lowland_available,KSC,Tmax,7,2024,333,1.809009009009009,2.32032409458332,-0.006606606606606615,5.383903903903905
lowland_available,KSC,Tmax,7,2025,332,1.7337349397590363,2.2233292088857053,0.06385542168674704,4.943192771084337
lowland_available,KTG,Tmax,7,2022,195,1.903076923076923,2.4570881244436578,0.12974358974358965,6.037282051282051
lowland_available,KTG,Tmax,7,2023,350,1.7968571428571432,2.4013389122380397,0.1357142857142858,5.7664285714285715
lowland_available,KTG,Tmax,7,2024,351,1.7113960113960112,2.159224562719383,-0.0014245014245013335,4.662250712250712
lowland_available,KTG,Tmax,7,2025,353,1.5875354107648725,2.0384407750045455,-0.11048158640226621,4.155240793201132
lowland_available,LFS,Tmax,7,2022,280,2.163214285714286,2.718895521557027,-0.814642857142857,7.392392857142858
lowland_available,LFS,Tmax,7,2023,271,2.408118081180812,2.9652601113014145,-1.3387453874538744,8.792767527675277
lowland_available,LFS,Tmax,7,2024,315,2.274285714285714,2.8869382914105906,-1.3568253968253967,8.334412698412699
lowland_available,LFS,Tmax,7,2025,349,2.295415472779369,2.821271025721043,-1.3773638968481376,7.959570200573067
lowland_available,PEN,Tmax,7,2022,246,1.4963414634146341,1.8900359182718522,0.0483739837398375,3.5722357723577236
lowland_available,PEN,Tmax,7,2023,253,1.7719367588932804,2.2773936284995693,-0.5592885375494071,5.186521739130435
lowland_available,PEN,Tmax,7,2024,194,1.7262886597938143,2.2139785524995124,-0.5427835051546392,4.9017010309278355
lowland_available,PEN,Tmax,7,2025,304,1.686513157894737,2.137440365434665,-0.5161184210526316,4.568651315789474
lowland_available,PLC,Tmax,7,2022,311,2.2418006430868167,2.74176932570371,-0.580064308681672,7.517299035369775
lowland_available,PLC,Tmax,7,2023,340,2.0182352941176473,2.565655517659009,-0.36176470588235293,6.582588235294118
lowland_available,PLC,Tmax,7,2024,346,2.042485549132948,2.5820579237087773,0.17601156069364146,6.667023121387283
lowland_available,PLC,Tmax,7,2025,331,1.7954682779456193,2.3104713687079816,-0.02024169184290031,5.3382779456193346
lowland_available,SEK,Tmax,7,2022,272,2.3238970588235297,2.8307074048309384,-1.3393382352941179,8.012904411764707
lowland_available,SEK,Tmax,7,2023,209,2.3502392344497607,2.9093974120830257,-1.291866028708134,8.464593301435407
lowland_available,SEK,Tmax,7,2024,256,2.2582031250000005,2.801666635683125,-1.0949218750000003,7.8493359375
lowland_available,SEK,Tmax,7,2025,287,2.1937282229965156,2.620436966513483,-1.2634146341463415,6.866689895470383
lowland_available,SHA,Tmax,7,2022,315,1.7469841269841269,2.1883747684032837,-0.5076190476190475,4.7889841269841265
lowland_available,SHA,Tmax,7,2023,341,1.8064516129032258,2.342868382573916,-0.47448680351906153,5.489032258064516
lowland_available,SHA,Tmax,7,2024,342,1.6228070175438596,2.1035614467454757,-0.35789473684210527,4.4249707602339186
lowland_available,SHA,Tmax,7,2025,335,1.6543283582089554,2.1226989297280614,-0.43999999999999995,4.505850746268657
lowland_available,SKG,Tmax,7,2022,345,1.50463768115942,1.941081425764843,0.38637681159420284,3.7677971014492755
lowland_available,SKG,Tmax,7,2023,333,1.7294294294294295,2.2051877137452163,0.41351351351351345,4.862852852852853
lowland_available,SKG,Tmax,7,2024,289,1.5640138408304498,1.9797766467291849,0.4574394463667821,3.9195155709342555
lowland_available,SKG,Tmax,7,2025,331,1.5492447129909364,1.9680990567755898,0.36918429003021147,3.8734138972809666
lowland_available,SKW,Tmax,7,2022,333,1.6387387387387389,2.069461928297468,0.7474474474474474,4.282672672672673
lowland_available,SKW,Tmax,7,2023,350,1.7277142857142858,2.2349240958667287,0.8831428571428572,4.994885714285714
lowland_available,SKW,Tmax,7,2024,345,1.6008695652173912,2.0239364714782204,0.6820289855072464,4.09631884057971
lowland_available,SKW,Tmax,7,2025,349,1.486532951289398,1.9284775829564667,0.7644699140401147,3.719025787965616
lowland_available,SSH,Tmax,7,2022,328,3.083536585365854,3.580247300356125,-1.9426829268292685,12.818170731707319
lowland_available,SSH,Tmax,7,2023,351,2.917663817663818,3.4793775845786525,-1.8225071225071225,12.106068376068377
lowland_available,SSH,Tmax,7,2024,346,2.8124277456647397,3.3127665123455228,-1.7078034682080927,10.97442196531792
lowland_available,SSH,Tmax,7,2025,341,2.9431085043988268,3.400388109640969,-2.0868035190615837,11.562639296187683
lowland_available,SSP,Tmax,7,2022,334,1.8649700598802395,2.3556086719930502,-0.9050898203592814,5.548892215568863
lowland_available,SSP,Tmax,7,2023,350,1.8791428571428572,2.4208204040307137,-0.8654285714285715,5.860371428571429
lowland_available,SSP,Tmax,7,2024,353,1.8790368271954674,2.3799980955547406,-0.947025495750708,5.664390934844193
lowland_available,SSP,Tmax,7,2025,309,1.749190938511327,2.201595479129098,-0.9459546925566346,4.847022653721683
lowland_available,STY,Tmax,7,2022,283,1.3123674911660779,1.711858453248281,0.353356890459364,2.930459363957597
lowland_available,STY,Tmax,7,2023,341,1.5882697947214077,2.0964709909359054,0.40527859237536645,4.395190615835777
lowland_available,STY,Tmax,7,2024,335,1.5582089552238807,1.9168070465572018,0.13253731343283576,3.674149253731343
lowland_available,STY,Tmax,7,2025,290,1.3210344827586207,1.7328171203025993,0.10310344827586186,3.002655172413793
lowland_available,TKL,Tmax,7,2022,314,2.446815286624204,2.9366289872772824,-1.1856687898089173,8.623789808917197
lowland_available,TKL,Tmax,7,2023,338,2.284615384615385,2.866889124894416,-0.9544378698224852,8.21905325443787
lowland_available,TKL,Tmax,7,2024,354,2.234180790960452,2.7228941482130518,-0.9189265536723166,7.4141525423728805
lowland_available,TKL,Tmax,7,2025,271,2.3177121771217712,2.812209804626933,-1.2549815498154981,7.908523985239852
lowland_available,TU1,Tmax,7,2022,331,1.6848942598187313,2.1751619032007596,-0.34652567975830806,4.731329305135952
lowland_available,TU1,Tmax,7,2023,350,1.7522857142857142,2.2976447568263088,-0.25628571428571434,5.279171428571428
lowland_available,TU1,Tmax,7,2024,332,1.722289156626506,2.1898863919478915,-0.4590361445783132,4.795602409638554
lowland_available,TU1,Tmax,7,2025,269,1.5394052044609667,1.9588612882152738,-0.6933085501858735,3.837137546468402
lowland_available,TW,Tmax,7,2022,316,2.0205696202531644,2.5547857796196602,-0.5908227848101265,6.526930379746835
lowland_available,TW,Tmax,7,2023,126,2.4246031746031744,2.969300596394045,-1.3325396825396827,8.816746031746032
lowland_available,TW,Tmax,7,2024,290,1.7703448275862068,2.2041809801156185,-0.44482758620689644,4.858413793103448
lowland_available,TW,Tmax,7,2025,328,1.795731707317073,2.3245377195812718,-0.9189024390243902,5.403475609756098
lowland_available,TWN,Tmax,7,2022,287,1.9968641114982575,2.510736527277935,0.9069686411149824,6.303797909407666
lowland_available,TWN,Tmax,7,2023,320,2.00875,2.602714928685045,0.8487500000000001,6.774125
lowland_available,TWN,Tmax,7,2024,347,2.112391930835735,2.5528195408350283,0.8518731988472622,6.5168876080691645
lowland_available,TWN,Tmax,7,2025,342,1.8640350877192982,2.3941632241473534,0.6470760233918127,5.73201754385965
lowland_available,TY1,Tmax,7,2022,69,1.4855072463768115,1.8807568627580746,-0.5695652173913043,3.537246376811595
lowland_available,TY1,Tmax,7,2023,299,1.6117056856187295,2.136190777245632,-0.19297658862876257,4.5633110367892975
lowland_available,TY1,Tmax,7,2024,323,1.7424148606811147,2.2244629226214685,-0.576470588235294,4.948235294117646
lowland_available,TY1,Tmax,7,2025,309,1.5517799352750807,2.0072764074864677,-0.503883495145631,4.02915857605178
lowland_available,WGL,Tmax,7,2022,350,1.8085714285714285,2.2371665753167074,0.5588571428571428,5.004914285714285
lowland_available,WGL,Tmax,7,2023,347,1.9293948126801153,2.4259820792807507,0.660806916426513,5.885389048991354
lowland_available,WGL,Tmax,7,2024,344,1.657267441860465,2.0894460710247893,0.39912790697674416,4.365784883720929
lowland_available,WGL,Tmax,7,2025,346,1.5621387283236994,2.045162062349015,0.3627167630057804,4.182687861271677
lowland_available,WLP,Tmax,7,2022,310,2.6493548387096775,3.2032594287291087,-1.8790322580645162,10.260870967741935
lowland_available,WLP,Tmax,7,2023,303,2.7745874587458745,3.324769527236576,-1.886798679867987,11.054092409240925
lowland_available,WLP,Tmax,7,2024,342,2.6467836257309942,3.348526777397393,-1.7660818713450293,11.212631578947368
lowland_available,WLP,Tmax,7,2025,342,2.3078947368421057,2.850807826416557,-1.3932748538011697,8.127105263157894
lowland_available,WTS,Tmax,7,2022,294,2.1333333333333333,2.57696493948205,-0.891156462585034,6.6407482993197275
lowland_available,WTS,Tmax,7,2023,342,1.9652046783625732,2.529931927059611,-0.8681286549707602,6.400555555555555
lowland_available,WTS,Tmax,7,2024,323,1.9034055727554178,2.3667458816086393,-0.9102167182662538,5.601486068111455
lowland_available,WTS,Tmax,7,2025,335,1.8328358208955224,2.30542513967096,-0.9092537313432837,5.314985074626866
lowland_available,YLP,Tmax,7,2022,274,2.6350364963503647,3.131730707815947,-1.6394160583941608,9.807737226277371
lowland_available,YLP,Tmax,7,2023,299,2.6391304347826083,3.1664577763643598,-1.6565217391304345,10.026454849498327
lowland_available,YLP,Tmax,7,2024,321,2.6884735202492216,3.1990360697717892,-1.8828660436137075,10.233831775700935
lowland_available,YLP,Tmax,7,2025,339,2.7339233038348083,3.1962367252035357,-1.991150442477876,10.215929203539822
all_available,CCH,Tmax,8,2022,295,1.957966101694915,2.4483408425617403,0.20203389830508484,5.994372881355932
all_available,CCH,Tmax,8,2023,308,1.8831168831168832,2.4131807968823136,-0.053896103896103796,5.823441558441558
all_available,CCH,Tmax,8,2024,357,2.13781512605042,2.6020569325270433,-0.27507002801120456,6.770700280112046
all_available,CCH,Tmax,8,2025,348,1.806609195402299,2.2530247867378583,-0.299712643678161,5.0761206896551725
all_available,CWB,Tmax,8,2022,307,1.6299674267100976,2.14152370486568,0.7667752442996741,4.586123778501628
all_available,CWB,Tmax,8,2023,288,1.8541666666666667,2.3998842564683085,1.2645833333333334,5.759444444444445
all_available,CWB,Tmax,8,2024,321,1.822741433021807,2.3298616808114154,1.1186915887850468,5.428255451713395
all_available,CWB,Tmax,8,2025,339,1.7297935103244837,2.2377163875854413,1.2542772861356932,5.007374631268436
all_available,HKP,Tmax,8,2022,317,1.693059936908517,2.1721277129261596,0.2570977917981071,4.718138801261829
all_available,HKP,Tmax,8,2023,351,1.6763532763532767,2.207769239355647,0.41766381766381766,4.874245014245013
all_available,HKP,Tmax,8,2024,302,1.759271523178808,2.1905803760889397,0.42549668874172164,4.7986423841059604
all_available,HKP,Tmax,8,2025,309,1.3941747572815537,1.875769529249487,0.5572815533980582,3.518511326860842
all_available,HKS,Tmax,8,2022,324,1.5901234567901237,2.0614480108007984,-0.17222222222222222,4.249567901234569
all_available,HKS,Tmax,8,2023,311,1.6115755627009647,2.112099578671678,-0.21350482315112532,4.46096463022508
all_available,HKS,Tmax,8,2024,347,1.7512968299711817,2.2066770563732065,-0.5443804034582131,4.86942363112392
all_available,HKS,Tmax,8,2025,349,1.5621776504297995,2.01138592826825,-0.6120343839541548,4.0456733524355295
all_available,HPV,Tmax,8,2022,321,2.230529595015576,2.7031307567060954,-1.2866043613707163,7.306915887850467
all_available,HPV,Tmax,8,2023,321,2.1386292834890965,2.6692024547696427,-1.28006230529595,7.1246417445482875
all_available,HPV,Tmax,8,2024,285,1.9652631578947368,2.4756569215023427,-1.2298245614035088,6.128877192982456
all_available,HPV,Tmax,8,2025,302,1.806622516556291,2.27433128225792,-1.1543046357615894,5.172582781456954
all_available,JKB,Tmax,8,2022,328,1.9149390243902442,2.386950038816246,-0.4618902439024391,5.697530487804879
all_available,JKB,Tmax,8,2023,264,1.9780303030303032,2.4849089977849745,-0.306818181818182,6.174772727272727
all_available,JKB,Tmax,8,2024,358,2.0153631284916202,2.5001173156831604,-0.3796089385474861,6.250586592178771
all_available,JKB,Tmax,8,2025,351,1.7757834757834756,2.2770063317342433,-0.29430199430199433,5.184757834757835
all_available,KLT,Tmax,8,2022,321,2.1395638629283487,2.6621730050908163,-0.6398753894080997,7.0871651090342676
all_available,KLT,Tmax,8,2023,259,2.4181467181467178,2.9426237865270424,-0.7501930501930503,8.659034749034749
all_available,KLT,Tmax,8,2024,361,2.1130193905817176,2.6889019888826695,-0.7368421052631581,7.230193905817176
all_available,KLT,Tmax,8,2025,354,2.1324858757062146,2.629273492059203,-1.0121468926553672,6.913079096045196
all_available,KP,Tmax,8,2022,207,1.7758454106280195,2.2657926703740507,0.04541062801932372,5.133816425120772
all_available,KP,Tmax,8,2023,341,1.7307917888563051,2.29369913425346,0.021114369501466418,5.261055718475073
all_available,KP,Tmax,8,2024,350,1.696857142857143,2.2130973769809588,-0.07514285714285722,4.897799999999999
all_available,KP,Tmax,8,2025,346,1.4757225433526011,1.9765386923387405,-0.007514450867052027,3.9067052023121382
all_available,KSC,Tmax,8,2022,307,1.8156351791530945,2.354951813860022,-0.03973941368078166,5.5457980456026075
all_available,KSC,Tmax,8,2023,338,1.8603550295857991,2.4239436789207542,-0.12662721893491133,5.875502958579881
all_available,KSC,Tmax,8,2024,333,1.896096096096096,2.463816224962891,-0.045645645645645654,6.070390390390391
all_available,KSC,Tmax,8,2025,332,1.7849397590361442,2.3337105260244058,0.03072289156626511,5.446204819277109
all_available,KTG,Tmax,8,2022,195,1.9143589743589746,2.4774573400554996,0.16564102564102556,6.137794871794871
all_available,KTG,Tmax,8,2023,350,1.9117142857142857,2.509325464286027,0.07285714285714291,6.296714285714286
all_available,KTG,Tmax,8,2024,351,1.839031339031339,2.327373340628157,-0.029914529914529843,5.416666666666667
all_available,KTG,Tmax,8,2025,353,1.6889518413597733,2.1879142667222844,-0.1728045325779036,4.786968838526912
all_available,LFS,Tmax,8,2022,279,2.261290322580645,2.889624251596077,-0.8433691756272402,8.349928315412187
all_available,LFS,Tmax,8,2023,271,2.5025830258302584,3.0880318909314384,-1.3904059040590404,9.535940959409595
all_available,LFS,Tmax,8,2024,315,2.391746031746032,3.0530442782703573,-1.4044444444444444,9.321079365079367
all_available,LFS,Tmax,8,2025,349,2.4392550143266476,2.985586195099174,-1.4232091690544413,8.913724928366761
all_available,NGP,Tmax,8,2022,223,4.077578475336322,4.719575682075041,3.814798206278026,22.274394618834084
all_available,NGP,Tmax,8,2023,202,3.9821782178217826,4.773088752330483,3.8465346534653464,22.782376237623765
all_available,NGP,Tmax,8,2024,121,4.085123966942149,4.901939235084703,3.9214876033057857,24.029008264462803
all_available,NGP,Tmax,8,2025,210,3.4795238095238097,4.245036317080613,3.2709523809523815,18.020333333333333
all_available,PEN,Tmax,8,2022,246,1.5491869918699188,1.996307567094566,0.04837398373983749,3.985243902439025
all_available,PEN,Tmax,8,2023,253,1.849407114624506,2.3710957090889604,-0.6541501976284585,5.622094861660079
all_available,PEN,Tmax,8,2024,194,1.902577319587629,2.477246975438579,-0.5582474226804124,6.136752577319587
all_available,PEN,Tmax,8,2025,304,1.761513157894737,2.249612539738203,-0.5424342105263158,5.060756578947369
all_available,PLC,Tmax,8,2022,310,2.3429032258064515,2.8599966162849375,-0.5854838709677419,8.179580645161291
all_available,PLC,Tmax,8,2023,340,2.15,2.690221945796863,-0.44705882352941184,7.2372941176470595
all_available,PLC,Tmax,8,2024,346,2.1280346820809246,2.7331142118099803,0.1355491329479767,7.4699132947976885
all_available,PLC,Tmax,8,2025,331,1.8957703927492446,2.455876484096045,-0.08066465256797584,6.031329305135952
all_available,SEK,Tmax,8,2022,271,2.4416974169741694,2.9629134460123683,-1.3546125461254614,8.778856088560886
all_available,SEK,Tmax,8,2023,209,2.4612440191387566,3.0137642773809015,-1.3588516746411483,9.082775119617226
all_available,SEK,Tmax,8,2024,256,2.4269531250000003,3.0352293467710147,-1.1886718750000003,9.212617187500001
all_available,SEK,Tmax,8,2025,287,2.2947735191637637,2.7644709532870744,-1.3087108013937283,7.642299651567945
all_available,SHA,Tmax,8,2022,314,1.8404458598726114,2.320285782969348,-0.5054140127388534,5.383726114649681
all_available,SHA,Tmax,8,2023,341,1.9425219941348972,2.466883296080489,-0.5360703812316716,6.085513196480938
all_available,SHA,Tmax,8,2024,342,1.774269005847953,2.3281521422924274,-0.4076023391812866,5.42029239766082
all_available,SHA,Tmax,8,2025,335,1.7576119402985073,2.28117539747163,-0.511641791044776,5.20376119402985
all_available,SKG,Tmax,8,2022,344,1.5784883720930232,2.0584482753583053,0.3633720930232558,4.2372093023255815
all_available,SKG,Tmax,8,2023,333,1.7906906906906905,2.2640485674816953,0.3534534534534534,5.125915915915916
all_available,SKG,Tmax,8,2024,289,1.6975778546712805,2.1593443833927846,0.39169550173010387,4.662768166089966
all_available,SKG,Tmax,8,2025,331,1.5915407854984893,2.065761748413514,0.31480362537764345,4.267371601208459
all_available,SKW,Tmax,8,2022,332,1.6783132530120484,2.1673369367937143,0.7313253012048192,4.6973493975903615
all_available,SKW,Tmax,8,2023,350,1.7922857142857143,2.304783844838507,0.8145714285714286,5.312028571428572
all_available,SKW,Tmax,8,2024,345,1.7104347826086956,2.1554312927975725,0.6269565217391304,4.645884057971014
all_available,SKW,Tmax,8,2025,349,1.527220630372493,1.9968026017542377,0.7186246418338109,3.9872206303724926
all_available,SSH,Tmax,8,2022,327,3.211620795107034,3.725176760373186,-1.9516819571865445,13.876941896024466
all_available,SSH,Tmax,8,2023,351,3.0008547008547013,3.5820977794337923,-1.8908831908831911,12.831424501424504
all_available,SSH,Tmax,8,2024,346,2.8991329479768786,3.4535522468014412,-1.7540462427745667,11.927023121387283
all_available,SSH,Tmax,8,2025,341,3.064516129032258,3.5631957055940155,-2.1395894428152493,12.696363636363634
all_available,SSP,Tmax,8,2022,333,1.9873873873873873,2.4826363977601478,-0.9177177177177176,6.163483483483484
all_available,SSP,Tmax,8,2023,350,1.9985714285714287,2.5504789466182345,-0.9397142857142858,6.504942857142859
all_available,SSP,Tmax,8,2024,353,2.01728045325779,2.5706614485937505,-1.0008498583569403,6.608300283286119
all_available,SSP,Tmax,8,2025,309,1.8766990291262136,2.346883908008639,-0.9815533980582527,5.507864077669902
all_available,STY,Tmax,8,2022,282,1.3546099290780143,1.7728448108631096,0.36524822695035464,3.142978723404255
all_available,STY,Tmax,8,2023,341,1.6486803519061586,2.1565966453903918,0.3524926686217008,4.650909090909091
all_available,STY,Tmax,8,2024,335,1.6877611940298503,2.109424481177519,0.10567164179104473,4.449671641791045
all_available,STY,Tmax,8,2025,290,1.4444827586206899,1.8704323674966998,0.05482758620689635,3.49851724137931
all_available,TKL,Tmax,8,2022,313,2.571565495207668,3.0870387601566107,-1.1824281150159746,9.529808306709265
all_available,TKL,Tmax,8,2023,338,2.402958579881657,2.9847938090997572,-1.0254437869822484,8.908994082840238
all_available,TKL,Tmax,8,2024,354,2.32909604519774,2.892719284472149,-0.9528248587570624,8.36782485875706
all_available,TKL,Tmax,8,2025,271,2.416605166051661,2.95938684184829,-1.3140221402214023,8.757970479704797
all_available,TU1,Tmax,8,2022,330,1.8254545454545457,2.3401761135487735,-0.3612121212121211,5.476424242424242
all_available,TU1,Tmax,8,2023,350,1.888857142857143,2.4270558296009592,-0.3248571428571429,5.8906
all_available,TU1,Tmax,8,2024,332,1.8240963855421684,2.3655025702033288,-0.4981927710843373,5.595602409638555
all_available,TU1,Tmax,8,2025,269,1.666542750929368,2.1090969543445075,-0.7936802973977695,4.448289962825278
all_available,TW,Tmax,8,2022,315,2.1533333333333333,2.7015985861402356,-0.5996825396825397,7.29863492063492
all_available,TW,Tmax,8,2023,126,2.627777777777777,3.157895119743781,-1.4753968253968255,9.972301587301589
all_available,TW,Tmax,8,2024,290,1.8413793103448275,2.3031762176731445,-0.4344827586206896,5.304620689655173
all_available,TW,Tmax,8,2025,328,1.9213414634146342,2.466692759694994,-0.9798780487804878,6.084573170731707
all_available,TWN,Tmax,8,2022,286,2.059090909090909,2.6331334201653376,0.9318181818181814,6.933391608391608
all_available,TWN,Tmax,8,2023,320,2.09,2.7000694435514063,0.7893750000000002,7.290375
all_available,TWN,Tmax,8,2024,347,2.1677233429394813,2.6918384491479497,0.831700288184438,7.2459942363112395
all_available,TWN,Tmax,8,2025,342,1.9704678362573098,2.5342969081608118,0.5827485380116957,6.42266081871345
all_available,TY1,Tmax,8,2022,69,1.5347826086956522,1.8999237208181639,-0.5985507246376811,3.6097101449275364
all_available,TY1,Tmax,8,2023,299,1.702675585284281,2.2239423851443347,-0.25986622073578597,4.945919732441472
all_available,TY1,Tmax,8,2024,323,1.8749226006191948,2.425024336796587,-0.6198142414860679,5.880743034055728
all_available,TY1,Tmax,8,2025,309,1.6320388349514563,2.132511471948868,-0.555663430420712,4.547605177993527
all_available,WGL,Tmax,8,2022,349,1.8679083094555873,2.3301376670226883,0.5487106017191977,5.429541547277937
all_available,WGL,Tmax,8,2023,347,1.9818443804034584,2.473158500440219,0.5743515850144093,6.116512968299712
all_available,WGL,Tmax,8,2024,344,1.793313953488372,2.2770531241568692,0.34389534883720924,5.1849709302325575
all_available,WGL,Tmax,8,2025,346,1.6315028901734103,2.1385601011798525,0.32514450867052025,4.573439306358381
all_available,WLP,Tmax,8,2022,309,2.751456310679612,3.3338413852307105,-1.897087378640777,11.114498381877024
all_available,WLP,Tmax,8,2023,303,2.8471947194719474,3.4218237663253173,-1.9231023102310232,11.708877887788779
all_available,WLP,Tmax,8,2024,342,2.7777777777777777,3.5030980440793758,-1.8011695906432748,12.271695906432749
all_available,WLP,Tmax,8,2025,342,2.434795321637427,2.9941805154439716,-1.4283625730994152,8.965116959064327
all_available,WTS,Tmax,8,2022,293,2.215358361774744,2.7039157548925803,-0.8972696245733788,7.3111604095563125
all_available,WTS,Tmax,8,2023,342,2.0722222222222224,2.6403249401302267,-0.9353801169590643,6.971315789473684
all_available,WTS,Tmax,8,2024,323,2.029102167182663,2.547918472968011,-0.9411764705882353,6.4918885448916415
all_available,WTS,Tmax,8,2025,335,1.9647761194029851,2.4787575125393264,-0.9540298507462687,6.14423880597015
all_available,YLP,Tmax,8,2022,273,2.7641025641025636,3.2821863525319905,-1.6695970695970697,10.772747252747253
all_available,YLP,Tmax,8,2023,299,2.748160535117057,3.2985808238551644,-1.7066889632107023,10.880635451505016
all_available,YLP,Tmax,8,2024,321,2.821183800623053,3.3749397133187173,-1.9358255451713398,11.390218068535827
all_available,YLP,Tmax,8,2025,339,2.855457227138643,3.3594844386029443,-2.032448377581121,11.28613569321534
strict_common,CCH,Tmax,8,2022,4,1.5499999999999998,1.9608671551127577,-0.14999999999999947,3.8449999999999998
strict_common,CCH,Tmax,8,2023,3,2.7333333333333343,3.131559781748813,0.40000000000000097,9.806666666666672
strict_common,CCH,Tmax,8,2024,4,3.1500000000000004,3.2070235421649156,0.15000000000000036,10.285000000000002
strict_common,CCH,Tmax,8,2025,13,1.8923076923076925,2.300167218001602,-0.615384615384616,5.2907692307692304
strict_common,CWB,Tmax,8,2022,4,1.7999999999999998,2.205674500011277,0.9999999999999991,4.864999999999997
strict_common,CWB,Tmax,8,2023,3,2.400000000000001,3.56931365951495,2.3333333333333335,12.740000000000004
strict_common,CWB,Tmax,8,2024,4,2.2249999999999996,2.4804233509624924,1.625,6.152499999999999
strict_common,CWB,Tmax,8,2025,13,1.6615384615384616,2.2904483941258853,1.2307692307692308,5.246153846153847
strict_common,HKP,Tmax,8,2022,4,2.05,2.4062418831031933,0.04999999999999982,5.790000000000001
strict_common,HKP,Tmax,8,2023,3,3.4,3.7603191353926326,0.9333333333333336,14.139999999999995
strict_common,HKP,Tmax,8,2024,4,2.325,2.4784067462787465,0.17499999999999982,6.142500000000002
strict_common,HKP,Tmax,8,2025,13,1.4384615384615382,2.0525781161936134,0.4384615384615383,4.2130769230769225
strict_common,HKS,Tmax,8,2022,4,1.7750000000000004,2.2655021518418383,-1.075000000000001,5.1325
strict_common,HKS,Tmax,8,2023,3,2.5000000000000013,2.5826343140289927,0.6333333333333341,6.670000000000005
strict_common,HKS,Tmax,8,2024,4,1.7999999999999998,2.108316864230801,-1.0499999999999998,4.4449999999999985
strict_common,HKS,Tmax,8,2025,13,1.8846153846153846,2.512583714640553,-0.869230769230769,6.31307692307692
strict_common,HPV,Tmax,8,2022,4,2.075000000000001,2.330772404161334,-1.0250000000000004,5.4325000000000045
strict_common,HPV,Tmax,8,2023,3,2.4333333333333322,2.7061657993059716,-0.8333333333333334,7.323333333333327
strict_common,HPV,Tmax,8,2024,4,1.75,2.1177818584547374,-1.0500000000000007,4.485000000000002
strict_common,HPV,Tmax,8,2025,13,2.023076923076923,2.570393564597273,-1.0846153846153845,6.606923076923077
strict_common,JKB,Tmax,8,2022,4,2.2,2.5317977802344327,-0.4500000000000002,6.410000000000001
strict_common,JKB,Tmax,8,2023,3,3.4666666666666663,4.089824772122476,1.0,16.726666666666663
strict_common,JKB,Tmax,8,2024,4,2.0,2.162174831043965,-0.5,4.674999999999999
strict_common,JKB,Tmax,8,2025,13,1.946153846153846,2.4969211810979104,-0.36153846153846136,6.234615384615383
strict_common,KLT,Tmax,8,2022,4,1.9499999999999993,1.9836834424877368,-0.75,3.934999999999998
strict_common,KLT,Tmax,8,2023,3,2.733333333333333,3.2721043178154736,-0.06666666666666643,10.706666666666665
strict_common,KLT,Tmax,8,2024,4,2.174999999999999,2.576334605597649,0.125,6.637499999999994
strict_common,KLT,Tmax,8,2025,13,2.338461538461538,2.9698484809834995,-1.2461538461538464,8.82
strict_common,KP,Tmax,8,2022,4,1.75,2.0796634343085425,-0.09999999999999964,4.325000000000002
strict_common,KP,Tmax,8,2023,3,2.8333333333333335,3.121431295629191,1.0333333333333339,9.743333333333332
strict_common,KP,Tmax,8,2024,4,1.8250000000000002,2.151162476429895,0.3250000000000002,4.627499999999999
strict_common,KP,Tmax,8,2025,13,1.8230769230769228,2.374706459592589,-0.2538461538461536,5.639230769230769
strict_common,KSC,Tmax,8,2022,4,2.124999999999999,2.320021551624035,-0.5249999999999995,5.382499999999996
strict_common,KSC,Tmax,8,2023,3,3.0,3.5421274210093956,0.4666666666666662,12.546666666666672
strict_common,KSC,Tmax,8,2024,4,1.75,2.1644860821913356,-0.5,4.684999999999998
strict_common,KSC,Tmax,8,2025,13,1.9615384615384615,2.6479309774876043,-0.3615384615384612,7.011538461538461
strict_common,KTG,Tmax,8,2022,4,1.5999999999999996,1.971040334442702,0.5500000000000007,3.8849999999999993
strict_common,KTG,Tmax,8,2023,3,3.0,3.5646411694119604,1.400000000000001,12.706666666666669
strict_common,KTG,Tmax,8,2024,4,1.7750000000000004,1.8993419913222578,-0.025000000000000355,3.6075
strict_common,KTG,Tmax,8,2025,13,1.7461538461538464,2.4433583445741234,-0.023076923076922995,5.97
strict_common,LFS,Tmax,8,2022,4,2.55,2.8416544476765644,-2.55,8.075
strict_common,LFS,Tmax,8,2023,3,1.4666666666666661,1.7204650534085255,-0.5333333333333338,2.960000000000001
strict_common,LFS,Tmax,8,2024,4,2.125,2.708782014116307,0.025000000000000355,7.337499999999996
strict_common,LFS,Tmax,8,2025,13,2.746153846153846,3.202523043813088,-1.4384615384615387,10.256153846153847
strict_common,NGP,Tmax,8,2022,4,3.2999999999999994,3.4095454242464633,3.2999999999999994,11.624999999999995
strict_common,NGP,Tmax,8,2023,3,3.4666666666666663,4.224531532213562,2.866666666666667,17.846666666666664
strict_common,NGP,Tmax,8,2024,4,5.8500000000000005,6.507303589045159,5.8500000000000005,42.345000000000006
strict_common,NGP,Tmax,8,2025,13,2.8076923076923075,4.064196391378289,2.8076923076923075,16.517692307692307
strict_common,PEN,Tmax,8,2022,4,1.2249999999999996,1.4361406616345067,0.17499999999999893,2.0624999999999987
strict_common,PEN,Tmax,8,2023,3,2.4999999999999987,2.9894258088580585,-0.2333333333333331,8.936666666666659
strict_common,PEN,Tmax,8,2024,4,2.3499999999999996,2.7248853186877424,0.34999999999999964,7.425
strict_common,PEN,Tmax,8,2025,13,2.053846153846154,2.6222421410224204,-1.038461538461539,6.876153846153847
strict_common,PLC,Tmax,8,2022,4,2.0999999999999996,2.1771541057077237,-0.5999999999999996,4.739999999999998
strict_common,PLC,Tmax,8,2023,3,2.9333333333333336,3.646916505762094,0.7333333333333331,13.300000000000002
strict_common,PLC,Tmax,8,2024,4,2.1750000000000007,2.4387496796514405,0.7750000000000004,5.947500000000003
strict_common,PLC,Tmax,8,2025,13,1.8692307692307684,2.512277544686984,-0.08461538461538513,6.31153846153846
strict_common,SEK,Tmax,8,2022,4,1.575000000000001,1.9202864369671533,-1.575000000000001,3.6875000000000044
strict_common,SEK,Tmax,8,2023,3,2.5,3.129962726082639,-0.9666666666666662,9.796666666666665
strict_common,SEK,Tmax,8,2024,4,2.1500000000000004,2.492990172463582,0.15000000000000036,6.215000000000001
strict_common,SEK,Tmax,8,2025,13,2.538461538461539,3.0589088049373228,-1.4769230769230777,9.35692307692308
strict_common,SHA,Tmax,8,2022,4,1.3500000000000005,1.5215124054702944,-0.35000000000000053,2.3150000000000017
strict_common,SHA,Tmax,8,2023,3,2.766666666666667,3.3640253665313917,0.3000000000000007,11.316666666666665
strict_common,SHA,Tmax,8,2024,4,2.1999999999999993,2.4606909598728555,0.5,6.054999999999995
strict_common,SHA,Tmax,8,2025,13,1.9230769230769231,2.5744304822022883,-0.4615384615384614,6.627692307692308
strict_common,SKG,Tmax,8,2022,4,1.4249999999999998,1.6963195453687374,0.6250000000000009,2.8775
strict_common,SKG,Tmax,8,2023,3,2.866666666666667,3.3436506994600985,1.7333333333333343,11.180000000000005
strict_common,SKG,Tmax,8,2024,4,2.1499999999999995,2.413503677229434,1.3999999999999995,5.824999999999998
strict_common,SKG,Tmax,8,2025,13,1.4846153846153844,2.195625020528148,0.7153846153846152,4.820769230769229
strict_common,SKW,Tmax,8,2022,4,1.799999999999999,2.302172886644267,1.0,5.299999999999996
strict_common,SKW,Tmax,8,2023,3,3.1,3.759875884476331,2.166666666666668,14.13666666666667
strict_common,SKW,Tmax,8,2024,4,1.9500000000000002,1.9723082923316022,0.2500000000000009,3.890000000000001
strict_common,SKW,Tmax,8,2025,13,1.5615384615384613,2.179096495904102,0.746153846153847,4.748461538461537
strict_common,SSH,Tmax,8,2022,4,1.8000000000000007,2.1874642854227364,-1.5500000000000007,4.785000000000004
strict_common,SSH,Tmax,8,2023,3,3.633333333333334,4.314703543311715,-1.2333333333333332,18.61666666666667
strict_common,SSH,Tmax,8,2024,4,2.0250000000000004,2.205107707119995,0.1750000000000007,4.862500000000001
strict_common,SSH,Tmax,8,2025,13,3.2769230769230764,3.7635907567926914,-2.1538461538461537,14.164615384615384
strict_common,SSP,Tmax,8,2022,4,1.9250000000000007,2.2798026230356,-1.6750000000000007,5.197500000000003
strict_common,SSP,Tmax,8,2023,3,2.9,3.327160951922825,-0.6333333333333341,11.07
strict_common,SSP,Tmax,8,2024,4,1.8499999999999996,2.3334523779156062,-1.0999999999999996,5.444999999999998
strict_common,SSP,Tmax,8,2025,13,2.4000000000000004,2.9907549857210616,-1.3846153846153852,8.944615384615387
strict_common,STY,Tmax,8,2022,4,1.3499999999999996,1.8668154702594468,0.5500000000000007,3.4849999999999994
strict_common,STY,Tmax,8,2023,3,3.0,3.567445397853577,2.133333333333333,12.726666666666667
strict_common,STY,Tmax,8,2024,4,1.3499999999999988,1.4247806848774995,-0.04999999999999982,2.0299999999999967
strict_common,STY,Tmax,8,2025,13,1.8461538461538456,2.2603607608589313,0.04615384615384626,5.109230769230766
strict_common,TKL,Tmax,8,2022,4,1.5999999999999996,1.7734147850968194,-1.049999999999999,3.144999999999998
strict_common,TKL,Tmax,8,2023,3,3.6,4.230839160261237,-0.9333333333333336,17.900000000000006
strict_common,TKL,Tmax,8,2024,4,2.0500000000000007,2.49499498997493,0.40000000000000036,6.225000000000002
strict_common,TKL,Tmax,8,2025,13,2.6923076923076925,3.2576537096977782,-1.4923076923076921,10.612307692307695
strict_common,TU1,Tmax,8,2022,4,1.25,1.5921683328090654,-0.9499999999999993,2.534999999999999
strict_common,TU1,Tmax,8,2023,3,2.733333333333333,3.2873494895837685,0.39999999999999974,10.806666666666663
strict_common,TU1,Tmax,8,2024,4,2.450000000000001,2.7739863013360404,0.5999999999999996,7.695000000000005
strict_common,TU1,Tmax,8,2025,13,1.969230769230769,2.5774167150612106,-0.7076923076923074,6.643076923076922
strict_common,TW,Tmax,8,2022,4,1.9500000000000002,2.0566963801203135,-1.0499999999999998,4.23
strict_common,TW,Tmax,8,2023,3,2.733333333333333,2.95070613017743,0.1999999999999993,8.706666666666665
strict_common,TW,Tmax,8,2024,4,1.8750000000000009,2.258871399615304,-0.5249999999999995,5.102500000000002
strict_common,TW,Tmax,8,2025,13,2.1999999999999997,2.804392159562458,-1.1384615384615384,7.8646153846153855
strict_common,TWN,Tmax,8,2022,4,1.4500000000000002,1.5572411502397439,-0.4500000000000002,2.4250000000000003
strict_common,TWN,Tmax,8,2023,3,3.4333333333333322,3.5856194257989316,0.8333333333333334,12.85666666666666
strict_common,TWN,Tmax,8,2024,4,2.4749999999999996,2.8543825952384165,1.5250000000000004,8.147499999999997
strict_common,TWN,Tmax,8,2025,13,1.9307692307692308,2.7577861801424373,0.10000000000000032,7.605384615384616
strict_common,TY1,Tmax,8,2022,4,1.7250000000000005,1.9767397400770799,-1.3250000000000002,3.9075000000000015
strict_common,TY1,Tmax,8,2023,3,2.7000000000000006,3.0881493918958434,0.033333333333333805,9.536666666666667
strict_common,TY1,Tmax,8,2024,4,1.6999999999999993,1.9455076458343714,-0.25,3.7849999999999984
strict_common,TY1,Tmax,8,2025,13,1.915384615384616,2.5418043258223544,-0.7923076923076926,6.460769230769234
strict_common,WGL,Tmax,8,2022,4,1.7999999999999998,2.2124646889837587,0.7000000000000002,4.895
strict_common,WGL,Tmax,8,2023,3,2.866666666666666,3.526093211095437,2.266666666666667,12.43333333333333
strict_common,WGL,Tmax,8,2024,4,2.5,2.6419689627245817,1.5,6.980000000000001
strict_common,WGL,Tmax,8,2025,13,1.3076923076923077,1.981452458716546,0.5692307692307697,3.9261538461538454
strict_common,WLP,Tmax,8,2022,4,2.25,2.5932604959779884,-2.25,6.725000000000003
strict_common,WLP,Tmax,8,2023,3,4.3999999999999995,5.419102016632153,-2.4666666666666672,29.36666666666667
strict_common,WLP,Tmax,8,2024,4,2.425,2.705087798944795,-0.6749999999999998,7.317499999999996
strict_common,WLP,Tmax,8,2025,13,3.2615384615384615,3.7179398762052247,-2.1846153846153844,13.823076923076922
strict_common,WTS,Tmax,8,2022,4,1.9249999999999998,2.2699118925632336,-1.3250000000000002,5.152500000000002
strict_common,WTS,Tmax,8,2023,3,2.866666666666666,3.4312291286554046,0.06666666666666643,11.773333333333328
strict_common,WTS,Tmax,8,2024,4,1.7250000000000005,2.041445566259361,-0.7250000000000005,4.167500000000003
strict_common,WTS,Tmax,8,2025,13,2.176923076923077,2.8445629649453115,-1.2076923076923076,8.091538461538462
strict_common,YLP,Tmax,8,2022,4,1.9750000000000005,2.258871399615304,-1.9750000000000005,5.102500000000003
strict_common,YLP,Tmax,8,2023,3,3.133333333333333,3.671511950137164,-1.6666666666666667,13.479999999999999
strict_common,YLP,Tmax,8,2024,4,2.55,2.833725463060951,-0.4500000000000002,8.030000000000001
strict_common,YLP,Tmax,8,2025,13,3.246153846153846,3.666270374854869,-2.2153846153846155,13.441538461538462
lowland_available,CCH,Tmax,8,2022,295,1.957966101694915,2.4483408425617403,0.20203389830508484,5.994372881355932
lowland_available,CCH,Tmax,8,2023,308,1.8831168831168832,2.4131807968823136,-0.053896103896103796,5.823441558441558
lowland_available,CCH,Tmax,8,2024,357,2.13781512605042,2.6020569325270433,-0.27507002801120456,6.770700280112046
lowland_available,CCH,Tmax,8,2025,348,1.806609195402299,2.2530247867378583,-0.299712643678161,5.0761206896551725
lowland_available,CWB,Tmax,8,2022,307,1.6299674267100976,2.14152370486568,0.7667752442996741,4.586123778501628
lowland_available,CWB,Tmax,8,2023,288,1.8541666666666667,2.3998842564683085,1.2645833333333334,5.759444444444445
lowland_available,CWB,Tmax,8,2024,321,1.822741433021807,2.3298616808114154,1.1186915887850468,5.428255451713395
lowland_available,CWB,Tmax,8,2025,339,1.7297935103244837,2.2377163875854413,1.2542772861356932,5.007374631268436
lowland_available,HKP,Tmax,8,2022,317,1.693059936908517,2.1721277129261596,0.2570977917981071,4.718138801261829
lowland_available,HKP,Tmax,8,2023,351,1.6763532763532767,2.207769239355647,0.41766381766381766,4.874245014245013
lowland_available,HKP,Tmax,8,2024,302,1.759271523178808,2.1905803760889397,0.42549668874172164,4.7986423841059604
lowland_available,HKP,Tmax,8,2025,309,1.3941747572815537,1.875769529249487,0.5572815533980582,3.518511326860842
lowland_available,HKS,Tmax,8,2022,324,1.5901234567901237,2.0614480108007984,-0.17222222222222222,4.249567901234569
lowland_available,HKS,Tmax,8,2023,311,1.6115755627009647,2.112099578671678,-0.21350482315112532,4.46096463022508
lowland_available,HKS,Tmax,8,2024,347,1.7512968299711817,2.2066770563732065,-0.5443804034582131,4.86942363112392
lowland_available,HKS,Tmax,8,2025,349,1.5621776504297995,2.01138592826825,-0.6120343839541548,4.0456733524355295
lowland_available,HPV,Tmax,8,2022,321,2.230529595015576,2.7031307567060954,-1.2866043613707163,7.306915887850467
lowland_available,HPV,Tmax,8,2023,321,2.1386292834890965,2.6692024547696427,-1.28006230529595,7.1246417445482875
lowland_available,HPV,Tmax,8,2024,285,1.9652631578947368,2.4756569215023427,-1.2298245614035088,6.128877192982456
lowland_available,HPV,Tmax,8,2025,302,1.806622516556291,2.27433128225792,-1.1543046357615894,5.172582781456954
lowland_available,JKB,Tmax,8,2022,328,1.9149390243902442,2.386950038816246,-0.4618902439024391,5.697530487804879
lowland_available,JKB,Tmax,8,2023,264,1.9780303030303032,2.4849089977849745,-0.306818181818182,6.174772727272727
lowland_available,JKB,Tmax,8,2024,358,2.0153631284916202,2.5001173156831604,-0.3796089385474861,6.250586592178771
lowland_available,JKB,Tmax,8,2025,351,1.7757834757834756,2.2770063317342433,-0.29430199430199433,5.184757834757835
lowland_available,KLT,Tmax,8,2022,321,2.1395638629283487,2.6621730050908163,-0.6398753894080997,7.0871651090342676
lowland_available,KLT,Tmax,8,2023,259,2.4181467181467178,2.9426237865270424,-0.7501930501930503,8.659034749034749
lowland_available,KLT,Tmax,8,2024,361,2.1130193905817176,2.6889019888826695,-0.7368421052631581,7.230193905817176
lowland_available,KLT,Tmax,8,2025,354,2.1324858757062146,2.629273492059203,-1.0121468926553672,6.913079096045196
lowland_available,KP,Tmax,8,2022,207,1.7758454106280195,2.2657926703740507,0.04541062801932372,5.133816425120772
lowland_available,KP,Tmax,8,2023,341,1.7307917888563051,2.29369913425346,0.021114369501466418,5.261055718475073
lowland_available,KP,Tmax,8,2024,350,1.696857142857143,2.2130973769809588,-0.07514285714285722,4.897799999999999
lowland_available,KP,Tmax,8,2025,346,1.4757225433526011,1.9765386923387405,-0.007514450867052027,3.9067052023121382
lowland_available,KSC,Tmax,8,2022,307,1.8156351791530945,2.354951813860022,-0.03973941368078166,5.5457980456026075
lowland_available,KSC,Tmax,8,2023,338,1.8603550295857991,2.4239436789207542,-0.12662721893491133,5.875502958579881
lowland_available,KSC,Tmax,8,2024,333,1.896096096096096,2.463816224962891,-0.045645645645645654,6.070390390390391
lowland_available,KSC,Tmax,8,2025,332,1.7849397590361442,2.3337105260244058,0.03072289156626511,5.446204819277109
lowland_available,KTG,Tmax,8,2022,195,1.9143589743589746,2.4774573400554996,0.16564102564102556,6.137794871794871
lowland_available,KTG,Tmax,8,2023,350,1.9117142857142857,2.509325464286027,0.07285714285714291,6.296714285714286
lowland_available,KTG,Tmax,8,2024,351,1.839031339031339,2.327373340628157,-0.029914529914529843,5.416666666666667
lowland_available,KTG,Tmax,8,2025,353,1.6889518413597733,2.1879142667222844,-0.1728045325779036,4.786968838526912
lowland_available,LFS,Tmax,8,2022,279,2.261290322580645,2.889624251596077,-0.8433691756272402,8.349928315412187
lowland_available,LFS,Tmax,8,2023,271,2.5025830258302584,3.0880318909314384,-1.3904059040590404,9.535940959409595
lowland_available,LFS,Tmax,8,2024,315,2.391746031746032,3.0530442782703573,-1.4044444444444444,9.321079365079367
lowland_available,LFS,Tmax,8,2025,349,2.4392550143266476,2.985586195099174,-1.4232091690544413,8.913724928366761
lowland_available,PEN,Tmax,8,2022,246,1.5491869918699188,1.996307567094566,0.04837398373983749,3.985243902439025
lowland_available,PEN,Tmax,8,2023,253,1.849407114624506,2.3710957090889604,-0.6541501976284585,5.622094861660079
lowland_available,PEN,Tmax,8,2024,194,1.902577319587629,2.477246975438579,-0.5582474226804124,6.136752577319587
lowland_available,PEN,Tmax,8,2025,304,1.761513157894737,2.249612539738203,-0.5424342105263158,5.060756578947369
lowland_available,PLC,Tmax,8,2022,310,2.3429032258064515,2.8599966162849375,-0.5854838709677419,8.179580645161291
lowland_available,PLC,Tmax,8,2023,340,2.15,2.690221945796863,-0.44705882352941184,7.2372941176470595
lowland_available,PLC,Tmax,8,2024,346,2.1280346820809246,2.7331142118099803,0.1355491329479767,7.4699132947976885
lowland_available,PLC,Tmax,8,2025,331,1.8957703927492446,2.455876484096045,-0.08066465256797584,6.031329305135952
lowland_available,SEK,Tmax,8,2022,271,2.4416974169741694,2.9629134460123683,-1.3546125461254614,8.778856088560886
lowland_available,SEK,Tmax,8,2023,209,2.4612440191387566,3.0137642773809015,-1.3588516746411483,9.082775119617226
lowland_available,SEK,Tmax,8,2024,256,2.4269531250000003,3.0352293467710147,-1.1886718750000003,9.212617187500001
lowland_available,SEK,Tmax,8,2025,287,2.2947735191637637,2.7644709532870744,-1.3087108013937283,7.642299651567945
lowland_available,SHA,Tmax,8,2022,314,1.8404458598726114,2.320285782969348,-0.5054140127388534,5.383726114649681
lowland_available,SHA,Tmax,8,2023,341,1.9425219941348972,2.466883296080489,-0.5360703812316716,6.085513196480938
lowland_available,SHA,Tmax,8,2024,342,1.774269005847953,2.3281521422924274,-0.4076023391812866,5.42029239766082
lowland_available,SHA,Tmax,8,2025,335,1.7576119402985073,2.28117539747163,-0.511641791044776,5.20376119402985
lowland_available,SKG,Tmax,8,2022,344,1.5784883720930232,2.0584482753583053,0.3633720930232558,4.2372093023255815
lowland_available,SKG,Tmax,8,2023,333,1.7906906906906905,2.2640485674816953,0.3534534534534534,5.125915915915916
lowland_available,SKG,Tmax,8,2024,289,1.6975778546712805,2.1593443833927846,0.39169550173010387,4.662768166089966
lowland_available,SKG,Tmax,8,2025,331,1.5915407854984893,2.065761748413514,0.31480362537764345,4.267371601208459
lowland_available,SKW,Tmax,8,2022,332,1.6783132530120484,2.1673369367937143,0.7313253012048192,4.6973493975903615
lowland_available,SKW,Tmax,8,2023,350,1.7922857142857143,2.304783844838507,0.8145714285714286,5.312028571428572
lowland_available,SKW,Tmax,8,2024,345,1.7104347826086956,2.1554312927975725,0.6269565217391304,4.645884057971014
lowland_available,SKW,Tmax,8,2025,349,1.527220630372493,1.9968026017542377,0.7186246418338109,3.9872206303724926
lowland_available,SSH,Tmax,8,2022,327,3.211620795107034,3.725176760373186,-1.9516819571865445,13.876941896024466
lowland_available,SSH,Tmax,8,2023,351,3.0008547008547013,3.5820977794337923,-1.8908831908831911,12.831424501424504
lowland_available,SSH,Tmax,8,2024,346,2.8991329479768786,3.4535522468014412,-1.7540462427745667,11.927023121387283
lowland_available,SSH,Tmax,8,2025,341,3.064516129032258,3.5631957055940155,-2.1395894428152493,12.696363636363634
lowland_available,SSP,Tmax,8,2022,333,1.9873873873873873,2.4826363977601478,-0.9177177177177176,6.163483483483484
lowland_available,SSP,Tmax,8,2023,350,1.9985714285714287,2.5504789466182345,-0.9397142857142858,6.504942857142859
lowland_available,SSP,Tmax,8,2024,353,2.01728045325779,2.5706614485937505,-1.0008498583569403,6.608300283286119
lowland_available,SSP,Tmax,8,2025,309,1.8766990291262136,2.346883908008639,-0.9815533980582527,5.507864077669902
lowland_available,STY,Tmax,8,2022,282,1.3546099290780143,1.7728448108631096,0.36524822695035464,3.142978723404255
lowland_available,STY,Tmax,8,2023,341,1.6486803519061586,2.1565966453903918,0.3524926686217008,4.650909090909091
lowland_available,STY,Tmax,8,2024,335,1.6877611940298503,2.109424481177519,0.10567164179104473,4.449671641791045
lowland_available,STY,Tmax,8,2025,290,1.4444827586206899,1.8704323674966998,0.05482758620689635,3.49851724137931
lowland_available,TKL,Tmax,8,2022,313,2.571565495207668,3.0870387601566107,-1.1824281150159746,9.529808306709265
lowland_available,TKL,Tmax,8,2023,338,2.402958579881657,2.9847938090997572,-1.0254437869822484,8.908994082840238
lowland_available,TKL,Tmax,8,2024,354,2.32909604519774,2.892719284472149,-0.9528248587570624,8.36782485875706
lowland_available,TKL,Tmax,8,2025,271,2.416605166051661,2.95938684184829,-1.3140221402214023,8.757970479704797
lowland_available,TU1,Tmax,8,2022,330,1.8254545454545457,2.3401761135487735,-0.3612121212121211,5.476424242424242
lowland_available,TU1,Tmax,8,2023,350,1.888857142857143,2.4270558296009592,-0.3248571428571429,5.8906
lowland_available,TU1,Tmax,8,2024,332,1.8240963855421684,2.3655025702033288,-0.4981927710843373,5.595602409638555
lowland_available,TU1,Tmax,8,2025,269,1.666542750929368,2.1090969543445075,-0.7936802973977695,4.448289962825278
lowland_available,TW,Tmax,8,2022,315,2.1533333333333333,2.7015985861402356,-0.5996825396825397,7.29863492063492
lowland_available,TW,Tmax,8,2023,126,2.627777777777777,3.157895119743781,-1.4753968253968255,9.972301587301589
lowland_available,TW,Tmax,8,2024,290,1.8413793103448275,2.3031762176731445,-0.4344827586206896,5.304620689655173
lowland_available,TW,Tmax,8,2025,328,1.9213414634146342,2.466692759694994,-0.9798780487804878,6.084573170731707
lowland_available,TWN,Tmax,8,2022,286,2.059090909090909,2.6331334201653376,0.9318181818181814,6.933391608391608
lowland_available,TWN,Tmax,8,2023,320,2.09,2.7000694435514063,0.7893750000000002,7.290375
lowland_available,TWN,Tmax,8,2024,347,2.1677233429394813,2.6918384491479497,0.831700288184438,7.2459942363112395
lowland_available,TWN,Tmax,8,2025,342,1.9704678362573098,2.5342969081608118,0.5827485380116957,6.42266081871345
lowland_available,TY1,Tmax,8,2022,69,1.5347826086956522,1.8999237208181639,-0.5985507246376811,3.6097101449275364
lowland_available,TY1,Tmax,8,2023,299,1.702675585284281,2.2239423851443347,-0.25986622073578597,4.945919732441472
lowland_available,TY1,Tmax,8,2024,323,1.8749226006191948,2.425024336796587,-0.6198142414860679,5.880743034055728
lowland_available,TY1,Tmax,8,2025,309,1.6320388349514563,2.132511471948868,-0.555663430420712,4.547605177993527
lowland_available,WGL,Tmax,8,2022,349,1.8679083094555873,2.3301376670226883,0.5487106017191977,5.429541547277937
lowland_available,WGL,Tmax,8,2023,347,1.9818443804034584,2.473158500440219,0.5743515850144093,6.116512968299712
lowland_available,WGL,Tmax,8,2024,344,1.793313953488372,2.2770531241568692,0.34389534883720924,5.1849709302325575
lowland_available,WGL,Tmax,8,2025,346,1.6315028901734103,2.1385601011798525,0.32514450867052025,4.573439306358381
lowland_available,WLP,Tmax,8,2022,309,2.751456310679612,3.3338413852307105,-1.897087378640777,11.114498381877024
lowland_available,WLP,Tmax,8,2023,303,2.8471947194719474,3.4218237663253173,-1.9231023102310232,11.708877887788779
lowland_available,WLP,Tmax,8,2024,342,2.7777777777777777,3.5030980440793758,-1.8011695906432748,12.271695906432749
lowland_available,WLP,Tmax,8,2025,342,2.434795321637427,2.9941805154439716,-1.4283625730994152,8.965116959064327
lowland_available,WTS,Tmax,8,2022,293,2.215358361774744,2.7039157548925803,-0.8972696245733788,7.3111604095563125
lowland_available,WTS,Tmax,8,2023,342,2.0722222222222224,2.6403249401302267,-0.9353801169590643,6.971315789473684
lowland_available,WTS,Tmax,8,2024,323,2.029102167182663,2.547918472968011,-0.9411764705882353,6.4918885448916415
lowland_available,WTS,Tmax,8,2025,335,1.9647761194029851,2.4787575125393264,-0.9540298507462687,6.14423880597015
lowland_available,YLP,Tmax,8,2022,273,2.7641025641025636,3.2821863525319905,-1.6695970695970697,10.772747252747253
lowland_available,YLP,Tmax,8,2023,299,2.748160535117057,3.2985808238551644,-1.7066889632107023,10.880635451505016
lowland_available,YLP,Tmax,8,2024,321,2.821183800623053,3.3749397133187173,-1.9358255451713398,11.390218068535827
lowland_available,YLP,Tmax,8,2025,339,2.855457227138643,3.3594844386029443,-2.032448377581121,11.28613569321534
all_available,CCH,Tmax,9,2022,294,2.0687074829931973,2.6216653584507466,0.28843537414966,6.87312925170068
all_available,CCH,Tmax,9,2023,308,2.012337662337662,2.5551196378323193,-0.07012987012987003,6.528636363636363
all_available,CCH,Tmax,9,2024,356,2.249157303370786,2.756448007486724,-0.22106741573033706,7.598005617977529
all_available,CCH,Tmax,9,2025,348,1.875,2.3551667339760862,-0.2652298850574713,5.546810344827586
all_available,CWB,Tmax,9,2022,306,1.7555555555555558,2.3040033360542296,0.8359477124183006,5.30843137254902
all_available,CWB,Tmax,9,2023,288,1.9520833333333334,2.5206921448064397,1.2368055555555555,6.353888888888889
all_available,CWB,Tmax,9,2024,320,1.973125,2.5159863870855896,1.1625,6.330187499999999
all_available,CWB,Tmax,9,2025,339,1.7882005899705016,2.3630014412203475,1.2896755162241889,5.58377581120944
all_available,HKP,Tmax,9,2022,316,1.791455696202532,2.30676632671711,0.3477848101265822,5.321170886075949
all_available,HKP,Tmax,9,2023,351,1.802279202279202,2.325665055144001,0.39487179487179486,5.408717948717948
all_available,HKP,Tmax,9,2024,301,1.8817275747508309,2.3839858859311516,0.47109634551495,5.683388704318937
all_available,HKP,Tmax,9,2025,309,1.454368932038835,1.9922341136909703,0.6058252427184465,3.9689967637540455
all_available,HKS,Tmax,9,2022,323,1.63312693498452,2.1714228974064,-0.08699690402476783,4.715077399380805
all_available,HKS,Tmax,9,2023,311,1.7395498392282958,2.2614908436721253,-0.2424437299035369,5.114340836012862
all_available,HKS,Tmax,9,2024,346,1.8179190751445087,2.3355013324741303,-0.4855491329479767,5.4545664739884385
all_available,HKS,Tmax,9,2025,349,1.6103151862464182,2.089090231241662,-0.563323782234957,4.36429799426934
all_available,HPV,Tmax,9,2022,320,2.26875,2.8063321257470575,-1.1981249999999999,7.875499999999998
all_available,HPV,Tmax,9,2023,321,2.2725856697819315,2.800205822430751,-1.3049844236760124,7.841152647975078
all_available,HPV,Tmax,9,2024,284,2.0130281690140848,2.544456830716584,-1.1573943661971833,6.474260563380282
all_available,HPV,Tmax,9,2025,302,1.921854304635762,2.395995555502296,-1.1311258278145695,5.740794701986755
all_available,JKB,Tmax,9,2022,327,2.0055045871559636,2.521940420834428,-0.3773700305810398,6.360183486238533
all_available,JKB,Tmax,9,2023,264,2.109848484848485,2.580477404738053,-0.306818181818182,6.658863636363637
all_available,JKB,Tmax,9,2024,357,2.1263305322128856,2.6533156679169267,-0.327450980392157,7.0400840336134465
all_available,JKB,Tmax,9,2025,351,1.8464387464387462,2.3845717301398874,-0.2515669515669516,5.686182336182336
all_available,KLT,Tmax,9,2022,320,2.24375,2.799006520178186,-0.5525,7.834437499999998
all_available,KLT,Tmax,9,2023,259,2.5718146718146717,3.1078987675010823,-0.7772200772200772,9.659034749034747
all_available,KLT,Tmax,9,2024,360,2.2483333333333335,2.8625260794542218,-0.6922222222222223,8.194055555555558
all_available,KLT,Tmax,9,2025,354,2.2403954802259887,2.7609207912975715,-0.9697740112994351,7.622683615819208
all_available,KP,Tmax,9,2022,207,1.9130434782608696,2.437330447466024,0.1516908212560387,5.940579710144929
all_available,KP,Tmax,9,2023,341,1.862756598240469,2.413804385799153,-0.005278592375366394,5.8264516129032256
all_available,KP,Tmax,9,2024,350,1.8431428571428572,2.404299719847162,-0.02085714285714293,5.780657142857142
all_available,KP,Tmax,9,2025,346,1.5843930635838153,2.10512723929971,0.02427745664739884,4.431560693641618
all_available,KSC,Tmax,9,2022,306,1.9107843137254903,2.460106538954469,0.01928104575163411,6.052124183006537
all_available,KSC,Tmax,9,2023,338,1.9721893491124265,2.548070391863908,-0.1562130177514794,6.492662721893491
all_available,KSC,Tmax,9,2024,332,2.013855421686747,2.6403039255504486,-0.006626506024096394,6.971204819277108
all_available,KSC,Tmax,9,2025,332,1.836746987951807,2.4415702038321494,0.07891566265060246,5.961265060240964
all_available,KTG,Tmax,9,2022,195,2.04974358974359,2.6261700688967635,0.263076923076923,6.896769230769231
all_available,KTG,Tmax,9,2023,350,2.0242857142857145,2.612415412164437,0.05000000000000004,6.824714285714286
all_available,KTG,Tmax,9,2024,350,1.9631428571428569,2.5058160917581893,0.01114285714285723,6.279114285714286
all_available,KTG,Tmax,9,2025,353,1.7977337110481586,2.321960683653062,-0.1388101983002832,5.391501416430595
all_available,LFS,Tmax,9,2022,278,2.376258992805755,3.0528792872378765,-0.772661870503597,9.320071942446045
all_available,LFS,Tmax,9,2023,271,2.625092250922509,3.244319475034566,-1.4014760147601475,10.525608856088562
all_available,LFS,Tmax,9,2024,314,2.480573248407643,3.1497093183036617,-1.3436305732484075,9.920668789808918
all_available,LFS,Tmax,9,2025,349,2.513180515759312,3.100277277552402,-1.3916905444126075,9.611719197707735
all_available,NGP,Tmax,9,2022,223,4.195964125560538,4.8534533034335325,3.8775784753363225,23.55600896860987
all_available,NGP,Tmax,9,2023,202,4.0,4.8685899721409776,3.8316831683168315,23.703168316831682
all_available,NGP,Tmax,9,2024,120,4.240833333333334,5.079000886001104,4.009166666666667,25.79625
all_available,NGP,Tmax,9,2025,210,3.626190476190476,4.437861990600773,3.3757142857142863,19.694619047619053
all_available,PEN,Tmax,9,2022,246,1.717479674796748,2.2148519376452813,0.12560975609756111,4.905569105691057
all_available,PEN,Tmax,9,2023,253,2.0019762845849804,2.492986208777367,-0.7134387351778656,6.214980237154149
all_available,PEN,Tmax,9,2024,193,2.123316062176166,2.7614293813131043,-0.5098445595854922,7.625492227979273
all_available,PEN,Tmax,9,2025,304,1.8463815789473683,2.3361222367982286,-0.5095394736842106,5.4574671052631585
all_available,PLC,Tmax,9,2022,309,2.4585760517799353,3.013384382532903,-0.4741100323624595,9.080485436893206
all_available,PLC,Tmax,9,2023,340,2.2564705882352944,2.825347453906177,-0.46764705882352947,7.982588235294117
all_available,PLC,Tmax,9,2024,345,2.26463768115942,2.9016886637696464,0.18985507246376795,8.419797101449277
all_available,PLC,Tmax,9,2025,331,2.017220543806647,2.5898768765425024,-0.059516616314199404,6.7074622356495475
all_available,SEK,Tmax,9,2022,271,2.5332103321033212,3.0866155529893446,-1.24760147601476,9.527195571955719
all_available,SEK,Tmax,9,2023,209,2.6019138755980857,3.182713476229102,-1.354066985645933,10.129665071770335
all_available,SEK,Tmax,9,2024,255,2.545490196078431,3.182840019265074,-1.1329411764705883,10.130470588235296
all_available,SEK,Tmax,9,2025,287,2.4383275261324044,2.9175308160699474,-1.2529616724738677,8.511986062717773
all_available,SHA,Tmax,9,2022,313,1.9706070287539934,2.4987408969894296,-0.43642172523961653,6.24370607028754
all_available,SHA,Tmax,9,2023,341,2.0920821114369503,2.611366986207969,-0.5595307917888563,6.819237536656892
all_available,SHA,Tmax,9,2024,341,1.9343108504398825,2.5379119502947063,-0.36363636363636365,6.440997067448681
all_available,SHA,Tmax,9,2025,335,1.8746268656716418,2.41157655746968,-0.4638805970149253,5.815701492537313
all_available,SKG,Tmax,9,2022,343,1.7285714285714289,2.2397873180998014,0.4381924198250729,5.0166472303207
all_available,SKG,Tmax,9,2023,333,1.8849849849849851,2.381945352787016,0.3324324324324325,5.673663663663663
all_available,SKG,Tmax,9,2024,288,1.8871527777777777,2.372652348462932,0.4225694444444444,5.629479166666666
all_available,SKG,Tmax,9,2025,331,1.6688821752265857,2.19275103459054,0.35407854984894255,4.808157099697884
all_available,SKW,Tmax,9,2022,331,1.8027190332326286,2.3182645347699657,0.8214501510574017,5.374350453172205
all_available,SKW,Tmax,9,2023,350,1.887714285714286,2.3984578378616543,0.7917142857142858,5.752600000000001
all_available,SKW,Tmax,9,2024,344,1.8055232558139536,2.310107970898612,0.6688953488372094,5.336598837209302
all_available,SKW,Tmax,9,2025,349,1.5793696275071634,2.0992152988819828,0.7530085959885388,4.406704871060172
all_available,SSH,Tmax,9,2022,326,3.3033742331288347,3.878029193991176,-1.8653374233128834,15.039110429447852
all_available,SSH,Tmax,9,2023,351,3.1404558404558403,3.724726801201632,-1.9222222222222223,13.873589743589744
all_available,SSH,Tmax,9,2024,345,2.999420289855073,3.6083397764108893,-1.7124637681159418,13.020115942028987
all_available,SSH,Tmax,9,2025,341,3.174780058651026,3.683783914620776,-2.1190615835777127,13.570263929618768
all_available,SSP,Tmax,9,2022,332,2.068975903614458,2.6188784042764457,-0.8418674698795181,6.858524096385543
all_available,SSP,Tmax,9,2023,350,2.136857142857143,2.67193348933475,-0.976857142857143,7.139228571428573
all_available,SSP,Tmax,9,2024,352,2.115340909090909,2.730238917284446,-0.9539772727272727,7.454204545454545
all_available,SSP,Tmax,9,2025,309,1.9433656957928802,2.422340733223077,-0.9297734627831717,5.867734627831715
all_available,STY,Tmax,9,2022,281,1.486832740213523,1.932821955520935,0.42491103202846975,3.7358007117437713
all_available,STY,Tmax,9,2023,341,1.7618768328445746,2.236959603970246,0.32023460410557175,5.0039882697947204
all_available,STY,Tmax,9,2024,334,1.7892215568862273,2.2917974014605473,0.17005988023952087,5.252335329341316
all_available,STY,Tmax,9,2025,290,1.507241379310345,1.9625546335465855,0.0686206896551722,3.8516206896551726
all_available,TKL,Tmax,9,2022,312,2.690384615384615,3.2621272751035266,-1.107051282051282,10.64147435897436
all_available,TKL,Tmax,9,2023,338,2.529585798816568,3.1210489816025206,-1.0402366863905324,9.740946745562132
all_available,TKL,Tmax,9,2024,353,2.4441926345609066,3.055761288750213,-0.8963172804532579,9.337677053824363
all_available,TKL,Tmax,9,2025,271,2.5029520295202956,3.0571493849047706,-1.2955719557195573,9.346162361623618
all_available,TU1,Tmax,9,2022,329,1.9045592705167174,2.5260105865341647,-0.2723404255319148,6.380729483282674
all_available,TU1,Tmax,9,2023,350,2.032857142857143,2.5889380062102685,-0.35057142857142864,6.7025999999999994
all_available,TU1,Tmax,9,2024,331,1.972809667673716,2.5450265461967034,-0.44531722054380657,6.47716012084592
all_available,TU1,Tmax,9,2025,269,1.7572490706319703,2.2101405361630464,-0.7676579925650557,4.884721189591078
all_available,TW,Tmax,9,2022,314,2.2535031847133755,2.852744795147655,-0.5210191082802547,8.138152866242038
all_available,TW,Tmax,9,2023,126,2.738888888888888,3.297558019033007,-1.5547619047619048,10.87388888888889
all_available,TW,Tmax,9,2024,289,1.9304498269896198,2.441743378539931,-0.37266435986159163,5.962110726643599
all_available,TW,Tmax,9,2025,328,1.9914634146341461,2.542168749556078,-0.9585365853658536,6.4626219512195116
all_available,TWN,Tmax,9,2022,285,2.157543859649123,2.798339106396143,0.9982456140350877,7.830701754385965
all_available,TWN,Tmax,9,2023,320,2.16875,2.818754157424872,0.7550000000000001,7.945375
all_available,TWN,Tmax,9,2024,346,2.280635838150289,2.8730711046290405,0.9112716763005779,8.254537572254334
all_available,TWN,Tmax,9,2025,342,2.055263157894737,2.669379102960394,0.6207602339181284,7.125584795321638
all_available,TY1,Tmax,9,2022,69,1.5782608695652174,2.117114525254474,-0.7144927536231883,4.482173913043478
all_available,TY1,Tmax,9,2023,299,1.8404682274247495,2.3733681244553284,-0.2866220735785953,5.632876254180602
all_available,TY1,Tmax,9,2024,322,1.980124223602484,2.5946911878388237,-0.5788819875776396,6.732422360248446
all_available,TY1,Tmax,9,2025,309,1.7310679611650486,2.262405570272778,-0.5200647249190938,5.118478964401294
all_available,WGL,Tmax,9,2022,348,2.029310344827586,2.506829751359045,0.6275862068965516,6.284195402298851
all_available,WGL,Tmax,9,2023,347,2.0861671469740632,2.587171856150357,0.5541786743515851,6.693458213256484
all_available,WGL,Tmax,9,2024,343,1.9483965014577258,2.4748236677769433,0.3793002915451894,6.124752186588921
all_available,WGL,Tmax,9,2025,346,1.7540462427745667,2.294256462726651,0.3684971098265896,5.263612716763006
all_available,WLP,Tmax,9,2022,308,2.823701298701299,3.442840302809491,-1.8029220779220778,11.85314935064935
all_available,WLP,Tmax,9,2023,303,2.9640264026402643,3.551409333043022,-1.9627062706270628,12.612508250825082
all_available,WLP,Tmax,9,2024,341,2.8692082111436954,3.6294979173385413,-1.756011730205279,13.17325513196481
all_available,WLP,Tmax,9,2025,342,2.520175438596491,3.1013437947659614,-1.3874269005847952,9.618333333333334
all_available,WTS,Tmax,9,2022,292,2.268835616438356,2.8060660807106927,-0.8167808219178083,7.874006849315069
all_available,WTS,Tmax,9,2023,342,2.2342105263157896,2.782038253170733,-0.9792397660818712,7.739736842105263
all_available,WTS,Tmax,9,2024,322,2.1416149068322983,2.7175756459212588,-0.8888198757763974,7.385217391304348
all_available,WTS,Tmax,9,2025,335,2.0495522388059704,2.589254488452255,-0.9122388059701493,6.704238805970149
all_available,YLP,Tmax,9,2022,272,2.872426470588235,3.4293660449984387,-1.5775735294117648,11.760551470588235
all_available,YLP,Tmax,9,2023,299,2.9006688963210703,3.4576801239364063,-1.7234113712374581,11.955551839464883
all_available,YLP,Tmax,9,2024,320,2.9337500000000007,3.522028889716835,-1.8962500000000002,12.404687500000001
all_available,YLP,Tmax,9,2025,339,2.9362831858407077,3.461034680835617,-1.991150442477876,11.978761061946901
strict_common,CCH,Tmax,9,2022,4,1.8500000000000005,2.108316864230802,0.35000000000000053,4.445000000000001
strict_common,CCH,Tmax,9,2023,3,2.400000000000001,2.7215191835933603,0.06666666666666761,7.40666666666667
strict_common,CCH,Tmax,9,2024,4,2.6500000000000004,2.8521921393903327,0.15000000000000036,8.135000000000003
strict_common,CCH,Tmax,9,2025,13,1.8923076923076925,2.3101781483087134,-0.46153846153846206,5.336923076923076
strict_common,CWB,Tmax,9,2022,4,1.9999999999999991,2.294558781116752,1.4999999999999991,5.264999999999995
strict_common,CWB,Tmax,9,2023,3,2.0666666666666678,3.001110905425968,2.0,9.006666666666673
strict_common,CWB,Tmax,9,2024,4,2.2249999999999996,2.429506122651268,1.625,5.902499999999999
strict_common,CWB,Tmax,9,2025,13,1.8153846153846156,2.4305744810008,1.3846153846153846,5.907692307692309
strict_common,HKP,Tmax,9,2022,4,2.1000000000000005,2.4269322199023198,0.5499999999999998,5.890000000000002
strict_common,HKP,Tmax,9,2023,3,3.0666666666666664,3.317629675938329,0.6000000000000002,11.006666666666662
strict_common,HKP,Tmax,9,2024,4,1.8250000000000002,2.2455511572885625,0.17499999999999982,5.042500000000002
strict_common,HKP,Tmax,9,2025,13,1.5461538461538458,2.1406325449052885,0.5923076923076921,4.582307692307691
strict_common,HKS,Tmax,9,2022,4,1.4749999999999996,2.1289668856043766,-0.5750000000000011,4.532499999999999
strict_common,HKS,Tmax,9,2023,3,2.166666666666668,2.2218610817660656,0.3000000000000007,4.936666666666672
strict_common,HKS,Tmax,9,2024,4,1.2999999999999998,1.716100230173051,-1.0499999999999998,2.9449999999999985
strict_common,HKS,Tmax,9,2025,13,1.8384615384615384,2.453725581797856,-0.7153846153846152,6.020769230769228
strict_common,HPV,Tmax,9,2022,4,1.575000000000001,2.105350327142731,-0.5250000000000004,4.4325000000000045
strict_common,HPV,Tmax,9,2023,3,2.099999999999999,2.4610295948376284,-1.1666666666666667,6.056666666666661
strict_common,HPV,Tmax,9,2024,4,1.4000000000000004,1.9065675964937625,-1.0500000000000007,3.6350000000000025
strict_common,HPV,Tmax,9,2025,13,2.023076923076923,2.5433170345950855,-0.9307692307692306,6.468461538461539
strict_common,JKB,Tmax,9,2022,4,1.9500000000000002,2.4310491562286436,0.04999999999999982,5.910000000000001
strict_common,JKB,Tmax,9,2023,3,3.133333333333333,3.61386219991853,0.6666666666666666,13.059999999999997
strict_common,JKB,Tmax,9,2024,4,1.5,1.8774983355518582,-0.5,3.524999999999998
strict_common,JKB,Tmax,9,2025,13,1.946153846153846,2.5244953798882106,-0.2076923076923075,6.373076923076922
strict_common,KLT,Tmax,9,2022,4,1.5,1.7421251390184345,-0.25,3.0349999999999993
strict_common,KLT,Tmax,9,2023,3,2.4,2.916619047230314,-0.39999999999999974,8.506666666666666
strict_common,KLT,Tmax,9,2024,4,2.0749999999999993,2.487468592766549,0.125,6.187499999999995
strict_common,KLT,Tmax,9,2025,13,2.338461538461538,2.964663685686923,-1.0923076923076924,8.789230769230771
strict_common,KP,Tmax,9,2022,4,1.5500000000000007,1.9811612756158958,0.40000000000000036,3.9250000000000034
strict_common,KP,Tmax,9,2023,3,2.5,2.6602004936971695,0.7000000000000005,7.076666666666665
strict_common,KP,Tmax,9,2024,4,1.7749999999999995,2.0802644062714717,0.3250000000000002,4.327499999999998
strict_common,KP,Tmax,9,2025,13,1.8230769230769228,2.4068811609792706,-0.09999999999999978,5.793076923076923
strict_common,KSC,Tmax,9,2022,4,2.0249999999999995,2.2765104875664415,-0.024999999999999467,5.1824999999999966
strict_common,KSC,Tmax,9,2023,3,2.6666666666666665,3.111269837220809,0.13333333333333286,9.680000000000001
strict_common,KSC,Tmax,9,2024,4,1.4499999999999993,2.0820662813657007,-0.5,4.334999999999996
strict_common,KSC,Tmax,9,2025,13,1.9615384615384615,2.6508344114491718,-0.20769230769230737,7.026923076923077
strict_common,KTG,Tmax,9,2022,4,2.0,2.1644860821913365,1.0500000000000007,4.6850000000000005
strict_common,KTG,Tmax,9,2023,3,2.6666666666666665,3.0506829836393474,1.0666666666666675,9.30666666666667
strict_common,KTG,Tmax,9,2024,4,1.2750000000000004,1.5354152532784084,-0.025000000000000355,2.3574999999999995
strict_common,KTG,Tmax,9,2025,13,1.7461538461538464,2.48704334811129,0.13076923076923086,6.185384615384615
strict_common,LFS,Tmax,9,2022,4,2.6000000000000005,2.8591956910991594,-2.05,8.175
strict_common,LFS,Tmax,9,2023,3,1.1333333333333329,1.5362291495737221,-0.8666666666666671,2.3600000000000017
strict_common,LFS,Tmax,9,2024,4,2.174999999999999,2.717995584985376,0.025000000000000355,7.387499999999995
strict_common,LFS,Tmax,9,2025,13,2.5923076923076924,3.141900453792014,-1.284615384615385,9.871538461538462
strict_common,NGP,Tmax,9,2022,4,3.7999999999999994,4.003123780249618,3.7999999999999994,16.024999999999995
strict_common,NGP,Tmax,9,2023,3,3.133333333333333,3.7031518107327615,2.5333333333333337,13.713333333333331
strict_common,NGP,Tmax,9,2024,4,5.8500000000000005,6.464905258393197,5.8500000000000005,41.79500000000001
strict_common,NGP,Tmax,9,2025,13,2.9615384615384617,4.21836643555481,2.9615384615384617,17.794615384615387
strict_common,PEN,Tmax,9,2022,4,1.0749999999999993,1.3275918047351747,0.6749999999999989,1.7624999999999982
strict_common,PEN,Tmax,9,2023,3,2.1666666666666656,2.6463811768778376,-0.5666666666666664,7.003333333333328
strict_common,PEN,Tmax,9,2024,4,2.1500000000000004,2.622022120425379,0.34999999999999964,6.875000000000001
strict_common,PEN,Tmax,9,2025,13,2.053846153846154,2.6104818299722727,-0.8846153846153851,6.814615384615386
strict_common,PLC,Tmax,9,2022,4,1.9000000000000004,2.083266665599966,-0.09999999999999964,4.340000000000001
strict_common,PLC,Tmax,9,2023,3,2.6,3.1570027980137536,0.39999999999999974,9.966666666666669
strict_common,PLC,Tmax,9,2024,4,2.1750000000000007,2.3124662159694362,0.7750000000000004,5.347500000000004
strict_common,PLC,Tmax,9,2025,13,1.899999999999999,2.575774715423572,0.06923076923076871,6.634615384615382
strict_common,SEK,Tmax,9,2022,4,1.6750000000000007,1.9716744153130363,-1.075000000000001,3.8875000000000037
strict_common,SEK,Tmax,9,2023,3,2.1666666666666665,2.9320072760255322,-1.2999999999999996,8.596666666666662
strict_common,SEK,Tmax,9,2024,4,2.0,2.380126047082381,0.15000000000000036,5.665
strict_common,SEK,Tmax,9,2025,13,2.492307692307693,3.013303834663873,-1.323076923076924,9.080000000000004
strict_common,SHA,Tmax,9,2022,4,1.5000000000000009,1.6170961628796239,0.14999999999999947,2.615000000000003
strict_common,SHA,Tmax,9,2023,3,2.4333333333333336,2.9410882339705484,-0.033333333333332625,8.649999999999999
strict_common,SHA,Tmax,9,2024,4,1.9499999999999993,2.3032585612562033,0.5,5.304999999999995
strict_common,SHA,Tmax,9,2025,13,1.9230769230769231,2.6159275454562807,-0.30769230769230754,6.843076923076922
strict_common,SKG,Tmax,9,2022,4,1.5750000000000002,1.7825543469975889,1.1250000000000009,3.1775000000000007
strict_common,SKG,Tmax,9,2023,3,2.5333333333333337,2.8248893783651075,1.400000000000001,7.980000000000003
strict_common,SKG,Tmax,9,2024,4,2.1499999999999995,2.444381312316063,1.3999999999999995,5.974999999999999
strict_common,SKG,Tmax,9,2025,13,1.6384615384615382,2.288264374182722,0.869230769230769,5.236153846153845
strict_common,SKW,Tmax,9,2022,4,2.0999999999999996,2.4289915602982233,1.5,5.899999999999998
strict_common,SKW,Tmax,9,2023,3,2.766666666666667,3.225419869309008,1.8333333333333346,10.403333333333338
strict_common,SKW,Tmax,9,2024,4,1.4500000000000002,1.6093476939431082,0.2500000000000009,2.5900000000000003
strict_common,SKW,Tmax,9,2025,13,1.715384615384615,2.279169889370993,0.9000000000000008,5.194615384615384
strict_common,SSH,Tmax,9,2022,4,1.9000000000000004,2.2327113561766114,-1.0500000000000007,4.985000000000003
strict_common,SSH,Tmax,9,2023,3,3.3000000000000007,4.068169121361598,-1.5666666666666664,16.55
strict_common,SSH,Tmax,9,2024,4,1.625,2.0402205763103165,0.1750000000000007,4.1625
strict_common,SSH,Tmax,9,2025,13,3.2769230769230764,3.6996881365450665,-2.0,13.687692307692307
strict_common,SSP,Tmax,9,2022,4,1.4250000000000007,2.0242282479997167,-1.1750000000000007,4.097500000000002
strict_common,SSP,Tmax,9,2023,3,2.5666666666666664,3.0226919569593376,-0.9666666666666673,9.136666666666668
strict_common,SSP,Tmax,9,2024,4,1.3499999999999996,2.1435951110226013,-1.0999999999999996,4.594999999999998
strict_common,SSP,Tmax,9,2025,13,2.4000000000000004,2.964923140786154,-1.2307692307692313,8.790769230769232
strict_common,STY,Tmax,9,2022,4,1.6500000000000004,2.021138293140774,1.0500000000000007,4.085000000000001
strict_common,STY,Tmax,9,2023,3,2.6666666666666665,3.0430248109405875,1.7999999999999996,9.259999999999998
strict_common,STY,Tmax,9,2024,4,0.8999999999999995,1.1090536506409407,-0.04999999999999982,1.229999999999998
strict_common,STY,Tmax,9,2025,13,1.969230769230769,2.33732259713479,0.20000000000000012,5.46307692307692
strict_common,TKL,Tmax,9,2022,4,1.5999999999999996,1.7734147850968194,-0.5499999999999989,3.144999999999998
strict_common,TKL,Tmax,9,2023,3,3.266666666666667,3.9454615277134146,-1.2666666666666668,15.566666666666672
strict_common,TKL,Tmax,9,2024,4,2.0,2.4545875417267156,0.40000000000000036,6.025000000000001
strict_common,TKL,Tmax,9,2025,13,2.6923076923076925,3.2268107617751145,-1.3384615384615384,10.412307692307696
strict_common,TU1,Tmax,9,2022,4,1.5500000000000007,1.7705931209625774,-0.4499999999999993,3.1350000000000002
strict_common,TU1,Tmax,9,2023,3,2.4,2.829605390627227,0.06666666666666643,8.006666666666662
strict_common,TU1,Tmax,9,2024,4,1.950000000000001,2.6162950903902265,0.5999999999999996,6.845000000000003
strict_common,TU1,Tmax,9,2025,13,1.9538461538461531,2.5473968613529316,-0.5538461538461535,6.489230769230768
strict_common,TW,Tmax,9,2022,4,1.8500000000000005,2.0074859899884734,-0.5499999999999998,4.030000000000001
strict_common,TW,Tmax,9,2023,3,2.4,2.6280537792569363,-0.13333333333333405,6.906666666666666
strict_common,TW,Tmax,9,2024,4,1.4750000000000005,2.0982135258357286,-0.5249999999999995,4.402500000000001
strict_common,TW,Tmax,9,2025,13,2.1999999999999997,2.7740556258634426,-0.9846153846153847,7.695384615384615
strict_common,TWN,Tmax,9,2022,4,1.7000000000000002,1.710263137648707,0.04999999999999982,2.9250000000000003
strict_common,TWN,Tmax,9,2023,3,3.099999999999999,3.2026031078899955,0.5,10.256666666666659
strict_common,TWN,Tmax,9,2024,4,2.4749999999999996,2.79240040108864,1.5250000000000004,7.797499999999998
strict_common,TWN,Tmax,9,2025,13,1.9307692307692308,2.7494055301520675,0.25384615384615417,7.55923076923077
strict_common,TY1,Tmax,9,2022,4,1.3750000000000009,1.7909494688572323,-0.8250000000000002,3.2075000000000022
strict_common,TY1,Tmax,9,2023,3,2.366666666666667,2.745299012251064,-0.29999999999999954,7.536666666666668
strict_common,TY1,Tmax,9,2024,4,1.4000000000000004,1.8668154702594468,-0.25,3.4849999999999994
strict_common,TY1,Tmax,9,2025,13,1.915384615384616,2.5144199514615084,-0.6384615384615387,6.322307692307694
strict_common,WGL,Tmax,9,2022,4,2.1499999999999995,2.3653752345029737,1.2000000000000002,5.594999999999999
strict_common,WGL,Tmax,9,2023,3,2.5333333333333328,2.994439290863427,1.9333333333333336,8.966666666666663
strict_common,WGL,Tmax,9,2024,4,2.5,2.5845695966640174,1.5,6.680000000000001
strict_common,WGL,Tmax,9,2025,13,1.4615384615384615,2.083635875468279,0.7230769230769235,4.341538461538461
strict_common,WLP,Tmax,9,2022,4,2.1500000000000004,2.554407954888961,-1.75,6.525000000000004
strict_common,WLP,Tmax,9,2023,3,4.066666666666666,5.269408568963567,-2.8000000000000007,27.76666666666667
strict_common,WLP,Tmax,9,2024,4,2.124999999999999,2.5233905761891076,-0.6749999999999998,6.367499999999995
strict_common,WLP,Tmax,9,2025,13,3.2615384615384615,3.6595502035506615,-2.0307692307692307,13.39230769230769
strict_common,WTS,Tmax,9,2022,4,1.4249999999999998,1.8848076824970763,-0.8250000000000002,3.5524999999999998
strict_common,WTS,Tmax,9,2023,3,2.5333333333333328,3.050682983639346,-0.2666666666666669,9.306666666666663
strict_common,WTS,Tmax,9,2024,4,1.2250000000000005,1.8621224449536078,-0.7250000000000005,3.467500000000002
strict_common,WTS,Tmax,9,2025,13,2.1461538461538465,2.803706338183304,-1.0538461538461539,7.860769230769232
strict_common,YLP,Tmax,9,2022,4,2.175,2.3457408211479804,-1.4750000000000005,5.502500000000001
strict_common,YLP,Tmax,9,2023,3,2.7999999999999994,3.513782387494517,-2.0,12.346666666666666
strict_common,YLP,Tmax,9,2024,4,2.1000000000000005,2.6702059845637383,-0.4500000000000002,7.1300000000000034
strict_common,YLP,Tmax,9,2025,13,3.0923076923076924,3.5706064987941155,-2.0615384615384618,12.74923076923077
lowland_available,CCH,Tmax,9,2022,294,2.0687074829931973,2.6216653584507466,0.28843537414966,6.87312925170068
lowland_available,CCH,Tmax,9,2023,308,2.012337662337662,2.5551196378323193,-0.07012987012987003,6.528636363636363
lowland_available,CCH,Tmax,9,2024,356,2.249157303370786,2.756448007486724,-0.22106741573033706,7.598005617977529
lowland_available,CCH,Tmax,9,2025,348,1.875,2.3551667339760862,-0.2652298850574713,5.546810344827586
lowland_available,CWB,Tmax,9,2022,306,1.7555555555555558,2.3040033360542296,0.8359477124183006,5.30843137254902
lowland_available,CWB,Tmax,9,2023,288,1.9520833333333334,2.5206921448064397,1.2368055555555555,6.353888888888889
lowland_available,CWB,Tmax,9,2024,320,1.973125,2.5159863870855896,1.1625,6.330187499999999
lowland_available,CWB,Tmax,9,2025,339,1.7882005899705016,2.3630014412203475,1.2896755162241889,5.58377581120944
lowland_available,HKP,Tmax,9,2022,316,1.791455696202532,2.30676632671711,0.3477848101265822,5.321170886075949
lowland_available,HKP,Tmax,9,2023,351,1.802279202279202,2.325665055144001,0.39487179487179486,5.408717948717948
lowland_available,HKP,Tmax,9,2024,301,1.8817275747508309,2.3839858859311516,0.47109634551495,5.683388704318937
lowland_available,HKP,Tmax,9,2025,309,1.454368932038835,1.9922341136909703,0.6058252427184465,3.9689967637540455
lowland_available,HKS,Tmax,9,2022,323,1.63312693498452,2.1714228974064,-0.08699690402476783,4.715077399380805
lowland_available,HKS,Tmax,9,2023,311,1.7395498392282958,2.2614908436721253,-0.2424437299035369,5.114340836012862
lowland_available,HKS,Tmax,9,2024,346,1.8179190751445087,2.3355013324741303,-0.4855491329479767,5.4545664739884385
lowland_available,HKS,Tmax,9,2025,349,1.6103151862464182,2.089090231241662,-0.563323782234957,4.36429799426934
lowland_available,HPV,Tmax,9,2022,320,2.26875,2.8063321257470575,-1.1981249999999999,7.875499999999998
lowland_available,HPV,Tmax,9,2023,321,2.2725856697819315,2.800205822430751,-1.3049844236760124,7.841152647975078
lowland_available,HPV,Tmax,9,2024,284,2.0130281690140848,2.544456830716584,-1.1573943661971833,6.474260563380282
lowland_available,HPV,Tmax,9,2025,302,1.921854304635762,2.395995555502296,-1.1311258278145695,5.740794701986755
lowland_available,JKB,Tmax,9,2022,327,2.0055045871559636,2.521940420834428,-0.3773700305810398,6.360183486238533
lowland_available,JKB,Tmax,9,2023,264,2.109848484848485,2.580477404738053,-0.306818181818182,6.658863636363637
lowland_available,JKB,Tmax,9,2024,357,2.1263305322128856,2.6533156679169267,-0.327450980392157,7.0400840336134465
lowland_available,JKB,Tmax,9,2025,351,1.8464387464387462,2.3845717301398874,-0.2515669515669516,5.686182336182336
lowland_available,KLT,Tmax,9,2022,320,2.24375,2.799006520178186,-0.5525,7.834437499999998
lowland_available,KLT,Tmax,9,2023,259,2.5718146718146717,3.1078987675010823,-0.7772200772200772,9.659034749034747
lowland_available,KLT,Tmax,9,2024,360,2.2483333333333335,2.8625260794542218,-0.6922222222222223,8.194055555555558
lowland_available,KLT,Tmax,9,2025,354,2.2403954802259887,2.7609207912975715,-0.9697740112994351,7.622683615819208
lowland_available,KP,Tmax,9,2022,207,1.9130434782608696,2.437330447466024,0.1516908212560387,5.940579710144929
lowland_available,KP,Tmax,9,2023,341,1.862756598240469,2.413804385799153,-0.005278592375366394,5.8264516129032256
lowland_available,KP,Tmax,9,2024,350,1.8431428571428572,2.404299719847162,-0.02085714285714293,5.780657142857142
lowland_available,KP,Tmax,9,2025,346,1.5843930635838153,2.10512723929971,0.02427745664739884,4.431560693641618
lowland_available,KSC,Tmax,9,2022,306,1.9107843137254903,2.460106538954469,0.01928104575163411,6.052124183006537
lowland_available,KSC,Tmax,9,2023,338,1.9721893491124265,2.548070391863908,-0.1562130177514794,6.492662721893491
lowland_available,KSC,Tmax,9,2024,332,2.013855421686747,2.6403039255504486,-0.006626506024096394,6.971204819277108
lowland_available,KSC,Tmax,9,2025,332,1.836746987951807,2.4415702038321494,0.07891566265060246,5.961265060240964
lowland_available,KTG,Tmax,9,2022,195,2.04974358974359,2.6261700688967635,0.263076923076923,6.896769230769231
lowland_available,KTG,Tmax,9,2023,350,2.0242857142857145,2.612415412164437,0.05000000000000004,6.824714285714286
lowland_available,KTG,Tmax,9,2024,350,1.9631428571428569,2.5058160917581893,0.01114285714285723,6.279114285714286
lowland_available,KTG,Tmax,9,2025,353,1.7977337110481586,2.321960683653062,-0.1388101983002832,5.391501416430595
lowland_available,LFS,Tmax,9,2022,278,2.376258992805755,3.0528792872378765,-0.772661870503597,9.320071942446045
lowland_available,LFS,Tmax,9,2023,271,2.625092250922509,3.244319475034566,-1.4014760147601475,10.525608856088562
lowland_available,LFS,Tmax,9,2024,314,2.480573248407643,3.1497093183036617,-1.3436305732484075,9.920668789808918
lowland_available,LFS,Tmax,9,2025,349,2.513180515759312,3.100277277552402,-1.3916905444126075,9.611719197707735
lowland_available,PEN,Tmax,9,2022,246,1.717479674796748,2.2148519376452813,0.12560975609756111,4.905569105691057
lowland_available,PEN,Tmax,9,2023,253,2.0019762845849804,2.492986208777367,-0.7134387351778656,6.214980237154149
lowland_available,PEN,Tmax,9,2024,193,2.123316062176166,2.7614293813131043,-0.5098445595854922,7.625492227979273
lowland_available,PEN,Tmax,9,2025,304,1.8463815789473683,2.3361222367982286,-0.5095394736842106,5.4574671052631585
lowland_available,PLC,Tmax,9,2022,309,2.4585760517799353,3.013384382532903,-0.4741100323624595,9.080485436893206
lowland_available,PLC,Tmax,9,2023,340,2.2564705882352944,2.825347453906177,-0.46764705882352947,7.982588235294117
lowland_available,PLC,Tmax,9,2024,345,2.26463768115942,2.9016886637696464,0.18985507246376795,8.419797101449277
lowland_available,PLC,Tmax,9,2025,331,2.017220543806647,2.5898768765425024,-0.059516616314199404,6.7074622356495475
lowland_available,SEK,Tmax,9,2022,271,2.5332103321033212,3.0866155529893446,-1.24760147601476,9.527195571955719
lowland_available,SEK,Tmax,9,2023,209,2.6019138755980857,3.182713476229102,-1.354066985645933,10.129665071770335
lowland_available,SEK,Tmax,9,2024,255,2.545490196078431,3.182840019265074,-1.1329411764705883,10.130470588235296
lowland_available,SEK,Tmax,9,2025,287,2.4383275261324044,2.9175308160699474,-1.2529616724738677,8.511986062717773
lowland_available,SHA,Tmax,9,2022,313,1.9706070287539934,2.4987408969894296,-0.43642172523961653,6.24370607028754
lowland_available,SHA,Tmax,9,2023,341,2.0920821114369503,2.611366986207969,-0.5595307917888563,6.819237536656892
lowland_available,SHA,Tmax,9,2024,341,1.9343108504398825,2.5379119502947063,-0.36363636363636365,6.440997067448681
lowland_available,SHA,Tmax,9,2025,335,1.8746268656716418,2.41157655746968,-0.4638805970149253,5.815701492537313
lowland_available,SKG,Tmax,9,2022,343,1.7285714285714289,2.2397873180998014,0.4381924198250729,5.0166472303207
lowland_available,SKG,Tmax,9,2023,333,1.8849849849849851,2.381945352787016,0.3324324324324325,5.673663663663663
lowland_available,SKG,Tmax,9,2024,288,1.8871527777777777,2.372652348462932,0.4225694444444444,5.629479166666666
lowland_available,SKG,Tmax,9,2025,331,1.6688821752265857,2.19275103459054,0.35407854984894255,4.808157099697884
lowland_available,SKW,Tmax,9,2022,331,1.8027190332326286,2.3182645347699657,0.8214501510574017,5.374350453172205
lowland_available,SKW,Tmax,9,2023,350,1.887714285714286,2.3984578378616543,0.7917142857142858,5.752600000000001
lowland_available,SKW,Tmax,9,2024,344,1.8055232558139536,2.310107970898612,0.6688953488372094,5.336598837209302
lowland_available,SKW,Tmax,9,2025,349,1.5793696275071634,2.0992152988819828,0.7530085959885388,4.406704871060172
lowland_available,SSH,Tmax,9,2022,326,3.3033742331288347,3.878029193991176,-1.8653374233128834,15.039110429447852
lowland_available,SSH,Tmax,9,2023,351,3.1404558404558403,3.724726801201632,-1.9222222222222223,13.873589743589744
lowland_available,SSH,Tmax,9,2024,345,2.999420289855073,3.6083397764108893,-1.7124637681159418,13.020115942028987
lowland_available,SSH,Tmax,9,2025,341,3.174780058651026,3.683783914620776,-2.1190615835777127,13.570263929618768
lowland_available,SSP,Tmax,9,2022,332,2.068975903614458,2.6188784042764457,-0.8418674698795181,6.858524096385543
lowland_available,SSP,Tmax,9,2023,350,2.136857142857143,2.67193348933475,-0.976857142857143,7.139228571428573
lowland_available,SSP,Tmax,9,2024,352,2.115340909090909,2.730238917284446,-0.9539772727272727,7.454204545454545
lowland_available,SSP,Tmax,9,2025,309,1.9433656957928802,2.422340733223077,-0.9297734627831717,5.867734627831715
lowland_available,STY,Tmax,9,2022,281,1.486832740213523,1.932821955520935,0.42491103202846975,3.7358007117437713
lowland_available,STY,Tmax,9,2023,341,1.7618768328445746,2.236959603970246,0.32023460410557175,5.0039882697947204
lowland_available,STY,Tmax,9,2024,334,1.7892215568862273,2.2917974014605473,0.17005988023952087,5.252335329341316
lowland_available,STY,Tmax,9,2025,290,1.507241379310345,1.9625546335465855,0.0686206896551722,3.8516206896551726
lowland_available,TKL,Tmax,9,2022,312,2.690384615384615,3.2621272751035266,-1.107051282051282,10.64147435897436
lowland_available,TKL,Tmax,9,2023,338,2.529585798816568,3.1210489816025206,-1.0402366863905324,9.740946745562132
lowland_available,TKL,Tmax,9,2024,353,2.4441926345609066,3.055761288750213,-0.8963172804532579,9.337677053824363
lowland_available,TKL,Tmax,9,2025,271,2.5029520295202956,3.0571493849047706,-1.2955719557195573,9.346162361623618
lowland_available,TU1,Tmax,9,2022,329,1.9045592705167174,2.5260105865341647,-0.2723404255319148,6.380729483282674
lowland_available,TU1,Tmax,9,2023,350,2.032857142857143,2.5889380062102685,-0.35057142857142864,6.7025999999999994
lowland_available,TU1,Tmax,9,2024,331,1.972809667673716,2.5450265461967034,-0.44531722054380657,6.47716012084592
lowland_available,TU1,Tmax,9,2025,269,1.7572490706319703,2.2101405361630464,-0.7676579925650557,4.884721189591078
lowland_available,TW,Tmax,9,2022,314,2.2535031847133755,2.852744795147655,-0.5210191082802547,8.138152866242038
lowland_available,TW,Tmax,9,2023,126,2.738888888888888,3.297558019033007,-1.5547619047619048,10.87388888888889
lowland_available,TW,Tmax,9,2024,289,1.9304498269896198,2.441743378539931,-0.37266435986159163,5.962110726643599
lowland_available,TW,Tmax,9,2025,328,1.9914634146341461,2.542168749556078,-0.9585365853658536,6.4626219512195116
lowland_available,TWN,Tmax,9,2022,285,2.157543859649123,2.798339106396143,0.9982456140350877,7.830701754385965
lowland_available,TWN,Tmax,9,2023,320,2.16875,2.818754157424872,0.7550000000000001,7.945375
lowland_available,TWN,Tmax,9,2024,346,2.280635838150289,2.8730711046290405,0.9112716763005779,8.254537572254334
lowland_available,TWN,Tmax,9,2025,342,2.055263157894737,2.669379102960394,0.6207602339181284,7.125584795321638
lowland_available,TY1,Tmax,9,2022,69,1.5782608695652174,2.117114525254474,-0.7144927536231883,4.482173913043478
lowland_available,TY1,Tmax,9,2023,299,1.8404682274247495,2.3733681244553284,-0.2866220735785953,5.632876254180602
lowland_available,TY1,Tmax,9,2024,322,1.980124223602484,2.5946911878388237,-0.5788819875776396,6.732422360248446
lowland_available,TY1,Tmax,9,2025,309,1.7310679611650486,2.262405570272778,-0.5200647249190938,5.118478964401294
lowland_available,WGL,Tmax,9,2022,348,2.029310344827586,2.506829751359045,0.6275862068965516,6.284195402298851
lowland_available,WGL,Tmax,9,2023,347,2.0861671469740632,2.587171856150357,0.5541786743515851,6.693458213256484
lowland_available,WGL,Tmax,9,2024,343,1.9483965014577258,2.4748236677769433,0.3793002915451894,6.124752186588921
lowland_available,WGL,Tmax,9,2025,346,1.7540462427745667,2.294256462726651,0.3684971098265896,5.263612716763006
lowland_available,WLP,Tmax,9,2022,308,2.823701298701299,3.442840302809491,-1.8029220779220778,11.85314935064935
lowland_available,WLP,Tmax,9,2023,303,2.9640264026402643,3.551409333043022,-1.9627062706270628,12.612508250825082
lowland_available,WLP,Tmax,9,2024,341,2.8692082111436954,3.6294979173385413,-1.756011730205279,13.17325513196481
lowland_available,WLP,Tmax,9,2025,342,2.520175438596491,3.1013437947659614,-1.3874269005847952,9.618333333333334
lowland_available,WTS,Tmax,9,2022,292,2.268835616438356,2.8060660807106927,-0.8167808219178083,7.874006849315069
lowland_available,WTS,Tmax,9,2023,342,2.2342105263157896,2.782038253170733,-0.9792397660818712,7.739736842105263
lowland_available,WTS,Tmax,9,2024,322,2.1416149068322983,2.7175756459212588,-0.8888198757763974,7.385217391304348
lowland_available,WTS,Tmax,9,2025,335,2.0495522388059704,2.589254488452255,-0.9122388059701493,6.704238805970149
lowland_available,YLP,Tmax,9,2022,272,2.872426470588235,3.4293660449984387,-1.5775735294117648,11.760551470588235
lowland_available,YLP,Tmax,9,2023,299,2.9006688963210703,3.4576801239364063,-1.7234113712374581,11.955551839464883
lowland_available,YLP,Tmax,9,2024,320,2.9337500000000007,3.522028889716835,-1.8962500000000002,12.404687500000001
lowland_available,YLP,Tmax,9,2025,339,2.9362831858407077,3.461034680835617,-1.991150442477876,11.978761061946901
all_available,CCH,Tmin,1,2022,302,1.5509933774834437,1.8222139216236222,1.485430463576159,3.3204635761589403
all_available,CCH,Tmin,1,2023,308,1.2743506493506493,1.4793711370169964,1.2198051948051947,2.1885389610389607
all_available,CCH,Tmin,1,2024,357,1.188515406162465,1.474688401782879,1.0669467787114846,2.1747058823529417
all_available,CCH,Tmin,1,2025,348,1.2281609195402299,1.449137674618944,1.1270114942528735,2.1
all_available,CWB,Tmin,1,2022,314,0.9461783439490447,1.200703084900331,0.8187898089171975,1.4416878980891719
all_available,CWB,Tmin,1,2023,288,1.1822916666666667,1.3824922141633282,1.1260416666666666,1.911284722222222
all_available,CWB,Tmin,1,2024,321,1.1971962616822431,1.4673709722130452,1.1074766355140186,2.1531775700934577
all_available,CWB,Tmin,1,2025,339,1.2221238938053096,1.4639321518201394,1.1336283185840708,2.1430973451327433
all_available,HKP,Tmin,1,2022,324,0.8179012345679012,1.0578046215081265,0.4061728395061729,1.118950617283951
all_available,HKP,Tmin,1,2023,351,0.8028490028490028,0.9870096423987125,0.388034188034188,0.9741880341880342
all_available,HKP,Tmin,1,2024,302,0.8526490066225165,1.1232197098325385,0.3923841059602648,1.2616225165562918
all_available,HKP,Tmin,1,2025,309,0.8731391585760518,1.093108746370454,0.5048543689320387,1.1948867313915856
all_available,HKS,Tmin,1,2022,331,1.0661631419939577,1.382049356195619,0.47160120845921455,1.9100604229607252
all_available,HKS,Tmin,1,2023,311,0.969774919614148,1.245958095428053,0.3916398713826367,1.5524115755627008
all_available,HKS,Tmin,1,2024,347,0.9884726224783862,1.2913590008840552,0.3659942363112392,1.6676080691642654
all_available,HKS,Tmin,1,2025,349,1.2217765042979944,1.5627101577865563,0.7684813753581662,2.4420630372492838
all_available,HPV,Tmin,1,2022,328,0.8887195121951219,1.137565329134455,0.002134146341463445,1.2940548780487806
all_available,HPV,Tmin,1,2023,321,0.8697819314641746,1.1204694165373896,0.025545171339563907,1.2554517133956384
all_available,HPV,Tmin,1,2024,285,0.8659649122807018,1.1598245481348204,0.04631578947368425,1.3451929824561404
all_available,HPV,Tmin,1,2025,302,0.9996688741721853,1.2881399907469644,0.2850993377483444,1.6593046357615895
all_available,JKB,Tmin,1,2022,335,1.2423880597014922,1.5623174520229628,0.9808955223880595,2.4408358208955225
all_available,JKB,Tmin,1,2023,264,1.2810606060606062,1.5562678744257674,1.1712121212121211,2.4219696969696964
all_available,JKB,Tmin,1,2024,358,1.2849162011173185,1.5663536277452923,1.1452513966480447,2.4534636871508377
all_available,JKB,Tmin,1,2025,351,1.6373219373219374,1.9305240420474117,1.5655270655270654,3.7269230769230766
all_available,KLT,Tmin,1,2022,328,1.0164634146341462,1.2915060220061108,0.8640243902439025,1.6679878048780485
all_available,KLT,Tmin,1,2023,259,1.0285714285714287,1.2439506129316902,0.894980694980695,1.5474131274131278
all_available,KLT,Tmin,1,2024,361,1.0684210526315792,1.3532253458183146,0.9304709141274239,1.831218836565097
all_available,KLT,Tmin,1,2025,354,1.0765536723163842,1.3170224077816102,0.9081920903954802,1.73454802259887
all_available,KP,Tmin,1,2022,209,0.8478468899521532,1.0900594777679657,0.5282296650717704,1.1882296650717703
all_available,KP,Tmin,1,2023,341,0.7859237536656891,0.9778484971019066,0.5284457478005865,0.9561876832844574
all_available,KP,Tmin,1,2024,350,0.8214285714285714,1.0624634447493106,0.49057142857142844,1.1288285714285715
all_available,KP,Tmin,1,2025,346,0.8644508670520232,1.0903014378755655,0.6020231213872834,1.188757225433526
all_available,KSC,Tmin,1,2022,313,1.7424920127795527,2.032153675857296,1.6696485623003197,4.12964856230032
all_available,KSC,Tmin,1,2023,338,1.6331360946745561,1.9036402375044907,1.6082840236686389,3.6238461538461535
all_available,KSC,Tmin,1,2024,333,1.7633633633633634,2.047924313541395,1.7249249249249246,4.193993993993994
all_available,KSC,Tmin,1,2025,332,2.06566265060241,2.3311148374848822,2.0180722891566263,5.434096385542169
all_available,KTG,Tmin,1,2022,197,0.9664974619289339,1.2133353786636039,0.7898477157360406,1.4721827411167512
all_available,KTG,Tmin,1,2023,350,0.9911428571428574,1.1939968892038921,0.8517142857142858,1.4256285714285715
all_available,KTG,Tmin,1,2024,351,1.0034188034188034,1.2665991884860437,0.7948717948717948,1.6042735042735043
all_available,KTG,Tmin,1,2025,353,1.0674220963172805,1.302449207330963,0.8487252124645891,1.6963739376770537
all_available,LFS,Tmin,1,2022,285,1.5782456140350876,1.8774002181067755,1.4814035087719297,3.5246315789473686
all_available,LFS,Tmin,1,2023,271,1.4284132841328414,1.7247599972084464,1.3169741697416972,2.9747970479704797
all_available,LFS,Tmin,1,2024,315,1.428253968253968,1.7095158508900832,1.3292063492063493,2.922444444444445
all_available,LFS,Tmin,1,2025,349,1.6094555873925502,1.8769679262013346,1.5148997134670488,3.5230085959885384
all_available,NGP,Tmin,1,2022,223,4.567264573991031,4.711797044667197,4.567264573991031,22.201031390134528
all_available,NGP,Tmin,1,2023,202,4.552475247524752,4.710720867246213,4.552475247524752,22.190891089108913
all_available,NGP,Tmin,1,2024,122,4.7098360655737705,4.89707172455232,4.7098360655737705,23.981311475409836
all_available,NGP,Tmin,1,2025,210,4.545714285714285,4.704081308011262,4.538095238095238,22.12838095238095
all_available,PEN,Tmin,1,2022,248,0.7354838709677419,0.9721525832714174,0.3588709677419355,0.9450806451612902
all_available,PEN,Tmin,1,2023,253,0.773517786561265,1.0053807805175072,0.4754940711462451,1.010790513833992
all_available,PEN,Tmin,1,2024,194,0.9051546391752575,1.1214864951317454,0.5546391752577318,1.2577319587628863
all_available,PEN,Tmin,1,2025,304,0.9184210526315791,1.1508292204913992,0.6934210526315789,1.3244078947368418
all_available,PLC,Tmin,1,2022,317,1.2094637223974765,1.4774647908501553,1.1217665615141956,2.182902208201893
all_available,PLC,Tmin,1,2023,340,1.1220588235294118,1.35680203593077,1.0538235294117646,1.8409117647058824
all_available,PLC,Tmin,1,2024,346,1.3043352601156069,1.5690558996367756,1.249421965317919,2.461936416184971
all_available,PLC,Tmin,1,2025,331,1.3700906344410877,1.5963610431416895,1.2933534743202417,2.5483685800604228
all_available,SEK,Tmin,1,2022,278,1.8535971223021581,2.2844721380748525,1.6751798561151077,5.218812949640287
all_available,SEK,Tmin,1,2023,209,1.75311004784689,2.229317487333319,1.5779904306220096,4.969856459330144
all_available,SEK,Tmin,1,2024,256,1.6609375,2.1006137495979598,1.446875,4.4125781250000005
all_available,SEK,Tmin,1,2025,287,1.9114982578397208,2.421290582235782,1.745644599303136,5.862648083623693
all_available,SHA,Tmin,1,2022,321,1.1685358255451714,1.54700997908527,0.8158878504672896,2.393239875389408
all_available,SHA,Tmin,1,2023,341,1.1093841642228741,1.483348435346585,0.7222873900293255,2.2003225806451616
all_available,SHA,Tmin,1,2024,342,1.1345029239766082,1.4964284966593075,0.7415204678362572,2.239298245614035
all_available,SHA,Tmin,1,2025,335,1.5107462686567166,1.9616395822745494,1.2952238805970149,3.8480298507462685
all_available,SKG,Tmin,1,2022,351,0.9293447293447294,1.1876621196877968,0.6182336182336182,1.4105413105413107
all_available,SKG,Tmin,1,2023,333,0.9126126126126127,1.1516406888766462,0.6105105105105105,1.3262762762762763
all_available,SKG,Tmin,1,2024,289,0.8761245674740487,1.1388697122380975,0.615916955017301,1.2970242214532872
all_available,SKG,Tmin,1,2025,331,1.0876132930513596,1.3628209591752587,0.7848942598187313,1.857280966767372
all_available,SKW,Tmin,1,2022,339,0.9684365781710915,1.2387904463271842,0.7129793510324484,1.5346017699115042
all_available,SKW,Tmin,1,2023,350,0.9242857142857143,1.122357213317451,0.7345714285714283,1.2596857142857143
all_available,SKW,Tmin,1,2024,345,0.9446376811594203,1.209347650235628,0.6936231884057971,1.4625217391304348
all_available,SKW,Tmin,1,2025,349,0.9991404011461318,1.2280508468795133,0.7257879656160457,1.5081088825214897
all_available,SSH,Tmin,1,2022,334,1.56437125748503,1.969657558613576,1.3733532934131738,3.879550898203593
all_available,SSH,Tmin,1,2023,351,1.3911680911680913,1.8002136625326535,1.2344729344729346,3.24076923076923
all_available,SSH,Tmin,1,2024,346,1.317630057803468,1.7292535728097094,1.1401734104046242,2.990317919075145
all_available,SSH,Tmin,1,2025,341,1.6653958944281524,2.158615011605461,1.4759530791788855,4.659618768328445
all_available,SSP,Tmin,1,2022,340,0.8276470588235293,1.0697718283381192,0.4176470588235294,1.1444117647058825
all_available,SSP,Tmin,1,2023,350,0.7611428571428572,0.9704196441304586,0.40285714285714286,0.9417142857142857
all_available,SSP,Tmin,1,2024,353,0.8807365439093484,1.1410322844779472,0.4575070821529744,1.3019546742209633
all_available,SSP,Tmin,1,2025,309,0.8559870550161812,1.1073014516627209,0.5142394822006474,1.226116504854369
all_available,STY,Tmin,1,2022,289,0.8197231833910036,1.0783333288766002,0.27716262975778544,1.16280276816609
all_available,STY,Tmin,1,2023,341,0.7853372434017596,0.9777585234633747,0.4152492668621699,0.9560117302052786
all_available,STY,Tmin,1,2024,335,0.8385074626865673,1.0898582682056044,0.4128358208955224,1.1877910447761193
all_available,STY,Tmin,1,2025,290,0.9851724137931036,1.226334600231168,0.7355172413793104,1.5038965517241383
all_available,TKL,Tmin,1,2022,319,2.329153605015674,2.948938494528855,2.255799373040752,8.696238244514108
all_available,TKL,Tmin,1,2023,338,2.1689349112426033,2.754936397852593,2.1162721893491123,7.589674556213019
all_available,TKL,Tmin,1,2024,354,2.2036723163841807,2.791325343836014,2.146045197740113,7.791497175141242
all_available,TKL,Tmin,1,2025,271,2.7173431734317344,3.471879655097998,2.628782287822878,12.053948339483393
all_available,TU1,Tmin,1,2022,336,1.0351190476190475,1.305710899234954,0.7851190476190475,1.704880952380952
all_available,TU1,Tmin,1,2023,350,0.968857142857143,1.2028418729943566,0.6362857142857145,1.4468285714285718
all_available,TU1,Tmin,1,2024,332,0.958433734939759,1.2181360439978561,0.5783132530120482,1.483855421686747
all_available,TU1,Tmin,1,2025,269,1.0769516728624535,1.3482881891095067,0.7698884758364313,1.817881040892193
all_available,TW,Tmin,1,2022,321,1.901246105919003,2.305100669509514,1.8133956386292835,5.313489096573209
all_available,TW,Tmin,1,2023,126,1.6285714285714288,2.041902318761865,1.507936507936508,4.16936507936508
all_available,TW,Tmin,1,2024,290,1.5172413793103448,1.902666006169891,1.3875862068965517,3.6201379310344834
all_available,TW,Tmin,1,2025,328,1.758841463414634,2.1704992681801882,1.6246951219512198,4.7110670731707325
all_available,TWN,Tmin,1,2022,293,2.259726962457338,2.5113326758662864,2.231740614334471,6.306791808873721
all_available,TWN,Tmin,1,2023,320,2.11625,2.351076880920741,2.096875,5.5275625
all_available,TWN,Tmin,1,2024,347,2.0737752161383285,2.349198158621921,2.0397694524495678,5.518731988472623
all_available,TWN,Tmin,1,2025,342,2.3616959064327485,2.601006327967822,2.341228070175439,6.765233918128655
all_available,TY1,Tmin,1,2022,69,0.9405797101449276,1.2295280112444706,0.21304347826086972,1.5117391304347834
all_available,TY1,Tmin,1,2023,299,1.0588628762541807,1.3043277590429614,0.7444816053511706,1.7012709030100337
all_available,TY1,Tmin,1,2024,323,1.0278637770897834,1.3114404908308694,0.6439628482972136,1.7198761609907116
all_available,TY1,Tmin,1,2025,309,1.0420711974110033,1.3246725186072965,0.7048543689320389,1.754757281553398
all_available,WGL,Tmin,1,2022,356,1.006179775280899,1.2277685980416173,0.755056179775281,1.5074157303370785
all_available,WGL,Tmin,1,2023,347,0.8936599423631123,1.133495778604964,0.6440922190201729,1.2848126801152737
all_available,WGL,Tmin,1,2024,344,0.878779069767442,1.1365108784099631,0.4956395348837209,1.291656976744186
all_available,WGL,Tmin,1,2025,346,0.9410404624277457,1.2109089883367297,0.6572254335260115,1.4663005780346818
all_available,WLP,Tmin,1,2022,316,1.488607594936709,1.8941782894978667,1.2531645569620253,3.587911392405064
all_available,WLP,Tmin,1,2023,303,1.3726072607260726,1.7229857422471022,1.2042904290429042,2.968679867986798
all_available,WLP,Tmin,1,2024,342,1.3850877192982458,1.7007996055519339,0.9897660818713451,2.892719298245614
all_available,WLP,Tmin,1,2025,342,1.732748538011696,2.1249286193721666,1.5561403508771932,4.515321637426902
all_available,WTS,Tmin,1,2022,300,0.9643333333333332,1.2339232823262016,0.6136666666666667,1.5225666666666668
all_available,WTS,Tmin,1,2023,342,0.8119883040935673,1.0060489565244708,0.42543859649122817,1.0121345029239766
all_available,WTS,Tmin,1,2024,323,0.8860681114551083,1.1424540421347777,0.47739938080495353,1.3052012383900926
all_available,WTS,Tmin,1,2025,335,0.9322388059701491,1.2027952518656067,0.5579104477611939,1.446716417910448
all_available,YLP,Tmin,1,2022,278,1.778776978417266,2.211537763768808,1.6348920863309349,4.89089928057554
all_available,YLP,Tmin,1,2023,299,1.5662207357859532,1.9846989948943008,1.4377926421404683,3.939030100334448
all_available,YLP,Tmin,1,2024,321,1.3445482866043614,1.7546910867639487,1.0429906542056075,3.0789408099688473
all_available,YLP,Tmin,1,2025,339,1.552212389380531,2.00005899618001,1.279646017699115,4.00023598820059
strict_common,CCH,Tmin,1,2022,4,1.0250000000000004,1.1715374513859989,0.025000000000000355,1.3725000000000014
strict_common,CCH,Tmin,1,2023,3,0.6666666666666666,0.7831560082980487,0.13333333333333286,0.6133333333333333
strict_common,CCH,Tmin,1,2024,4,1.75,1.7677669529663689,1.75,3.1250000000000004
strict_common,CCH,Tmin,1,2025,13,0.976923076923077,1.1625568637870844,0.9153846153846155,1.3515384615384618
strict_common,CWB,Tmin,1,2022,4,0.6749999999999998,0.7533259586659677,-0.07500000000000018,0.5674999999999993
strict_common,CWB,Tmin,1,2023,3,0.7666666666666669,1.1120551545074844,0.49999999999999883,1.236666666666665
strict_common,CWB,Tmin,1,2024,4,1.4749999999999992,1.4773286702694148,1.4749999999999992,2.1824999999999974
strict_common,CWB,Tmin,1,2025,13,0.9307692307692306,1.0730976011241762,0.9307692307692306,1.1515384615384614
strict_common,HKP,Tmin,1,2022,4,0.7750000000000004,1.1034038245356956,-0.4249999999999998,1.2175000000000002
strict_common,HKP,Tmin,1,2023,3,0.7999999999999995,0.8524474568362946,-0.20000000000000048,0.7266666666666665
strict_common,HKP,Tmin,1,2024,4,0.4750000000000001,0.7762087348130012,0.4750000000000001,0.6025
strict_common,HKP,Tmin,1,2025,13,0.7230769230769233,0.8375789285425357,0.4307692307692311,0.7015384615384621
strict_common,HKS,Tmin,1,2022,4,1.275,1.6194134740701647,-0.37499999999999956,2.6225
strict_common,HKS,Tmin,1,2023,3,0.8999999999999998,1.1958260743101399,-0.7666666666666669,1.43
strict_common,HKS,Tmin,1,2024,4,0.5500000000000003,0.7141428428542845,0.44999999999999885,0.5099999999999993
strict_common,HKS,Tmin,1,2025,13,1.192307692307692,1.5147987934426748,0.8230769230769227,2.2946153846153834
strict_common,HPV,Tmin,1,2022,4,1.35,1.676305461424021,-0.1499999999999999,2.81
strict_common,HPV,Tmin,1,2023,3,1.1999999999999993,1.4142135623730947,-1.0666666666666664,1.999999999999999
strict_common,HPV,Tmin,1,2024,4,0.6000000000000001,0.628490254498827,0.1500000000000008,0.3950000000000003
strict_common,HPV,Tmin,1,2025,13,0.8999999999999997,1.1472374846359605,0.3153846153846155,1.3161538461538456
strict_common,JKB,Tmin,1,2022,4,1.0500000000000003,1.358307770720613,-0.10000000000000009,1.8450000000000013
strict_common,JKB,Tmin,1,2023,3,0.5666666666666664,0.8185352771872442,0.43333333333333357,0.6699999999999987
strict_common,JKB,Tmin,1,2024,4,1.5,1.5763882770434448,1.5,2.4850000000000003
strict_common,JKB,Tmin,1,2025,13,1.6230769230769235,1.9515280009422205,1.6230769230769235,3.808461538461539
strict_common,KLT,Tmin,1,2022,4,0.8499999999999996,1.0816653826391966,-0.15000000000000036,1.1699999999999995
strict_common,KLT,Tmin,1,2023,3,0.6000000000000002,0.7527726527090814,0.13333333333333405,0.5666666666666673
strict_common,KLT,Tmin,1,2024,4,1.1749999999999998,1.2619429464123963,1.1749999999999998,1.5925000000000005
strict_common,KLT,Tmin,1,2025,13,0.9999999999999999,1.1655305823793463,0.9999999999999999,1.3584615384615382
strict_common,KP,Tmin,1,2022,4,0.8999999999999999,1.1247221879201992,-0.30000000000000027,1.2649999999999997
strict_common,KP,Tmin,1,2023,3,0.7000000000000005,0.8185352771872451,-0.033333333333333805,0.67
strict_common,KP,Tmin,1,2024,4,0.7749999999999999,0.8558621384311844,0.7749999999999999,0.7324999999999999
strict_common,KP,Tmin,1,2025,13,0.6999999999999998,0.8588901604351441,0.6384615384615385,0.7376923076923076
strict_common,KSC,Tmin,1,2022,4,1.1999999999999997,1.284523257866513,0.8500000000000001,1.65
strict_common,KSC,Tmin,1,2023,3,0.8333333333333334,1.0630145812734644,0.8333333333333334,1.1299999999999988
strict_common,KSC,Tmin,1,2024,4,1.875,1.8834808201837363,1.875,3.5475000000000003
strict_common,KSC,Tmin,1,2025,13,2.2384615384615385,2.440523273020326,2.2384615384615385,5.956153846153845
strict_common,KTG,Tmin,1,2022,4,1.0249999999999995,1.0331989159885908,0.47499999999999964,1.067499999999999
strict_common,KTG,Tmin,1,2023,3,0.7666666666666669,1.0246950765959595,0.366666666666666,1.0499999999999992
strict_common,KTG,Tmin,1,2024,4,1.35,1.4053469322555197,1.35,1.975
strict_common,KTG,Tmin,1,2025,13,0.9384615384615381,1.114243448057228,0.9384615384615381,1.2415384615384608
strict_common,LFS,Tmin,1,2022,4,1.225,1.382931668593933,0.7250000000000001,1.9124999999999999
strict_common,LFS,Tmin,1,2023,3,0.6666666666666666,0.7615773105863912,0.5333333333333338,0.5800000000000006
strict_common,LFS,Tmin,1,2024,4,1.6749999999999998,1.7557049866079435,1.6749999999999998,3.0824999999999987
strict_common,LFS,Tmin,1,2025,13,1.5538461538461539,1.7901439563943968,1.5538461538461539,3.204615384615384
strict_common,NGP,Tmin,1,2022,4,3.9000000000000004,4.00374824383352,3.9000000000000004,16.03
strict_common,NGP,Tmin,1,2023,3,3.3000000000000007,3.3040379335998358,3.3000000000000007,10.916666666666671
strict_common,NGP,Tmin,1,2024,4,5.675000000000001,5.701973342624464,5.675000000000001,32.5125
strict_common,NGP,Tmin,1,2025,13,4.430769230769231,4.5573271518765,4.430769230769231,20.76923076923077
strict_common,PEN,Tmin,1,2022,4,0.6749999999999998,1.3009611831257686,-0.625,1.6924999999999994
strict_common,PEN,Tmin,1,2023,3,0.8333333333333334,1.084742673018199,-0.7000000000000005,1.1766666666666674
strict_common,PEN,Tmin,1,2024,4,1.2749999999999995,1.3067134345371976,1.2749999999999995,1.7074999999999987
strict_common,PEN,Tmin,1,2025,13,0.746153846153846,0.8748626265789478,0.5615384615384618,0.7653846153846153
strict_common,PLC,Tmin,1,2022,4,0.5499999999999998,0.5958187643906492,0.04999999999999982,0.355
strict_common,PLC,Tmin,1,2023,3,0.7333333333333343,0.8041558721209888,0.20000000000000048,0.6466666666666682
strict_common,PLC,Tmin,1,2024,4,1.875,1.9422924599555031,1.875,3.7725
strict_common,PLC,Tmin,1,2025,13,1.2076923076923074,1.3275193754923849,1.2076923076923074,1.7623076923076917
strict_common,SEK,Tmin,1,2022,4,1.725,2.4964975465639863,1.1750000000000003,6.232500000000002
strict_common,SEK,Tmin,1,2023,3,0.5333333333333327,0.6055300708194975,0.1999999999999993,0.36666666666666564
strict_common,SEK,Tmin,1,2024,4,1.5250000000000004,1.5402921800749367,1.5250000000000004,2.3725000000000014
strict_common,SEK,Tmin,1,2025,13,1.8846153846153852,2.497537248509481,1.8692307692307695,6.237692307692309
strict_common,SHA,Tmin,1,2022,4,0.6749999999999998,0.9013878188659972,-0.22499999999999964,0.8124999999999998
strict_common,SHA,Tmin,1,2023,3,0.6666666666666666,0.8041558721209882,-0.20000000000000048,0.6466666666666671
strict_common,SHA,Tmin,1,2024,4,1.0,1.065363787633126,1.0,1.135
strict_common,SHA,Tmin,1,2025,13,1.4846153846153847,1.9550722984860927,1.4846153846153847,3.8223076923076933
strict_common,SKG,Tmin,1,2022,4,0.6500000000000004,0.8689073598491381,-0.4499999999999993,0.7549999999999997
strict_common,SKG,Tmin,1,2023,3,0.8333333333333334,0.9469248474227863,0.09999999999999905,0.896666666666667
strict_common,SKG,Tmin,1,2024,4,0.6250000000000009,0.6726812023536862,0.6250000000000009,0.45250000000000096
strict_common,SKG,Tmin,1,2025,13,1.0230769230769234,1.3447905184308593,1.0230769230769234,1.8084615384615395
strict_common,SKW,Tmin,1,2022,4,0.9499999999999997,1.0049875621120887,-0.24999999999999956,1.0099999999999993
strict_common,SKW,Tmin,1,2023,3,0.7666666666666669,1.0246950765959595,0.43333333333333357,1.0499999999999992
strict_common,SKW,Tmin,1,2024,4,0.9249999999999998,0.9759610647971563,0.9249999999999998,0.9524999999999991
strict_common,SKW,Tmin,1,2025,13,0.730769230769231,0.9425823775466726,0.7,0.8884615384615382
strict_common,SSH,Tmin,1,2022,4,1.3250000000000006,1.6725728683677734,0.8750000000000004,2.797500000000001
strict_common,SSH,Tmin,1,2023,3,0.5,0.5446711546122732,0.09999999999999905,0.2966666666666668
strict_common,SSH,Tmin,1,2024,4,1.2750000000000008,1.2913171570144966,1.2750000000000008,1.6675000000000022
strict_common,SSH,Tmin,1,2025,13,1.530769230769231,2.0630447998416925,1.5000000000000004,4.256153846153849
strict_common,SSP,Tmin,1,2022,4,0.7999999999999998,1.1937336386313324,-0.35000000000000053,1.4250000000000007
strict_common,SSP,Tmin,1,2023,3,0.6333333333333341,1.0408329997330668,-0.6333333333333341,1.0833333333333341
strict_common,SSP,Tmin,1,2024,4,0.7999999999999998,0.9055385138137413,0.7999999999999998,0.8199999999999994
strict_common,SSP,Tmin,1,2025,13,0.5846153846153848,0.827414880586145,0.5076923076923078,0.6846153846153846
strict_common,STY,Tmin,1,2022,4,0.8999999999999995,1.0099504938362074,-0.7000000000000002,1.0199999999999991
strict_common,STY,Tmin,1,2023,3,1.1666666666666667,1.1789826122551594,-0.23333333333333428,1.3899999999999997
strict_common,STY,Tmin,1,2024,4,0.4750000000000001,0.6020797289396148,0.4750000000000001,0.36250000000000004
strict_common,STY,Tmin,1,2025,13,0.6923076923076927,0.8584422385478697,0.5076923076923082,0.7369230769230776
strict_common,TKL,Tmin,1,2022,4,2.35,3.2657311585615862,2.1,10.665
strict_common,TKL,Tmin,1,2023,3,0.7333333333333331,0.8755950357709125,0.39999999999999974,0.7666666666666654
strict_common,TKL,Tmin,1,2024,4,2.4499999999999997,2.4849547279578355,2.4499999999999997,6.174999999999999
strict_common,TKL,Tmin,1,2025,13,2.792307692307692,3.496481748184111,2.792307692307692,12.225384615384616
strict_common,TU1,Tmin,1,2022,4,0.9000000000000004,1.11579568022107,-0.10000000000000053,1.2450000000000003
strict_common,TU1,Tmin,1,2023,3,0.6999999999999993,1.1030261405182857,-0.5666666666666664,1.2166666666666648
strict_common,TU1,Tmin,1,2024,4,0.8750000000000009,0.9096702699330136,0.8750000000000009,0.8275000000000018
strict_common,TU1,Tmin,1,2025,13,0.8769230769230768,1.22348807796524,0.8307692307692306,1.4969230769230768
strict_common,TW,Tmin,1,2022,4,1.8500000000000005,2.4341322889276173,0.9000000000000004,5.925000000000002
strict_common,TW,Tmin,1,2023,3,1.0333333333333332,1.1030261405182864,0.2333333333333337,1.2166666666666666
strict_common,TW,Tmin,1,2024,4,2.0,2.2338307903688674,2.0,4.989999999999998
strict_common,TW,Tmin,1,2025,13,1.6384615384615389,2.1182358407229067,1.623076923076923,4.486923076923079
strict_common,TWN,Tmin,1,2022,4,1.75,1.8574175621006712,1.0499999999999998,3.4500000000000006
strict_common,TWN,Tmin,1,2023,3,1.1000000000000003,1.3478377746103818,1.0333333333333325,1.8166666666666662
strict_common,TWN,Tmin,1,2024,4,2.624999999999999,2.6377073378219946,2.624999999999999,6.957499999999995
strict_common,TWN,Tmin,1,2025,13,2.4999999999999996,2.7102370035450063,2.4999999999999996,7.345384615384614
strict_common,TY1,Tmin,1,2022,4,0.7749999999999999,1.30862523283024,-0.6750000000000003,1.7124999999999997
strict_common,TY1,Tmin,1,2023,3,0.5666666666666664,0.8266397845091489,-0.366666666666666,0.6833333333333321
strict_common,TY1,Tmin,1,2024,4,0.5,0.6964194138592062,0.5,0.4850000000000003
strict_common,TY1,Tmin,1,2025,13,0.9307692307692306,1.1559212110493713,0.5615384615384611,1.3361538461538454
strict_common,WGL,Tmin,1,2022,4,1.0000000000000004,1.129158979063622,-0.44999999999999973,1.2750000000000012
strict_common,WGL,Tmin,1,2023,3,1.0,1.0984838035522724,0.06666666666666761,1.2066666666666672
strict_common,WGL,Tmin,1,2024,4,0.7250000000000005,0.7664854858377953,0.7250000000000005,0.587500000000001
strict_common,WGL,Tmin,1,2025,13,0.5461538461538461,0.7141428428542848,0.2846153846153847,0.5099999999999997
strict_common,WLP,Tmin,1,2022,4,1.725,2.2588713996153036,0.4750000000000001,5.1025
strict_common,WLP,Tmin,1,2023,3,0.39999999999999974,0.4898979485566358,0.2666666666666669,0.24000000000000019
strict_common,WLP,Tmin,1,2024,4,1.0250000000000004,1.1324751652906127,1.0250000000000004,1.2825000000000006
strict_common,WLP,Tmin,1,2025,13,1.6153846153846156,2.0684442314119904,1.5230769230769232,4.278461538461539
strict_common,WTS,Tmin,1,2022,4,0.6249999999999996,1.0210288928331068,-0.42500000000000027,1.0424999999999998
strict_common,WTS,Tmin,1,2023,3,0.7666666666666669,0.8962886439832498,-0.5666666666666664,0.8033333333333327
strict_common,WTS,Tmin,1,2024,4,0.8499999999999996,0.886002257333467,0.8499999999999996,0.7849999999999991
strict_common,WTS,Tmin,1,2025,13,0.8384615384615384,1.0738141939259895,0.6692307692307692,1.1530769230769227
strict_common,YLP,Tmin,1,2022,4,1.7499999999999996,2.2836374493338467,1.1,5.214999999999998
strict_common,YLP,Tmin,1,2023,3,0.7666666666666669,0.7937253933193774,0.2333333333333331,0.6300000000000003
strict_common,YLP,Tmin,1,2024,4,1.3500000000000005,1.4124446891825542,1.3500000000000005,1.9950000000000019
strict_common,YLP,Tmin,1,2025,13,1.6538461538461542,2.289608632999905,1.6230769230769235,5.242307692307692
lowland_available,CCH,Tmin,1,2022,302,1.5509933774834437,1.8222139216236222,1.485430463576159,3.3204635761589403
lowland_available,CCH,Tmin,1,2023,308,1.2743506493506493,1.4793711370169964,1.2198051948051947,2.1885389610389607
lowland_available,CCH,Tmin,1,2024,357,1.188515406162465,1.474688401782879,1.0669467787114846,2.1747058823529417
lowland_available,CCH,Tmin,1,2025,348,1.2281609195402299,1.449137674618944,1.1270114942528735,2.1
lowland_available,CWB,Tmin,1,2022,314,0.9461783439490447,1.200703084900331,0.8187898089171975,1.4416878980891719
lowland_available,CWB,Tmin,1,2023,288,1.1822916666666667,1.3824922141633282,1.1260416666666666,1.911284722222222
lowland_available,CWB,Tmin,1,2024,321,1.1971962616822431,1.4673709722130452,1.1074766355140186,2.1531775700934577
lowland_available,CWB,Tmin,1,2025,339,1.2221238938053096,1.4639321518201394,1.1336283185840708,2.1430973451327433
lowland_available,HKP,Tmin,1,2022,324,0.8179012345679012,1.0578046215081265,0.4061728395061729,1.118950617283951
lowland_available,HKP,Tmin,1,2023,351,0.8028490028490028,0.9870096423987125,0.388034188034188,0.9741880341880342
lowland_available,HKP,Tmin,1,2024,302,0.8526490066225165,1.1232197098325385,0.3923841059602648,1.2616225165562918
lowland_available,HKP,Tmin,1,2025,309,0.8731391585760518,1.093108746370454,0.5048543689320387,1.1948867313915856
lowland_available,HKS,Tmin,1,2022,331,1.0661631419939577,1.382049356195619,0.47160120845921455,1.9100604229607252
lowland_available,HKS,Tmin,1,2023,311,0.969774919614148,1.245958095428053,0.3916398713826367,1.5524115755627008
lowland_available,HKS,Tmin,1,2024,347,0.9884726224783862,1.2913590008840552,0.3659942363112392,1.6676080691642654
lowland_available,HKS,Tmin,1,2025,349,1.2217765042979944,1.5627101577865563,0.7684813753581662,2.4420630372492838
lowland_available,HPV,Tmin,1,2022,328,0.8887195121951219,1.137565329134455,0.002134146341463445,1.2940548780487806
lowland_available,HPV,Tmin,1,2023,321,0.8697819314641746,1.1204694165373896,0.025545171339563907,1.2554517133956384
lowland_available,HPV,Tmin,1,2024,285,0.8659649122807018,1.1598245481348204,0.04631578947368425,1.3451929824561404
lowland_available,HPV,Tmin,1,2025,302,0.9996688741721853,1.2881399907469644,0.2850993377483444,1.6593046357615895
lowland_available,JKB,Tmin,1,2022,335,1.2423880597014922,1.5623174520229628,0.9808955223880595,2.4408358208955225
lowland_available,JKB,Tmin,1,2023,264,1.2810606060606062,1.5562678744257674,1.1712121212121211,2.4219696969696964
lowland_available,JKB,Tmin,1,2024,358,1.2849162011173185,1.5663536277452923,1.1452513966480447,2.4534636871508377
lowland_available,JKB,Tmin,1,2025,351,1.6373219373219374,1.9305240420474117,1.5655270655270654,3.7269230769230766
lowland_available,KLT,Tmin,1,2022,328,1.0164634146341462,1.2915060220061108,0.8640243902439025,1.6679878048780485
lowland_available,KLT,Tmin,1,2023,259,1.0285714285714287,1.2439506129316902,0.894980694980695,1.5474131274131278
lowland_available,KLT,Tmin,1,2024,361,1.0684210526315792,1.3532253458183146,0.9304709141274239,1.831218836565097
lowland_available,KLT,Tmin,1,2025,354,1.0765536723163842,1.3170224077816102,0.9081920903954802,1.73454802259887
lowland_available,KP,Tmin,1,2022,209,0.8478468899521532,1.0900594777679657,0.5282296650717704,1.1882296650717703
lowland_available,KP,Tmin,1,2023,341,0.7859237536656891,0.9778484971019066,0.5284457478005865,0.9561876832844574
lowland_available,KP,Tmin,1,2024,350,0.8214285714285714,1.0624634447493106,0.49057142857142844,1.1288285714285715
lowland_available,KP,Tmin,1,2025,346,0.8644508670520232,1.0903014378755655,0.6020231213872834,1.188757225433526
lowland_available,KSC,Tmin,1,2022,313,1.7424920127795527,2.032153675857296,1.6696485623003197,4.12964856230032
lowland_available,KSC,Tmin,1,2023,338,1.6331360946745561,1.9036402375044907,1.6082840236686389,3.6238461538461535
lowland_available,KSC,Tmin,1,2024,333,1.7633633633633634,2.047924313541395,1.7249249249249246,4.193993993993994
lowland_available,KSC,Tmin,1,2025,332,2.06566265060241,2.3311148374848822,2.0180722891566263,5.434096385542169
lowland_available,KTG,Tmin,1,2022,197,0.9664974619289339,1.2133353786636039,0.7898477157360406,1.4721827411167512
lowland_available,KTG,Tmin,1,2023,350,0.9911428571428574,1.1939968892038921,0.8517142857142858,1.4256285714285715
lowland_available,KTG,Tmin,1,2024,351,1.0034188034188034,1.2665991884860437,0.7948717948717948,1.6042735042735043
lowland_available,KTG,Tmin,1,2025,353,1.0674220963172805,1.302449207330963,0.8487252124645891,1.6963739376770537
lowland_available,LFS,Tmin,1,2022,285,1.5782456140350876,1.8774002181067755,1.4814035087719297,3.5246315789473686
lowland_available,LFS,Tmin,1,2023,271,1.4284132841328414,1.7247599972084464,1.3169741697416972,2.9747970479704797
lowland_available,LFS,Tmin,1,2024,315,1.428253968253968,1.7095158508900832,1.3292063492063493,2.922444444444445
lowland_available,LFS,Tmin,1,2025,349,1.6094555873925502,1.8769679262013346,1.5148997134670488,3.5230085959885384
lowland_available,PEN,Tmin,1,2022,248,0.7354838709677419,0.9721525832714174,0.3588709677419355,0.9450806451612902
lowland_available,PEN,Tmin,1,2023,253,0.773517786561265,1.0053807805175072,0.4754940711462451,1.010790513833992
lowland_available,PEN,Tmin,1,2024,194,0.9051546391752575,1.1214864951317454,0.5546391752577318,1.2577319587628863
lowland_available,PEN,Tmin,1,2025,304,0.9184210526315791,1.1508292204913992,0.6934210526315789,1.3244078947368418
lowland_available,PLC,Tmin,1,2022,317,1.2094637223974765,1.4774647908501553,1.1217665615141956,2.182902208201893
lowland_available,PLC,Tmin,1,2023,340,1.1220588235294118,1.35680203593077,1.0538235294117646,1.8409117647058824
lowland_available,PLC,Tmin,1,2024,346,1.3043352601156069,1.5690558996367756,1.249421965317919,2.461936416184971
lowland_available,PLC,Tmin,1,2025,331,1.3700906344410877,1.5963610431416895,1.2933534743202417,2.5483685800604228
lowland_available,SEK,Tmin,1,2022,278,1.8535971223021581,2.2844721380748525,1.6751798561151077,5.218812949640287
lowland_available,SEK,Tmin,1,2023,209,1.75311004784689,2.229317487333319,1.5779904306220096,4.969856459330144
lowland_available,SEK,Tmin,1,2024,256,1.6609375,2.1006137495979598,1.446875,4.4125781250000005
lowland_available,SEK,Tmin,1,2025,287,1.9114982578397208,2.421290582235782,1.745644599303136,5.862648083623693
lowland_available,SHA,Tmin,1,2022,321,1.1685358255451714,1.54700997908527,0.8158878504672896,2.393239875389408
lowland_available,SHA,Tmin,1,2023,341,1.1093841642228741,1.483348435346585,0.7222873900293255,2.2003225806451616
lowland_available,SHA,Tmin,1,2024,342,1.1345029239766082,1.4964284966593075,0.7415204678362572,2.239298245614035
lowland_available,SHA,Tmin,1,2025,335,1.5107462686567166,1.9616395822745494,1.2952238805970149,3.8480298507462685
lowland_available,SKG,Tmin,1,2022,351,0.9293447293447294,1.1876621196877968,0.6182336182336182,1.4105413105413107
lowland_available,SKG,Tmin,1,2023,333,0.9126126126126127,1.1516406888766462,0.6105105105105105,1.3262762762762763
lowland_available,SKG,Tmin,1,2024,289,0.8761245674740487,1.1388697122380975,0.615916955017301,1.2970242214532872
lowland_available,SKG,Tmin,1,2025,331,1.0876132930513596,1.3628209591752587,0.7848942598187313,1.857280966767372
lowland_available,SKW,Tmin,1,2022,339,0.9684365781710915,1.2387904463271842,0.7129793510324484,1.5346017699115042
lowland_available,SKW,Tmin,1,2023,350,0.9242857142857143,1.122357213317451,0.7345714285714283,1.2596857142857143
lowland_available,SKW,Tmin,1,2024,345,0.9446376811594203,1.209347650235628,0.6936231884057971,1.4625217391304348
lowland_available,SKW,Tmin,1,2025,349,0.9991404011461318,1.2280508468795133,0.7257879656160457,1.5081088825214897
lowland_available,SSH,Tmin,1,2022,334,1.56437125748503,1.969657558613576,1.3733532934131738,3.879550898203593
lowland_available,SSH,Tmin,1,2023,351,1.3911680911680913,1.8002136625326535,1.2344729344729346,3.24076923076923
lowland_available,SSH,Tmin,1,2024,346,1.317630057803468,1.7292535728097094,1.1401734104046242,2.990317919075145
lowland_available,SSH,Tmin,1,2025,341,1.6653958944281524,2.158615011605461,1.4759530791788855,4.659618768328445
lowland_available,SSP,Tmin,1,2022,340,0.8276470588235293,1.0697718283381192,0.4176470588235294,1.1444117647058825
lowland_available,SSP,Tmin,1,2023,350,0.7611428571428572,0.9704196441304586,0.40285714285714286,0.9417142857142857
lowland_available,SSP,Tmin,1,2024,353,0.8807365439093484,1.1410322844779472,0.4575070821529744,1.3019546742209633
lowland_available,SSP,Tmin,1,2025,309,0.8559870550161812,1.1073014516627209,0.5142394822006474,1.226116504854369
lowland_available,STY,Tmin,1,2022,289,0.8197231833910036,1.0783333288766002,0.27716262975778544,1.16280276816609
lowland_available,STY,Tmin,1,2023,341,0.7853372434017596,0.9777585234633747,0.4152492668621699,0.9560117302052786
lowland_available,STY,Tmin,1,2024,335,0.8385074626865673,1.0898582682056044,0.4128358208955224,1.1877910447761193
lowland_available,STY,Tmin,1,2025,290,0.9851724137931036,1.226334600231168,0.7355172413793104,1.5038965517241383
lowland_available,TKL,Tmin,1,2022,319,2.329153605015674,2.948938494528855,2.255799373040752,8.696238244514108
lowland_available,TKL,Tmin,1,2023,338,2.1689349112426033,2.754936397852593,2.1162721893491123,7.589674556213019
lowland_available,TKL,Tmin,1,2024,354,2.2036723163841807,2.791325343836014,2.146045197740113,7.791497175141242
lowland_available,TKL,Tmin,1,2025,271,2.7173431734317344,3.471879655097998,2.628782287822878,12.053948339483393
lowland_available,TU1,Tmin,1,2022,336,1.0351190476190475,1.305710899234954,0.7851190476190475,1.704880952380952
lowland_available,TU1,Tmin,1,2023,350,0.968857142857143,1.2028418729943566,0.6362857142857145,1.4468285714285718
lowland_available,TU1,Tmin,1,2024,332,0.958433734939759,1.2181360439978561,0.5783132530120482,1.483855421686747
lowland_available,TU1,Tmin,1,2025,269,1.0769516728624535,1.3482881891095067,0.7698884758364313,1.817881040892193
lowland_available,TW,Tmin,1,2022,321,1.901246105919003,2.305100669509514,1.8133956386292835,5.313489096573209
lowland_available,TW,Tmin,1,2023,126,1.6285714285714288,2.041902318761865,1.507936507936508,4.16936507936508
lowland_available,TW,Tmin,1,2024,290,1.5172413793103448,1.902666006169891,1.3875862068965517,3.6201379310344834
lowland_available,TW,Tmin,1,2025,328,1.758841463414634,2.1704992681801882,1.6246951219512198,4.7110670731707325
lowland_available,TWN,Tmin,1,2022,293,2.259726962457338,2.5113326758662864,2.231740614334471,6.306791808873721
lowland_available,TWN,Tmin,1,2023,320,2.11625,2.351076880920741,2.096875,5.5275625
lowland_available,TWN,Tmin,1,2024,347,2.0737752161383285,2.349198158621921,2.0397694524495678,5.518731988472623
lowland_available,TWN,Tmin,1,2025,342,2.3616959064327485,2.601006327967822,2.341228070175439,6.765233918128655
lowland_available,TY1,Tmin,1,2022,69,0.9405797101449276,1.2295280112444706,0.21304347826086972,1.5117391304347834
lowland_available,TY1,Tmin,1,2023,299,1.0588628762541807,1.3043277590429614,0.7444816053511706,1.7012709030100337
lowland_available,TY1,Tmin,1,2024,323,1.0278637770897834,1.3114404908308694,0.6439628482972136,1.7198761609907116
lowland_available,TY1,Tmin,1,2025,309,1.0420711974110033,1.3246725186072965,0.7048543689320389,1.754757281553398
lowland_available,WGL,Tmin,1,2022,356,1.006179775280899,1.2277685980416173,0.755056179775281,1.5074157303370785
lowland_available,WGL,Tmin,1,2023,347,0.8936599423631123,1.133495778604964,0.6440922190201729,1.2848126801152737
lowland_available,WGL,Tmin,1,2024,344,0.878779069767442,1.1365108784099631,0.4956395348837209,1.291656976744186
lowland_available,WGL,Tmin,1,2025,346,0.9410404624277457,1.2109089883367297,0.6572254335260115,1.4663005780346818
lowland_available,WLP,Tmin,1,2022,316,1.488607594936709,1.8941782894978667,1.2531645569620253,3.587911392405064
lowland_available,WLP,Tmin,1,2023,303,1.3726072607260726,1.7229857422471022,1.2042904290429042,2.968679867986798
lowland_available,WLP,Tmin,1,2024,342,1.3850877192982458,1.7007996055519339,0.9897660818713451,2.892719298245614
lowland_available,WLP,Tmin,1,2025,342,1.732748538011696,2.1249286193721666,1.5561403508771932,4.515321637426902
lowland_available,WTS,Tmin,1,2022,300,0.9643333333333332,1.2339232823262016,0.6136666666666667,1.5225666666666668
lowland_available,WTS,Tmin,1,2023,342,0.8119883040935673,1.0060489565244708,0.42543859649122817,1.0121345029239766
lowland_available,WTS,Tmin,1,2024,323,0.8860681114551083,1.1424540421347777,0.47739938080495353,1.3052012383900926
lowland_available,WTS,Tmin,1,2025,335,0.9322388059701491,1.2027952518656067,0.5579104477611939,1.446716417910448
lowland_available,YLP,Tmin,1,2022,278,1.778776978417266,2.211537763768808,1.6348920863309349,4.89089928057554
lowland_available,YLP,Tmin,1,2023,299,1.5662207357859532,1.9846989948943008,1.4377926421404683,3.939030100334448
lowland_available,YLP,Tmin,1,2024,321,1.3445482866043614,1.7546910867639487,1.0429906542056075,3.0789408099688473
lowland_available,YLP,Tmin,1,2025,339,1.552212389380531,2.00005899618001,1.279646017699115,4.00023598820059
all_available,CCH,Tmin,2,2022,301,1.6930232558139535,1.9699908089570912,1.6006644518272426,3.880863787375415
all_available,CCH,Tmin,2,2023,308,1.3327922077922079,1.5624136339767276,1.262012987012987,2.441136363636364
all_available,CCH,Tmin,2,2024,357,1.3795518207282915,1.6906150572228686,1.2434173669467787,2.8581792717086834
all_available,CCH,Tmin,2,2025,348,1.3591954022988506,1.5920058915156972,1.2620689655172412,2.53448275862069
all_available,CWB,Tmin,2,2022,313,1.0869009584664537,1.3738777005622576,0.9150159744408944,1.8875399361022362
all_available,CWB,Tmin,2,2023,288,1.2288194444444445,1.4689494545422588,1.160763888888889,2.1578125
all_available,CWB,Tmin,2,2024,321,1.3853582554517134,1.6927277107685508,1.2570093457943925,2.8653271028037386
all_available,CWB,Tmin,2,2025,339,1.3702064896755162,1.6183953595531004,1.2781710914454278,2.619203539823009
all_available,HKP,Tmin,2,2022,323,0.915170278637771,1.170192225748077,0.4965944272445821,1.3693498452012385
all_available,HKP,Tmin,2,2023,351,0.8632478632478633,1.064501006651658,0.4421652421652421,1.133162393162393
all_available,HKP,Tmin,2,2024,302,1.0420529801324505,1.3507540204793245,0.5745033112582779,1.8245364238410595
all_available,HKP,Tmin,2,2025,309,1.0142394822006473,1.2741136902933272,0.6472491909385112,1.6233656957928804
all_available,HKS,Tmin,2,2022,330,1.1363636363636365,1.4156484754558973,0.5509090909090909,2.004060606060606
all_available,HKS,Tmin,2,2023,311,0.9819935691318331,1.2671968202889723,0.4366559485530547,1.6057877813504822
all_available,HKS,Tmin,2,2024,347,1.0876080691642651,1.4471078181890862,0.5360230547550432,2.094121037463977
all_available,HKS,Tmin,2,2025,349,1.320916905444126,1.6613592667392914,0.9117478510028653,2.760114613180516
all_available,HPV,Tmin,2,2022,327,0.9376146788990827,1.1940730285679837,0.07522935779816517,1.425810397553517
all_available,HPV,Tmin,2,2023,321,0.9190031152647975,1.1766153475169618,0.053582554517133986,1.384423676012461
all_available,HPV,Tmin,2,2024,285,1.0014035087719297,1.324770751435753,0.1691228070175439,1.7550175438596494
all_available,HPV,Tmin,2,2025,302,1.0758278145695364,1.3727600659530772,0.4341059602649007,1.8844701986754968
all_available,JKB,Tmin,2,2022,334,1.3404191616766468,1.6366224164821084,1.063173652694611,2.678532934131736
all_available,JKB,Tmin,2,2023,264,1.3272727272727274,1.619717521200795,1.2166666666666666,2.623484848484848
all_available,JKB,Tmin,2,2024,358,1.4849162011173185,1.7764285305134981,1.3268156424581004,3.1556983240223464
all_available,JKB,Tmin,2,2025,351,1.7911680911680914,2.0754637692693785,1.7165242165242165,4.307549857549857
all_available,KLT,Tmin,2,2022,327,1.1737003058103979,1.4753219728409799,0.9504587155963303,2.176574923547401
all_available,KLT,Tmin,2,2023,259,1.17992277992278,1.4062464071168175,0.9992277992277993,1.9775289575289579
all_available,KLT,Tmin,2,2024,361,1.311634349030471,1.6355384891785603,1.1022160664819947,2.6749861495844875
all_available,KLT,Tmin,2,2025,354,1.2336158192090396,1.5006872248715437,1.0437853107344632,2.2520621468926554
all_available,KP,Tmin,2,2022,208,0.9774038461538462,1.2142780381140696,0.5668269230769231,1.474471153846154
all_available,KP,Tmin,2,2023,341,0.9126099706744869,1.1214517193995832,0.5900293255131964,1.2576539589442817
all_available,KP,Tmin,2,2024,350,1.0351428571428571,1.307658758457813,0.6648571428571427,1.7099714285714287
all_available,KP,Tmin,2,2025,346,1.0372832369942195,1.2899231504644166,0.7638728323699422,1.6639017341040463
all_available,KSC,Tmin,2,2022,312,1.8394230769230773,2.1256748551327385,1.75224358974359,4.518493589743589
all_available,KSC,Tmin,2,2023,338,1.694082840236686,1.985196694828944,1.6615384615384612,3.9410059171597633
all_available,KSC,Tmin,2,2024,333,1.9657657657657654,2.2845610561373095,1.9081081081081077,5.2192192192192195
all_available,KSC,Tmin,2,2025,332,2.224096385542169,2.484118228566019,2.1716867469879517,6.170843373493977
all_available,KTG,Tmin,2,2022,196,1.1137755102040816,1.381233551014809,0.8413265306122448,1.9078061224489793
all_available,KTG,Tmin,2,2023,350,1.11,1.3507352495162457,0.9145714285714286,1.8244857142857145
all_available,KTG,Tmin,2,2024,351,1.2062678062678063,1.502609316434168,0.9686609686609686,2.257834757834758
all_available,KTG,Tmin,2,2025,353,1.2288951841359772,1.4744471283425595,1.001699716713881,2.1739943342776202
all_available,LFS,Tmin,2,2022,284,1.6940140845070424,2.0396682276471436,1.575,4.16024647887324
all_available,LFS,Tmin,2,2023,271,1.5140221402214025,1.8249703025435926,1.3760147601476016,3.3305166051660517
all_available,LFS,Tmin,2,2024,315,1.626984126984127,1.9697473853021767,1.5006349206349205,3.879904761904762
all_available,LFS,Tmin,2,2025,349,1.7659025787965614,2.030519292198067,1.663896848137536,4.123008595988539
all_available,NGP,Tmin,2,2022,223,4.639013452914798,4.809384510745352,4.639013452914798,23.13017937219731
all_available,NGP,Tmin,2,2023,202,4.6217821782178214,4.804577025716166,4.6217821782178214,23.083960396039604
all_available,NGP,Tmin,2,2024,122,4.922950819672131,5.167299450056807,4.922950819672131,26.700983606557376
all_available,NGP,Tmin,2,2025,210,4.702857142857143,4.862568398343764,4.685714285714285,23.64457142857143
all_available,PEN,Tmin,2,2022,247,0.9372469635627528,1.1776082258557974,0.46761133603238875,1.3867611336032388
all_available,PEN,Tmin,2,2023,253,0.858102766798419,1.1007184143403725,0.49525691699604746,1.2115810276679841
all_available,PEN,Tmin,2,2024,194,1.1577319587628865,1.4516254664497177,0.8175257731958762,2.1072164948453604
all_available,PEN,Tmin,2,2025,304,1.0671052631578948,1.3116632671214778,0.8546052631578948,1.7204605263157895
all_available,PLC,Tmin,2,2022,316,1.3446202531645568,1.6492902194120056,1.2300632911392404,2.720158227848102
all_available,PLC,Tmin,2,2023,340,1.2155882352941176,1.4637883967938246,1.095,2.1426764705882353
all_available,PLC,Tmin,2,2024,346,1.4939306358381503,1.8251850804876426,1.402601156069364,3.3313005780346825
all_available,PLC,Tmin,2,2025,331,1.5132930513595166,1.7748750009175789,1.4293051359516618,3.1501812688821755
all_available,SEK,Tmin,2,2022,277,1.922021660649819,2.3561425980271795,1.7761732851985559,5.551407942238267
all_available,SEK,Tmin,2,2023,209,1.7770334928229663,2.275204391680766,1.6210526315789475,5.176555023923445
all_available,SEK,Tmin,2,2024,256,1.8562500000000002,2.3636405976797743,1.62265625,5.586796875000001
all_available,SEK,Tmin,2,2025,287,2.0508710801393724,2.5307722857596926,1.89198606271777,6.404808362369338
all_available,SHA,Tmin,2,2022,320,1.2381250000000001,1.5823439891502733,0.8774999999999998,2.5038125
all_available,SHA,Tmin,2,2023,341,1.160410557184751,1.5510000557770875,0.7721407624633432,2.4056011730205284
all_available,SHA,Tmin,2,2024,342,1.3292397660818713,1.7508894982515943,0.9081871345029239,3.0656140350877195
all_available,SHA,Tmin,2,2025,335,1.682089552238806,2.0991042865875316,1.4444776119402984,4.406238805970149
all_available,SKG,Tmin,2,2022,350,1.0265714285714285,1.2984496249648765,0.694,1.6859714285714282
all_available,SKG,Tmin,2,2023,333,1.0117117117117118,1.2618804786279652,0.6435435435435436,1.5923423423423424
all_available,SKG,Tmin,2,2024,289,1.105190311418685,1.418415705703674,0.7993079584775088,2.0119031141868513
all_available,SKG,Tmin,2,2025,331,1.207250755287009,1.4957745116587917,0.9238670694864051,2.2373413897280967
all_available,SKW,Tmin,2,2022,338,1.132544378698225,1.406893426108046,0.8011834319526626,1.9793491124260354
all_available,SKW,Tmin,2,2023,350,1.0094285714285716,1.2380745419515626,0.7859999999999997,1.5328285714285714
all_available,SKW,Tmin,2,2024,345,1.1365217391304347,1.4405816055742349,0.8588405797101448,2.0752753623188407
all_available,SKW,Tmin,2,2025,349,1.1309455587392552,1.371977010341443,0.8776504297994268,1.8823209169054442
all_available,SSH,Tmin,2,2022,333,1.6663663663663666,2.04995422200407,1.4375375375375374,4.202312312312312
all_available,SSH,Tmin,2,2023,351,1.452706552706553,1.8825257326005225,1.285754985754986,3.543903133903134
all_available,SSH,Tmin,2,2024,346,1.5534682080924855,2.017732086915028,1.3222543352601157,4.071242774566474
all_available,SSH,Tmin,2,2025,341,1.831964809384164,2.2901868944979586,1.62258064516129,5.2449560117302045
all_available,SSP,Tmin,2,2022,339,0.9731563421828908,1.228244304198664,0.5094395280235988,1.5085840707964602
all_available,SSP,Tmin,2,2023,350,0.8382857142857144,1.063686312513502,0.4542857142857142,1.1314285714285715
all_available,SSP,Tmin,2,2024,353,1.096600566572238,1.4011225770505162,0.6246458923512748,1.96314447592068
all_available,SSP,Tmin,2,2025,309,1.0165048543689321,1.2784876786017805,0.66957928802589,1.6345307443365698
all_available,STY,Tmin,2,2022,288,0.9173611111111111,1.1785702260696127,0.3548611111111112,1.3890277777777778
all_available,STY,Tmin,2,2023,341,0.8521994134897362,1.072722302289792,0.46217008797653947,1.150733137829912
all_available,STY,Tmin,2,2024,335,0.9937313432835824,1.2508027273261628,0.5829850746268657,1.5645074626865672
all_available,STY,Tmin,2,2025,290,1.0851724137931036,1.3325241797637943,0.8631034482758622,1.7756206896551727
all_available,TKL,Tmin,2,2022,318,2.4066037735849055,2.9876106858261995,2.321698113207547,8.925817610062893
all_available,TKL,Tmin,2,2023,338,2.2186390532544378,2.809067102823583,2.178402366863905,7.8908579881656795
all_available,TKL,Tmin,2,2024,354,2.377683615819209,2.9979230098321996,2.3127118644067797,8.987542372881355
all_available,TKL,Tmin,2,2025,271,2.847970479704797,3.5680108053383286,2.7690036900369,12.730701107011068
all_available,TU1,Tmin,2,2022,335,1.1791044776119404,1.4672545181036325,0.8704477611940298,2.1528358208955227
all_available,TU1,Tmin,2,2023,350,1.020857142857143,1.2841784477689562,0.6962857142857143,1.649114285714286
all_available,TU1,Tmin,2,2024,332,1.1614457831325302,1.5048515917701029,0.7289156626506024,2.264578313253012
all_available,TU1,Tmin,2,2025,269,1.212267657992565,1.4812458335235428,0.8739776951672863,2.194089219330855
all_available,TW,Tmin,2,2022,321,2.005919003115265,2.399396341528077,1.9006230529595016,5.757102803738318
all_available,TW,Tmin,2,2023,126,1.7285714285714286,2.103549532319273,1.6428571428571428,4.424920634920634
all_available,TW,Tmin,2,2024,290,1.664137931034483,2.0806497658846537,1.5082758620689654,4.3291034482758635
all_available,TW,Tmin,2,2025,328,1.9106707317073173,2.3040460170709456,1.758841463414634,5.308628048780488
all_available,TWN,Tmin,2,2022,292,2.33527397260274,2.595365996836332,2.3010273972602744,6.735924657534247
all_available,TWN,Tmin,2,2023,320,2.13875,2.3921878061724167,2.121875,5.7225624999999996
all_available,TWN,Tmin,2,2024,347,2.207492795389049,2.5417550495648618,2.1780979827089335,6.460518731988472
all_available,TWN,Tmin,2,2025,342,2.5207602339181285,2.7659743373877714,2.4903508771929825,7.65061403508772
all_available,TY1,Tmin,2,2022,69,1.001449275362319,1.265541071201781,0.3000000000000002,1.6015942028985513
all_available,TY1,Tmin,2,2023,299,1.0394648829431439,1.3147987116566222,0.7678929765886289,1.7286956521739134
all_available,TY1,Tmin,2,2024,323,1.214860681114551,1.5326377028421865,0.8111455108359134,2.3489783281733745
all_available,TY1,Tmin,2,2025,309,1.176051779935275,1.454843489619425,0.8504854368932038,2.1165695792880257
all_available,WGL,Tmin,2,2022,355,1.1132394366197182,1.3656551850694385,0.8433802816901409,1.8650140845070424
all_available,WGL,Tmin,2,2023,347,0.959942363112392,1.2140270472562549,0.6930835734870316,1.4738616714697408
all_available,WGL,Tmin,2,2024,344,1.0392441860465116,1.3269676044485088,0.6700581395348837,1.760843023255814
all_available,WGL,Tmin,2,2025,346,1.0578034682080926,1.310848465468822,0.7988439306358381,1.7183236994219653
all_available,WLP,Tmin,2,2022,315,1.552063492063492,1.9339325836479508,1.3285714285714283,3.7400952380952384
all_available,WLP,Tmin,2,2023,303,1.4174917491749175,1.7891403249354787,1.2669966996699669,3.2010231023102307
all_available,WLP,Tmin,2,2024,342,1.5640350877192981,1.9293895043896976,1.162280701754386,3.7225438596491225
all_available,WLP,Tmin,2,2025,342,1.8801169590643274,2.244186772308813,1.7169590643274855,5.036374269005848
all_available,WTS,Tmin,2,2022,299,1.0789297658862878,1.3482554068649115,0.6976588628762541,1.8177926421404682
all_available,WTS,Tmin,2,2023,342,0.8956140350877193,1.126177096997257,0.4809941520467837,1.2682748538011694
all_available,WTS,Tmin,2,2024,323,1.1003095975232198,1.4135347520864272,0.6786377708978328,1.9980804953560372
all_available,WTS,Tmin,2,2025,335,1.0898507462686569,1.3578406914228127,0.7071641791044776,1.843731343283582
all_available,YLP,Tmin,2,2022,277,1.8501805054151625,2.2922172514397134,1.7086642599277977,5.254259927797834
all_available,YLP,Tmin,2,2023,299,1.606354515050167,2.0331450833046536,1.491304347826087,4.133678929765886
all_available,YLP,Tmin,2,2024,321,1.55202492211838,2.015160607530651,1.2112149532710281,4.060872274143302
all_available,YLP,Tmin,2,2025,339,1.709734513274336,2.1383422024155228,1.4359882005899705,4.572507374631268
strict_common,CCH,Tmin,2,2022,4,1.2750000000000004,1.4739402972983682,0.27500000000000036,2.172500000000002
strict_common,CCH,Tmin,2,2023,3,1.2000000000000004,1.3952299690970902,0.7999999999999995,1.946666666666667
strict_common,CCH,Tmin,2,2024,4,1.5,1.5890248582070705,1.5,2.525000000000001
strict_common,CCH,Tmin,2,2025,13,1.2538461538461536,1.5828406790907972,1.146153846153846,2.505384615384616
strict_common,CWB,Tmin,2,2022,4,0.9249999999999998,1.1258330249197697,0.17499999999999982,1.2674999999999987
strict_common,CWB,Tmin,2,2023,3,1.2333333333333332,1.7233687939614075,1.1666666666666654,2.9699999999999966
strict_common,CWB,Tmin,2,2024,4,1.2249999999999992,1.2776932339180629,1.2249999999999992,1.6324999999999976
strict_common,CWB,Tmin,2,2025,13,1.2538461538461538,1.4562861088293162,1.1615384615384614,2.120769230769231
strict_common,HKP,Tmin,2,2022,4,1.0250000000000004,1.3294735800308335,-0.17499999999999982,1.767500000000001
strict_common,HKP,Tmin,2,2023,3,1.2000000000000004,1.3140268896284681,0.4666666666666662,1.7266666666666666
strict_common,HKP,Tmin,2,2024,4,0.5249999999999999,0.8077747210701756,0.2250000000000001,0.6524999999999999
strict_common,HKP,Tmin,2,2025,13,0.8923076923076927,1.1204394742174233,0.661538461538462,1.255384615384616
strict_common,HKS,Tmin,2,2022,4,1.525,1.6948451256678292,-0.12499999999999956,2.8724999999999996
strict_common,HKS,Tmin,2,2023,3,1.2333333333333332,1.3771952173409063,-0.10000000000000024,1.8966666666666663
strict_common,HKS,Tmin,2,2024,4,0.30000000000000027,0.4582575694955834,0.19999999999999885,0.20999999999999944
strict_common,HKS,Tmin,2,2025,13,1.423076923076923,1.7371506289589014,1.0538461538461534,3.017692307692307
strict_common,HPV,Tmin,2,2022,4,1.6,1.7492855684535902,0.10000000000000009,3.06
strict_common,HPV,Tmin,2,2023,3,1.1999999999999993,1.3662601021279461,-0.39999999999999974,1.866666666666666
strict_common,HPV,Tmin,2,2024,4,0.3999999999999999,0.44158804331639245,-0.0999999999999992,0.19500000000000012
strict_common,HPV,Tmin,2,2025,13,1.0846153846153845,1.3275193754923849,0.5461538461538462,1.7623076923076917
strict_common,JKB,Tmin,2,2022,4,1.3000000000000003,1.4983324063771704,0.1499999999999999,2.245000000000002
strict_common,JKB,Tmin,2,2023,3,1.2333333333333332,1.5286159317064132,1.1000000000000003,2.3366666666666656
strict_common,JKB,Tmin,2,2024,4,1.25,1.2589678312014172,1.25,1.585
strict_common,JKB,Tmin,2,2025,13,1.8538461538461541,2.2137681068190567,1.8538461538461541,4.900769230769231
strict_common,KLT,Tmin,2,2022,4,1.0999999999999996,1.3674794331177338,0.09999999999999964,1.8699999999999988
strict_common,KLT,Tmin,2,2023,3,1.2666666666666668,1.4023789311975092,0.8000000000000007,1.9666666666666686
strict_common,KLT,Tmin,2,2024,4,0.9249999999999998,1.0920164833920778,0.9249999999999998,1.1925000000000001
strict_common,KLT,Tmin,2,2025,13,1.3230769230769233,1.5407290981370325,1.2307692307692306,2.3738461538461535
strict_common,KP,Tmin,2,2022,4,1.15,1.4017845768876183,-0.050000000000000266,1.964999999999999
strict_common,KP,Tmin,2,2023,3,1.2999999999999996,1.3916417163432064,0.6333333333333329,1.9366666666666656
strict_common,KP,Tmin,2,2024,4,0.5749999999999997,0.729725975966321,0.5249999999999999,0.5324999999999998
strict_common,KP,Tmin,2,2025,13,0.9923076923076924,1.1893760484453122,0.8692307692307693,1.4146153846153855
strict_common,KSC,Tmin,2,2022,4,1.4499999999999997,1.5329709716755888,1.1,2.349999999999999
strict_common,KSC,Tmin,2,2023,3,1.5,1.8430047929038775,1.5,3.3966666666666647
strict_common,KSC,Tmin,2,2024,4,1.625,1.6725728683677732,1.625,2.7975000000000003
strict_common,KSC,Tmin,2,2025,13,2.4692307692307693,2.726366982465296,2.4692307692307693,7.433076923076923
strict_common,KTG,Tmin,2,2022,4,1.2749999999999995,1.3294735800308324,0.7249999999999996,1.7674999999999983
strict_common,KTG,Tmin,2,2023,3,1.366666666666666,1.6683325008322925,1.0333333333333325,2.7833333333333314
strict_common,KTG,Tmin,2,2024,4,1.1,1.1291589790636214,1.1,1.275
strict_common,KTG,Tmin,2,2025,13,1.2461538461538457,1.4234303095528933,1.1692307692307689,2.0261538461538455
strict_common,LFS,Tmin,2,2022,4,1.475,1.5206906325745548,0.9750000000000001,2.3125
strict_common,LFS,Tmin,2,2023,3,1.3333333333333333,1.5641824275533425,1.2000000000000004,2.4466666666666677
strict_common,LFS,Tmin,2,2024,4,1.4249999999999998,1.5596473960482216,1.4249999999999998,2.4324999999999983
strict_common,LFS,Tmin,2,2025,13,1.7846153846153843,2.0950491090260313,1.7846153846153843,4.3892307692307675
strict_common,NGP,Tmin,2,2022,4,4.15,4.222558466143483,4.15,17.830000000000005
strict_common,NGP,Tmin,2,2023,3,3.9666666666666672,4.014556845614055,3.9666666666666672,16.11666666666667
strict_common,NGP,Tmin,2,2024,4,5.425000000000001,5.455501810099599,5.425000000000001,29.762500000000003
strict_common,NGP,Tmin,2,2025,13,4.661538461538462,4.857983120596447,4.661538461538462,23.599999999999998
strict_common,PEN,Tmin,2,2022,4,0.9249999999999998,1.3937359864766352,-0.375,1.9424999999999994
strict_common,PEN,Tmin,2,2023,3,1.1666666666666667,1.2819256348686274,-0.033333333333333805,1.6433333333333335
strict_common,PEN,Tmin,2,2024,4,1.0249999999999995,1.052378258992459,1.0249999999999995,1.1074999999999993
strict_common,PEN,Tmin,2,2025,13,1.0999999999999999,1.3286777695832106,0.7923076923076925,1.7653846153846156
strict_common,PLC,Tmin,2,2022,4,0.7999999999999998,0.977241014284603,0.2999999999999998,0.9549999999999995
strict_common,PLC,Tmin,2,2023,3,1.400000000000001,1.4988884770611421,0.8666666666666671,2.24666666666667
strict_common,PLC,Tmin,2,2024,4,1.625,1.7095320997278758,1.625,2.9225
strict_common,PLC,Tmin,2,2025,13,1.4846153846153844,1.7211355821978966,1.4384615384615382,2.9623076923076925
strict_common,SEK,Tmin,2,2022,4,1.975,2.5656383221335,1.4250000000000003,6.582500000000001
strict_common,SEK,Tmin,2,2023,3,1.1999999999999993,1.3291601358251248,0.8666666666666659,1.7666666666666642
strict_common,SEK,Tmin,2,2024,4,1.2750000000000004,1.312440474840669,1.2750000000000004,1.722500000000001
strict_common,SEK,Tmin,2,2025,13,2.115384615384616,2.749685296678373,2.1000000000000005,7.560769230769233
strict_common,SHA,Tmin,2,2022,4,0.8250000000000002,0.9810708435174292,0.025000000000000355,0.9625000000000001
strict_common,SHA,Tmin,2,2023,3,1.3333333333333333,1.3341664064126333,0.4666666666666662,1.78
strict_common,SHA,Tmin,2,2024,4,0.9000000000000004,1.0173494974687904,0.75,1.0350000000000004
strict_common,SHA,Tmin,2,2025,13,1.7615384615384615,2.2818683303212475,1.715384615384615,5.206923076923077
strict_common,SKG,Tmin,2,2022,4,0.9000000000000004,1.027131929208707,-0.1999999999999993,1.0550000000000004
strict_common,SKG,Tmin,2,2023,3,1.5,1.5800843859321776,0.7666666666666657,2.4966666666666666
strict_common,SKG,Tmin,2,2024,4,0.3750000000000009,0.45000000000000107,0.3750000000000009,0.20250000000000096
strict_common,SKG,Tmin,2,2025,13,1.3153846153846156,1.698641991528708,1.2538461538461543,2.8853846153846154
strict_common,SKW,Tmin,2,2022,4,1.1999999999999997,1.3266499161421597,4.440892098500626e-16,1.7599999999999993
strict_common,SKW,Tmin,2,2023,3,1.4333333333333336,1.707825127659933,1.1000000000000003,2.9166666666666665
strict_common,SKW,Tmin,2,2024,4,0.6749999999999998,0.83815273071201,0.6749999999999998,0.7024999999999991
strict_common,SKW,Tmin,2,2025,13,1.1,1.2994081492978022,0.9307692307692308,1.6884615384615396
strict_common,SSH,Tmin,2,2022,4,1.5750000000000006,1.7599715906798046,1.1250000000000004,3.097500000000002
strict_common,SSH,Tmin,2,2023,3,1.1666666666666667,1.2503332889007366,0.7666666666666657,1.5633333333333326
strict_common,SSH,Tmin,2,2024,4,1.0250000000000008,1.169401556352651,1.0250000000000008,1.3675000000000024
strict_common,SSH,Tmin,2,2025,13,1.761538461538462,2.3717893277828486,1.7307692307692313,5.625384615384617
strict_common,SSP,Tmin,2,2022,4,1.0499999999999998,1.3693063937629153,-0.10000000000000053,1.875
strict_common,SSP,Tmin,2,2023,3,1.2333333333333332,1.2974333637352373,0.033333333333332625,1.683333333333333
strict_common,SSP,Tmin,2,2024,4,0.6499999999999995,0.8185352771872444,0.5499999999999998,0.669999999999999
strict_common,SSP,Tmin,2,2025,13,0.9384615384615387,1.192927878405448,0.7384615384615386,1.4230769230769236
strict_common,STY,Tmin,2,2022,4,1.1499999999999995,1.2124355652982135,-0.4500000000000002,1.4699999999999984
strict_common,STY,Tmin,2,2023,3,1.1666666666666667,1.5242484486898231,0.4333333333333324,2.3233333333333324
strict_common,STY,Tmin,2,2024,4,0.42500000000000027,0.5590169943749477,0.2250000000000001,0.3125000000000002
strict_common,STY,Tmin,2,2025,13,0.9538461538461545,1.1087068003898823,0.738461538461539,1.2292307692307702
strict_common,TKL,Tmin,2,2022,4,2.6,3.3488804099280705,2.35,11.215
strict_common,TKL,Tmin,2,2023,3,1.3999999999999997,1.6020819787597216,1.0666666666666664,2.566666666666665
strict_common,TKL,Tmin,2,2024,4,2.1999999999999997,2.2304708023195463,2.1999999999999997,4.975
strict_common,TKL,Tmin,2,2025,13,3.023076923076924,3.7798046347560184,3.023076923076924,14.286923076923076
strict_common,TU1,Tmin,2,2022,4,1.0999999999999996,1.2020815280171306,0.14999999999999947,1.4449999999999994
strict_common,TU1,Tmin,2,2023,3,1.366666666666666,1.4200938936093854,0.10000000000000024,2.0166666666666644
strict_common,TU1,Tmin,2,2024,4,0.8750000000000009,0.9096702699330136,0.6250000000000009,0.8275000000000018
strict_common,TU1,Tmin,2,2025,13,1.1076923076923075,1.5155603178109,1.0615384615384613,2.2969230769230764
strict_common,TW,Tmin,2,2022,4,2.1000000000000005,2.5641762809916173,1.1500000000000004,6.575000000000002
strict_common,TW,Tmin,2,2023,3,1.7,1.7748239349298849,0.9000000000000004,3.15
strict_common,TW,Tmin,2,2024,4,1.75,1.841195263952197,1.75,3.3899999999999997
strict_common,TW,Tmin,2,2025,13,1.8692307692307695,2.400801148334896,1.853846153846154,5.763846153846155
strict_common,TWN,Tmin,2,2022,4,2.0,2.073644135332772,1.2999999999999998,4.3
strict_common,TWN,Tmin,2,2023,3,1.7666666666666668,2.1486429825977758,1.6999999999999993,4.616666666666666
strict_common,TWN,Tmin,2,2024,4,2.374999999999999,2.420227262056189,2.374999999999999,5.8574999999999955
strict_common,TWN,Tmin,2,2025,13,2.7307692307692304,2.99345439764317,2.7307692307692304,8.960769230769232
strict_common,TY1,Tmin,2,2022,4,0.9749999999999992,1.3829316685939328,-0.42500000000000027,1.912499999999999
strict_common,TY1,Tmin,2,2023,3,1.2333333333333332,1.244989959798873,0.3000000000000007,1.5499999999999992
strict_common,TY1,Tmin,2,2024,4,0.75,0.8573214099741125,0.25,0.7350000000000003
strict_common,TY1,Tmin,2,2025,13,1.1769230769230767,1.4720472400446516,0.7923076923076918,2.166923076923076
strict_common,WGL,Tmin,2,2022,4,1.2500000000000004,1.440486029088794,-0.19999999999999973,2.075000000000002
strict_common,WGL,Tmin,2,2023,3,1.0666666666666675,1.5297058540778363,0.7333333333333343,2.340000000000003
strict_common,WGL,Tmin,2,2024,4,0.7250000000000005,0.7664854858377953,0.47500000000000053,0.587500000000001
strict_common,WGL,Tmin,2,2025,13,0.8538461538461538,1.0088073689720487,0.5153846153846154,1.017692307692307
strict_common,WLP,Tmin,2,2022,4,1.725,2.2588713996153036,0.7250000000000001,5.1025
strict_common,WLP,Tmin,2,2023,3,1.0666666666666664,1.254325848148452,0.9333333333333336,1.5733333333333335
strict_common,WLP,Tmin,2,2024,4,1.0250000000000004,1.1324751652906127,0.7750000000000004,1.2825000000000006
strict_common,WLP,Tmin,2,2025,13,1.8461538461538465,2.287423811257479,1.7538461538461538,5.232307692307692
strict_common,WTS,Tmin,2,2022,4,0.8749999999999996,1.2216791722870612,-0.17500000000000027,1.4924999999999988
strict_common,WTS,Tmin,2,2023,3,1.0333333333333325,1.126942766958464,0.10000000000000024,1.269999999999999
strict_common,WTS,Tmin,2,2024,4,0.6999999999999993,0.7968688725254606,0.5999999999999996,0.6349999999999988
strict_common,WTS,Tmin,2,2025,13,1.1615384615384614,1.4193714752013948,0.8999999999999999,2.014615384615384
strict_common,YLP,Tmin,2,2022,4,1.8000000000000003,2.294558781116753,1.35,5.264999999999999
strict_common,YLP,Tmin,2,2023,3,1.4333333333333336,1.5154757228892408,0.8999999999999998,2.296666666666667
strict_common,YLP,Tmin,2,2024,4,1.1000000000000005,1.159741350474321,1.1000000000000005,1.3450000000000017
strict_common,YLP,Tmin,2,2025,13,1.8846153846153848,2.5229713861604965,1.8538461538461541,6.365384615384617
lowland_available,CCH,Tmin,2,2022,301,1.6930232558139535,1.9699908089570912,1.6006644518272426,3.880863787375415
lowland_available,CCH,Tmin,2,2023,308,1.3327922077922079,1.5624136339767276,1.262012987012987,2.441136363636364
lowland_available,CCH,Tmin,2,2024,357,1.3795518207282915,1.6906150572228686,1.2434173669467787,2.8581792717086834
lowland_available,CCH,Tmin,2,2025,348,1.3591954022988506,1.5920058915156972,1.2620689655172412,2.53448275862069
lowland_available,CWB,Tmin,2,2022,313,1.0869009584664537,1.3738777005622576,0.9150159744408944,1.8875399361022362
lowland_available,CWB,Tmin,2,2023,288,1.2288194444444445,1.4689494545422588,1.160763888888889,2.1578125
lowland_available,CWB,Tmin,2,2024,321,1.3853582554517134,1.6927277107685508,1.2570093457943925,2.8653271028037386
lowland_available,CWB,Tmin,2,2025,339,1.3702064896755162,1.6183953595531004,1.2781710914454278,2.619203539823009
lowland_available,HKP,Tmin,2,2022,323,0.915170278637771,1.170192225748077,0.4965944272445821,1.3693498452012385
lowland_available,HKP,Tmin,2,2023,351,0.8632478632478633,1.064501006651658,0.4421652421652421,1.133162393162393
lowland_available,HKP,Tmin,2,2024,302,1.0420529801324505,1.3507540204793245,0.5745033112582779,1.8245364238410595
lowland_available,HKP,Tmin,2,2025,309,1.0142394822006473,1.2741136902933272,0.6472491909385112,1.6233656957928804
lowland_available,HKS,Tmin,2,2022,330,1.1363636363636365,1.4156484754558973,0.5509090909090909,2.004060606060606
lowland_available,HKS,Tmin,2,2023,311,0.9819935691318331,1.2671968202889723,0.4366559485530547,1.6057877813504822
lowland_available,HKS,Tmin,2,2024,347,1.0876080691642651,1.4471078181890862,0.5360230547550432,2.094121037463977
lowland_available,HKS,Tmin,2,2025,349,1.320916905444126,1.6613592667392914,0.9117478510028653,2.760114613180516
lowland_available,HPV,Tmin,2,2022,327,0.9376146788990827,1.1940730285679837,0.07522935779816517,1.425810397553517
lowland_available,HPV,Tmin,2,2023,321,0.9190031152647975,1.1766153475169618,0.053582554517133986,1.384423676012461
lowland_available,HPV,Tmin,2,2024,285,1.0014035087719297,1.324770751435753,0.1691228070175439,1.7550175438596494
lowland_available,HPV,Tmin,2,2025,302,1.0758278145695364,1.3727600659530772,0.4341059602649007,1.8844701986754968
lowland_available,JKB,Tmin,2,2022,334,1.3404191616766468,1.6366224164821084,1.063173652694611,2.678532934131736
lowland_available,JKB,Tmin,2,2023,264,1.3272727272727274,1.619717521200795,1.2166666666666666,2.623484848484848
lowland_available,JKB,Tmin,2,2024,358,1.4849162011173185,1.7764285305134981,1.3268156424581004,3.1556983240223464
lowland_available,JKB,Tmin,2,2025,351,1.7911680911680914,2.0754637692693785,1.7165242165242165,4.307549857549857
lowland_available,KLT,Tmin,2,2022,327,1.1737003058103979,1.4753219728409799,0.9504587155963303,2.176574923547401
lowland_available,KLT,Tmin,2,2023,259,1.17992277992278,1.4062464071168175,0.9992277992277993,1.9775289575289579
lowland_available,KLT,Tmin,2,2024,361,1.311634349030471,1.6355384891785603,1.1022160664819947,2.6749861495844875
lowland_available,KLT,Tmin,2,2025,354,1.2336158192090396,1.5006872248715437,1.0437853107344632,2.2520621468926554
lowland_available,KP,Tmin,2,2022,208,0.9774038461538462,1.2142780381140696,0.5668269230769231,1.474471153846154
lowland_available,KP,Tmin,2,2023,341,0.9126099706744869,1.1214517193995832,0.5900293255131964,1.2576539589442817
lowland_available,KP,Tmin,2,2024,350,1.0351428571428571,1.307658758457813,0.6648571428571427,1.7099714285714287
lowland_available,KP,Tmin,2,2025,346,1.0372832369942195,1.2899231504644166,0.7638728323699422,1.6639017341040463
lowland_available,KSC,Tmin,2,2022,312,1.8394230769230773,2.1256748551327385,1.75224358974359,4.518493589743589
lowland_available,KSC,Tmin,2,2023,338,1.694082840236686,1.985196694828944,1.6615384615384612,3.9410059171597633
lowland_available,KSC,Tmin,2,2024,333,1.9657657657657654,2.2845610561373095,1.9081081081081077,5.2192192192192195
lowland_available,KSC,Tmin,2,2025,332,2.224096385542169,2.484118228566019,2.1716867469879517,6.170843373493977
lowland_available,KTG,Tmin,2,2022,196,1.1137755102040816,1.381233551014809,0.8413265306122448,1.9078061224489793
lowland_available,KTG,Tmin,2,2023,350,1.11,1.3507352495162457,0.9145714285714286,1.8244857142857145
lowland_available,KTG,Tmin,2,2024,351,1.2062678062678063,1.502609316434168,0.9686609686609686,2.257834757834758
lowland_available,KTG,Tmin,2,2025,353,1.2288951841359772,1.4744471283425595,1.001699716713881,2.1739943342776202
lowland_available,LFS,Tmin,2,2022,284,1.6940140845070424,2.0396682276471436,1.575,4.16024647887324
lowland_available,LFS,Tmin,2,2023,271,1.5140221402214025,1.8249703025435926,1.3760147601476016,3.3305166051660517
lowland_available,LFS,Tmin,2,2024,315,1.626984126984127,1.9697473853021767,1.5006349206349205,3.879904761904762
lowland_available,LFS,Tmin,2,2025,349,1.7659025787965614,2.030519292198067,1.663896848137536,4.123008595988539
lowland_available,PEN,Tmin,2,2022,247,0.9372469635627528,1.1776082258557974,0.46761133603238875,1.3867611336032388
lowland_available,PEN,Tmin,2,2023,253,0.858102766798419,1.1007184143403725,0.49525691699604746,1.2115810276679841
lowland_available,PEN,Tmin,2,2024,194,1.1577319587628865,1.4516254664497177,0.8175257731958762,2.1072164948453604
lowland_available,PEN,Tmin,2,2025,304,1.0671052631578948,1.3116632671214778,0.8546052631578948,1.7204605263157895
lowland_available,PLC,Tmin,2,2022,316,1.3446202531645568,1.6492902194120056,1.2300632911392404,2.720158227848102
lowland_available,PLC,Tmin,2,2023,340,1.2155882352941176,1.4637883967938246,1.095,2.1426764705882353
lowland_available,PLC,Tmin,2,2024,346,1.4939306358381503,1.8251850804876426,1.402601156069364,3.3313005780346825
lowland_available,PLC,Tmin,2,2025,331,1.5132930513595166,1.7748750009175789,1.4293051359516618,3.1501812688821755
lowland_available,SEK,Tmin,2,2022,277,1.922021660649819,2.3561425980271795,1.7761732851985559,5.551407942238267
lowland_available,SEK,Tmin,2,2023,209,1.7770334928229663,2.275204391680766,1.6210526315789475,5.176555023923445
lowland_available,SEK,Tmin,2,2024,256,1.8562500000000002,2.3636405976797743,1.62265625,5.586796875000001
lowland_available,SEK,Tmin,2,2025,287,2.0508710801393724,2.5307722857596926,1.89198606271777,6.404808362369338
lowland_available,SHA,Tmin,2,2022,320,1.2381250000000001,1.5823439891502733,0.8774999999999998,2.5038125
lowland_available,SHA,Tmin,2,2023,341,1.160410557184751,1.5510000557770875,0.7721407624633432,2.4056011730205284
lowland_available,SHA,Tmin,2,2024,342,1.3292397660818713,1.7508894982515943,0.9081871345029239,3.0656140350877195
lowland_available,SHA,Tmin,2,2025,335,1.682089552238806,2.0991042865875316,1.4444776119402984,4.406238805970149
lowland_available,SKG,Tmin,2,2022,350,1.0265714285714285,1.2984496249648765,0.694,1.6859714285714282
lowland_available,SKG,Tmin,2,2023,333,1.0117117117117118,1.2618804786279652,0.6435435435435436,1.5923423423423424
lowland_available,SKG,Tmin,2,2024,289,1.105190311418685,1.418415705703674,0.7993079584775088,2.0119031141868513
lowland_available,SKG,Tmin,2,2025,331,1.207250755287009,1.4957745116587917,0.9238670694864051,2.2373413897280967
lowland_available,SKW,Tmin,2,2022,338,1.132544378698225,1.406893426108046,0.8011834319526626,1.9793491124260354
lowland_available,SKW,Tmin,2,2023,350,1.0094285714285716,1.2380745419515626,0.7859999999999997,1.5328285714285714
lowland_available,SKW,Tmin,2,2024,345,1.1365217391304347,1.4405816055742349,0.8588405797101448,2.0752753623188407
lowland_available,SKW,Tmin,2,2025,349,1.1309455587392552,1.371977010341443,0.8776504297994268,1.8823209169054442
lowland_available,SSH,Tmin,2,2022,333,1.6663663663663666,2.04995422200407,1.4375375375375374,4.202312312312312
lowland_available,SSH,Tmin,2,2023,351,1.452706552706553,1.8825257326005225,1.285754985754986,3.543903133903134
lowland_available,SSH,Tmin,2,2024,346,1.5534682080924855,2.017732086915028,1.3222543352601157,4.071242774566474
lowland_available,SSH,Tmin,2,2025,341,1.831964809384164,2.2901868944979586,1.62258064516129,5.2449560117302045
lowland_available,SSP,Tmin,2,2022,339,0.9731563421828908,1.228244304198664,0.5094395280235988,1.5085840707964602
lowland_available,SSP,Tmin,2,2023,350,0.8382857142857144,1.063686312513502,0.4542857142857142,1.1314285714285715
lowland_available,SSP,Tmin,2,2024,353,1.096600566572238,1.4011225770505162,0.6246458923512748,1.96314447592068
lowland_available,SSP,Tmin,2,2025,309,1.0165048543689321,1.2784876786017805,0.66957928802589,1.6345307443365698
lowland_available,STY,Tmin,2,2022,288,0.9173611111111111,1.1785702260696127,0.3548611111111112,1.3890277777777778
lowland_available,STY,Tmin,2,2023,341,0.8521994134897362,1.072722302289792,0.46217008797653947,1.150733137829912
lowland_available,STY,Tmin,2,2024,335,0.9937313432835824,1.2508027273261628,0.5829850746268657,1.5645074626865672
lowland_available,STY,Tmin,2,2025,290,1.0851724137931036,1.3325241797637943,0.8631034482758622,1.7756206896551727
lowland_available,TKL,Tmin,2,2022,318,2.4066037735849055,2.9876106858261995,2.321698113207547,8.925817610062893
lowland_available,TKL,Tmin,2,2023,338,2.2186390532544378,2.809067102823583,2.178402366863905,7.8908579881656795
lowland_available,TKL,Tmin,2,2024,354,2.377683615819209,2.9979230098321996,2.3127118644067797,8.987542372881355
lowland_available,TKL,Tmin,2,2025,271,2.847970479704797,3.5680108053383286,2.7690036900369,12.730701107011068
lowland_available,TU1,Tmin,2,2022,335,1.1791044776119404,1.4672545181036325,0.8704477611940298,2.1528358208955227
lowland_available,TU1,Tmin,2,2023,350,1.020857142857143,1.2841784477689562,0.6962857142857143,1.649114285714286
lowland_available,TU1,Tmin,2,2024,332,1.1614457831325302,1.5048515917701029,0.7289156626506024,2.264578313253012
lowland_available,TU1,Tmin,2,2025,269,1.212267657992565,1.4812458335235428,0.8739776951672863,2.194089219330855
lowland_available,TW,Tmin,2,2022,321,2.005919003115265,2.399396341528077,1.9006230529595016,5.757102803738318
lowland_available,TW,Tmin,2,2023,126,1.7285714285714286,2.103549532319273,1.6428571428571428,4.424920634920634
lowland_available,TW,Tmin,2,2024,290,1.664137931034483,2.0806497658846537,1.5082758620689654,4.3291034482758635
lowland_available,TW,Tmin,2,2025,328,1.9106707317073173,2.3040460170709456,1.758841463414634,5.308628048780488
lowland_available,TWN,Tmin,2,2022,292,2.33527397260274,2.595365996836332,2.3010273972602744,6.735924657534247
lowland_available,TWN,Tmin,2,2023,320,2.13875,2.3921878061724167,2.121875,5.7225624999999996
lowland_available,TWN,Tmin,2,2024,347,2.207492795389049,2.5417550495648618,2.1780979827089335,6.460518731988472
lowland_available,TWN,Tmin,2,2025,342,2.5207602339181285,2.7659743373877714,2.4903508771929825,7.65061403508772
lowland_available,TY1,Tmin,2,2022,69,1.001449275362319,1.265541071201781,0.3000000000000002,1.6015942028985513
lowland_available,TY1,Tmin,2,2023,299,1.0394648829431439,1.3147987116566222,0.7678929765886289,1.7286956521739134
lowland_available,TY1,Tmin,2,2024,323,1.214860681114551,1.5326377028421865,0.8111455108359134,2.3489783281733745
lowland_available,TY1,Tmin,2,2025,309,1.176051779935275,1.454843489619425,0.8504854368932038,2.1165695792880257
lowland_available,WGL,Tmin,2,2022,355,1.1132394366197182,1.3656551850694385,0.8433802816901409,1.8650140845070424
lowland_available,WGL,Tmin,2,2023,347,0.959942363112392,1.2140270472562549,0.6930835734870316,1.4738616714697408
lowland_available,WGL,Tmin,2,2024,344,1.0392441860465116,1.3269676044485088,0.6700581395348837,1.760843023255814
lowland_available,WGL,Tmin,2,2025,346,1.0578034682080926,1.310848465468822,0.7988439306358381,1.7183236994219653
lowland_available,WLP,Tmin,2,2022,315,1.552063492063492,1.9339325836479508,1.3285714285714283,3.7400952380952384
lowland_available,WLP,Tmin,2,2023,303,1.4174917491749175,1.7891403249354787,1.2669966996699669,3.2010231023102307
lowland_available,WLP,Tmin,2,2024,342,1.5640350877192981,1.9293895043896976,1.162280701754386,3.7225438596491225
lowland_available,WLP,Tmin,2,2025,342,1.8801169590643274,2.244186772308813,1.7169590643274855,5.036374269005848
lowland_available,WTS,Tmin,2,2022,299,1.0789297658862878,1.3482554068649115,0.6976588628762541,1.8177926421404682
lowland_available,WTS,Tmin,2,2023,342,0.8956140350877193,1.126177096997257,0.4809941520467837,1.2682748538011694
lowland_available,WTS,Tmin,2,2024,323,1.1003095975232198,1.4135347520864272,0.6786377708978328,1.9980804953560372
lowland_available,WTS,Tmin,2,2025,335,1.0898507462686569,1.3578406914228127,0.7071641791044776,1.843731343283582
lowland_available,YLP,Tmin,2,2022,277,1.8501805054151625,2.2922172514397134,1.7086642599277977,5.254259927797834
lowland_available,YLP,Tmin,2,2023,299,1.606354515050167,2.0331450833046536,1.491304347826087,4.133678929765886
lowland_available,YLP,Tmin,2,2024,321,1.55202492211838,2.015160607530651,1.2112149532710281,4.060872274143302
lowland_available,YLP,Tmin,2,2025,339,1.709734513274336,2.1383422024155228,1.4359882005899705,4.572507374631268
all_available,CCH,Tmin,3,2022,300,1.715666666666667,2.012734458392363,1.6196666666666666,4.0511
all_available,CCH,Tmin,3,2023,308,1.3633116883116883,1.6275529396700346,1.262012987012987,2.6489285714285713
all_available,CCH,Tmin,3,2024,357,1.4165266106442578,1.7635986255508416,1.2658263305322128,3.110280112044818
all_available,CCH,Tmin,3,2025,348,1.403448275862069,1.661601498624109,1.2879310344827586,2.7609195402298847
all_available,CWB,Tmin,3,2022,312,1.087179487179487,1.4124446891825535,0.9102564102564102,1.995
all_available,CWB,Tmin,3,2023,288,1.2593750000000001,1.5447604093263854,1.160763888888889,2.3862847222222214
all_available,CWB,Tmin,3,2024,321,1.4165109034267913,1.7781733075059023,1.2601246105919004,3.16190031152648
all_available,CWB,Tmin,3,2025,339,1.4067846607669618,1.6797509999487747,1.3076696165191741,2.821563421828909
all_available,HKP,Tmin,3,2022,322,0.9406832298136645,1.215186001661285,0.4922360248447205,1.4766770186335403
all_available,HKP,Tmin,3,2023,351,0.933903133903134,1.1649437828041391,0.45356125356125354,1.3570940170940171
all_available,HKP,Tmin,3,2024,302,1.112251655629139,1.4228620536935614,0.6076158940397349,2.0245364238410595
all_available,HKP,Tmin,3,2025,309,1.0621359223300972,1.3322244579921554,0.6666666666666665,1.7748220064724922
all_available,HKS,Tmin,3,2022,329,1.1297872340425534,1.4267632934165113,0.5522796352583587,2.0356534954407297
all_available,HKS,Tmin,3,2023,311,1.0662379421221866,1.3416407864998738,0.45916398713826373,1.7999999999999998
all_available,HKS,Tmin,3,2024,347,1.138904899135447,1.5106347311862927,0.553314121037464,2.2820172910662824
all_available,HKS,Tmin,3,2025,349,1.3335243553008596,1.6927961304466095,0.9346704871060172,2.8655587392550146
all_available,HPV,Tmin,3,2022,326,0.9530674846625768,1.2267844146385298,0.07269938650306751,1.5050000000000001
all_available,HPV,Tmin,3,2023,321,1.0,1.2485505615203965,0.06604361370716515,1.5588785046728972
all_available,HPV,Tmin,3,2024,285,1.0708771929824559,1.3838415891494407,0.16561403508771932,1.915017543859649
all_available,HPV,Tmin,3,2025,302,1.112251655629139,1.415278504405798,0.45066225165562923,2.0030132450331126
all_available,JKB,Tmin,3,2022,333,1.3522522522522522,1.6625444517528107,1.0633633633633632,2.7640540540540544
all_available,JKB,Tmin,3,2023,264,1.3674242424242424,1.667878347427708,1.2204545454545455,2.7818181818181817
all_available,JKB,Tmin,3,2024,358,1.5290502793296092,1.8356646764780526,1.3463687150837986,3.3696648044692736
all_available,JKB,Tmin,3,2025,351,1.813960113960114,2.119741692590124,1.7364672364672364,4.493304843304843
all_available,KLT,Tmin,3,2022,326,1.1978527607361964,1.5079035135362504,0.9524539877300614,2.2737730061349692
all_available,KLT,Tmin,3,2023,259,1.2494208494208494,1.5184578643196807,0.9992277992277993,2.305714285714286
all_available,KLT,Tmin,3,2024,361,1.3614958448753465,1.7166852682566214,1.118836565096953,2.947008310249308
all_available,KLT,Tmin,3,2025,354,1.285593220338983,1.5659061743580474,1.0748587570621468,2.452062146892655
all_available,KP,Tmin,3,2022,208,0.9629807692307693,1.2091199915004935,0.5572115384615385,1.4619711538461537
all_available,KP,Tmin,3,2023,341,0.9618768328445748,1.2186960003827754,0.6046920821114369,1.4852199413489735
all_available,KP,Tmin,3,2024,350,1.114,1.4177346114740335,0.6905714285714285,2.0099714285714287
all_available,KP,Tmin,3,2025,346,1.0979768786127166,1.365882805423031,0.804335260115607,1.8656358381502893
all_available,KSC,Tmin,3,2022,311,1.832154340836013,2.133396971183738,1.7311897106109329,4.551382636655949
all_available,KSC,Tmin,3,2023,338,1.7059171597633134,2.020208554469141,1.6674556213017748,4.0812426035502956
all_available,KSC,Tmin,3,2024,333,1.9963963963963962,2.3526867907001847,1.9261261261261258,5.535135135135135
all_available,KSC,Tmin,3,2025,332,2.246987951807229,2.5306078130786007,2.1957831325301207,6.403975903614458
all_available,KTG,Tmin,3,2022,196,1.1454081632653061,1.425228230917449,0.8617346938775509,2.0312755102040816
all_available,KTG,Tmin,3,2023,350,1.1545714285714286,1.4453570987327466,0.9231428571428572,2.089057142857143
all_available,KTG,Tmin,3,2024,351,1.271794871794872,1.6045696851940943,0.9914529914529915,2.5746438746438747
all_available,KTG,Tmin,3,2025,353,1.2742209631728045,1.538385158269585,1.0356940509915014,2.366628895184136
all_available,LFS,Tmin,3,2022,283,1.66113074204947,2.044513471633055,1.5579505300353358,4.1800353356890465
all_available,LFS,Tmin,3,2023,271,1.548708487084871,1.8848492848416993,1.4055350553505537,3.5526568265682656
all_available,LFS,Tmin,3,2024,315,1.661904761904762,2.0360013721266466,1.5292063492063492,4.145301587301587
all_available,LFS,Tmin,3,2025,349,1.7928366762177652,2.0782197031763716,1.6925501432664758,4.318997134670487
all_available,NGP,Tmin,3,2022,223,4.630044843049327,4.815068835684146,4.630044843049327,23.18488789237668
all_available,NGP,Tmin,3,2023,202,4.646534653465346,4.863360692743524,4.646534653465346,23.65227722772277
all_available,NGP,Tmin,3,2024,122,4.947540983606557,5.230365313386381,4.947540983606557,27.356721311475415
all_available,NGP,Tmin,3,2025,210,4.707619047619048,4.87830962136525,4.69047619047619,23.797904761904764
all_available,PEN,Tmin,3,2022,246,0.9626016260162601,1.2192227298736888,0.47560975609756106,1.4865040650406502
all_available,PEN,Tmin,3,2023,253,0.9347826086956522,1.1930795175418383,0.4873517786561265,1.4234387351778657
all_available,PEN,Tmin,3,2024,194,1.2752577319587628,1.579834259870254,0.879381443298969,2.4958762886597934
all_available,PEN,Tmin,3,2025,304,1.118421052631579,1.3929096770505447,0.9006578947368421,1.9401973684210525
all_available,PLC,Tmin,3,2022,315,1.3536507936507935,1.6808539024168165,1.2304761904761905,2.8252698412698414
all_available,PLC,Tmin,3,2023,340,1.259705882352941,1.5583834006846364,1.1038235294117646,2.428558823529412
all_available,PLC,Tmin,3,2024,346,1.5453757225433524,1.9118054294305162,1.425722543352601,3.6550000000000002
all_available,PLC,Tmin,3,2025,331,1.5634441087613293,1.83842011510902,1.465558912386707,3.3797885196374624
all_available,SEK,Tmin,3,2022,276,1.9300724637681157,2.387960441980513,1.7728260869565216,5.702355072463768
all_available,SEK,Tmin,3,2023,209,1.843062200956938,2.330677458651871,1.6401913875598086,5.432057416267942
all_available,SEK,Tmin,3,2024,256,1.8992187500000002,2.431097360247014,1.64609375,5.910234375
all_available,SEK,Tmin,3,2025,287,2.0662020905923346,2.5537974729999724,1.9198606271777003,6.521881533101046
all_available,SHA,Tmin,3,2022,319,1.2667711598746083,1.620605947281336,0.8836990595611285,2.626363636363636
all_available,SHA,Tmin,3,2023,341,1.2442815249266863,1.616910271777464,0.7721407624633432,2.614398826979472
all_available,SHA,Tmin,3,2024,342,1.4035087719298247,1.8190351532856337,0.9345029239766081,3.308888888888889
all_available,SHA,Tmin,3,2025,335,1.714328358208955,2.149967025085553,1.4862686567164178,4.622358208955223
all_available,SKG,Tmin,3,2022,349,1.0570200573065902,1.3410960748389444,0.6988538681948423,1.7985386819484235
all_available,SKG,Tmin,3,2023,333,1.0675675675675678,1.3277473076278155,0.6465465465465465,1.762912912912913
all_available,SKG,Tmin,3,2024,289,1.1813148788927335,1.5119363601333973,0.8166089965397926,2.285951557093426
all_available,SKG,Tmin,3,2025,331,1.244712990936556,1.554410934558272,0.9540785498489428,2.4161933534743207
all_available,SKW,Tmin,3,2022,337,1.1305637982195846,1.43025801245644,0.8011869436201781,2.0456379821958457
all_available,SKW,Tmin,3,2023,350,1.038,1.3107140910860111,0.7974285714285712,1.7179714285714285
all_available,SKW,Tmin,3,2024,345,1.2084057971014492,1.5309086058352046,0.8791304347826085,2.34368115942029
all_available,SKW,Tmin,3,2025,349,1.1676217765042982,1.4286567719084142,0.9005730659025787,2.0410601719197707
all_available,SSH,Tmin,3,2022,332,1.6686746987951808,2.0794172028754736,1.4421686746987952,4.323975903614458
all_available,SSH,Tmin,3,2023,351,1.5051282051282053,1.931674797000655,1.2886039886039888,3.7313675213675213
all_available,SSH,Tmin,3,2024,346,1.6066473988439305,2.0859078504798916,1.3395953757225434,4.3510115606936415
all_available,SSH,Tmin,3,2025,341,1.8583577712609969,2.3320601190421697,1.6519061583577712,5.438504398826979
all_available,SSP,Tmin,3,2022,338,0.9964497041420118,1.2718155498732544,0.5159763313609468,1.6175147928994085
all_available,SSP,Tmin,3,2023,350,0.92,1.1749772034262744,0.46,1.3805714285714288
all_available,SSP,Tmin,3,2024,353,1.1793201133144475,1.4999433417061498,0.6388101983002833,2.2498300283286117
all_available,SSP,Tmin,3,2025,309,1.0650485436893204,1.3414839872417004,0.698705501618123,1.7995792880258905
all_available,STY,Tmin,3,2022,287,0.9310104529616726,1.217754831346726,0.37282229965156793,1.4829268292682927
all_available,STY,Tmin,3,2023,341,0.9020527859237537,1.1507997983807086,0.47683284457478,1.3243401759530793
all_available,STY,Tmin,3,2024,335,1.0540298507462689,1.326098530816182,0.5949253731343284,1.7585373134328361
all_available,STY,Tmin,3,2025,290,1.1244827586206898,1.386299962564703,0.9044827586206899,1.921827586206897
all_available,TKL,Tmin,3,2022,317,2.404416403785489,3.005211036748388,2.3173501577287063,9.031293375394322
all_available,TKL,Tmin,3,2023,338,2.230473372781065,2.8363187659379605,2.1872781065088756,8.044704142011835
all_available,TKL,Tmin,3,2024,354,2.406497175141243,3.0371475987714467,2.332485875706215,9.224265536723165
all_available,TKL,Tmin,3,2025,271,2.892988929889299,3.6190455613196897,2.8169741697416972,13.09749077490775
all_available,TU1,Tmin,3,2022,334,1.1934131736526947,1.4961427451190794,0.8658682634730539,2.2384431137724548
all_available,TU1,Tmin,3,2023,350,1.0739999999999998,1.3467314930177114,0.7077142857142857,1.8136857142857141
all_available,TU1,Tmin,3,2024,332,1.23855421686747,1.6033098295833386,0.75,2.5706024096385542
all_available,TU1,Tmin,3,2025,269,1.2241635687732342,1.5281862320578932,0.8888475836431228,2.3353531598513007
all_available,TW,Tmin,3,2022,320,1.99375,2.410407123288512,1.89125,5.810062499999999
all_available,TW,Tmin,3,2023,126,1.7444444444444445,2.130168783833583,1.6111111111111112,4.537619047619048
all_available,TW,Tmin,3,2024,290,1.6958620689655175,2.1105972352998035,1.5082758620689654,4.454620689655173
all_available,TW,Tmin,3,2025,328,1.9283536585365855,2.3238096874345446,1.7771341463414636,5.400091463414635
all_available,TWN,Tmin,3,2022,291,2.3134020618556703,2.6061518550170737,2.287972508591066,6.792027491408935
all_available,TWN,Tmin,3,2023,320,2.163125,2.442987412984357,2.13125,5.9681875
all_available,TWN,Tmin,3,2024,347,2.2345821325648414,2.5812447012038193,2.192507204610951,6.662824207492795
all_available,TWN,Tmin,3,2025,342,2.554093567251462,2.815740011589404,2.522514619883041,7.928391812865498
all_available,TY1,Tmin,3,2022,69,1.0478260869565217,1.2758060822163728,0.328985507246377,1.62768115942029
all_available,TY1,Tmin,3,2023,299,1.1377926421404683,1.4173789933191268,0.7846153846153846,2.0089632107023414
all_available,TY1,Tmin,3,2024,323,1.2873065015479874,1.6158272905287054,0.826625386996904,2.6108978328173373
all_available,TY1,Tmin,3,2025,309,1.2135922330097086,1.5034157441228209,0.8796116504854368,2.260258899676375
all_available,WGL,Tmin,3,2022,354,1.1217514124293786,1.3888478336681618,0.85,1.928898305084746
all_available,WGL,Tmin,3,2023,347,1.0072046109510087,1.2814684480256635,0.6959654178674352,1.6421613832853028
all_available,WGL,Tmin,3,2024,344,1.1136627906976744,1.4135247877491908,0.690406976744186,1.9980523255813951
all_available,WGL,Tmin,3,2025,346,1.0965317919075144,1.3726688068063582,0.8277456647398843,1.8842196531791908
all_available,WLP,Tmin,3,2022,314,1.542675159235669,1.952656201700191,1.3369426751592357,3.8128662420382167
all_available,WLP,Tmin,3,2023,303,1.4386138613861386,1.8124159249875607,1.2735973597359735,3.284851485148515
all_available,WLP,Tmin,3,2024,342,1.6225146198830411,1.9942241159311567,1.185672514619883,3.9769298245614038
all_available,WLP,Tmin,3,2025,342,1.9064327485380117,2.281914657239393,1.7549707602339182,5.207134502923977
all_available,WTS,Tmin,3,2022,298,1.110738255033557,1.3872380942726963,0.7026845637583893,1.9244295302013423
all_available,WTS,Tmin,3,2023,342,1.0008771929824563,1.2478636715162672,0.48684210526315796,1.5571637426900586
all_available,WTS,Tmin,3,2024,323,1.1777089783281733,1.5103154079790575,0.7065015479876161,2.281052631578947
all_available,WTS,Tmin,3,2025,335,1.1364179104477614,1.417639408501793,0.748955223880597,2.0097014925373133
all_available,YLP,Tmin,3,2022,276,1.8202898550724635,2.2773140802906076,1.6768115942028985,5.186159420289855
all_available,YLP,Tmin,3,2023,299,1.6284280936454851,2.0699878014925015,1.4979933110367891,4.28484949832776
all_available,YLP,Tmin,3,2024,321,1.586292834890966,2.068258858085671,1.226791277258567,4.2776947040498445
all_available,YLP,Tmin,3,2025,339,1.7321533923303836,2.1819046644163373,1.4713864306784659,4.76070796460177
strict_common,CCH,Tmin,3,2022,4,1.2750000000000004,1.4739402972983682,0.27500000000000036,2.172500000000002
strict_common,CCH,Tmin,3,2023,3,1.0,1.3216151734399337,0.4666666666666662,1.7466666666666664
strict_common,CCH,Tmin,3,2024,4,1.5,1.5890248582070705,1.5,2.525000000000001
strict_common,CCH,Tmin,3,2025,13,1.2076923076923074,1.5681934731501623,1.0692307692307692,2.459230769230769
strict_common,CWB,Tmin,3,2022,4,0.9249999999999998,1.1258330249197697,0.17499999999999982,1.2674999999999987
strict_common,CWB,Tmin,3,2023,3,1.1000000000000003,1.6842406795546365,0.8333333333333321,2.836666666666664
strict_common,CWB,Tmin,3,2024,4,1.2249999999999992,1.2776932339180629,1.2249999999999992,1.6324999999999976
strict_common,CWB,Tmin,3,2025,13,1.2538461538461538,1.4562861088293162,1.0846153846153845,2.120769230769231
strict_common,HKP,Tmin,3,2022,4,1.0250000000000004,1.3294735800308335,-0.17499999999999982,1.767500000000001
strict_common,HKP,Tmin,3,2023,3,1.1333333333333329,1.2884098726725122,0.13333333333333286,1.659999999999999
strict_common,HKP,Tmin,3,2024,4,0.5249999999999999,0.8077747210701756,0.2250000000000001,0.6524999999999999
strict_common,HKP,Tmin,3,2025,13,0.9230769230769234,1.1340872303988996,0.584615384615385,1.2861538461538466
strict_common,HKS,Tmin,3,2022,4,1.525,1.6948451256678292,-0.12499999999999956,2.8724999999999996
strict_common,HKS,Tmin,3,2023,3,1.2333333333333332,1.3771952173409063,-0.43333333333333357,1.8966666666666663
strict_common,HKS,Tmin,3,2024,4,0.30000000000000027,0.4582575694955834,0.19999999999999885,0.20999999999999944
strict_common,HKS,Tmin,3,2025,13,1.3461538461538458,1.7148671175252121,0.9769230769230766,2.94076923076923
strict_common,HPV,Tmin,3,2022,4,1.6,1.7492855684535902,0.10000000000000009,3.06
strict_common,HPV,Tmin,3,2023,3,1.5333333333333325,1.5705625319186323,-0.7333333333333331,2.466666666666665
strict_common,HPV,Tmin,3,2024,4,0.3999999999999999,0.44158804331639245,-0.0999999999999992,0.19500000000000012
strict_common,HPV,Tmin,3,2025,13,1.1615384615384614,1.378683876299868,0.46923076923076934,1.90076923076923
strict_common,JKB,Tmin,3,2022,4,1.3000000000000003,1.4983324063771704,0.1499999999999999,2.245000000000002
strict_common,JKB,Tmin,3,2023,3,0.8999999999999998,1.3916417163432062,0.7666666666666669,1.9366666666666648
strict_common,JKB,Tmin,3,2024,4,1.25,1.2589678312014172,1.25,1.585
strict_common,JKB,Tmin,3,2025,13,1.7769230769230773,2.1610182784974308,1.7769230769230773,4.67
strict_common,KLT,Tmin,3,2022,4,1.0999999999999996,1.3674794331177338,0.09999999999999964,1.8699999999999988
strict_common,KLT,Tmin,3,2023,3,0.9333333333333336,1.2780193008453884,0.4666666666666674,1.6333333333333353
strict_common,KLT,Tmin,3,2024,4,0.9249999999999998,1.0920164833920778,0.9249999999999998,1.1925000000000001
strict_common,KLT,Tmin,3,2025,13,1.353846153846154,1.5506822319919011,1.1538461538461537,2.404615384615384
strict_common,KP,Tmin,3,2022,4,1.15,1.4017845768876183,-0.050000000000000266,1.964999999999999
strict_common,KP,Tmin,3,2023,3,1.0333333333333339,1.2922847983320087,0.29999999999999954,1.6700000000000002
strict_common,KP,Tmin,3,2024,4,0.5749999999999997,0.729725975966321,0.5249999999999999,0.5324999999999998
strict_common,KP,Tmin,3,2025,13,1.0692307692307694,1.2338183384549335,0.7923076923076924,1.522307692307693
strict_common,KSC,Tmin,3,2022,4,1.4499999999999997,1.5329709716755888,1.1,2.349999999999999
strict_common,KSC,Tmin,3,2023,3,1.1666666666666667,1.6114175953695755,1.1666666666666667,2.5966666666666653
strict_common,KSC,Tmin,3,2024,4,1.625,1.6725728683677732,1.625,2.7975000000000003
strict_common,KSC,Tmin,3,2025,13,2.3923076923076922,2.6865763171166956,2.3923076923076922,7.2176923076923085
strict_common,KTG,Tmin,3,2022,4,1.2749999999999995,1.3294735800308324,0.7249999999999996,1.7674999999999983
strict_common,KTG,Tmin,3,2023,3,1.1000000000000003,1.586400537905439,0.6999999999999993,2.5166666666666657
strict_common,KTG,Tmin,3,2024,4,1.1,1.1291589790636214,1.1,1.275
strict_common,KTG,Tmin,3,2025,13,1.2615384615384615,1.4288241534697197,1.092307692307692,2.0415384615384613
strict_common,LFS,Tmin,3,2022,4,1.475,1.5206906325745548,0.9750000000000001,2.3125
strict_common,LFS,Tmin,3,2023,3,1.0,1.2832251036613445,0.8666666666666671,1.6466666666666685
strict_common,LFS,Tmin,3,2024,4,1.4249999999999998,1.5596473960482216,1.4249999999999998,2.4324999999999983
strict_common,LFS,Tmin,3,2025,13,1.7076923076923074,2.0580050085907504,1.7076923076923074,4.235384615384614
strict_common,NGP,Tmin,3,2022,4,4.15,4.222558466143483,4.15,17.830000000000005
strict_common,NGP,Tmin,3,2023,3,3.633333333333334,3.6855573979159972,3.633333333333334,13.583333333333337
strict_common,NGP,Tmin,3,2024,4,5.425000000000001,5.455501810099599,5.425000000000001,29.762500000000003
strict_common,NGP,Tmin,3,2025,13,4.584615384615385,4.800640982843213,4.584615384615385,23.046153846153842
strict_common,PEN,Tmin,3,2022,4,0.9249999999999998,1.3937359864766352,-0.375,1.9424999999999994
strict_common,PEN,Tmin,3,2023,3,1.1666666666666667,1.2819256348686274,-0.36666666666666714,1.6433333333333335
strict_common,PEN,Tmin,3,2024,4,1.0249999999999995,1.052378258992459,1.0249999999999995,1.1074999999999993
strict_common,PEN,Tmin,3,2025,13,1.0999999999999999,1.3286777695832106,0.7153846153846156,1.7653846153846156
strict_common,PLC,Tmin,3,2022,4,0.7999999999999998,0.977241014284603,0.2999999999999998,0.9549999999999995
strict_common,PLC,Tmin,3,2023,3,1.0666666666666675,1.3089435944047918,0.5333333333333338,1.7133333333333363
strict_common,PLC,Tmin,3,2024,4,1.625,1.7095320997278758,1.625,2.9225
strict_common,PLC,Tmin,3,2025,13,1.5,1.7255991155805304,1.3615384615384611,2.9776923076923083
strict_common,SEK,Tmin,3,2022,4,1.975,2.5656383221335,1.4250000000000003,6.582500000000001
strict_common,SEK,Tmin,3,2023,3,0.8666666666666659,0.912870929175276,0.5333333333333327,0.8333333333333318
strict_common,SEK,Tmin,3,2024,4,1.2750000000000004,1.312440474840669,1.2750000000000004,1.722500000000001
strict_common,SEK,Tmin,3,2025,13,2.038461538461539,2.718738395200697,2.0230769230769234,7.391538461538461
strict_common,SHA,Tmin,3,2022,4,0.8250000000000002,0.9810708435174292,0.025000000000000355,0.9625000000000001
strict_common,SHA,Tmin,3,2023,3,1.0,1.1165422816296147,0.13333333333333286,1.246666666666666
strict_common,SHA,Tmin,3,2024,4,0.9000000000000004,1.0173494974687904,0.75,1.0350000000000004
strict_common,SHA,Tmin,3,2025,13,1.6846153846153844,2.2649503305812253,1.6384615384615382,5.130000000000001
strict_common,SKG,Tmin,3,2022,4,0.9000000000000004,1.027131929208707,-0.1999999999999993,1.0550000000000004
strict_common,SKG,Tmin,3,2023,3,1.1666666666666667,1.4247806848775009,0.4333333333333324,2.0300000000000002
strict_common,SKG,Tmin,3,2024,4,0.3750000000000009,0.45000000000000107,0.3750000000000009,0.20250000000000096
strict_common,SKG,Tmin,3,2025,13,1.3461538461538463,1.7076749825870983,1.1769230769230772,2.9161538461538465
strict_common,SKW,Tmin,3,2022,4,1.1999999999999997,1.3266499161421597,4.440892098500626e-16,1.7599999999999993
strict_common,SKW,Tmin,3,2023,3,1.1000000000000003,1.586400537905439,0.7666666666666669,2.5166666666666657
strict_common,SKW,Tmin,3,2024,4,0.6749999999999998,0.83815273071201,0.6749999999999998,0.7024999999999991
strict_common,SKW,Tmin,3,2025,13,1.1461538461538465,1.3170479811363691,0.8538461538461538,1.7346153846153858
strict_common,SSH,Tmin,3,2022,4,1.5750000000000006,1.7599715906798046,1.1250000000000004,3.097500000000002
strict_common,SSH,Tmin,3,2023,3,0.8333333333333334,1.0472185381603336,0.4333333333333324,1.0966666666666662
strict_common,SSH,Tmin,3,2024,4,1.0250000000000008,1.169401556352651,1.0250000000000008,1.3675000000000024
strict_common,SSH,Tmin,3,2025,13,1.7307692307692313,2.3652939319702715,1.6538461538461544,5.594615384615387
strict_common,SSP,Tmin,3,2022,4,1.0499999999999998,1.3693063937629153,-0.10000000000000053,1.875
strict_common,SSP,Tmin,3,2023,3,0.9666666666666673,1.1902380714238088,-0.3000000000000007,1.4166666666666676
strict_common,SSP,Tmin,3,2024,4,0.6499999999999995,0.8185352771872444,0.5499999999999998,0.669999999999999
strict_common,SSP,Tmin,3,2025,13,0.9846153846153849,1.2121182983647967,0.6615384615384616,1.4692307692307702
strict_common,STY,Tmin,3,2022,4,1.1499999999999995,1.2124355652982135,-0.4500000000000002,1.4699999999999984
strict_common,STY,Tmin,3,2023,3,1.5,1.6299284237863532,0.09999999999999905,2.656666666666666
strict_common,STY,Tmin,3,2024,4,0.42500000000000027,0.5590169943749477,0.2250000000000001,0.3125000000000002
strict_common,STY,Tmin,3,2025,13,1.0153846153846158,1.1361202536568178,0.6615384615384621,1.2907692307692318
strict_common,TKL,Tmin,3,2022,4,2.6,3.3488804099280705,2.35,11.215
strict_common,TKL,Tmin,3,2023,3,1.0666666666666664,1.4259499757471619,0.7333333333333331,2.0333333333333314
strict_common,TKL,Tmin,3,2024,4,2.1999999999999997,2.2304708023195463,2.1999999999999997,4.975
strict_common,TKL,Tmin,3,2025,13,2.946153846153846,3.7471014438855574,2.946153846153846,14.04076923076923
strict_common,TU1,Tmin,3,2022,4,1.0999999999999996,1.2020815280171306,0.14999999999999947,1.4449999999999994
strict_common,TU1,Tmin,3,2023,3,1.0333333333333325,1.2449899597988725,-0.2333333333333331,1.549999999999998
strict_common,TU1,Tmin,3,2024,4,0.8750000000000009,0.9096702699330136,0.6250000000000009,0.8275000000000018
strict_common,TU1,Tmin,3,2025,13,1.0769230769230769,1.5053749852292104,0.9846153846153844,2.2661538461538457
strict_common,TW,Tmin,3,2022,4,2.1000000000000005,2.5641762809916173,1.1500000000000004,6.575000000000002
strict_common,TW,Tmin,3,2023,3,1.3666666666666665,1.37234592334926,0.566666666666667,1.883333333333333
strict_common,TW,Tmin,3,2024,4,1.75,1.841195263952197,1.75,3.3899999999999997
strict_common,TW,Tmin,3,2025,13,1.7923076923076926,2.3489768640181006,1.776923076923077,5.517692307692309
strict_common,TWN,Tmin,3,2022,4,2.0,2.073644135332772,1.2999999999999998,4.3
strict_common,TWN,Tmin,3,2023,3,1.4333333333333336,1.7175564037317665,1.366666666666666,2.9499999999999993
strict_common,TWN,Tmin,3,2024,4,2.374999999999999,2.420227262056189,2.374999999999999,5.8574999999999955
strict_common,TWN,Tmin,3,2025,13,2.6538461538461533,2.9389951186914733,2.6538461538461533,8.637692307692307
strict_common,TY1,Tmin,3,2022,4,0.9749999999999992,1.3829316685939328,-0.42500000000000027,1.912499999999999
strict_common,TY1,Tmin,3,2023,3,0.8999999999999998,1.1030261405182862,-0.033333333333332625,1.216666666666666
strict_common,TY1,Tmin,3,2024,4,0.75,0.8573214099741125,0.25,0.7350000000000003
strict_common,TY1,Tmin,3,2025,13,1.1307692307692305,1.456286108829316,0.7153846153846148,2.12076923076923
strict_common,WGL,Tmin,3,2022,4,1.2500000000000004,1.440486029088794,-0.19999999999999973,2.075000000000002
strict_common,WGL,Tmin,3,2023,3,1.3333333333333333,1.6145174717749786,0.40000000000000097,2.6066666666666687
strict_common,WGL,Tmin,3,2024,4,0.7250000000000005,0.7664854858377953,0.47500000000000053,0.587500000000001
strict_common,WGL,Tmin,3,2025,13,0.8230769230769232,0.9934400218045759,0.43846153846153857,0.9869230769230762
strict_common,WLP,Tmin,3,2022,4,1.725,2.2588713996153036,0.7250000000000001,5.1025
strict_common,WLP,Tmin,3,2023,3,0.7333333333333331,1.0519822558706335,0.6000000000000002,1.1066666666666671
strict_common,WLP,Tmin,3,2024,4,1.0250000000000004,1.1324751652906127,0.7750000000000004,1.2825000000000006
strict_common,WLP,Tmin,3,2025,13,1.7692307692307696,2.2671568097509267,1.676923076923077,5.14
strict_common,WTS,Tmin,3,2022,4,0.8749999999999996,1.2216791722870612,-0.17500000000000027,1.4924999999999988
strict_common,WTS,Tmin,3,2023,3,1.1000000000000003,1.1561430130683084,-0.2333333333333331,1.3366666666666667
strict_common,WTS,Tmin,3,2024,4,0.6999999999999993,0.7968688725254606,0.5999999999999996,0.6349999999999988
strict_common,WTS,Tmin,3,2025,13,1.176923076923077,1.4247806848775006,0.823076923076923,2.03
strict_common,YLP,Tmin,3,2022,4,1.8000000000000003,2.294558781116753,1.35,5.264999999999999
strict_common,YLP,Tmin,3,2023,3,1.1000000000000003,1.1387127235025818,0.5666666666666664,1.296666666666667
strict_common,YLP,Tmin,3,2024,4,1.1000000000000005,1.159741350474321,1.1000000000000005,1.3450000000000017
strict_common,YLP,Tmin,3,2025,13,1.8230769230769235,2.510746134886232,1.7769230769230773,6.303846153846154
lowland_available,CCH,Tmin,3,2022,300,1.715666666666667,2.012734458392363,1.6196666666666666,4.0511
lowland_available,CCH,Tmin,3,2023,308,1.3633116883116883,1.6275529396700346,1.262012987012987,2.6489285714285713
lowland_available,CCH,Tmin,3,2024,357,1.4165266106442578,1.7635986255508416,1.2658263305322128,3.110280112044818
lowland_available,CCH,Tmin,3,2025,348,1.403448275862069,1.661601498624109,1.2879310344827586,2.7609195402298847
lowland_available,CWB,Tmin,3,2022,312,1.087179487179487,1.4124446891825535,0.9102564102564102,1.995
lowland_available,CWB,Tmin,3,2023,288,1.2593750000000001,1.5447604093263854,1.160763888888889,2.3862847222222214
lowland_available,CWB,Tmin,3,2024,321,1.4165109034267913,1.7781733075059023,1.2601246105919004,3.16190031152648
lowland_available,CWB,Tmin,3,2025,339,1.4067846607669618,1.6797509999487747,1.3076696165191741,2.821563421828909
lowland_available,HKP,Tmin,3,2022,322,0.9406832298136645,1.215186001661285,0.4922360248447205,1.4766770186335403
lowland_available,HKP,Tmin,3,2023,351,0.933903133903134,1.1649437828041391,0.45356125356125354,1.3570940170940171
lowland_available,HKP,Tmin,3,2024,302,1.112251655629139,1.4228620536935614,0.6076158940397349,2.0245364238410595
lowland_available,HKP,Tmin,3,2025,309,1.0621359223300972,1.3322244579921554,0.6666666666666665,1.7748220064724922
lowland_available,HKS,Tmin,3,2022,329,1.1297872340425534,1.4267632934165113,0.5522796352583587,2.0356534954407297
lowland_available,HKS,Tmin,3,2023,311,1.0662379421221866,1.3416407864998738,0.45916398713826373,1.7999999999999998
lowland_available,HKS,Tmin,3,2024,347,1.138904899135447,1.5106347311862927,0.553314121037464,2.2820172910662824
lowland_available,HKS,Tmin,3,2025,349,1.3335243553008596,1.6927961304466095,0.9346704871060172,2.8655587392550146
lowland_available,HPV,Tmin,3,2022,326,0.9530674846625768,1.2267844146385298,0.07269938650306751,1.5050000000000001
lowland_available,HPV,Tmin,3,2023,321,1.0,1.2485505615203965,0.06604361370716515,1.5588785046728972
lowland_available,HPV,Tmin,3,2024,285,1.0708771929824559,1.3838415891494407,0.16561403508771932,1.915017543859649
lowland_available,HPV,Tmin,3,2025,302,1.112251655629139,1.415278504405798,0.45066225165562923,2.0030132450331126
lowland_available,JKB,Tmin,3,2022,333,1.3522522522522522,1.6625444517528107,1.0633633633633632,2.7640540540540544
lowland_available,JKB,Tmin,3,2023,264,1.3674242424242424,1.667878347427708,1.2204545454545455,2.7818181818181817
lowland_available,JKB,Tmin,3,2024,358,1.5290502793296092,1.8356646764780526,1.3463687150837986,3.3696648044692736
lowland_available,JKB,Tmin,3,2025,351,1.813960113960114,2.119741692590124,1.7364672364672364,4.493304843304843
lowland_available,KLT,Tmin,3,2022,326,1.1978527607361964,1.5079035135362504,0.9524539877300614,2.2737730061349692
lowland_available,KLT,Tmin,3,2023,259,1.2494208494208494,1.5184578643196807,0.9992277992277993,2.305714285714286
lowland_available,KLT,Tmin,3,2024,361,1.3614958448753465,1.7166852682566214,1.118836565096953,2.947008310249308
lowland_available,KLT,Tmin,3,2025,354,1.285593220338983,1.5659061743580474,1.0748587570621468,2.452062146892655
lowland_available,KP,Tmin,3,2022,208,0.9629807692307693,1.2091199915004935,0.5572115384615385,1.4619711538461537
lowland_available,KP,Tmin,3,2023,341,0.9618768328445748,1.2186960003827754,0.6046920821114369,1.4852199413489735
lowland_available,KP,Tmin,3,2024,350,1.114,1.4177346114740335,0.6905714285714285,2.0099714285714287
lowland_available,KP,Tmin,3,2025,346,1.0979768786127166,1.365882805423031,0.804335260115607,1.8656358381502893
lowland_available,KSC,Tmin,3,2022,311,1.832154340836013,2.133396971183738,1.7311897106109329,4.551382636655949
lowland_available,KSC,Tmin,3,2023,338,1.7059171597633134,2.020208554469141,1.6674556213017748,4.0812426035502956
lowland_available,KSC,Tmin,3,2024,333,1.9963963963963962,2.3526867907001847,1.9261261261261258,5.535135135135135
lowland_available,KSC,Tmin,3,2025,332,2.246987951807229,2.5306078130786007,2.1957831325301207,6.403975903614458
lowland_available,KTG,Tmin,3,2022,196,1.1454081632653061,1.425228230917449,0.8617346938775509,2.0312755102040816
lowland_available,KTG,Tmin,3,2023,350,1.1545714285714286,1.4453570987327466,0.9231428571428572,2.089057142857143
lowland_available,KTG,Tmin,3,2024,351,1.271794871794872,1.6045696851940943,0.9914529914529915,2.5746438746438747
lowland_available,KTG,Tmin,3,2025,353,1.2742209631728045,1.538385158269585,1.0356940509915014,2.366628895184136
lowland_available,LFS,Tmin,3,2022,283,1.66113074204947,2.044513471633055,1.5579505300353358,4.1800353356890465
lowland_available,LFS,Tmin,3,2023,271,1.548708487084871,1.8848492848416993,1.4055350553505537,3.5526568265682656
lowland_available,LFS,Tmin,3,2024,315,1.661904761904762,2.0360013721266466,1.5292063492063492,4.145301587301587
lowland_available,LFS,Tmin,3,2025,349,1.7928366762177652,2.0782197031763716,1.6925501432664758,4.318997134670487
lowland_available,PEN,Tmin,3,2022,246,0.9626016260162601,1.2192227298736888,0.47560975609756106,1.4865040650406502
lowland_available,PEN,Tmin,3,2023,253,0.9347826086956522,1.1930795175418383,0.4873517786561265,1.4234387351778657
lowland_available,PEN,Tmin,3,2024,194,1.2752577319587628,1.579834259870254,0.879381443298969,2.4958762886597934
lowland_available,PEN,Tmin,3,2025,304,1.118421052631579,1.3929096770505447,0.9006578947368421,1.9401973684210525
lowland_available,PLC,Tmin,3,2022,315,1.3536507936507935,1.6808539024168165,1.2304761904761905,2.8252698412698414
lowland_available,PLC,Tmin,3,2023,340,1.259705882352941,1.5583834006846364,1.1038235294117646,2.428558823529412
lowland_available,PLC,Tmin,3,2024,346,1.5453757225433524,1.9118054294305162,1.425722543352601,3.6550000000000002
lowland_available,PLC,Tmin,3,2025,331,1.5634441087613293,1.83842011510902,1.465558912386707,3.3797885196374624
lowland_available,SEK,Tmin,3,2022,276,1.9300724637681157,2.387960441980513,1.7728260869565216,5.702355072463768
lowland_available,SEK,Tmin,3,2023,209,1.843062200956938,2.330677458651871,1.6401913875598086,5.432057416267942
lowland_available,SEK,Tmin,3,2024,256,1.8992187500000002,2.431097360247014,1.64609375,5.910234375
lowland_available,SEK,Tmin,3,2025,287,2.0662020905923346,2.5537974729999724,1.9198606271777003,6.521881533101046
lowland_available,SHA,Tmin,3,2022,319,1.2667711598746083,1.620605947281336,0.8836990595611285,2.626363636363636
lowland_available,SHA,Tmin,3,2023,341,1.2442815249266863,1.616910271777464,0.7721407624633432,2.614398826979472
lowland_available,SHA,Tmin,3,2024,342,1.4035087719298247,1.8190351532856337,0.9345029239766081,3.308888888888889
lowland_available,SHA,Tmin,3,2025,335,1.714328358208955,2.149967025085553,1.4862686567164178,4.622358208955223
lowland_available,SKG,Tmin,3,2022,349,1.0570200573065902,1.3410960748389444,0.6988538681948423,1.7985386819484235
lowland_available,SKG,Tmin,3,2023,333,1.0675675675675678,1.3277473076278155,0.6465465465465465,1.762912912912913
lowland_available,SKG,Tmin,3,2024,289,1.1813148788927335,1.5119363601333973,0.8166089965397926,2.285951557093426
lowland_available,SKG,Tmin,3,2025,331,1.244712990936556,1.554410934558272,0.9540785498489428,2.4161933534743207
lowland_available,SKW,Tmin,3,2022,337,1.1305637982195846,1.43025801245644,0.8011869436201781,2.0456379821958457
lowland_available,SKW,Tmin,3,2023,350,1.038,1.3107140910860111,0.7974285714285712,1.7179714285714285
lowland_available,SKW,Tmin,3,2024,345,1.2084057971014492,1.5309086058352046,0.8791304347826085,2.34368115942029
lowland_available,SKW,Tmin,3,2025,349,1.1676217765042982,1.4286567719084142,0.9005730659025787,2.0410601719197707
lowland_available,SSH,Tmin,3,2022,332,1.6686746987951808,2.0794172028754736,1.4421686746987952,4.323975903614458
lowland_available,SSH,Tmin,3,2023,351,1.5051282051282053,1.931674797000655,1.2886039886039888,3.7313675213675213
lowland_available,SSH,Tmin,3,2024,346,1.6066473988439305,2.0859078504798916,1.3395953757225434,4.3510115606936415
lowland_available,SSH,Tmin,3,2025,341,1.8583577712609969,2.3320601190421697,1.6519061583577712,5.438504398826979
lowland_available,SSP,Tmin,3,2022,338,0.9964497041420118,1.2718155498732544,0.5159763313609468,1.6175147928994085
lowland_available,SSP,Tmin,3,2023,350,0.92,1.1749772034262744,0.46,1.3805714285714288
lowland_available,SSP,Tmin,3,2024,353,1.1793201133144475,1.4999433417061498,0.6388101983002833,2.2498300283286117
lowland_available,SSP,Tmin,3,2025,309,1.0650485436893204,1.3414839872417004,0.698705501618123,1.7995792880258905
lowland_available,STY,Tmin,3,2022,287,0.9310104529616726,1.217754831346726,0.37282229965156793,1.4829268292682927
lowland_available,STY,Tmin,3,2023,341,0.9020527859237537,1.1507997983807086,0.47683284457478,1.3243401759530793
lowland_available,STY,Tmin,3,2024,335,1.0540298507462689,1.326098530816182,0.5949253731343284,1.7585373134328361
lowland_available,STY,Tmin,3,2025,290,1.1244827586206898,1.386299962564703,0.9044827586206899,1.921827586206897
lowland_available,TKL,Tmin,3,2022,317,2.404416403785489,3.005211036748388,2.3173501577287063,9.031293375394322
lowland_available,TKL,Tmin,3,2023,338,2.230473372781065,2.8363187659379605,2.1872781065088756,8.044704142011835
lowland_available,TKL,Tmin,3,2024,354,2.406497175141243,3.0371475987714467,2.332485875706215,9.224265536723165
lowland_available,TKL,Tmin,3,2025,271,2.892988929889299,3.6190455613196897,2.8169741697416972,13.09749077490775
lowland_available,TU1,Tmin,3,2022,334,1.1934131736526947,1.4961427451190794,0.8658682634730539,2.2384431137724548
lowland_available,TU1,Tmin,3,2023,350,1.0739999999999998,1.3467314930177114,0.7077142857142857,1.8136857142857141
lowland_available,TU1,Tmin,3,2024,332,1.23855421686747,1.6033098295833386,0.75,2.5706024096385542
lowland_available,TU1,Tmin,3,2025,269,1.2241635687732342,1.5281862320578932,0.8888475836431228,2.3353531598513007
lowland_available,TW,Tmin,3,2022,320,1.99375,2.410407123288512,1.89125,5.810062499999999
lowland_available,TW,Tmin,3,2023,126,1.7444444444444445,2.130168783833583,1.6111111111111112,4.537619047619048
lowland_available,TW,Tmin,3,2024,290,1.6958620689655175,2.1105972352998035,1.5082758620689654,4.454620689655173
lowland_available,TW,Tmin,3,2025,328,1.9283536585365855,2.3238096874345446,1.7771341463414636,5.400091463414635
lowland_available,TWN,Tmin,3,2022,291,2.3134020618556703,2.6061518550170737,2.287972508591066,6.792027491408935
lowland_available,TWN,Tmin,3,2023,320,2.163125,2.442987412984357,2.13125,5.9681875
lowland_available,TWN,Tmin,3,2024,347,2.2345821325648414,2.5812447012038193,2.192507204610951,6.662824207492795
lowland_available,TWN,Tmin,3,2025,342,2.554093567251462,2.815740011589404,2.522514619883041,7.928391812865498
lowland_available,TY1,Tmin,3,2022,69,1.0478260869565217,1.2758060822163728,0.328985507246377,1.62768115942029
lowland_available,TY1,Tmin,3,2023,299,1.1377926421404683,1.4173789933191268,0.7846153846153846,2.0089632107023414
lowland_available,TY1,Tmin,3,2024,323,1.2873065015479874,1.6158272905287054,0.826625386996904,2.6108978328173373
lowland_available,TY1,Tmin,3,2025,309,1.2135922330097086,1.5034157441228209,0.8796116504854368,2.260258899676375
lowland_available,WGL,Tmin,3,2022,354,1.1217514124293786,1.3888478336681618,0.85,1.928898305084746
lowland_available,WGL,Tmin,3,2023,347,1.0072046109510087,1.2814684480256635,0.6959654178674352,1.6421613832853028
lowland_available,WGL,Tmin,3,2024,344,1.1136627906976744,1.4135247877491908,0.690406976744186,1.9980523255813951
lowland_available,WGL,Tmin,3,2025,346,1.0965317919075144,1.3726688068063582,0.8277456647398843,1.8842196531791908
lowland_available,WLP,Tmin,3,2022,314,1.542675159235669,1.952656201700191,1.3369426751592357,3.8128662420382167
lowland_available,WLP,Tmin,3,2023,303,1.4386138613861386,1.8124159249875607,1.2735973597359735,3.284851485148515
lowland_available,WLP,Tmin,3,2024,342,1.6225146198830411,1.9942241159311567,1.185672514619883,3.9769298245614038
lowland_available,WLP,Tmin,3,2025,342,1.9064327485380117,2.281914657239393,1.7549707602339182,5.207134502923977
lowland_available,WTS,Tmin,3,2022,298,1.110738255033557,1.3872380942726963,0.7026845637583893,1.9244295302013423
lowland_available,WTS,Tmin,3,2023,342,1.0008771929824563,1.2478636715162672,0.48684210526315796,1.5571637426900586
lowland_available,WTS,Tmin,3,2024,323,1.1777089783281733,1.5103154079790575,0.7065015479876161,2.281052631578947
lowland_available,WTS,Tmin,3,2025,335,1.1364179104477614,1.417639408501793,0.748955223880597,2.0097014925373133
lowland_available,YLP,Tmin,3,2022,276,1.8202898550724635,2.2773140802906076,1.6768115942028985,5.186159420289855
lowland_available,YLP,Tmin,3,2023,299,1.6284280936454851,2.0699878014925015,1.4979933110367891,4.28484949832776
lowland_available,YLP,Tmin,3,2024,321,1.586292834890966,2.068258858085671,1.226791277258567,4.2776947040498445
lowland_available,YLP,Tmin,3,2025,339,1.7321533923303836,2.1819046644163373,1.4713864306784659,4.76070796460177
all_available,CCH,Tmin,4,2022,299,1.7672240802675585,2.0749501343889376,1.6622073578595313,4.30541806020067
all_available,CCH,Tmin,4,2023,308,1.3879870129870129,1.6659987839287125,1.2782467532467532,2.7755519480519486
all_available,CCH,Tmin,4,2024,357,1.4406162464985992,1.7967992083029152,1.2546218487394958,3.228487394957983
all_available,CCH,Tmin,4,2025,348,1.4310344827586208,1.7275655584146985,1.313793103448276,2.9844827586206892
all_available,CWB,Tmin,4,2022,311,1.1366559485530547,1.473921208851931,0.9160771704180064,2.172443729903537
all_available,CWB,Tmin,4,2023,288,1.2989583333333332,1.598881987862491,1.1989583333333333,2.5564236111111107
all_available,CWB,Tmin,4,2024,321,1.4214953271028037,1.799246986832594,1.2414330218068537,3.2372897196261685
all_available,CWB,Tmin,4,2025,339,1.4492625368731566,1.7409775845347657,1.3342182890855458,3.0310029498525073
all_available,HKP,Tmin,4,2022,321,1.004361370716511,1.277507308048913,0.5221183800623053,1.63202492211838
all_available,HKP,Tmin,4,2023,351,0.9737891737891736,1.2198967776611873,0.47920227920227915,1.4881481481481482
all_available,HKP,Tmin,4,2024,302,1.15,1.476762612801914,0.6043046357615892,2.180827814569536
all_available,HKP,Tmin,4,2025,309,1.0737864077669903,1.3766663924085076,0.6860841423948218,1.895210355987055
all_available,HKS,Tmin,4,2022,328,1.208841463414634,1.5020006982558216,0.5801829268292683,2.2560060975609755
all_available,HKS,Tmin,4,2023,311,1.0765273311897108,1.3609151450969825,0.46881028938906755,1.8520900321543408
all_available,HKS,Tmin,4,2024,347,1.1642651296829971,1.5570421970705268,0.5360230547550432,2.4243804034582133
all_available,HKS,Tmin,4,2025,349,1.3455587392550143,1.7413560569008981,0.960458452722063,3.032320916905444
all_available,HPV,Tmin,4,2022,325,0.993846153846154,1.2762203812580575,0.1027692307692308,1.6287384615384617
all_available,HPV,Tmin,4,2023,321,1.0218068535825544,1.281305798116361,0.08473520249221186,1.6417445482866044
all_available,HPV,Tmin,4,2024,285,1.1066666666666667,1.4331660449092078,0.12701754385964917,2.0539649122807018
all_available,HPV,Tmin,4,2025,302,1.1142384105960266,1.450176970246429,0.4705298013245034,2.1030132450331123
all_available,JKB,Tmin,4,2022,332,1.408132530120482,1.7193004321245353,1.0960843373493976,2.9559939759036142
all_available,JKB,Tmin,4,2023,264,1.4015151515151516,1.7133610421058547,1.2431818181818182,2.9356060606060606
all_available,JKB,Tmin,4,2024,358,1.529608938547486,1.8450749784162304,1.3240223463687149,3.404301675977653
all_available,JKB,Tmin,4,2025,351,1.8447293447293447,2.1704765976551466,1.7564102564102564,4.7109686609686605
all_available,KLT,Tmin,4,2022,325,1.2615384615384615,1.5897363109841638,1.0006153846153845,2.5272615384615382
all_available,KLT,Tmin,4,2023,259,1.3011583011583012,1.5982374461771736,1.0146718146718148,2.554362934362934
all_available,KLT,Tmin,4,2024,361,1.3858725761772854,1.7557740123009762,1.0966759002770083,3.0827423822714684
all_available,KLT,Tmin,4,2025,354,1.3076271186440678,1.6189467874408263,1.1002824858757063,2.620988700564972
all_available,KP,Tmin,4,2022,208,1.0245192307692308,1.2436183250746744,0.5956730769230769,1.5465865384615385
all_available,KP,Tmin,4,2023,341,1.0064516129032257,1.2886374626961339,0.6310850439882698,1.6605865102639297
all_available,KP,Tmin,4,2024,350,1.1557142857142857,1.487365840288509,0.679142857142857,2.2122571428571427
all_available,KP,Tmin,4,2025,346,1.111271676300578,1.4092079520152878,0.8158959537572255,1.9858670520231214
all_available,KSC,Tmin,4,2022,310,1.8580645161290323,2.1727936528958556,1.741290322580645,4.721032258064516
all_available,KSC,Tmin,4,2023,338,1.7568047337278105,2.077250686412495,1.7029585798816564,4.314970414201182
all_available,KSC,Tmin,4,2024,333,1.9945945945945946,2.3627489461605062,1.9081081081081077,5.5825825825825826
all_available,KSC,Tmin,4,2025,332,2.246987951807229,2.5588965995578867,2.2048192771084336,6.547951807228916
all_available,KTG,Tmin,4,2022,196,1.185204081632653,1.4605876647879141,0.8770408163265305,2.133316326530612
all_available,KTG,Tmin,4,2023,350,1.208857142857143,1.513340675459429,0.9460000000000001,2.2902000000000005
all_available,KTG,Tmin,4,2024,351,1.2991452991452992,1.6466317169895677,0.9715099715099715,2.7113960113960114
all_available,KTG,Tmin,4,2025,353,1.3076487252124647,1.5871473867273536,1.0555240793201133,2.5190368271954675
all_available,LFS,Tmin,4,2022,282,1.7074468085106382,2.1014263983783534,1.581914893617021,4.415992907801418
all_available,LFS,Tmin,4,2023,271,1.6107011070110704,1.9527348595583367,1.4276752767527676,3.813173431734317
all_available,LFS,Tmin,4,2024,315,1.6815873015873017,2.062338016727155,1.51015873015873,4.253238095238095
all_available,LFS,Tmin,4,2025,349,1.805444126074499,2.1256585023864742,1.7126074498567336,4.518424068767908
all_available,NGP,Tmin,4,2022,223,4.665919282511211,4.859935041733117,4.665919282511211,23.618968609865473
all_available,NGP,Tmin,4,2023,202,4.696039603960395,4.92837811973565,4.696039603960395,24.288910891089106
all_available,NGP,Tmin,4,2024,122,5.004918032786885,5.299025583175415,5.004918032786885,28.079672131147543
all_available,NGP,Tmin,4,2025,210,4.702857142857143,4.885722639926024,4.685714285714285,23.870285714285714
all_available,PEN,Tmin,4,2022,246,1.030081300813008,1.293950904435493,0.5040650406504066,1.6743089430894307
all_available,PEN,Tmin,4,2023,253,0.9782608695652174,1.2468616730097022,0.4794466403162056,1.5546640316205533
all_available,PEN,Tmin,4,2024,194,1.3309278350515463,1.6634332896988537,0.8845360824742267,2.7670103092783505
all_available,PEN,Tmin,4,2025,304,1.1414473684210527,1.4550501890421441,0.9105263157894737,2.117171052631579
all_available,PLC,Tmin,4,2022,314,1.3996815286624205,1.7424541591718523,1.2595541401273886,3.0361464968152867
all_available,PLC,Tmin,4,2023,340,1.3049999999999997,1.6223711767946685,1.1214705882352942,2.6320882352941175
all_available,PLC,Tmin,4,2024,346,1.5690751445086704,1.9496776078537892,1.4083815028901734,3.801242774566474
all_available,PLC,Tmin,4,2025,331,1.5870090634441085,1.893629006883336,1.4836858006042297,3.5858308157099694
all_available,SEK,Tmin,4,2022,275,1.9705454545454544,2.42772620891536,1.7967272727272727,5.893854545454546
all_available,SEK,Tmin,4,2023,209,1.876555023923445,2.380442643088359,1.6641148325358852,5.666507177033493
all_available,SEK,Tmin,4,2024,256,1.91796875,2.457307342397365,1.65,6.038359375000001
all_available,SEK,Tmin,4,2025,287,2.0940766550522647,2.5918526864835614,1.9337979094076656,6.717700348432055
all_available,SHA,Tmin,4,2022,318,1.3264150943396225,1.6847447224651617,0.9119496855345912,2.8383647798742144
all_available,SHA,Tmin,4,2023,341,1.2929618768328446,1.6702590804705801,0.7926686217008798,2.789765395894428
all_available,SHA,Tmin,4,2024,342,1.4245614035087721,1.8477424189490337,0.9140350877192982,3.414152046783626
all_available,SHA,Tmin,4,2025,335,1.7429850746268656,2.2112939414565376,1.5041791044776118,4.889820895522388
all_available,SKG,Tmin,4,2022,348,1.1089080459770115,1.391817219470212,0.7227011494252873,1.9371551724137928
all_available,SKG,Tmin,4,2023,333,1.110810810810811,1.3969615247033476,0.6645645645645646,1.9515015015015018
all_available,SKG,Tmin,4,2024,289,1.221453287197232,1.57163437289852,0.8131487889273359,2.4700346020761246
all_available,SKG,Tmin,4,2025,331,1.281570996978852,1.6208237061459936,0.9722054380664654,2.6270694864048343
all_available,SKW,Tmin,4,2022,336,1.1985119047619048,1.501120613154751,0.8229166666666666,2.2533630952380954
all_available,SKW,Tmin,4,2023,350,1.078,1.3649594447141224,0.8202857142857141,1.8631142857142857
all_available,SKW,Tmin,4,2024,345,1.240289855072464,1.5769811556316682,0.8588405797101448,2.4868695652173916
all_available,SKW,Tmin,4,2025,349,1.1939828080229227,1.462942436689121,0.9148997134670486,2.140200573065903
all_available,SSH,Tmin,4,2022,331,1.7117824773413899,2.125517530723729,1.4688821752265862,4.517824773413897
all_available,SSH,Tmin,4,2023,351,1.5455840455840455,1.985926265978456,1.3085470085470088,3.9439031339031336
all_available,SSH,Tmin,4,2024,346,1.608959537572254,2.098065445289246,1.3049132947976878,4.401878612716763
all_available,SSH,Tmin,4,2025,341,1.8777126099706745,2.3845359569956748,1.6724340175953079,5.686011730205278
all_available,SSP,Tmin,4,2022,337,1.0635014836795254,1.3454837083724014,0.5465875370919882,1.8103264094955493
all_available,SSP,Tmin,4,2023,350,0.9805714285714285,1.2492283332407366,0.48571428571428565,1.5605714285714287
all_available,SSP,Tmin,4,2024,353,1.2093484419263456,1.5500982332026263,0.6189801699716714,2.4028045325779037
all_available,SSP,Tmin,4,2025,309,1.0909385113268608,1.4097097408325086,0.7213592233009709,1.9872815533980583
all_available,STY,Tmin,4,2022,286,0.9737762237762237,1.259356590080435,0.4094405594405594,1.585979020979021
all_available,STY,Tmin,4,2023,341,0.9214076246334312,1.1960345035676605,0.5002932551319648,1.43049853372434
all_available,STY,Tmin,4,2024,335,1.0898507462686569,1.3810119586197458,0.5889552238805971,1.9071940298507466
all_available,STY,Tmin,4,2025,290,1.1458620689655175,1.4387854073057116,0.9217241379310345,2.0701034482758627
all_available,TKL,Tmin,4,2022,316,2.4490506329113924,3.0528208578089573,2.3522151898734176,9.319715189873417
all_available,TKL,Tmin,4,2023,338,2.275443786982249,2.895165323175986,2.2198224852071005,8.381982248520712
all_available,TKL,Tmin,4,2024,354,2.4121468926553673,3.0494928725381563,2.315536723163842,9.299406779661016
all_available,TKL,Tmin,4,2025,271,2.911439114391144,3.6695716994718297,2.8428044280442806,13.465756457564574
all_available,TU1,Tmin,4,2022,333,1.2405405405405405,1.5496100449117163,0.9012012012012013,2.401291291291291
all_available,TU1,Tmin,4,2023,350,1.1420000000000001,1.419043943747238,0.7334285714285715,2.0136857142857143
all_available,TU1,Tmin,4,2024,332,1.282530120481928,1.6543480498007421,0.7409638554216867,2.7368674698795186
all_available,TU1,Tmin,4,2025,269,1.2539033457249071,1.5775021429945557,0.9037174721189591,2.4885130111524156
all_available,TW,Tmin,4,2022,319,2.0376175548589344,2.4589290938132504,1.9134796238244514,6.046332288401253
all_available,TW,Tmin,4,2023,126,1.7634920634920637,2.1568274761567654,1.6349206349206349,4.6519047619047615
all_available,TW,Tmin,4,2024,290,1.697241379310345,2.141897321986055,1.4944827586206895,4.587724137931034
all_available,TW,Tmin,4,2025,328,1.9442073170731708,2.364002135692981,1.7923780487804881,5.588506097560976
all_available,TWN,Tmin,4,2022,290,2.367586206896552,2.6732906236735072,2.3268965517241376,7.14648275862069
all_available,TWN,Tmin,4,2023,320,2.19,2.479679918860497,2.15625,6.1488125
all_available,TWN,Tmin,4,2024,347,2.2242074927953888,2.599933495048355,2.1723342939481265,6.759654178674353
all_available,TWN,Tmin,4,2025,342,2.566374269005848,2.8545183225548176,2.5371345029239767,8.14827485380117
all_available,TY1,Tmin,4,2022,69,1.0130434782608695,1.2927333136768215,0.3144927536231886,1.6711594202898552
all_available,TY1,Tmin,4,2023,299,1.1759197324414716,1.4715586803905498,0.7946488294314381,2.165484949832776
all_available,TY1,Tmin,4,2024,323,1.3139318885448916,1.6594974807286968,0.8142414860681114,2.7539318885448916
all_available,TY1,Tmin,4,2025,309,1.227831715210356,1.5662500306707265,0.9022653721682846,2.4531391585760516
all_available,WGL,Tmin,4,2022,353,1.167988668555241,1.442839111803383,0.8824362606232294,2.0817847025495753
all_available,WGL,Tmin,4,2023,347,1.0285302593659942,1.311256959058794,0.7190201729106628,1.7193948126801155
all_available,WGL,Tmin,4,2024,344,1.1601744186046512,1.4516730524339119,0.6671511627906976,2.1073546511627907
all_available,WGL,Tmin,4,2025,346,1.1323699421965319,1.4261594005713913,0.8450867052023121,2.0339306358381504
all_available,WLP,Tmin,4,2022,313,1.5945686900958467,2.00286535956921,1.3651757188498403,4.011469648562301
all_available,WLP,Tmin,4,2023,303,1.4907590759075908,1.8621733992775475,1.3066006600660065,3.467689768976897
all_available,WLP,Tmin,4,2024,342,1.6523391812865496,2.032995370245244,1.1681286549707601,4.133070175438596
all_available,WLP,Tmin,4,2025,342,1.9339181286549707,2.3305999026930273,1.7812865497076025,5.431695906432749
all_available,WTS,Tmin,4,2022,297,1.1643097643097644,1.4466028939069397,0.7205387205387206,2.0926599326599327
all_available,WTS,Tmin,4,2023,342,1.0330409356725148,1.3091557924436987,0.5073099415204678,1.7138888888888888
all_available,WTS,Tmin,4,2024,323,1.1938080495356038,1.5423635916723426,0.6848297213622291,2.378885448916409
all_available,WTS,Tmin,4,2025,335,1.1531343283582087,1.4715714009383647,0.7638805970149254,2.1655223880597014
all_available,YLP,Tmin,4,2022,275,1.8705454545454545,2.3143347758147383,1.7003636363636363,5.356145454545454
all_available,YLP,Tmin,4,2023,299,1.663210702341137,2.1128449333480632,1.5180602006688964,4.464113712374582
all_available,YLP,Tmin,4,2024,321,1.619314641744548,2.099799723427135,1.2205607476635514,4.409158878504673
all_available,YLP,Tmin,4,2025,339,1.752802359882006,2.229515073536585,1.489085545722714,4.970737463126843
strict_common,CCH,Tmin,4,2022,4,1.0250000000000004,1.1715374513859989,0.025000000000000355,1.3725000000000014
strict_common,CCH,Tmin,4,2023,3,1.599999999999999,1.9866219234335112,0.7999999999999995,3.9466666666666637
strict_common,CCH,Tmin,4,2024,4,1.25,1.3133925536563698,1.25,1.7250000000000003
strict_common,CCH,Tmin,4,2025,13,1.4076923076923076,1.8138357147217055,0.9923076923076923,3.29
strict_common,CWB,Tmin,4,2022,4,0.6749999999999998,0.7533259586659677,-0.07500000000000018,0.5674999999999993
strict_common,CWB,Tmin,4,2023,3,2.0333333333333328,2.429677619218922,1.1666666666666654,5.903333333333329
strict_common,CWB,Tmin,4,2024,4,0.9749999999999992,1.064189832689637,0.9749999999999992,1.1324999999999978
strict_common,CWB,Tmin,4,2025,13,1.4692307692307693,1.649475441093086,1.0076923076923074,2.720769230769231
strict_common,HKP,Tmin,4,2022,4,0.7750000000000004,1.1034038245356956,-0.4249999999999998,1.2175000000000002
strict_common,HKP,Tmin,4,2023,3,1.4666666666666661,1.8601075237738263,0.4666666666666662,3.4599999999999955
strict_common,HKP,Tmin,4,2024,4,0.2749999999999999,0.3905124837953326,-0.02499999999999991,0.1524999999999999
strict_common,HKP,Tmin,4,2025,13,1.1538461538461542,1.444352396804134,0.5076923076923081,2.086153846153847
strict_common,HKS,Tmin,4,2022,4,1.275,1.6194134740701647,-0.37499999999999956,2.6225
strict_common,HKS,Tmin,4,2023,3,1.5666666666666664,1.642153058233813,-0.10000000000000024,2.6966666666666654
strict_common,HKS,Tmin,4,2024,4,0.10000000000000098,0.10000000000000098,-0.050000000000001155,0.010000000000000196
strict_common,HKS,Tmin,4,2025,13,1.5769230769230766,2.008252206043086,0.8999999999999997,4.033076923076921
strict_common,HPV,Tmin,4,2022,4,1.35,1.676305461424021,-0.1499999999999999,2.81
strict_common,HPV,Tmin,4,2023,3,1.866666666666666,1.9663841605003494,-0.39999999999999974,3.8666666666666636
strict_common,HPV,Tmin,4,2024,4,0.3499999999999992,0.3807886552931946,-0.3499999999999992,0.1449999999999994
strict_common,HPV,Tmin,4,2025,13,1.3923076923076922,1.7255991155805297,0.3923076923076924,2.977692307692306
strict_common,JKB,Tmin,4,2022,4,1.0500000000000003,1.358307770720613,-0.10000000000000009,1.8450000000000013
strict_common,JKB,Tmin,4,2023,3,1.6999999999999993,2.082466486324969,1.1000000000000003,4.3366666666666625
strict_common,JKB,Tmin,4,2024,4,1.0,1.0653637876331261,1.0,1.1350000000000007
strict_common,JKB,Tmin,4,2025,13,1.9307692307692306,2.348649366370776,1.7000000000000004,5.516153846153847
strict_common,KLT,Tmin,4,2022,4,0.8499999999999996,1.0816653826391966,-0.15000000000000036,1.1699999999999995
strict_common,KLT,Tmin,4,2023,3,1.4666666666666675,1.8885620632287068,0.8000000000000007,3.5666666666666695
strict_common,KLT,Tmin,4,2024,4,0.6749999999999998,0.8015609770940694,0.6749999999999998,0.6424999999999992
strict_common,KLT,Tmin,4,2025,13,1.553846153846154,1.7598076818002235,1.0769230769230769,3.0969230769230767
strict_common,KP,Tmin,4,2022,4,0.8999999999999999,1.1247221879201992,-0.30000000000000027,1.2649999999999997
strict_common,KP,Tmin,4,2023,3,1.3666666666666671,1.8448125469362284,0.6333333333333329,3.403333333333334
strict_common,KP,Tmin,4,2024,4,0.32499999999999973,0.42720018726587666,0.2749999999999999,0.1825000000000001
strict_common,KP,Tmin,4,2025,13,1.284615384615385,1.4568142271091717,0.7153846153846154,2.122307692307693
strict_common,KSC,Tmin,4,2022,4,1.1999999999999997,1.284523257866513,0.8500000000000001,1.65
strict_common,KSC,Tmin,4,2023,3,1.7000000000000004,2.235322497239865,1.5,4.996666666666665
strict_common,KSC,Tmin,4,2024,4,1.375,1.4133294025102567,1.375,1.9974999999999996
strict_common,KSC,Tmin,4,2025,13,2.3153846153846156,2.7849872254920394,2.3153846153846156,7.756153846153847
strict_common,KTG,Tmin,4,2022,4,1.0249999999999995,1.0331989159885908,0.47499999999999964,1.067499999999999
strict_common,KTG,Tmin,4,2023,3,1.7666666666666668,2.2472205054244228,1.0333333333333325,5.049999999999999
strict_common,KTG,Tmin,4,2024,4,0.8500000000000001,0.935414346693485,0.8500000000000001,0.8749999999999994
strict_common,KTG,Tmin,4,2025,13,1.4769230769230768,1.6252810407860117,1.015384615384615,2.6415384615384614
strict_common,LFS,Tmin,4,2022,4,1.225,1.382931668593933,0.7250000000000001,1.9124999999999999
strict_common,LFS,Tmin,4,2023,3,1.400000000000001,1.85652004208591,1.2000000000000004,3.4466666666666694
strict_common,LFS,Tmin,4,2024,4,1.2749999999999995,1.5107944929738122,1.1749999999999998,2.282499999999998
strict_common,LFS,Tmin,4,2025,13,1.6923076923076923,2.19895079876395,1.6307692307692305,4.835384615384614
strict_common,NGP,Tmin,4,2022,4,3.9000000000000004,4.00374824383352,3.9000000000000004,16.03
strict_common,NGP,Tmin,4,2023,3,3.9666666666666672,4.177319714841086,3.9666666666666672,17.450000000000006
strict_common,NGP,Tmin,4,2024,4,5.175000000000001,5.24523593368306,5.175000000000001,27.512500000000003
strict_common,NGP,Tmin,4,2025,13,4.5076923076923086,4.7878050214139805,4.5076923076923086,22.923076923076923
strict_common,PEN,Tmin,4,2022,4,0.6749999999999998,1.3009611831257686,-0.625,1.6924999999999994
strict_common,PEN,Tmin,4,2023,3,1.5,1.6051998837112673,-0.033333333333333805,2.576666666666666
strict_common,PEN,Tmin,4,2024,4,0.7749999999999995,0.8703447592764603,0.7749999999999995,0.7574999999999995
strict_common,PEN,Tmin,4,2025,13,1.330769230769231,1.6396528713302514,0.6384615384615386,2.6884615384615382
strict_common,PLC,Tmin,4,2022,4,0.5499999999999998,0.5958187643906492,0.04999999999999982,0.355
strict_common,PLC,Tmin,4,2023,3,1.3333333333333333,1.8384776310850242,0.8666666666666671,3.380000000000002
strict_common,PLC,Tmin,4,2024,4,1.375,1.3865424623862048,1.375,1.9225000000000003
strict_common,PLC,Tmin,4,2025,13,1.6384615384615384,1.911704837210856,1.2846153846153843,3.6546153846153855
strict_common,SEK,Tmin,4,2022,4,1.725,2.4964975465639863,1.1750000000000003,6.232500000000002
strict_common,SEK,Tmin,4,2023,3,0.9333333333333336,1.3038404810405295,0.8666666666666659,1.6999999999999993
strict_common,SEK,Tmin,4,2024,4,1.0250000000000004,1.1056672193747996,1.0250000000000004,1.222500000000001
strict_common,SEK,Tmin,4,2025,13,2.06923076923077,2.8647727792833897,1.9461538461538466,8.206923076923077
strict_common,SHA,Tmin,4,2022,4,0.6749999999999998,0.9013878188659972,-0.22499999999999964,0.8124999999999998
strict_common,SHA,Tmin,4,2023,3,1.1333333333333329,1.4537308324904343,0.4666666666666662,2.113333333333331
strict_common,SHA,Tmin,4,2024,4,0.6500000000000004,0.7314369419163897,0.5,0.5350000000000001
strict_common,SHA,Tmin,4,2025,13,1.8846153846153846,2.488280221666857,1.5615384615384613,6.191538461538462
strict_common,SKG,Tmin,4,2022,4,0.6500000000000004,0.8689073598491381,-0.4499999999999993,0.7549999999999997
strict_common,SKG,Tmin,4,2023,3,1.3666666666666671,1.9052558883257646,0.7666666666666657,3.6299999999999986
strict_common,SKG,Tmin,4,2024,4,0.47500000000000053,0.5500000000000006,0.1250000000000009,0.3025000000000006
strict_common,SKG,Tmin,4,2025,13,1.5153846153846153,1.9317190431163795,1.1000000000000003,3.7315384615384612
strict_common,SKW,Tmin,4,2022,4,0.9499999999999997,1.0049875621120887,-0.24999999999999956,1.0099999999999993
strict_common,SKW,Tmin,4,2023,3,1.6999999999999993,2.2173557826083443,1.1000000000000003,4.916666666666663
strict_common,SKW,Tmin,4,2024,4,0.4249999999999998,0.5024937810560444,0.4249999999999998,0.2524999999999999
strict_common,SKW,Tmin,4,2025,13,1.3769230769230774,1.5529128956700897,0.7769230769230769,2.411538461538463
strict_common,SSH,Tmin,4,2022,4,1.3250000000000006,1.6725728683677734,0.8750000000000004,2.797500000000001
strict_common,SSH,Tmin,4,2023,3,1.2999999999999996,1.642153058233813,0.7666666666666657,2.6966666666666654
strict_common,SSH,Tmin,4,2024,4,0.7750000000000008,1.0331989159885921,0.7750000000000008,1.0675000000000017
strict_common,SSH,Tmin,4,2025,13,1.8384615384615388,2.543921866240877,1.5769230769230775,6.471538461538466
strict_common,SSP,Tmin,4,2022,4,0.7999999999999998,1.1937336386313324,-0.35000000000000053,1.4250000000000007
strict_common,SSP,Tmin,4,2023,3,1.3000000000000007,1.3964240043768947,0.033333333333332625,1.9500000000000017
strict_common,SSP,Tmin,4,2024,4,0.39999999999999947,0.4690415759823428,0.2999999999999998,0.21999999999999986
strict_common,SSP,Tmin,4,2025,13,1.2153846153846157,1.506396617505088,0.5846153846153848,2.2692307692307705
strict_common,STY,Tmin,4,2022,4,0.8999999999999995,1.0099504938362074,-0.7000000000000002,1.0199999999999991
strict_common,STY,Tmin,4,2023,3,1.8333333333333333,2.278157149978903,0.4333333333333324,5.189999999999997
strict_common,STY,Tmin,4,2024,4,0.17500000000000027,0.25000000000000033,-0.02499999999999991,0.06250000000000018
strict_common,STY,Tmin,4,2025,13,1.2461538461538464,1.4191004734852835,0.5846153846153851,2.0138461538461554
strict_common,TKL,Tmin,4,2022,4,2.35,3.2657311585615862,2.1,10.665
strict_common,TKL,Tmin,4,2023,3,1.5333333333333325,2.0248456731316575,1.0666666666666664,4.099999999999996
strict_common,TKL,Tmin,4,2024,4,1.9499999999999997,1.9557607215607944,1.9499999999999997,3.824999999999999
strict_common,TKL,Tmin,4,2025,13,2.9000000000000004,3.862342852167879,2.869230769230769,14.917692307692306
strict_common,TU1,Tmin,4,2022,4,0.9000000000000004,1.11579568022107,-0.10000000000000053,1.2450000000000003
strict_common,TU1,Tmin,4,2023,3,1.2333333333333332,1.3478377746103818,0.10000000000000024,1.8166666666666662
strict_common,TU1,Tmin,4,2024,4,0.7250000000000005,0.8231038816577173,0.3750000000000009,0.6775000000000015
strict_common,TU1,Tmin,4,2025,13,1.2615384615384615,1.7110500599609315,0.9076923076923075,2.927692307692307
strict_common,TW,Tmin,4,2022,4,1.8500000000000005,2.4341322889276173,0.9000000000000004,5.925000000000002
strict_common,TW,Tmin,4,2023,3,1.0333333333333332,1.466287829861518,0.9000000000000004,2.15
strict_common,TW,Tmin,4,2024,4,1.5,1.6703293088490065,1.5,2.79
strict_common,TW,Tmin,4,2025,13,1.8846153846153852,2.5348342382460864,1.7000000000000002,6.425384615384617
strict_common,TWN,Tmin,4,2022,4,1.75,1.8574175621006712,1.0499999999999998,3.4500000000000006
strict_common,TWN,Tmin,4,2023,3,1.6999999999999993,2.0041623354076545,1.6999999999999993,4.016666666666664
strict_common,TWN,Tmin,4,2024,4,2.124999999999999,2.1811694111187228,2.124999999999999,4.757499999999996
strict_common,TWN,Tmin,4,2025,13,2.576923076923076,3.01394196258756,2.576923076923076,9.083846153846153
strict_common,TY1,Tmin,4,2022,4,0.7749999999999999,1.30862523283024,-0.6750000000000003,1.7124999999999997
strict_common,TY1,Tmin,4,2023,3,1.2333333333333332,1.4662878298615183,0.3000000000000007,2.150000000000001
strict_common,TY1,Tmin,4,2024,4,0.5,0.5787918451395112,0.0,0.33499999999999996
strict_common,TY1,Tmin,4,2025,13,1.3615384615384611,1.7839023774600704,0.638461538461538,3.1823076923076914
strict_common,WGL,Tmin,4,2022,4,1.0000000000000004,1.129158979063622,-0.44999999999999973,1.2750000000000012
strict_common,WGL,Tmin,4,2023,3,2.0,2.367840084690406,0.7333333333333343,5.606666666666668
strict_common,WGL,Tmin,4,2024,4,0.47500000000000053,0.5361902647381808,0.22500000000000053,0.28750000000000037
strict_common,WGL,Tmin,4,2025,13,1.0538461538461539,1.2899016062654365,0.36153846153846164,1.6638461538461533
strict_common,WLP,Tmin,4,2022,4,1.725,2.2588713996153036,0.4750000000000001,5.1025
strict_common,WLP,Tmin,4,2023,3,1.4666666666666675,1.74355957741627,0.9333333333333336,3.0400000000000023
strict_common,WLP,Tmin,4,2024,4,0.9749999999999996,1.1101801655587258,0.5250000000000004,1.2325
strict_common,WLP,Tmin,4,2025,13,1.8461538461538465,2.424553884421119,1.6,5.878461538461537
strict_common,WTS,Tmin,4,2022,4,0.6249999999999996,1.0210288928331068,-0.42500000000000027,1.0424999999999998
strict_common,WTS,Tmin,4,2023,3,1.4333333333333336,1.6340134638368198,0.10000000000000024,2.670000000000002
strict_common,WTS,Tmin,4,2024,4,0.4499999999999993,0.5338539126015648,0.34999999999999964,0.2849999999999992
strict_common,WTS,Tmin,4,2025,13,1.4076923076923076,1.727381299495324,0.7461538461538461,2.983846153846154
strict_common,YLP,Tmin,4,2022,4,1.7499999999999996,2.2836374493338467,1.1,5.214999999999998
strict_common,YLP,Tmin,4,2023,3,0.8999999999999998,1.4479871085982314,0.8999999999999998,2.0966666666666667
strict_common,YLP,Tmin,4,2024,4,1.0000000000000009,1.115795680221071,0.8500000000000005,1.245000000000002
strict_common,YLP,Tmin,4,2025,13,1.8384615384615386,2.6508344114491718,1.7000000000000004,7.026923076923078
lowland_available,CCH,Tmin,4,2022,299,1.7672240802675585,2.0749501343889376,1.6622073578595313,4.30541806020067
lowland_available,CCH,Tmin,4,2023,308,1.3879870129870129,1.6659987839287125,1.2782467532467532,2.7755519480519486
lowland_available,CCH,Tmin,4,2024,357,1.4406162464985992,1.7967992083029152,1.2546218487394958,3.228487394957983
lowland_available,CCH,Tmin,4,2025,348,1.4310344827586208,1.7275655584146985,1.313793103448276,2.9844827586206892
lowland_available,CWB,Tmin,4,2022,311,1.1366559485530547,1.473921208851931,0.9160771704180064,2.172443729903537
lowland_available,CWB,Tmin,4,2023,288,1.2989583333333332,1.598881987862491,1.1989583333333333,2.5564236111111107
lowland_available,CWB,Tmin,4,2024,321,1.4214953271028037,1.799246986832594,1.2414330218068537,3.2372897196261685
lowland_available,CWB,Tmin,4,2025,339,1.4492625368731566,1.7409775845347657,1.3342182890855458,3.0310029498525073
lowland_available,HKP,Tmin,4,2022,321,1.004361370716511,1.277507308048913,0.5221183800623053,1.63202492211838
lowland_available,HKP,Tmin,4,2023,351,0.9737891737891736,1.2198967776611873,0.47920227920227915,1.4881481481481482
lowland_available,HKP,Tmin,4,2024,302,1.15,1.476762612801914,0.6043046357615892,2.180827814569536
lowland_available,HKP,Tmin,4,2025,309,1.0737864077669903,1.3766663924085076,0.6860841423948218,1.895210355987055
lowland_available,HKS,Tmin,4,2022,328,1.208841463414634,1.5020006982558216,0.5801829268292683,2.2560060975609755
lowland_available,HKS,Tmin,4,2023,311,1.0765273311897108,1.3609151450969825,0.46881028938906755,1.8520900321543408
lowland_available,HKS,Tmin,4,2024,347,1.1642651296829971,1.5570421970705268,0.5360230547550432,2.4243804034582133
lowland_available,HKS,Tmin,4,2025,349,1.3455587392550143,1.7413560569008981,0.960458452722063,3.032320916905444
lowland_available,HPV,Tmin,4,2022,325,0.993846153846154,1.2762203812580575,0.1027692307692308,1.6287384615384617
lowland_available,HPV,Tmin,4,2023,321,1.0218068535825544,1.281305798116361,0.08473520249221186,1.6417445482866044
lowland_available,HPV,Tmin,4,2024,285,1.1066666666666667,1.4331660449092078,0.12701754385964917,2.0539649122807018
lowland_available,HPV,Tmin,4,2025,302,1.1142384105960266,1.450176970246429,0.4705298013245034,2.1030132450331123
lowland_available,JKB,Tmin,4,2022,332,1.408132530120482,1.7193004321245353,1.0960843373493976,2.9559939759036142
lowland_available,JKB,Tmin,4,2023,264,1.4015151515151516,1.7133610421058547,1.2431818181818182,2.9356060606060606
lowland_available,JKB,Tmin,4,2024,358,1.529608938547486,1.8450749784162304,1.3240223463687149,3.404301675977653
lowland_available,JKB,Tmin,4,2025,351,1.8447293447293447,2.1704765976551466,1.7564102564102564,4.7109686609686605
lowland_available,KLT,Tmin,4,2022,325,1.2615384615384615,1.5897363109841638,1.0006153846153845,2.5272615384615382
lowland_available,KLT,Tmin,4,2023,259,1.3011583011583012,1.5982374461771736,1.0146718146718148,2.554362934362934
lowland_available,KLT,Tmin,4,2024,361,1.3858725761772854,1.7557740123009762,1.0966759002770083,3.0827423822714684
lowland_available,KLT,Tmin,4,2025,354,1.3076271186440678,1.6189467874408263,1.1002824858757063,2.620988700564972
lowland_available,KP,Tmin,4,2022,208,1.0245192307692308,1.2436183250746744,0.5956730769230769,1.5465865384615385
lowland_available,KP,Tmin,4,2023,341,1.0064516129032257,1.2886374626961339,0.6310850439882698,1.6605865102639297
lowland_available,KP,Tmin,4,2024,350,1.1557142857142857,1.487365840288509,0.679142857142857,2.2122571428571427
lowland_available,KP,Tmin,4,2025,346,1.111271676300578,1.4092079520152878,0.8158959537572255,1.9858670520231214
lowland_available,KSC,Tmin,4,2022,310,1.8580645161290323,2.1727936528958556,1.741290322580645,4.721032258064516
lowland_available,KSC,Tmin,4,2023,338,1.7568047337278105,2.077250686412495,1.7029585798816564,4.314970414201182
lowland_available,KSC,Tmin,4,2024,333,1.9945945945945946,2.3627489461605062,1.9081081081081077,5.5825825825825826
lowland_available,KSC,Tmin,4,2025,332,2.246987951807229,2.5588965995578867,2.2048192771084336,6.547951807228916
lowland_available,KTG,Tmin,4,2022,196,1.185204081632653,1.4605876647879141,0.8770408163265305,2.133316326530612
lowland_available,KTG,Tmin,4,2023,350,1.208857142857143,1.513340675459429,0.9460000000000001,2.2902000000000005
lowland_available,KTG,Tmin,4,2024,351,1.2991452991452992,1.6466317169895677,0.9715099715099715,2.7113960113960114
lowland_available,KTG,Tmin,4,2025,353,1.3076487252124647,1.5871473867273536,1.0555240793201133,2.5190368271954675
lowland_available,LFS,Tmin,4,2022,282,1.7074468085106382,2.1014263983783534,1.581914893617021,4.415992907801418
lowland_available,LFS,Tmin,4,2023,271,1.6107011070110704,1.9527348595583367,1.4276752767527676,3.813173431734317
lowland_available,LFS,Tmin,4,2024,315,1.6815873015873017,2.062338016727155,1.51015873015873,4.253238095238095
lowland_available,LFS,Tmin,4,2025,349,1.805444126074499,2.1256585023864742,1.7126074498567336,4.518424068767908
lowland_available,PEN,Tmin,4,2022,246,1.030081300813008,1.293950904435493,0.5040650406504066,1.6743089430894307
lowland_available,PEN,Tmin,4,2023,253,0.9782608695652174,1.2468616730097022,0.4794466403162056,1.5546640316205533
lowland_available,PEN,Tmin,4,2024,194,1.3309278350515463,1.6634332896988537,0.8845360824742267,2.7670103092783505
lowland_available,PEN,Tmin,4,2025,304,1.1414473684210527,1.4550501890421441,0.9105263157894737,2.117171052631579
lowland_available,PLC,Tmin,4,2022,314,1.3996815286624205,1.7424541591718523,1.2595541401273886,3.0361464968152867
lowland_available,PLC,Tmin,4,2023,340,1.3049999999999997,1.6223711767946685,1.1214705882352942,2.6320882352941175
lowland_available,PLC,Tmin,4,2024,346,1.5690751445086704,1.9496776078537892,1.4083815028901734,3.801242774566474
lowland_available,PLC,Tmin,4,2025,331,1.5870090634441085,1.893629006883336,1.4836858006042297,3.5858308157099694
lowland_available,SEK,Tmin,4,2022,275,1.9705454545454544,2.42772620891536,1.7967272727272727,5.893854545454546
lowland_available,SEK,Tmin,4,2023,209,1.876555023923445,2.380442643088359,1.6641148325358852,5.666507177033493
lowland_available,SEK,Tmin,4,2024,256,1.91796875,2.457307342397365,1.65,6.038359375000001
lowland_available,SEK,Tmin,4,2025,287,2.0940766550522647,2.5918526864835614,1.9337979094076656,6.717700348432055
lowland_available,SHA,Tmin,4,2022,318,1.3264150943396225,1.6847447224651617,0.9119496855345912,2.8383647798742144
lowland_available,SHA,Tmin,4,2023,341,1.2929618768328446,1.6702590804705801,0.7926686217008798,2.789765395894428
lowland_available,SHA,Tmin,4,2024,342,1.4245614035087721,1.8477424189490337,0.9140350877192982,3.414152046783626
lowland_available,SHA,Tmin,4,2025,335,1.7429850746268656,2.2112939414565376,1.5041791044776118,4.889820895522388
lowland_available,SKG,Tmin,4,2022,348,1.1089080459770115,1.391817219470212,0.7227011494252873,1.9371551724137928
lowland_available,SKG,Tmin,4,2023,333,1.110810810810811,1.3969615247033476,0.6645645645645646,1.9515015015015018
lowland_available,SKG,Tmin,4,2024,289,1.221453287197232,1.57163437289852,0.8131487889273359,2.4700346020761246
lowland_available,SKG,Tmin,4,2025,331,1.281570996978852,1.6208237061459936,0.9722054380664654,2.6270694864048343
lowland_available,SKW,Tmin,4,2022,336,1.1985119047619048,1.501120613154751,0.8229166666666666,2.2533630952380954
lowland_available,SKW,Tmin,4,2023,350,1.078,1.3649594447141224,0.8202857142857141,1.8631142857142857
lowland_available,SKW,Tmin,4,2024,345,1.240289855072464,1.5769811556316682,0.8588405797101448,2.4868695652173916
lowland_available,SKW,Tmin,4,2025,349,1.1939828080229227,1.462942436689121,0.9148997134670486,2.140200573065903
lowland_available,SSH,Tmin,4,2022,331,1.7117824773413899,2.125517530723729,1.4688821752265862,4.517824773413897
lowland_available,SSH,Tmin,4,2023,351,1.5455840455840455,1.985926265978456,1.3085470085470088,3.9439031339031336
lowland_available,SSH,Tmin,4,2024,346,1.608959537572254,2.098065445289246,1.3049132947976878,4.401878612716763
lowland_available,SSH,Tmin,4,2025,341,1.8777126099706745,2.3845359569956748,1.6724340175953079,5.686011730205278
lowland_available,SSP,Tmin,4,2022,337,1.0635014836795254,1.3454837083724014,0.5465875370919882,1.8103264094955493
lowland_available,SSP,Tmin,4,2023,350,0.9805714285714285,1.2492283332407366,0.48571428571428565,1.5605714285714287
lowland_available,SSP,Tmin,4,2024,353,1.2093484419263456,1.5500982332026263,0.6189801699716714,2.4028045325779037
lowland_available,SSP,Tmin,4,2025,309,1.0909385113268608,1.4097097408325086,0.7213592233009709,1.9872815533980583
lowland_available,STY,Tmin,4,2022,286,0.9737762237762237,1.259356590080435,0.4094405594405594,1.585979020979021
lowland_available,STY,Tmin,4,2023,341,0.9214076246334312,1.1960345035676605,0.5002932551319648,1.43049853372434
lowland_available,STY,Tmin,4,2024,335,1.0898507462686569,1.3810119586197458,0.5889552238805971,1.9071940298507466
lowland_available,STY,Tmin,4,2025,290,1.1458620689655175,1.4387854073057116,0.9217241379310345,2.0701034482758627
lowland_available,TKL,Tmin,4,2022,316,2.4490506329113924,3.0528208578089573,2.3522151898734176,9.319715189873417
lowland_available,TKL,Tmin,4,2023,338,2.275443786982249,2.895165323175986,2.2198224852071005,8.381982248520712
lowland_available,TKL,Tmin,4,2024,354,2.4121468926553673,3.0494928725381563,2.315536723163842,9.299406779661016
lowland_available,TKL,Tmin,4,2025,271,2.911439114391144,3.6695716994718297,2.8428044280442806,13.465756457564574
lowland_available,TU1,Tmin,4,2022,333,1.2405405405405405,1.5496100449117163,0.9012012012012013,2.401291291291291
lowland_available,TU1,Tmin,4,2023,350,1.1420000000000001,1.419043943747238,0.7334285714285715,2.0136857142857143
lowland_available,TU1,Tmin,4,2024,332,1.282530120481928,1.6543480498007421,0.7409638554216867,2.7368674698795186
lowland_available,TU1,Tmin,4,2025,269,1.2539033457249071,1.5775021429945557,0.9037174721189591,2.4885130111524156
lowland_available,TW,Tmin,4,2022,319,2.0376175548589344,2.4589290938132504,1.9134796238244514,6.046332288401253
lowland_available,TW,Tmin,4,2023,126,1.7634920634920637,2.1568274761567654,1.6349206349206349,4.6519047619047615
lowland_available,TW,Tmin,4,2024,290,1.697241379310345,2.141897321986055,1.4944827586206895,4.587724137931034
lowland_available,TW,Tmin,4,2025,328,1.9442073170731708,2.364002135692981,1.7923780487804881,5.588506097560976
lowland_available,TWN,Tmin,4,2022,290,2.367586206896552,2.6732906236735072,2.3268965517241376,7.14648275862069
lowland_available,TWN,Tmin,4,2023,320,2.19,2.479679918860497,2.15625,6.1488125
lowland_available,TWN,Tmin,4,2024,347,2.2242074927953888,2.599933495048355,2.1723342939481265,6.759654178674353
lowland_available,TWN,Tmin,4,2025,342,2.566374269005848,2.8545183225548176,2.5371345029239767,8.14827485380117
lowland_available,TY1,Tmin,4,2022,69,1.0130434782608695,1.2927333136768215,0.3144927536231886,1.6711594202898552
lowland_available,TY1,Tmin,4,2023,299,1.1759197324414716,1.4715586803905498,0.7946488294314381,2.165484949832776
lowland_available,TY1,Tmin,4,2024,323,1.3139318885448916,1.6594974807286968,0.8142414860681114,2.7539318885448916
lowland_available,TY1,Tmin,4,2025,309,1.227831715210356,1.5662500306707265,0.9022653721682846,2.4531391585760516
lowland_available,WGL,Tmin,4,2022,353,1.167988668555241,1.442839111803383,0.8824362606232294,2.0817847025495753
lowland_available,WGL,Tmin,4,2023,347,1.0285302593659942,1.311256959058794,0.7190201729106628,1.7193948126801155
lowland_available,WGL,Tmin,4,2024,344,1.1601744186046512,1.4516730524339119,0.6671511627906976,2.1073546511627907
lowland_available,WGL,Tmin,4,2025,346,1.1323699421965319,1.4261594005713913,0.8450867052023121,2.0339306358381504
lowland_available,WLP,Tmin,4,2022,313,1.5945686900958467,2.00286535956921,1.3651757188498403,4.011469648562301
lowland_available,WLP,Tmin,4,2023,303,1.4907590759075908,1.8621733992775475,1.3066006600660065,3.467689768976897
lowland_available,WLP,Tmin,4,2024,342,1.6523391812865496,2.032995370245244,1.1681286549707601,4.133070175438596
lowland_available,WLP,Tmin,4,2025,342,1.9339181286549707,2.3305999026930273,1.7812865497076025,5.431695906432749
lowland_available,WTS,Tmin,4,2022,297,1.1643097643097644,1.4466028939069397,0.7205387205387206,2.0926599326599327
lowland_available,WTS,Tmin,4,2023,342,1.0330409356725148,1.3091557924436987,0.5073099415204678,1.7138888888888888
lowland_available,WTS,Tmin,4,2024,323,1.1938080495356038,1.5423635916723426,0.6848297213622291,2.378885448916409
lowland_available,WTS,Tmin,4,2025,335,1.1531343283582087,1.4715714009383647,0.7638805970149254,2.1655223880597014
lowland_available,YLP,Tmin,4,2022,275,1.8705454545454545,2.3143347758147383,1.7003636363636363,5.356145454545454
lowland_available,YLP,Tmin,4,2023,299,1.663210702341137,2.1128449333480632,1.5180602006688964,4.464113712374582
lowland_available,YLP,Tmin,4,2024,321,1.619314641744548,2.099799723427135,1.2205607476635514,4.409158878504673
lowland_available,YLP,Tmin,4,2025,339,1.752802359882006,2.229515073536585,1.489085545722714,4.970737463126843
all_available,CCH,Tmin,5,2022,298,1.832214765100671,2.191931513161226,1.7060402684563758,4.8045637583892615
all_available,CCH,Tmin,5,2023,308,1.4113636363636364,1.717811579707339,1.3042207792207792,2.9508766233766233
all_available,CCH,Tmin,5,2024,357,1.4708683473389352,1.8393230395168432,1.2546218487394958,3.383109243697479
all_available,CCH,Tmin,5,2025,348,1.460919540229885,1.793026081443221,1.3051724137931033,3.214942528735633
all_available,CWB,Tmin,5,2022,310,1.1770967741935483,1.56805817864418,0.9448387096774192,2.458806451612903
all_available,CWB,Tmin,5,2023,288,1.3413194444444443,1.6802054272551847,1.223263888888889,2.8230902777777778
all_available,CWB,Tmin,5,2024,321,1.461993769470405,1.838808025126883,1.2258566978193146,3.381214953271028
all_available,CWB,Tmin,5,2025,339,1.469321533923304,1.7887801746649408,1.325368731563422,3.1997345132743362
all_available,HKP,Tmin,5,2022,320,1.0784375,1.3978443225195,0.5578125,1.95396875
all_available,HKP,Tmin,5,2023,351,1.0096866096866097,1.2582944183714888,0.4991452991452991,1.5833048433048433
all_available,HKP,Tmin,5,2024,302,1.2135761589403973,1.525294456427331,0.6109271523178806,2.326523178807947
all_available,HKP,Tmin,5,2025,309,1.160517799352751,1.4608371940238123,0.6731391585760516,2.1340453074433654
all_available,HKS,Tmin,5,2022,327,1.2678899082568809,1.5845971135378278,0.6146788990825688,2.5109480122324155
all_available,HKS,Tmin,5,2023,311,1.0829581993569133,1.3651613805170821,0.48167202572347273,1.8636655948553058
all_available,HKS,Tmin,5,2024,347,1.2207492795389052,1.6006662877819031,0.5446685878962536,2.5621325648414985
all_available,HKS,Tmin,5,2025,349,1.4234957020057308,1.8217721779066787,0.960458452722063,3.318853868194843
all_available,HPV,Tmin,5,2022,324,1.0867283950617284,1.3733014199815918,0.13611111111111113,1.8859567901234566
all_available,HPV,Tmin,5,2023,321,1.0274143302180685,1.3063468360564763,0.1034267912772586,1.7065420560747662
all_available,HPV,Tmin,5,2024,285,1.1824561403508773,1.5115694179438661,0.10245614035087723,2.284842105263158
all_available,HPV,Tmin,5,2025,302,1.2082781456953642,1.5420271340411638,0.4705298013245034,2.377847682119205
all_available,JKB,Tmin,5,2022,331,1.4589123867069487,1.821348725051777,1.1283987915407856,3.3173111782477336
all_available,JKB,Tmin,5,2023,264,1.4227272727272728,1.75421570146682,1.2696969696969695,3.0772727272727276
all_available,JKB,Tmin,5,2024,358,1.5536312849162013,1.8791267435795154,1.3156424581005586,3.531117318435754
all_available,JKB,Tmin,5,2025,351,1.862962962962963,2.2183834364746486,1.7535612535612535,4.921225071225071
all_available,KLT,Tmin,5,2022,324,1.3373456790123455,1.7197742458794187,1.0416666666666667,2.9576234567901234
all_available,KLT,Tmin,5,2023,259,1.332046332046332,1.661719814322722,1.0262548262548263,2.761312741312742
all_available,KLT,Tmin,5,2024,361,1.410803324099723,1.7972509016061449,1.0855955678670361,3.2301108033241004
all_available,KLT,Tmin,5,2025,354,1.369774011299435,1.7013039200121147,1.097457627118644,2.894435028248588
all_available,KP,Tmin,5,2022,208,1.09375,1.3673563769326786,0.629326923076923,1.8696634615384615
all_available,KP,Tmin,5,2023,341,1.0604105571847506,1.3491172306559522,0.6486803519061584,1.8201173020527859
all_available,KP,Tmin,5,2024,350,1.204857142857143,1.5468770382381953,0.6648571428571427,2.3928285714285713
all_available,KP,Tmin,5,2025,346,1.1904624277456646,1.4978886875302897,0.8187861271676301,2.243670520231214
all_available,KSC,Tmin,5,2022,309,1.889967637540453,2.2332584637018154,1.7663430420711972,4.987443365695793
all_available,KSC,Tmin,5,2023,338,1.7674556213017747,2.1156363486580845,1.7207100591715974,4.475917159763313
all_available,KSC,Tmin,5,2024,333,2.023423423423423,2.397195558678212,1.9171171171171166,5.746546546546546
all_available,KSC,Tmin,5,2025,332,2.2481927710843377,2.603010305512141,2.1957831325301207,6.77566265060241
all_available,KTG,Tmin,5,2022,196,1.251530612244898,1.5768251491590335,0.9229591836734693,2.4863775510204085
all_available,KTG,Tmin,5,2023,350,1.2385714285714287,1.5709596703016555,0.9574285714285715,2.467914285714286
all_available,KTG,Tmin,5,2024,351,1.3350427350427352,1.6982477981865851,0.9686609686609686,2.8840455840455843
all_available,KTG,Tmin,5,2025,353,1.3586402266288953,1.6628076192002055,1.0555240793201133,2.7649291784702554
all_available,LFS,Tmin,5,2022,282,1.7968085106382976,2.2210389875905294,1.6351063829787233,4.933014184397163
all_available,LFS,Tmin,5,2023,271,1.6254612546125464,1.9922080686840642,1.4387453874538745,3.968892988929889
all_available,LFS,Tmin,5,2024,315,1.7158730158730158,2.1192766061402493,1.51015873015873,4.491333333333333
all_available,LFS,Tmin,5,2025,349,1.843839541547278,2.1988079604620783,1.7154727793696276,4.8347564469914035
all_available,NGP,Tmin,5,2022,223,4.701793721973094,4.9405569664779145,4.701793721973094,24.40910313901345
all_available,NGP,Tmin,5,2023,202,4.710891089108911,4.980834555703204,4.710891089108911,24.80871287128713
all_available,NGP,Tmin,5,2024,122,5.037704918032787,5.355034401628337,5.037704918032787,28.676393442622956
all_available,NGP,Tmin,5,2025,210,4.717142857142857,4.923974391639725,4.69047619047619,24.245523809523807
all_available,PEN,Tmin,5,2022,246,1.1382113821138211,1.4503714130430032,0.5569105691056911,2.1035772357723577
all_available,PEN,Tmin,5,2023,253,1.0233201581027667,1.3017622594917837,0.491304347826087,1.694584980237154
all_available,PEN,Tmin,5,2024,194,1.397938144329897,1.7317531787656542,0.915463917525773,2.998969072164948
all_available,PEN,Tmin,5,2025,304,1.217763157894737,1.5387751451620284,0.9105263157894737,2.3678289473684213
all_available,PLC,Tmin,5,2022,313,1.4725239616613417,1.8601161116666316,1.2942492012779554,3.460031948881789
all_available,PLC,Tmin,5,2023,340,1.3279411764705882,1.6827061537891874,1.1361764705882351,2.8315
all_available,PLC,Tmin,5,2024,346,1.6135838150289017,2.0112616464310715,1.4141618497109827,4.045173410404624
all_available,PLC,Tmin,5,2025,331,1.6184290030211481,1.9701012902020012,1.4806646525679759,3.8812990936555893
all_available,SEK,Tmin,5,2022,274,2.0562043795620433,2.526328515142747,1.8379562043795619,6.382335766423358
all_available,SEK,Tmin,5,2023,209,1.8985645933014352,2.4078221810387896,1.6976076555023925,5.797607655502393
all_available,SEK,Tmin,5,2024,256,1.9515624999999999,2.502514360598157,1.67734375,6.262578125000001
all_available,SEK,Tmin,5,2025,287,2.121254355400697,2.662934380001716,1.951219512195122,7.091219512195122
all_available,SHA,Tmin,5,2022,317,1.4066246056782334,1.7847142761009707,0.9454258675078864,3.1852050473186115
all_available,SHA,Tmin,5,2023,341,1.3175953079178884,1.7205928869717984,0.8131964809384165,2.9604398826979477
all_available,SHA,Tmin,5,2024,342,1.4578947368421054,1.8760104489789928,0.911111111111111,3.519415204678362
all_available,SHA,Tmin,5,2025,335,1.7799999999999998,2.2784453982564123,1.4982089552238804,5.1913134328358215
all_available,SKG,Tmin,5,2022,347,1.172334293948127,1.4895602120626845,0.7654178674351584,2.21878962536023
all_available,SKG,Tmin,5,2023,333,1.1420420420420423,1.4447273920145758,0.6825825825825826,2.087237237237238
all_available,SKG,Tmin,5,2024,289,1.2726643598615919,1.631480954165947,0.8096885813148791,2.6617301038062284
all_available,SKG,Tmin,5,2025,331,1.3280966767371603,1.6989067037113628,0.9722054380664654,2.886283987915408
all_available,SKW,Tmin,5,2022,335,1.2447761194029852,1.5922573856288285,0.8608955223880597,2.535283582089552
all_available,SKW,Tmin,5,2023,350,1.1214285714285714,1.4179361259037224,0.8374285714285712,2.010542857142857
all_available,SKW,Tmin,5,2024,345,1.2965217391304347,1.635626901930523,0.8617391304347825,2.6752753623188403
all_available,SKW,Tmin,5,2025,349,1.2404011461318052,1.5292093955237673,0.9091690544412606,2.338481375358166
all_available,SSH,Tmin,5,2022,330,1.792121212121212,2.230749296591265,1.506060606060606,4.976242424242424
all_available,SSH,Tmin,5,2023,351,1.575783475783476,2.038455087878844,1.322792022792023,4.155299145299146
all_available,SSH,Tmin,5,2024,346,1.6673410404624276,2.1450642363422783,1.2991329479768785,4.601300578034682
all_available,SSH,Tmin,5,2025,341,1.9175953079178885,2.4578141589393407,1.6724340175953079,6.040850439882699
all_available,SSP,Tmin,5,2022,336,1.1529761904761904,1.4633620780342,0.5732142857142857,2.141428571428572
all_available,SSP,Tmin,5,2023,350,1.032,1.3169228201704586,0.5057142857142857,1.7342857142857142
all_available,SSP,Tmin,5,2024,353,1.25014164305949,1.6009823471608546,0.6104815864022662,2.5631444759206796
all_available,SSP,Tmin,5,2025,309,1.1776699029126214,1.5144076137922624,0.7213592233009709,2.293430420711974
all_available,STY,Tmin,5,2022,285,1.0449122807017543,1.3514644428733142,0.4336842105263158,1.8264561403508774
all_available,STY,Tmin,5,2023,341,0.9583577712609971,1.2274953637530328,0.5149560117302052,1.5067448680351905
all_available,STY,Tmin,5,2024,335,1.1573134328358208,1.4592064905590134,0.5949253731343284,2.129283582089552
all_available,STY,Tmin,5,2025,290,1.190689655172414,1.4975036699051227,0.9217241379310345,2.2425172413793106
all_available,TKL,Tmin,5,2022,316,2.506645569620253,3.1371750172101645,2.3933544303797465,9.841867088607595
all_available,TKL,Tmin,5,2023,338,2.2849112426035503,2.9388793500787895,2.2346153846153847,8.637011834319528
all_available,TKL,Tmin,5,2024,354,2.433050847457627,3.0908055739637192,2.315536723163842,9.553079096045197
all_available,TKL,Tmin,5,2025,271,2.9298892988929888,3.7497453788096142,2.8575645756457564,14.060590405904058
all_available,TU1,Tmin,5,2022,333,1.3246246246246247,1.678722165251924,0.9432432432432433,2.8181081081081083
all_available,TU1,Tmin,5,2023,350,1.1740000000000002,1.4768596025737468,0.7477142857142859,2.1811142857142856
all_available,TU1,Tmin,5,2024,332,1.32710843373494,1.7075664357588318,0.7469879518072289,2.9157831325301204
all_available,TU1,Tmin,5,2025,269,1.3104089219330854,1.6621860466059744,0.9111524163568774,2.762862453531598
all_available,TW,Tmin,5,2022,318,2.1056603773584905,2.5625630840524543,1.9459119496855344,6.566729559748427
all_available,TW,Tmin,5,2023,126,1.8000000000000003,2.2252875683616176,1.6746031746031746,4.951904761904761
all_available,TW,Tmin,5,2024,290,1.7227586206896557,2.192023156182749,1.487586206896552,4.80496551724138
all_available,TW,Tmin,5,2025,328,1.9850609756097561,2.4307669671896743,1.7832317073170734,5.908628048780487
all_available,TWN,Tmin,5,2022,289,2.4013840830449826,2.749973261902099,2.354325259515571,7.562352941176471
all_available,TWN,Tmin,5,2023,320,2.2043749999999998,2.521792517238482,2.178125,6.359437499999999
all_available,TWN,Tmin,5,2024,347,2.247262247838617,2.6407360776306836,2.169452449567723,6.973487031700289
all_available,TWN,Tmin,5,2025,342,2.5769005847953217,2.9114163270201954,2.5371345029239767,8.476345029239766
all_available,TY1,Tmin,5,2022,69,1.0246376811594202,1.3215603425990186,0.37246376811594223,1.746521739130435
all_available,TY1,Tmin,5,2023,299,1.1973244147157192,1.5021500755578079,0.8046822742474917,2.256454849498328
all_available,TY1,Tmin,5,2024,323,1.3640866873065016,1.6931111561255816,0.804953560371517,2.866625386996904
all_available,TY1,Tmin,5,2025,309,1.2886731391585757,1.6468268989032988,0.892556634304207,2.7120388349514557
all_available,WGL,Tmin,5,2022,352,1.2105113636363638,1.533554620066489,0.9224431818181817,2.351789772727273
all_available,WGL,Tmin,5,2023,347,1.0809798270893372,1.35258318339817,0.739193083573487,1.8294812680115278
all_available,WGL,Tmin,5,2024,344,1.2136627906976745,1.5107463887637762,0.6526162790697675,2.2823546511627906
all_available,WGL,Tmin,5,2025,346,1.1560693641618498,1.4651441563354544,0.8393063583815028,2.1466473988439305
all_available,WLP,Tmin,5,2022,312,1.683974358974359,2.106233118322364,1.3974358974358974,4.436217948717949
all_available,WLP,Tmin,5,2023,303,1.502640264026403,1.9030200073869037,1.3165016501650164,3.6214851485148514
all_available,WLP,Tmin,5,2024,342,1.6973684210526316,2.091272591660776,1.159356725146199,4.373421052631579
all_available,WLP,Tmin,5,2025,342,1.9701754385964911,2.40542758596991,1.7959064327485381,5.786081871345029
all_available,WTS,Tmin,5,2022,296,1.2506756756756758,1.5683525527539175,0.7695945945945947,2.45972972972973
all_available,WTS,Tmin,5,2023,342,1.0774853801169593,1.3670624159572258,0.5248538011695907,1.8688596491228069
all_available,WTS,Tmin,5,2024,323,1.252012383900929,1.6004836730239078,0.6817337461300309,2.561547987616099
all_available,WTS,Tmin,5,2025,335,1.233134328358209,1.5517443242239342,0.7638805970149254,2.407910447761194
all_available,YLP,Tmin,5,2022,275,1.941090909090909,2.414004594407016,1.7476363636363637,5.827418181818182
all_available,YLP,Tmin,5,2023,299,1.6846153846153846,2.1377088976527365,1.5247491638795987,4.569799331103678
all_available,YLP,Tmin,5,2024,321,1.6510903426791277,2.1324813329813743,1.2080996884735202,4.547476635514019
all_available,YLP,Tmin,5,2025,339,1.7823008849557525,2.29561593202666,1.4861356932153391,5.2698525073746305
strict_common,CCH,Tmin,5,2022,4,1.0250000000000004,1.1715374513859989,0.025000000000000355,1.3725000000000014
strict_common,CCH,Tmin,5,2023,3,1.9333333333333325,2.1322914122292627,1.1333333333333329,4.546666666666662
strict_common,CCH,Tmin,5,2024,4,1.5,1.5247950681976905,1.5,2.3249999999999997
strict_common,CCH,Tmin,5,2025,13,1.4846153846153844,1.8926985212409535,1.0692307692307692,3.582307692307692
strict_common,CWB,Tmin,5,2022,4,0.6749999999999998,0.7533259586659677,-0.07500000000000018,0.5674999999999993
strict_common,CWB,Tmin,5,2023,3,2.366666666666666,2.61470202253845,1.499999999999999,6.836666666666662
strict_common,CWB,Tmin,5,2024,4,1.2249999999999992,1.2971121771072838,1.2249999999999992,1.6824999999999977
strict_common,CWB,Tmin,5,2025,13,1.5461538461538462,1.744662189034357,1.0846153846153845,3.0438461538461543
strict_common,HKP,Tmin,5,2022,4,0.7750000000000004,1.1034038245356956,-0.4249999999999998,1.2175000000000002
strict_common,HKP,Tmin,5,2023,3,1.7333333333333318,1.9304576314093664,0.7999999999999995,3.7266666666666612
strict_common,HKP,Tmin,5,2024,4,0.2250000000000001,0.32015621187164256,0.2250000000000001,0.10250000000000006
strict_common,HKP,Tmin,5,2025,13,1.230769230769231,1.501793799222988,0.584615384615385,2.255384615384616
strict_common,HKS,Tmin,5,2022,4,1.275,1.6194134740701647,-0.37499999999999956,2.6225
strict_common,HKS,Tmin,5,2023,3,1.2333333333333332,1.5373136743466937,0.2333333333333331,2.3633333333333324
strict_common,HKS,Tmin,5,2024,4,0.350000000000001,0.5567764362830022,0.19999999999999885,0.31000000000000005
strict_common,HKS,Tmin,5,2025,13,1.6538461538461535,2.068630167340399,0.9769230769230766,4.279230769230768
strict_common,HPV,Tmin,5,2022,4,1.35,1.676305461424021,-0.1499999999999999,2.81
strict_common,HPV,Tmin,5,2023,3,1.5333333333333325,1.879716290649557,-0.06666666666666643,3.53333333333333
strict_common,HPV,Tmin,5,2024,4,0.5499999999999994,0.5873670062235362,-0.0999999999999992,0.3449999999999996
strict_common,HPV,Tmin,5,2025,13,1.4692307692307691,1.7826082877885165,0.46923076923076934,3.1776923076923063
strict_common,JKB,Tmin,5,2022,4,1.0500000000000003,1.358307770720613,-0.10000000000000009,1.8450000000000013
strict_common,JKB,Tmin,5,2023,3,2.0333333333333328,2.2810816147900823,1.4333333333333336,5.20333333333333
strict_common,JKB,Tmin,5,2024,4,1.25,1.426534261768711,1.25,2.035000000000001
strict_common,JKB,Tmin,5,2025,13,2.0076923076923077,2.43231450395582,1.7769230769230773,5.916153846153847
strict_common,KLT,Tmin,5,2022,4,0.8499999999999996,1.0816653826391966,-0.15000000000000036,1.1699999999999995
strict_common,KLT,Tmin,5,2023,3,1.8000000000000007,2.0248456731316593,1.133333333333334,4.100000000000003
strict_common,KLT,Tmin,5,2024,4,0.9249999999999998,1.0210288928331066,0.9249999999999998,1.0424999999999995
strict_common,KLT,Tmin,5,2025,13,1.630769230769231,1.8534790571745383,1.1538461538461537,3.4353846153846153
strict_common,KP,Tmin,5,2022,4,0.8999999999999999,1.1247221879201992,-0.30000000000000027,1.2649999999999997
strict_common,KP,Tmin,5,2023,3,1.7000000000000004,1.9330459556530641,0.9666666666666662,3.7366666666666677
strict_common,KP,Tmin,5,2024,4,0.5249999999999999,0.6184658438426494,0.5249999999999999,0.3825000000000003
strict_common,KP,Tmin,5,2025,13,1.3615384615384618,1.5389806816401366,0.7923076923076924,2.3684615384615393
strict_common,KSC,Tmin,5,2022,4,1.1999999999999997,1.284523257866513,0.8500000000000001,1.65
strict_common,KSC,Tmin,5,2023,3,2.0333333333333337,2.4623836689950114,1.8333333333333333,6.0633333333333335
strict_common,KSC,Tmin,5,2024,4,1.625,1.6575584454250776,1.625,2.7474999999999996
strict_common,KSC,Tmin,5,2025,13,2.3923076923076922,2.861279971782398,2.3923076923076922,8.186923076923078
strict_common,KTG,Tmin,5,2022,4,1.0249999999999995,1.0331989159885908,0.47499999999999964,1.067499999999999
strict_common,KTG,Tmin,5,2023,3,2.1,2.3909551787239063,1.366666666666666,5.716666666666666
strict_common,KTG,Tmin,5,2024,4,1.1,1.2549900398011131,1.1,1.5749999999999997
strict_common,KTG,Tmin,5,2025,13,1.5538461538461539,1.7128473819480101,1.092307692307692,2.9338461538461527
strict_common,LFS,Tmin,5,2022,4,1.225,1.382931668593933,0.7250000000000001,1.9124999999999999
strict_common,LFS,Tmin,5,2023,3,1.7333333333333343,2.0768565991260295,1.5333333333333339,4.313333333333337
strict_common,LFS,Tmin,5,2024,4,1.5249999999999995,1.7124543789543705,1.4249999999999998,2.9324999999999983
strict_common,LFS,Tmin,5,2025,13,1.7692307692307692,2.2914557012452215,1.7076923076923074,5.25076923076923
strict_common,NGP,Tmin,5,2022,4,3.9000000000000004,4.00374824383352,3.9000000000000004,16.03
strict_common,NGP,Tmin,5,2023,3,4.300000000000001,4.529532720564747,4.300000000000001,20.516666666666676
strict_common,NGP,Tmin,5,2024,4,5.425000000000001,5.5011362462676745,5.425000000000001,30.262500000000003
strict_common,NGP,Tmin,5,2025,13,4.584615384615385,4.886401853810539,4.584615384615385,23.876923076923074
strict_common,PEN,Tmin,5,2022,4,0.6749999999999998,1.3009611831257686,-0.625,1.6924999999999994
strict_common,PEN,Tmin,5,2023,3,1.2999999999999996,1.5416441439796233,0.29999999999999954,2.3766666666666656
strict_common,PEN,Tmin,5,2024,4,1.0249999999999995,1.165118019773104,1.0249999999999995,1.357499999999999
strict_common,PEN,Tmin,5,2025,13,1.4076923076923078,1.7309401624995144,0.7153846153846156,2.9961538461538453
strict_common,PLC,Tmin,5,2022,4,0.5499999999999998,0.5958187643906492,0.04999999999999982,0.355
strict_common,PLC,Tmin,5,2023,3,1.6666666666666667,1.961292091114087,1.2000000000000004,3.846666666666668
strict_common,PLC,Tmin,5,2024,4,1.625,1.6650825805346712,1.625,2.7725
strict_common,PLC,Tmin,5,2025,13,1.7153846153846155,2.013607554767161,1.3615384615384611,4.054615384615385
strict_common,SEK,Tmin,5,2022,4,1.725,2.4964975465639863,1.1750000000000003,6.232500000000002
strict_common,SEK,Tmin,5,2023,3,1.2666666666666668,1.5383974345619098,1.1999999999999993,2.366666666666666
strict_common,SEK,Tmin,5,2024,4,1.2750000000000004,1.3683932183404013,1.2750000000000004,1.8725000000000014
strict_common,SEK,Tmin,5,2025,13,2.1461538461538465,2.933755797083847,2.0230769230769234,8.606923076923078
strict_common,SHA,Tmin,5,2022,4,0.6749999999999998,0.9013878188659972,-0.22499999999999964,0.8124999999999998
strict_common,SHA,Tmin,5,2023,3,1.2666666666666657,1.4988884770611401,0.7999999999999995,2.246666666666664
strict_common,SHA,Tmin,5,2024,4,0.75,0.7968688725254612,0.75,0.6349999999999998
strict_common,SHA,Tmin,5,2025,13,1.9615384615384615,2.552374460108741,1.6384615384615382,6.514615384615386
strict_common,SKG,Tmin,5,2022,4,0.6500000000000004,0.8689073598491381,-0.4499999999999993,0.7549999999999997
strict_common,SKG,Tmin,5,2023,3,1.6333333333333329,1.9739976359323899,1.099999999999999,3.8966666666666643
strict_common,SKG,Tmin,5,2024,4,0.7250000000000005,0.7433034373659257,0.3750000000000009,0.5525000000000007
strict_common,SKG,Tmin,5,2025,13,1.5923076923076922,1.990554619272652,1.1769230769230772,3.962307692307692
strict_common,SKW,Tmin,5,2022,4,0.9499999999999997,1.0049875621120887,-0.24999999999999956,1.0099999999999993
strict_common,SKW,Tmin,5,2023,3,2.0333333333333328,2.362907813126304,1.4333333333333336,5.583333333333331
strict_common,SKW,Tmin,5,2024,4,0.6749999999999998,0.7088723439378912,0.6749999999999998,0.5025
strict_common,SKW,Tmin,5,2025,13,1.4538461538461542,1.630243021053091,0.8538461538461538,2.657692307692309
strict_common,SSH,Tmin,5,2022,4,1.3250000000000006,1.6725728683677734,0.8750000000000004,2.797500000000001
strict_common,SSH,Tmin,5,2023,3,1.6333333333333329,1.8156725108528422,1.099999999999999,3.2966666666666646
strict_common,SSH,Tmin,5,2024,4,1.0250000000000008,1.1694015563526505,1.0250000000000008,1.3675000000000015
strict_common,SSH,Tmin,5,2025,13,1.915384615384616,2.6066483047422007,1.6538461538461544,6.794615384615388
strict_common,SSP,Tmin,5,2022,4,0.7999999999999998,1.1937336386313324,-0.35000000000000053,1.4250000000000007
strict_common,SSP,Tmin,5,2023,3,1.1000000000000003,1.3228756555322958,0.366666666666666,1.750000000000001
strict_common,SSP,Tmin,5,2024,4,0.5499999999999998,0.6082762530298221,0.5499999999999998,0.3700000000000002
strict_common,SSP,Tmin,5,2025,13,1.2923076923076926,1.5859964108990339,0.6615384615384616,2.515384615384617
strict_common,STY,Tmin,5,2022,4,0.8999999999999995,1.0099504938362074,-0.7000000000000002,1.0199999999999991
strict_common,STY,Tmin,5,2023,3,2.099999999999999,2.3359509127262634,0.7666666666666657,5.456666666666663
strict_common,STY,Tmin,5,2024,4,0.2250000000000001,0.33541019662496846,0.2250000000000001,0.1125
strict_common,STY,Tmin,5,2025,13,1.3230769230769233,1.487899913921012,0.6615384615384621,2.213846153846155
strict_common,TKL,Tmin,5,2022,4,2.35,3.2657311585615862,2.1,10.665
strict_common,TKL,Tmin,5,2023,3,1.866666666666666,2.183269719175041,1.3999999999999997,4.766666666666663
strict_common,TKL,Tmin,5,2024,4,2.1999999999999997,2.241651177145989,2.1999999999999997,5.024999999999999
strict_common,TKL,Tmin,5,2025,13,2.976923076923077,3.925557285278104,2.946153846153846,15.409999999999998
strict_common,TU1,Tmin,5,2022,4,0.9000000000000004,1.11579568022107,-0.10000000000000053,1.2450000000000003
strict_common,TU1,Tmin,5,2023,3,0.9666666666666673,1.2449899597988736,0.43333333333333357,1.5500000000000007
strict_common,TU1,Tmin,5,2024,4,0.7250000000000005,0.8231038816577173,0.6250000000000009,0.6775000000000015
strict_common,TU1,Tmin,5,2025,13,1.3384615384615384,1.7944358444926358,0.9846153846153844,3.2199999999999993
strict_common,TW,Tmin,5,2022,4,1.8500000000000005,2.4341322889276173,0.9000000000000004,5.925000000000002
strict_common,TW,Tmin,5,2023,3,1.2333333333333336,1.5329709716755893,1.2333333333333336,2.3500000000000005
strict_common,TW,Tmin,5,2024,4,1.75,2.095232683975696,1.75,4.389999999999999
strict_common,TW,Tmin,5,2025,13,1.9615384615384621,2.6154864233578485,1.776923076923077,6.840769230769232
strict_common,TWN,Tmin,5,2022,4,1.75,1.8574175621006712,1.0499999999999998,3.4500000000000006
strict_common,TWN,Tmin,5,2023,3,2.0333333333333328,2.224859546128698,2.0333333333333328,4.949999999999997
strict_common,TWN,Tmin,5,2024,4,2.374999999999999,2.420227262056189,2.374999999999999,5.8574999999999955
strict_common,TWN,Tmin,5,2025,13,2.6538461538461533,3.0995036823535274,2.6538461538461533,9.606923076923076
strict_common,TY1,Tmin,5,2022,4,0.7749999999999999,1.30862523283024,-0.6750000000000003,1.7124999999999997
strict_common,TY1,Tmin,5,2023,3,1.3000000000000007,1.4888474289418203,0.6333333333333341,2.2166666666666686
strict_common,TY1,Tmin,5,2024,4,0.25,0.29154759474226494,0.25,0.08499999999999994
strict_common,TY1,Tmin,5,2025,13,1.4384615384615382,1.86815416922694,0.7153846153846148,3.489999999999999
strict_common,WGL,Tmin,5,2022,4,1.0000000000000004,1.129158979063622,-0.44999999999999973,1.2750000000000012
strict_common,WGL,Tmin,5,2023,3,2.3333333333333335,2.50466231922256,1.0666666666666675,6.273333333333334
strict_common,WGL,Tmin,5,2024,4,0.47500000000000053,0.5361902647381808,0.47500000000000053,0.28750000000000037
strict_common,WGL,Tmin,5,2025,13,1.1307692307692307,1.3482181973598737,0.43846153846153857,1.8176923076923073
strict_common,WLP,Tmin,5,2022,4,1.725,2.2588713996153036,0.4750000000000001,5.1025
strict_common,WLP,Tmin,5,2023,3,1.8000000000000007,1.976528944049813,1.2666666666666668,3.9066666666666694
strict_common,WLP,Tmin,5,2024,4,0.9749999999999996,1.1101801655587258,0.7750000000000004,1.2325
strict_common,WLP,Tmin,5,2025,13,1.9230769230769234,2.517935662402834,1.676923076923077,6.339999999999999
strict_common,WTS,Tmin,5,2022,4,0.6249999999999996,1.0210288928331068,-0.42500000000000027,1.0424999999999998
strict_common,WTS,Tmin,5,2023,3,1.500000000000001,1.6542873591570086,0.43333333333333357,2.73666666666667
strict_common,WTS,Tmin,5,2024,4,0.5999999999999996,0.6595452979136456,0.5999999999999996,0.4349999999999995
strict_common,WTS,Tmin,5,2025,13,1.4846153846153844,1.7972200755611432,0.823076923076923,3.230000000000001
strict_common,YLP,Tmin,5,2022,4,1.7499999999999996,2.2836374493338467,1.1,5.214999999999998
strict_common,YLP,Tmin,5,2023,3,1.2333333333333332,1.6010413278030435,1.2333333333333332,2.563333333333333
strict_common,YLP,Tmin,5,2024,4,1.2500000000000009,1.3765899897936213,1.1000000000000005,1.8950000000000022
strict_common,YLP,Tmin,5,2025,13,1.9153846153846155,2.7167571166317446,1.7769230769230773,7.380769230769231
lowland_available,CCH,Tmin,5,2022,298,1.832214765100671,2.191931513161226,1.7060402684563758,4.8045637583892615
lowland_available,CCH,Tmin,5,2023,308,1.4113636363636364,1.717811579707339,1.3042207792207792,2.9508766233766233
lowland_available,CCH,Tmin,5,2024,357,1.4708683473389352,1.8393230395168432,1.2546218487394958,3.383109243697479
lowland_available,CCH,Tmin,5,2025,348,1.460919540229885,1.793026081443221,1.3051724137931033,3.214942528735633
lowland_available,CWB,Tmin,5,2022,310,1.1770967741935483,1.56805817864418,0.9448387096774192,2.458806451612903
lowland_available,CWB,Tmin,5,2023,288,1.3413194444444443,1.6802054272551847,1.223263888888889,2.8230902777777778
lowland_available,CWB,Tmin,5,2024,321,1.461993769470405,1.838808025126883,1.2258566978193146,3.381214953271028
lowland_available,CWB,Tmin,5,2025,339,1.469321533923304,1.7887801746649408,1.325368731563422,3.1997345132743362
lowland_available,HKP,Tmin,5,2022,320,1.0784375,1.3978443225195,0.5578125,1.95396875
lowland_available,HKP,Tmin,5,2023,351,1.0096866096866097,1.2582944183714888,0.4991452991452991,1.5833048433048433
lowland_available,HKP,Tmin,5,2024,302,1.2135761589403973,1.525294456427331,0.6109271523178806,2.326523178807947
lowland_available,HKP,Tmin,5,2025,309,1.160517799352751,1.4608371940238123,0.6731391585760516,2.1340453074433654
lowland_available,HKS,Tmin,5,2022,327,1.2678899082568809,1.5845971135378278,0.6146788990825688,2.5109480122324155
lowland_available,HKS,Tmin,5,2023,311,1.0829581993569133,1.3651613805170821,0.48167202572347273,1.8636655948553058
lowland_available,HKS,Tmin,5,2024,347,1.2207492795389052,1.6006662877819031,0.5446685878962536,2.5621325648414985
lowland_available,HKS,Tmin,5,2025,349,1.4234957020057308,1.8217721779066787,0.960458452722063,3.318853868194843
lowland_available,HPV,Tmin,5,2022,324,1.0867283950617284,1.3733014199815918,0.13611111111111113,1.8859567901234566
lowland_available,HPV,Tmin,5,2023,321,1.0274143302180685,1.3063468360564763,0.1034267912772586,1.7065420560747662
lowland_available,HPV,Tmin,5,2024,285,1.1824561403508773,1.5115694179438661,0.10245614035087723,2.284842105263158
lowland_available,HPV,Tmin,5,2025,302,1.2082781456953642,1.5420271340411638,0.4705298013245034,2.377847682119205
lowland_available,JKB,Tmin,5,2022,331,1.4589123867069487,1.821348725051777,1.1283987915407856,3.3173111782477336
lowland_available,JKB,Tmin,5,2023,264,1.4227272727272728,1.75421570146682,1.2696969696969695,3.0772727272727276
lowland_available,JKB,Tmin,5,2024,358,1.5536312849162013,1.8791267435795154,1.3156424581005586,3.531117318435754
lowland_available,JKB,Tmin,5,2025,351,1.862962962962963,2.2183834364746486,1.7535612535612535,4.921225071225071
lowland_available,KLT,Tmin,5,2022,324,1.3373456790123455,1.7197742458794187,1.0416666666666667,2.9576234567901234
lowland_available,KLT,Tmin,5,2023,259,1.332046332046332,1.661719814322722,1.0262548262548263,2.761312741312742
lowland_available,KLT,Tmin,5,2024,361,1.410803324099723,1.7972509016061449,1.0855955678670361,3.2301108033241004
lowland_available,KLT,Tmin,5,2025,354,1.369774011299435,1.7013039200121147,1.097457627118644,2.894435028248588
lowland_available,KP,Tmin,5,2022,208,1.09375,1.3673563769326786,0.629326923076923,1.8696634615384615
lowland_available,KP,Tmin,5,2023,341,1.0604105571847506,1.3491172306559522,0.6486803519061584,1.8201173020527859
lowland_available,KP,Tmin,5,2024,350,1.204857142857143,1.5468770382381953,0.6648571428571427,2.3928285714285713
lowland_available,KP,Tmin,5,2025,346,1.1904624277456646,1.4978886875302897,0.8187861271676301,2.243670520231214
lowland_available,KSC,Tmin,5,2022,309,1.889967637540453,2.2332584637018154,1.7663430420711972,4.987443365695793
lowland_available,KSC,Tmin,5,2023,338,1.7674556213017747,2.1156363486580845,1.7207100591715974,4.475917159763313
lowland_available,KSC,Tmin,5,2024,333,2.023423423423423,2.397195558678212,1.9171171171171166,5.746546546546546
lowland_available,KSC,Tmin,5,2025,332,2.2481927710843377,2.603010305512141,2.1957831325301207,6.77566265060241
lowland_available,KTG,Tmin,5,2022,196,1.251530612244898,1.5768251491590335,0.9229591836734693,2.4863775510204085
lowland_available,KTG,Tmin,5,2023,350,1.2385714285714287,1.5709596703016555,0.9574285714285715,2.467914285714286
lowland_available,KTG,Tmin,5,2024,351,1.3350427350427352,1.6982477981865851,0.9686609686609686,2.8840455840455843
lowland_available,KTG,Tmin,5,2025,353,1.3586402266288953,1.6628076192002055,1.0555240793201133,2.7649291784702554
lowland_available,LFS,Tmin,5,2022,282,1.7968085106382976,2.2210389875905294,1.6351063829787233,4.933014184397163
lowland_available,LFS,Tmin,5,2023,271,1.6254612546125464,1.9922080686840642,1.4387453874538745,3.968892988929889
lowland_available,LFS,Tmin,5,2024,315,1.7158730158730158,2.1192766061402493,1.51015873015873,4.491333333333333
lowland_available,LFS,Tmin,5,2025,349,1.843839541547278,2.1988079604620783,1.7154727793696276,4.8347564469914035
lowland_available,PEN,Tmin,5,2022,246,1.1382113821138211,1.4503714130430032,0.5569105691056911,2.1035772357723577
lowland_available,PEN,Tmin,5,2023,253,1.0233201581027667,1.3017622594917837,0.491304347826087,1.694584980237154
lowland_available,PEN,Tmin,5,2024,194,1.397938144329897,1.7317531787656542,0.915463917525773,2.998969072164948
lowland_available,PEN,Tmin,5,2025,304,1.217763157894737,1.5387751451620284,0.9105263157894737,2.3678289473684213
lowland_available,PLC,Tmin,5,2022,313,1.4725239616613417,1.8601161116666316,1.2942492012779554,3.460031948881789
lowland_available,PLC,Tmin,5,2023,340,1.3279411764705882,1.6827061537891874,1.1361764705882351,2.8315
lowland_available,PLC,Tmin,5,2024,346,1.6135838150289017,2.0112616464310715,1.4141618497109827,4.045173410404624
lowland_available,PLC,Tmin,5,2025,331,1.6184290030211481,1.9701012902020012,1.4806646525679759,3.8812990936555893
lowland_available,SEK,Tmin,5,2022,274,2.0562043795620433,2.526328515142747,1.8379562043795619,6.382335766423358
lowland_available,SEK,Tmin,5,2023,209,1.8985645933014352,2.4078221810387896,1.6976076555023925,5.797607655502393
lowland_available,SEK,Tmin,5,2024,256,1.9515624999999999,2.502514360598157,1.67734375,6.262578125000001
lowland_available,SEK,Tmin,5,2025,287,2.121254355400697,2.662934380001716,1.951219512195122,7.091219512195122
lowland_available,SHA,Tmin,5,2022,317,1.4066246056782334,1.7847142761009707,0.9454258675078864,3.1852050473186115
lowland_available,SHA,Tmin,5,2023,341,1.3175953079178884,1.7205928869717984,0.8131964809384165,2.9604398826979477
lowland_available,SHA,Tmin,5,2024,342,1.4578947368421054,1.8760104489789928,0.911111111111111,3.519415204678362
lowland_available,SHA,Tmin,5,2025,335,1.7799999999999998,2.2784453982564123,1.4982089552238804,5.1913134328358215
lowland_available,SKG,Tmin,5,2022,347,1.172334293948127,1.4895602120626845,0.7654178674351584,2.21878962536023
lowland_available,SKG,Tmin,5,2023,333,1.1420420420420423,1.4447273920145758,0.6825825825825826,2.087237237237238
lowland_available,SKG,Tmin,5,2024,289,1.2726643598615919,1.631480954165947,0.8096885813148791,2.6617301038062284
lowland_available,SKG,Tmin,5,2025,331,1.3280966767371603,1.6989067037113628,0.9722054380664654,2.886283987915408
lowland_available,SKW,Tmin,5,2022,335,1.2447761194029852,1.5922573856288285,0.8608955223880597,2.535283582089552
lowland_available,SKW,Tmin,5,2023,350,1.1214285714285714,1.4179361259037224,0.8374285714285712,2.010542857142857
lowland_available,SKW,Tmin,5,2024,345,1.2965217391304347,1.635626901930523,0.8617391304347825,2.6752753623188403
lowland_available,SKW,Tmin,5,2025,349,1.2404011461318052,1.5292093955237673,0.9091690544412606,2.338481375358166
lowland_available,SSH,Tmin,5,2022,330,1.792121212121212,2.230749296591265,1.506060606060606,4.976242424242424
lowland_available,SSH,Tmin,5,2023,351,1.575783475783476,2.038455087878844,1.322792022792023,4.155299145299146
lowland_available,SSH,Tmin,5,2024,346,1.6673410404624276,2.1450642363422783,1.2991329479768785,4.601300578034682
lowland_available,SSH,Tmin,5,2025,341,1.9175953079178885,2.4578141589393407,1.6724340175953079,6.040850439882699
lowland_available,SSP,Tmin,5,2022,336,1.1529761904761904,1.4633620780342,0.5732142857142857,2.141428571428572
lowland_available,SSP,Tmin,5,2023,350,1.032,1.3169228201704586,0.5057142857142857,1.7342857142857142
lowland_available,SSP,Tmin,5,2024,353,1.25014164305949,1.6009823471608546,0.6104815864022662,2.5631444759206796
lowland_available,SSP,Tmin,5,2025,309,1.1776699029126214,1.5144076137922624,0.7213592233009709,2.293430420711974
lowland_available,STY,Tmin,5,2022,285,1.0449122807017543,1.3514644428733142,0.4336842105263158,1.8264561403508774
lowland_available,STY,Tmin,5,2023,341,0.9583577712609971,1.2274953637530328,0.5149560117302052,1.5067448680351905
lowland_available,STY,Tmin,5,2024,335,1.1573134328358208,1.4592064905590134,0.5949253731343284,2.129283582089552
lowland_available,STY,Tmin,5,2025,290,1.190689655172414,1.4975036699051227,0.9217241379310345,2.2425172413793106
lowland_available,TKL,Tmin,5,2022,316,2.506645569620253,3.1371750172101645,2.3933544303797465,9.841867088607595
lowland_available,TKL,Tmin,5,2023,338,2.2849112426035503,2.9388793500787895,2.2346153846153847,8.637011834319528
lowland_available,TKL,Tmin,5,2024,354,2.433050847457627,3.0908055739637192,2.315536723163842,9.553079096045197
lowland_available,TKL,Tmin,5,2025,271,2.9298892988929888,3.7497453788096142,2.8575645756457564,14.060590405904058
lowland_available,TU1,Tmin,5,2022,333,1.3246246246246247,1.678722165251924,0.9432432432432433,2.8181081081081083
lowland_available,TU1,Tmin,5,2023,350,1.1740000000000002,1.4768596025737468,0.7477142857142859,2.1811142857142856
lowland_available,TU1,Tmin,5,2024,332,1.32710843373494,1.7075664357588318,0.7469879518072289,2.9157831325301204
lowland_available,TU1,Tmin,5,2025,269,1.3104089219330854,1.6621860466059744,0.9111524163568774,2.762862453531598
lowland_available,TW,Tmin,5,2022,318,2.1056603773584905,2.5625630840524543,1.9459119496855344,6.566729559748427
lowland_available,TW,Tmin,5,2023,126,1.8000000000000003,2.2252875683616176,1.6746031746031746,4.951904761904761
lowland_available,TW,Tmin,5,2024,290,1.7227586206896557,2.192023156182749,1.487586206896552,4.80496551724138
lowland_available,TW,Tmin,5,2025,328,1.9850609756097561,2.4307669671896743,1.7832317073170734,5.908628048780487
lowland_available,TWN,Tmin,5,2022,289,2.4013840830449826,2.749973261902099,2.354325259515571,7.562352941176471
lowland_available,TWN,Tmin,5,2023,320,2.2043749999999998,2.521792517238482,2.178125,6.359437499999999
lowland_available,TWN,Tmin,5,2024,347,2.247262247838617,2.6407360776306836,2.169452449567723,6.973487031700289
lowland_available,TWN,Tmin,5,2025,342,2.5769005847953217,2.9114163270201954,2.5371345029239767,8.476345029239766
lowland_available,TY1,Tmin,5,2022,69,1.0246376811594202,1.3215603425990186,0.37246376811594223,1.746521739130435
lowland_available,TY1,Tmin,5,2023,299,1.1973244147157192,1.5021500755578079,0.8046822742474917,2.256454849498328
lowland_available,TY1,Tmin,5,2024,323,1.3640866873065016,1.6931111561255816,0.804953560371517,2.866625386996904
lowland_available,TY1,Tmin,5,2025,309,1.2886731391585757,1.6468268989032988,0.892556634304207,2.7120388349514557
lowland_available,WGL,Tmin,5,2022,352,1.2105113636363638,1.533554620066489,0.9224431818181817,2.351789772727273
lowland_available,WGL,Tmin,5,2023,347,1.0809798270893372,1.35258318339817,0.739193083573487,1.8294812680115278
lowland_available,WGL,Tmin,5,2024,344,1.2136627906976745,1.5107463887637762,0.6526162790697675,2.2823546511627906
lowland_available,WGL,Tmin,5,2025,346,1.1560693641618498,1.4651441563354544,0.8393063583815028,2.1466473988439305
lowland_available,WLP,Tmin,5,2022,312,1.683974358974359,2.106233118322364,1.3974358974358974,4.436217948717949
lowland_available,WLP,Tmin,5,2023,303,1.502640264026403,1.9030200073869037,1.3165016501650164,3.6214851485148514
lowland_available,WLP,Tmin,5,2024,342,1.6973684210526316,2.091272591660776,1.159356725146199,4.373421052631579
lowland_available,WLP,Tmin,5,2025,342,1.9701754385964911,2.40542758596991,1.7959064327485381,5.786081871345029
lowland_available,WTS,Tmin,5,2022,296,1.2506756756756758,1.5683525527539175,0.7695945945945947,2.45972972972973
lowland_available,WTS,Tmin,5,2023,342,1.0774853801169593,1.3670624159572258,0.5248538011695907,1.8688596491228069
lowland_available,WTS,Tmin,5,2024,323,1.252012383900929,1.6004836730239078,0.6817337461300309,2.561547987616099
lowland_available,WTS,Tmin,5,2025,335,1.233134328358209,1.5517443242239342,0.7638805970149254,2.407910447761194
lowland_available,YLP,Tmin,5,2022,275,1.941090909090909,2.414004594407016,1.7476363636363637,5.827418181818182
lowland_available,YLP,Tmin,5,2023,299,1.6846153846153846,2.1377088976527365,1.5247491638795987,4.569799331103678
lowland_available,YLP,Tmin,5,2024,321,1.6510903426791277,2.1324813329813743,1.2080996884735202,4.547476635514019
lowland_available,YLP,Tmin,5,2025,339,1.7823008849557525,2.29561593202666,1.4861356932153391,5.2698525073746305
all_available,CCH,Tmin,6,2022,297,1.8808080808080805,2.2866322110665,1.7380471380471378,5.228686868686869
all_available,CCH,Tmin,6,2023,308,1.4522727272727274,1.811462421331479,1.3172077922077923,3.281396103896104
all_available,CCH,Tmin,6,2024,357,1.499439775910364,1.8998525668878532,1.2630252100840336,3.6094397759103645
all_available,CCH,Tmin,6,2025,348,1.5114942528735633,1.844687931119622,1.3482758620689654,3.402873563218391
all_available,CWB,Tmin,6,2022,309,1.220064724919094,1.6780903000185006,0.9598705501618122,2.815987055016181
all_available,CWB,Tmin,6,2023,288,1.428125,1.8365974729857866,1.2753472222222222,3.373090277777777
all_available,CWB,Tmin,6,2024,321,1.4607476635514018,1.891257143424584,1.219626168224299,3.5768535825545174
all_available,CWB,Tmin,6,2025,339,1.5035398230088497,1.8261538155675974,1.3578171091445428,3.3348377581120943
all_available,HKP,Tmin,6,2022,319,1.1357366771159874,1.4996655844566686,0.5852664576802509,2.2489968652037615
all_available,HKP,Tmin,6,2023,351,1.0786324786324788,1.367864807301559,0.5162393162393162,1.871054131054131
all_available,HKP,Tmin,6,2024,302,1.231456953642384,1.5657869400789668,0.6009933774834435,2.451688741721854
all_available,HKP,Tmin,6,2025,309,1.16957928802589,1.4771397183654686,0.7184466019417474,2.181941747572816
all_available,HKS,Tmin,6,2022,326,1.288957055214724,1.6355708558603865,0.6257668711656442,2.675092024539877
all_available,HKS,Tmin,6,2023,311,1.151768488745981,1.486920467235637,0.5041800643086817,2.210932475884245
all_available,HKS,Tmin,6,2024,347,1.2518731988472624,1.6371585703401001,0.5446685878962536,2.6802881844380404
all_available,HKS,Tmin,6,2025,349,1.445272206303725,1.8363411984526925,0.9977077363896848,3.372148997134671
all_available,HPV,Tmin,6,2022,323,1.120433436532508,1.4356043160711038,0.15944272445820434,2.0609597523219816
all_available,HPV,Tmin,6,2023,321,1.0953271028037384,1.4284601647815038,0.1283489096573209,2.040498442367601
all_available,HPV,Tmin,6,2024,285,1.2133333333333334,1.5478111313224279,0.09894736842105267,2.395719298245614
all_available,HPV,Tmin,6,2025,302,1.2096026490066223,1.5525134502621976,0.4837748344370862,2.4102980132450327
all_available,JKB,Tmin,6,2022,330,1.4912121212121212,1.8950253856139265,1.1572727272727275,3.591121212121211
all_available,JKB,Tmin,6,2023,264,1.4696969696969697,1.8563976193725633,1.3,3.446212121212121
all_available,JKB,Tmin,6,2024,358,1.5625698324022346,1.9234948407091288,1.3212290502793296,3.699832402234637
all_available,JKB,Tmin,6,2025,351,1.9102564102564104,2.250134532223665,1.7905982905982907,5.063105413105412
all_available,KLT,Tmin,6,2022,323,1.4046439628482974,1.8299452697833554,1.0640866873065016,3.3486996904024773
all_available,KLT,Tmin,6,2023,259,1.4146718146718151,1.8083675097150609,1.0416988416988417,3.2701930501930505
all_available,KLT,Tmin,6,2024,361,1.4412742382271466,1.8611571178099164,1.0883656509695292,3.463905817174515
all_available,KLT,Tmin,6,2025,354,1.4177966101694914,1.7525042614614887,1.137005649717514,3.071271186440678
all_available,KP,Tmin,6,2022,208,1.14375,1.4608513060751729,0.6725961538461538,2.1340865384615384
all_available,KP,Tmin,6,2023,341,1.13841642228739,1.4894152447390205,0.6574780058651026,2.2183577712609965
all_available,KP,Tmin,6,2024,350,1.2288571428571429,1.606851402143779,0.6648571428571427,2.5819714285714284
all_available,KP,Tmin,6,2025,346,1.2141618497109827,1.5276923547088397,0.8505780346820809,2.333843930635839
all_available,KSC,Tmin,6,2022,309,1.904854368932039,2.290772258530532,1.7760517799352749,5.247637540453074
all_available,KSC,Tmin,6,2023,338,1.801775147928994,2.217907217634566,1.7355029585798813,4.919112426035502
all_available,KSC,Tmin,6,2024,333,2.048048048048048,2.4463001419254313,1.9321321321321316,5.984384384384385
all_available,KSC,Tmin,6,2025,332,2.3156626506024094,2.6474129222172524,2.246987951807229,7.008795180722892
all_available,KTG,Tmin,6,2022,196,1.2933673469387754,1.6768684370283915,0.9739795918367345,2.811887755102041
all_available,KTG,Tmin,6,2023,350,1.308857142857143,1.692141500331121,0.968857142857143,2.8633428571428574
all_available,KTG,Tmin,6,2024,351,1.3623931623931624,1.7597105434079767,0.9772079772079773,3.0965811965811967
all_available,KTG,Tmin,6,2025,353,1.3954674220963172,1.705365636652217,1.0980169971671387,2.9082719546742215
all_available,LFS,Tmin,6,2022,281,1.8523131672597866,2.3160203319349213,1.6594306049822065,5.363950177935943
all_available,LFS,Tmin,6,2023,271,1.6424354243542436,2.0788603889162847,1.4350553505535055,4.321660516605166
all_available,LFS,Tmin,6,2024,315,1.7558730158730156,2.1621344539194127,1.51015873015873,4.674825396825397
all_available,LFS,Tmin,6,2025,349,1.9022922636103152,2.254019014826119,1.7555873925501433,5.080601719197708
all_available,NGP,Tmin,6,2022,223,4.7242152466367715,5.009332098368891,4.7242152466367715,25.09340807174888
all_available,NGP,Tmin,6,2023,202,4.75049504950495,5.093365904549149,4.75049504950495,25.942376237623765
all_available,NGP,Tmin,6,2024,122,5.054098360655738,5.398937357495819,5.054098360655738,29.148524590163934
all_available,NGP,Tmin,6,2025,210,4.758095238095238,4.988730156204941,4.728571428571428,24.887428571428575
all_available,PEN,Tmin,6,2022,246,1.1902439024390241,1.5766074517490298,0.6056910569105691,2.4856910569105692
all_available,PEN,Tmin,6,2023,253,1.0541501976284584,1.4009172602122062,0.491304347826087,1.9625691699604741
all_available,PEN,Tmin,6,2024,194,1.4381443298969072,1.8182919366840709,0.9360824742268039,3.306185567010309
all_available,PEN,Tmin,6,2025,304,1.2710526315789474,1.5946250177920893,0.9565789473684211,2.542828947368421
all_available,PLC,Tmin,6,2022,312,1.5451923076923078,1.9861620637777129,1.3336538461538463,3.9448397435897435
all_available,PLC,Tmin,6,2023,340,1.3797058823529411,1.7925581457465618,1.1361764705882351,3.2132647058823522
all_available,PLC,Tmin,6,2024,346,1.6552023121387285,2.088801686505718,1.4286127167630058,4.363092485549132
all_available,PLC,Tmin,6,2025,331,1.6637462235649547,2.025748155404286,1.519939577039275,4.103655589123867
all_available,SEK,Tmin,6,2022,273,2.108791208791209,2.6188594671010716,1.8479853479853479,6.858424908424908
all_available,SEK,Tmin,6,2023,209,1.970334928229665,2.5153119604480887,1.721531100478469,6.326794258373207
all_available,SEK,Tmin,6,2024,256,1.9874999999999998,2.5667799623263385,1.68125,6.5883593750000005
all_available,SEK,Tmin,6,2025,287,2.1888501742160282,2.7107863009352062,2.0,7.348362369337978
all_available,SHA,Tmin,6,2022,316,1.4721518987341773,1.8715897256786334,0.9765822784810128,3.502848101265822
all_available,SHA,Tmin,6,2023,341,1.4049853372434016,1.8670707215258038,0.8425219941348974,3.4859530791788855
all_available,SHA,Tmin,6,2024,342,1.4900584795321639,1.9229606802474608,0.9169590643274853,3.6977777777777776
all_available,SHA,Tmin,6,2025,335,1.828955223880597,2.3035922628435865,1.5280597014925372,5.306537313432836
all_available,SKG,Tmin,6,2022,346,1.2132947976878612,1.5785410693150972,0.792485549132948,2.491791907514451
all_available,SKG,Tmin,6,2023,333,1.2219219219219222,1.5850749075240773,0.7096096096096096,2.5124624624624623
all_available,SKG,Tmin,6,2024,289,1.301038062283737,1.683874260730758,0.8027681660899656,2.835432525951557
all_available,SKG,Tmin,6,2025,331,1.3607250755287008,1.7225709724963465,0.9963746223564957,2.967250755287009
all_available,SKW,Tmin,6,2022,334,1.280239520958084,1.685762856153151,0.8892215568862275,2.841796407185629
all_available,SKW,Tmin,6,2023,350,1.1922857142857144,1.539471152237491,0.8517142857142854,2.3699714285714286
all_available,SKW,Tmin,6,2024,345,1.3081159420289856,1.6698259911079687,0.8559420289855071,2.7883188405797097
all_available,SKW,Tmin,6,2025,349,1.2673352435530085,1.5583493581553005,0.9492836676217764,2.428452722063037
all_available,SSH,Tmin,6,2022,329,1.8547112462006081,2.3310511345951346,1.5294832826747722,5.433799392097264
all_available,SSH,Tmin,6,2023,351,1.6452991452991457,2.161110561817433,1.3427350427350428,4.67039886039886
all_available,SSH,Tmin,6,2024,346,1.6881502890173408,2.195403764199486,1.3078034682080926,4.819797687861272
all_available,SSH,Tmin,6,2025,341,1.9510263929618767,2.4763574138350304,1.6929618768328445,6.132346041055719
all_available,SSP,Tmin,6,2022,335,1.2185074626865673,1.5727910356404773,0.6041791044776119,2.473671641791045
all_available,SSP,Tmin,6,2023,350,1.1245714285714286,1.4700826021495723,0.5257142857142856,2.1611428571428575
all_available,SSP,Tmin,6,2024,353,1.291501416430595,1.6734808763849265,0.6218130311614731,2.800538243626062
all_available,SSP,Tmin,6,2025,309,1.2158576051779937,1.5471761519967413,0.7601941747572816,2.3937540453074435
all_available,STY,Tmin,6,2022,284,1.0605633802816903,1.4217872109564909,0.4570422535211268,2.021478873239437
all_available,STY,Tmin,6,2023,341,1.0516129032258066,1.3605243081113534,0.5530791788856304,1.8510263929618767
all_available,STY,Tmin,6,2024,335,1.1746268656716419,1.4907776193811608,0.6038805970149254,2.2224179104477613
all_available,STY,Tmin,6,2025,290,1.2093103448275864,1.517404771766357,0.9562068965517244,2.3025172413793102
all_available,TKL,Tmin,6,2022,315,2.5625396825396827,3.202845956680125,2.419047619047619,10.258222222222223
all_available,TKL,Tmin,6,2023,338,2.3227810650887575,3.0286159863705744,2.2464497041420115,9.172514792899408
all_available,TKL,Tmin,6,2024,354,2.4426553672316387,3.117106981193201,2.3183615819209042,9.71635593220339
all_available,TKL,Tmin,6,2025,271,2.9771217712177123,3.7726046871440495,2.8944649446494464,14.232546125461253
all_available,TU1,Tmin,6,2022,332,1.4006024096385543,1.7937475074496765,0.9704819277108433,3.217530120481927
all_available,TU1,Tmin,6,2023,350,1.2591428571428573,1.6110245187457577,0.7591428571428572,2.5954
all_available,TU1,Tmin,6,2024,332,1.3536144578313252,1.7603737281187204,0.7530120481927711,3.0989156626506027
all_available,TU1,Tmin,6,2025,269,1.3408921933085503,1.687048851988668,0.9446096654275093,2.8461338289962823
all_available,TW,Tmin,6,2022,317,2.13186119873817,2.6225544414000743,1.969085173501577,6.877791798107256
all_available,TW,Tmin,6,2023,126,1.9666666666666668,2.3966577256605195,1.7301587301587302,5.743968253968253
all_available,TW,Tmin,6,2024,290,1.7579310344827588,2.234247539769378,1.4979310344827585,4.991862068965518
all_available,TW,Tmin,6,2025,328,2.0228658536585367,2.4569649629712456,1.813719512195122,6.036676829268293
all_available,TWN,Tmin,6,2022,288,2.4468750000000004,2.8213164283520005,2.371875,7.95982638888889
all_available,TWN,Tmin,6,2023,320,2.25,2.6303635680262905,2.203125,6.918812499999999
all_available,TWN,Tmin,6,2024,347,2.2662824207492798,2.6931442472692444,2.1752161383285302,7.253025936599424
all_available,TWN,Tmin,6,2025,342,2.620175438596491,2.956166119935578,2.5722222222222224,8.738918128654971
all_available,TY1,Tmin,6,2022,69,1.0130434782608695,1.30167116664961,0.3579710144927538,1.6943478260869567
all_available,TY1,Tmin,6,2023,299,1.2688963210702342,1.6065085014457257,0.8180602006688964,2.5808695652173914
all_available,TY1,Tmin,6,2024,323,1.3727554179566563,1.72140053858522,0.7894736842105263,2.963219814241486
all_available,TY1,Tmin,6,2025,309,1.344336569579288,1.6708232956949376,0.9378640776699028,2.7916504854368926
all_available,WGL,Tmin,6,2022,351,1.2179487179487178,1.6110639545117587,0.9478632478632478,2.5955270655270657
all_available,WGL,Tmin,6,2023,347,1.1299711815561961,1.4330696985167597,0.7536023054755043,2.0536887608069168
all_available,WGL,Tmin,6,2024,344,1.240406976744186,1.5648110815463419,0.6438953488372093,2.4486337209302325
all_available,WGL,Tmin,6,2025,346,1.1971098265895954,1.5023488353646057,0.8826589595375722,2.2570520231213873
all_available,WLP,Tmin,6,2022,311,1.7533762057877813,2.2045334757401998,1.4163987138263665,4.859967845659165
all_available,WLP,Tmin,6,2023,303,1.5607260726072607,2.007995568874708,1.3297029702970296,4.032046204620461
all_available,WLP,Tmin,6,2024,342,1.7599415204678366,2.1685619241131784,1.1739766081871346,4.70266081871345
all_available,WLP,Tmin,6,2025,342,2.0239766081871347,2.4533304729197667,1.8426900584795323,6.018830409356727
all_available,WTS,Tmin,6,2022,295,1.308135593220339,1.6806677446171834,0.795593220338983,2.8246440677966103
all_available,WTS,Tmin,6,2023,342,1.1669590643274854,1.502386016538379,0.554093567251462,2.2571637426900586
all_available,WTS,Tmin,6,2024,323,1.2718266253869972,1.6591802967025449,0.6724458204334365,2.7528792569659446
all_available,WTS,Tmin,6,2025,335,1.2725373134328357,1.587309748853692,0.793731343283582,2.5195522388059706
all_available,YLP,Tmin,6,2022,275,1.9934545454545451,2.4868673247499737,1.765818181818182,6.184509090909091
all_available,YLP,Tmin,6,2023,299,1.7448160535117059,2.2317037599647502,1.551505016722408,4.980501672240803
all_available,YLP,Tmin,6,2024,321,1.6704049844236761,2.1646695804494884,1.2080996884735202,4.6857943925233645
all_available,YLP,Tmin,6,2025,339,1.83952802359882,2.3209193580705616,1.5215339233038347,5.386666666666667
strict_common,CCH,Tmin,6,2022,4,1.0250000000000004,1.1715374513859989,0.025000000000000355,1.3725000000000014
strict_common,CCH,Tmin,6,2023,3,2.2666666666666657,2.64826987547216,1.4666666666666661,7.013333333333329
strict_common,CCH,Tmin,6,2024,4,1.5,1.5247950681976905,1.5,2.3249999999999997
strict_common,CCH,Tmin,6,2025,13,1.376923076923077,1.8265141242689165,1.0692307692307692,3.3361538461538465
strict_common,CWB,Tmin,6,2022,4,0.6749999999999998,0.7533259586659677,-0.07500000000000018,0.5674999999999993
strict_common,CWB,Tmin,6,2023,3,2.6999999999999993,3.1256999216175556,1.8333333333333321,9.769999999999994
strict_common,CWB,Tmin,6,2024,4,1.2249999999999992,1.2971121771072838,1.2249999999999992,1.6824999999999977
strict_common,CWB,Tmin,6,2025,13,1.330769230769231,1.6307148031555885,1.0846153846153845,2.6592307692307697
strict_common,HKP,Tmin,6,2022,4,0.7750000000000004,1.1034038245356956,-0.4249999999999998,1.2175000000000002
strict_common,HKP,Tmin,6,2023,3,2.066666666666665,2.448128536930471,1.1333333333333329,5.993333333333328
strict_common,HKP,Tmin,6,2024,4,0.2250000000000001,0.32015621187164256,0.2250000000000001,0.10250000000000006
strict_common,HKP,Tmin,6,2025,13,1.0923076923076929,1.4228898005873067,0.584615384615385,2.0246153846153856
strict_common,HKS,Tmin,6,2022,4,1.275,1.6194134740701647,-0.37499999999999956,2.6225
strict_common,HKS,Tmin,6,2023,3,1.5666666666666664,2.0404247923737184,0.5666666666666664,4.163333333333331
strict_common,HKS,Tmin,6,2024,4,0.350000000000001,0.5567764362830022,0.19999999999999885,0.31000000000000005
strict_common,HKS,Tmin,6,2025,13,1.7153846153846155,2.0197105657075642,0.9769230769230766,4.079230769230769
strict_common,HPV,Tmin,6,2022,4,1.35,1.676305461424021,-0.1499999999999999,2.81
strict_common,HPV,Tmin,6,2023,3,1.866666666666666,2.309401076758502,0.2666666666666669,5.3333333333333295
strict_common,HPV,Tmin,6,2024,4,0.5499999999999994,0.5873670062235362,-0.0999999999999992,0.3449999999999996
strict_common,HPV,Tmin,6,2025,13,1.3307692307692305,1.6986419915287077,0.46923076923076934,2.885384615384614
strict_common,JKB,Tmin,6,2022,4,1.0500000000000003,1.358307770720613,-0.10000000000000009,1.8450000000000013
strict_common,JKB,Tmin,6,2023,3,2.366666666666666,2.793444707405774,1.7666666666666668,7.80333333333333
strict_common,JKB,Tmin,6,2024,4,1.25,1.426534261768711,1.25,2.035000000000001
strict_common,JKB,Tmin,6,2025,13,2.023076923076923,2.451216338567761,1.7769230769230773,6.00846153846154
strict_common,KLT,Tmin,6,2022,4,0.8499999999999996,1.0816653826391966,-0.15000000000000036,1.1699999999999995
strict_common,KLT,Tmin,6,2023,3,2.133333333333334,2.549509756796393,1.4666666666666675,6.500000000000004
strict_common,KLT,Tmin,6,2024,4,0.9249999999999998,1.0210288928331066,0.9249999999999998,1.0424999999999995
strict_common,KLT,Tmin,6,2025,13,1.4461538461538466,1.8029889713387683,1.1538461538461537,3.25076923076923
strict_common,KP,Tmin,6,2022,4,0.8999999999999999,1.1247221879201992,-0.30000000000000027,1.2649999999999997
strict_common,KP,Tmin,6,2023,3,2.0333333333333337,2.463736998950984,1.2999999999999996,6.070000000000001
strict_common,KP,Tmin,6,2024,4,0.5249999999999999,0.6184658438426494,0.5249999999999999,0.3825000000000003
strict_common,KP,Tmin,6,2025,13,1.1461538461538463,1.462084918085235,0.7923076923076924,2.137692307692309
strict_common,KSC,Tmin,6,2022,4,1.1999999999999997,1.284523257866513,0.8500000000000001,1.65
strict_common,KSC,Tmin,6,2023,3,2.366666666666667,2.9771350881902108,2.1666666666666665,8.863333333333333
strict_common,KSC,Tmin,6,2024,4,1.625,1.6575584454250776,1.625,2.7474999999999996
strict_common,KSC,Tmin,6,2025,13,2.407692307692308,2.8853742591533282,2.3923076923076922,8.325384615384618
strict_common,KTG,Tmin,6,2022,4,1.0249999999999995,1.0331989159885908,0.47499999999999964,1.067499999999999
strict_common,KTG,Tmin,6,2023,3,2.4333333333333336,2.9183328574147716,1.6999999999999993,8.516666666666666
strict_common,KTG,Tmin,6,2024,4,1.1,1.2549900398011131,1.1,1.5749999999999997
strict_common,KTG,Tmin,6,2025,13,1.3846153846153841,1.6347194537007539,1.092307692307692,2.672307692307691
strict_common,LFS,Tmin,6,2022,4,1.225,1.382931668593933,0.7250000000000001,1.9124999999999999
strict_common,LFS,Tmin,6,2023,3,2.0666666666666678,2.591010099041171,1.8666666666666671,6.713333333333338
strict_common,LFS,Tmin,6,2024,4,1.5249999999999995,1.7124543789543705,1.4249999999999998,2.9324999999999983
strict_common,LFS,Tmin,6,2025,13,1.815384615384615,2.334688251302351,1.7076923076923074,5.45076923076923
strict_common,NGP,Tmin,6,2022,4,3.9000000000000004,4.00374824383352,3.9000000000000004,16.03
strict_common,NGP,Tmin,6,2023,3,4.633333333333334,4.951430769653018,4.633333333333334,24.516666666666676
strict_common,NGP,Tmin,6,2024,4,5.425000000000001,5.5011362462676745,5.425000000000001,30.262500000000003
strict_common,NGP,Tmin,6,2025,13,4.584615384615385,4.920912985959476,4.584615384615385,24.21538461538461
strict_common,PEN,Tmin,6,2022,4,0.6749999999999998,1.3009611831257686,-0.625,1.6924999999999994
strict_common,PEN,Tmin,6,2023,3,1.6333333333333329,2.043689474129244,0.6333333333333329,4.176666666666665
strict_common,PEN,Tmin,6,2024,4,1.0249999999999995,1.165118019773104,1.0249999999999995,1.357499999999999
strict_common,PEN,Tmin,6,2025,13,1.2999999999999998,1.6675638610767596,0.7153846153846156,2.7807692307692307
strict_common,PLC,Tmin,6,2022,4,0.5499999999999998,0.5958187643906492,0.04999999999999982,0.355
strict_common,PLC,Tmin,6,2023,3,2.0,2.4993332444207335,1.5333333333333339,6.24666666666667
strict_common,PLC,Tmin,6,2024,4,1.625,1.6650825805346712,1.625,2.7725
strict_common,PLC,Tmin,6,2025,13,1.5923076923076922,1.990554619272652,1.3615384615384611,3.9623076923076925
strict_common,SEK,Tmin,6,2022,4,1.725,2.4964975465639863,1.1750000000000003,6.232500000000002
strict_common,SEK,Tmin,6,2023,3,1.6000000000000003,2.0412414523193148,1.5333333333333325,4.166666666666665
strict_common,SEK,Tmin,6,2024,4,1.2750000000000004,1.3683932183404013,1.2750000000000004,1.8725000000000014
strict_common,SEK,Tmin,6,2025,13,2.3000000000000003,3.0062754876578275,2.0230769230769234,9.037692307692309
strict_common,SHA,Tmin,6,2022,4,0.6749999999999998,0.9013878188659972,-0.22499999999999964,0.8124999999999998
strict_common,SHA,Tmin,6,2023,3,1.599999999999999,2.044504830026086,1.1333333333333329,4.179999999999995
strict_common,SHA,Tmin,6,2024,4,0.75,0.7968688725254612,0.75,0.6349999999999998
strict_common,SHA,Tmin,6,2025,13,1.9769230769230772,2.5613998576499597,1.6384615384615382,6.560769230769233
strict_common,SKG,Tmin,6,2022,4,0.6500000000000004,0.8689073598491381,-0.4499999999999993,0.7549999999999997
strict_common,SKG,Tmin,6,2023,3,1.9666666666666661,2.522564832335005,1.4333333333333325,6.363333333333331
strict_common,SKG,Tmin,6,2024,4,0.7250000000000005,0.7433034373659257,0.3750000000000009,0.5525000000000007
strict_common,SKG,Tmin,6,2025,13,1.5,1.9866864566214462,1.1769230769230772,3.946923076923077
strict_common,SKW,Tmin,6,2022,4,0.9499999999999997,1.0049875621120887,-0.24999999999999956,1.0099999999999993
strict_common,SKW,Tmin,6,2023,3,2.366666666666666,2.8953986484305285,1.7666666666666668,8.383333333333331
strict_common,SKW,Tmin,6,2024,4,0.6749999999999998,0.7088723439378912,0.6749999999999998,0.5025
strict_common,SKW,Tmin,6,2025,13,1.2076923076923078,1.5379806940870933,0.8538461538461538,2.365384615384617
strict_common,SSH,Tmin,6,2022,4,1.3250000000000006,1.6725728683677734,0.8750000000000004,2.797500000000001
strict_common,SSH,Tmin,6,2023,3,1.9666666666666661,2.3302360395462083,1.4333333333333325,5.429999999999997
strict_common,SSH,Tmin,6,2024,4,1.0250000000000008,1.1694015563526505,1.0250000000000008,1.3675000000000015
strict_common,SSH,Tmin,6,2025,13,1.9000000000000001,2.62429477706356,1.6538461538461544,6.886923076923081
strict_common,SSP,Tmin,6,2022,4,0.7999999999999998,1.1937336386313324,-0.35000000000000053,1.4250000000000007
strict_common,SSP,Tmin,6,2023,3,1.4333333333333336,1.8484227510682365,0.6999999999999993,3.4166666666666674
strict_common,SSP,Tmin,6,2024,4,0.5499999999999998,0.6082762530298221,0.5499999999999998,0.3700000000000002
strict_common,SSP,Tmin,6,2025,13,1.3230769230769233,1.6004806970215115,0.6615384615384616,2.561538461538463
strict_common,STY,Tmin,6,2022,4,0.8999999999999995,1.0099504938362074,-0.7000000000000002,1.0199999999999991
strict_common,STY,Tmin,6,2023,3,2.4333333333333322,2.838426794311712,1.099999999999999,8.056666666666663
strict_common,STY,Tmin,6,2024,4,0.2250000000000001,0.33541019662496846,0.2250000000000001,0.1125
strict_common,STY,Tmin,6,2025,13,1.0923076923076926,1.358166184461749,0.6615384615384621,1.8446153846153857
strict_common,TKL,Tmin,6,2022,4,2.35,3.2657311585615862,2.1,10.665
strict_common,TKL,Tmin,6,2023,3,2.1999999999999993,2.714160398109637,1.7333333333333332,7.366666666666663
strict_common,TKL,Tmin,6,2024,4,2.1999999999999997,2.241651177145989,2.1999999999999997,5.024999999999999
strict_common,TKL,Tmin,6,2025,13,3.023076923076923,3.943153755366577,2.946153846153846,15.54846153846154
strict_common,TU1,Tmin,6,2022,4,0.9000000000000004,1.11579568022107,-0.10000000000000053,1.2450000000000003
strict_common,TU1,Tmin,6,2023,3,1.3000000000000007,1.7935068069752806,0.7666666666666669,3.216666666666667
strict_common,TU1,Tmin,6,2024,4,0.7250000000000005,0.8231038816577173,0.6250000000000009,0.6775000000000015
strict_common,TU1,Tmin,6,2025,13,1.4153846153846152,1.8368032430955017,0.9846153846153844,3.373846153846153
strict_common,TW,Tmin,6,2022,4,1.8500000000000005,2.4341322889276173,0.9000000000000004,5.925000000000002
strict_common,TW,Tmin,6,2023,3,1.566666666666667,2.0856653614614213,1.566666666666667,4.3500000000000005
strict_common,TW,Tmin,6,2024,4,1.75,2.095232683975696,1.75,4.389999999999999
strict_common,TW,Tmin,6,2025,13,2.06923076923077,2.679408660363471,1.776923076923077,7.179230769230771
strict_common,TWN,Tmin,6,2022,4,1.75,1.8574175621006712,1.0499999999999998,3.4500000000000006
strict_common,TWN,Tmin,6,2023,3,2.366666666666666,2.723355773061365,2.366666666666666,7.416666666666663
strict_common,TWN,Tmin,6,2024,4,2.374999999999999,2.420227262056189,2.374999999999999,5.8574999999999955
strict_common,TWN,Tmin,6,2025,13,2.669230769230769,3.1682317320064057,2.6538461538461533,10.037692307692309
strict_common,TY1,Tmin,6,2022,4,0.7749999999999999,1.30862523283024,-0.6750000000000003,1.7124999999999997
strict_common,TY1,Tmin,6,2023,3,1.633333333333334,2.0207259421636907,0.9666666666666673,4.083333333333335
strict_common,TY1,Tmin,6,2024,4,0.25,0.29154759474226494,0.25,0.08499999999999994
strict_common,TY1,Tmin,6,2025,13,1.5615384615384613,1.8763712934196233,0.7153846153846148,3.52076923076923
strict_common,WGL,Tmin,6,2022,4,1.0000000000000004,1.129158979063622,-0.44999999999999973,1.2750000000000012
strict_common,WGL,Tmin,6,2023,3,2.6666666666666665,3.0011109054259673,1.400000000000001,9.00666666666667
strict_common,WGL,Tmin,6,2024,4,0.47500000000000053,0.5361902647381808,0.47500000000000053,0.28750000000000037
strict_common,WGL,Tmin,6,2025,13,0.9615384615384615,1.197111909170117,0.43846153846153857,1.4330769230769227
strict_common,WLP,Tmin,6,2022,4,1.725,2.2588713996153036,0.4750000000000001,5.1025
strict_common,WLP,Tmin,6,2023,3,2.133333333333334,2.471167065713419,1.6000000000000003,6.106666666666669
strict_common,WLP,Tmin,6,2024,4,0.9749999999999996,1.1101801655587258,0.7750000000000004,1.2325
strict_common,WLP,Tmin,6,2025,13,2.0000000000000004,2.5783119104740426,1.676923076923077,6.6476923076923065
strict_common,WTS,Tmin,6,2022,4,0.6249999999999996,1.0210288928331068,-0.42500000000000027,1.0424999999999998
strict_common,WTS,Tmin,6,2023,3,1.8333333333333346,2.1455380055672135,0.7666666666666669,4.603333333333336
strict_common,WTS,Tmin,6,2024,4,0.5999999999999996,0.6595452979136456,0.5999999999999996,0.4349999999999995
strict_common,WTS,Tmin,6,2025,13,1.4384615384615382,1.775690548231004,0.823076923076923,3.153076923076923
strict_common,YLP,Tmin,6,2022,4,1.7499999999999996,2.2836374493338467,1.1,5.214999999999998
strict_common,YLP,Tmin,6,2023,3,1.5666666666666664,2.1361959960016152,1.5666666666666664,4.563333333333333
strict_common,YLP,Tmin,6,2024,4,1.2500000000000009,1.3765899897936213,1.1000000000000005,1.8950000000000022
strict_common,YLP,Tmin,6,2025,13,2.023076923076923,2.7505244255204526,1.7769230769230773,7.565384615384616
lowland_available,CCH,Tmin,6,2022,297,1.8808080808080805,2.2866322110665,1.7380471380471378,5.228686868686869
lowland_available,CCH,Tmin,6,2023,308,1.4522727272727274,1.811462421331479,1.3172077922077923,3.281396103896104
lowland_available,CCH,Tmin,6,2024,357,1.499439775910364,1.8998525668878532,1.2630252100840336,3.6094397759103645
lowland_available,CCH,Tmin,6,2025,348,1.5114942528735633,1.844687931119622,1.3482758620689654,3.402873563218391
lowland_available,CWB,Tmin,6,2022,309,1.220064724919094,1.6780903000185006,0.9598705501618122,2.815987055016181
lowland_available,CWB,Tmin,6,2023,288,1.428125,1.8365974729857866,1.2753472222222222,3.373090277777777
lowland_available,CWB,Tmin,6,2024,321,1.4607476635514018,1.891257143424584,1.219626168224299,3.5768535825545174
lowland_available,CWB,Tmin,6,2025,339,1.5035398230088497,1.8261538155675974,1.3578171091445428,3.3348377581120943
lowland_available,HKP,Tmin,6,2022,319,1.1357366771159874,1.4996655844566686,0.5852664576802509,2.2489968652037615
lowland_available,HKP,Tmin,6,2023,351,1.0786324786324788,1.367864807301559,0.5162393162393162,1.871054131054131
lowland_available,HKP,Tmin,6,2024,302,1.231456953642384,1.5657869400789668,0.6009933774834435,2.451688741721854
lowland_available,HKP,Tmin,6,2025,309,1.16957928802589,1.4771397183654686,0.7184466019417474,2.181941747572816
lowland_available,HKS,Tmin,6,2022,326,1.288957055214724,1.6355708558603865,0.6257668711656442,2.675092024539877
lowland_available,HKS,Tmin,6,2023,311,1.151768488745981,1.486920467235637,0.5041800643086817,2.210932475884245
lowland_available,HKS,Tmin,6,2024,347,1.2518731988472624,1.6371585703401001,0.5446685878962536,2.6802881844380404
lowland_available,HKS,Tmin,6,2025,349,1.445272206303725,1.8363411984526925,0.9977077363896848,3.372148997134671
lowland_available,HPV,Tmin,6,2022,323,1.120433436532508,1.4356043160711038,0.15944272445820434,2.0609597523219816
lowland_available,HPV,Tmin,6,2023,321,1.0953271028037384,1.4284601647815038,0.1283489096573209,2.040498442367601
lowland_available,HPV,Tmin,6,2024,285,1.2133333333333334,1.5478111313224279,0.09894736842105267,2.395719298245614
lowland_available,HPV,Tmin,6,2025,302,1.2096026490066223,1.5525134502621976,0.4837748344370862,2.4102980132450327
lowland_available,JKB,Tmin,6,2022,330,1.4912121212121212,1.8950253856139265,1.1572727272727275,3.591121212121211
lowland_available,JKB,Tmin,6,2023,264,1.4696969696969697,1.8563976193725633,1.3,3.446212121212121
lowland_available,JKB,Tmin,6,2024,358,1.5625698324022346,1.9234948407091288,1.3212290502793296,3.699832402234637
lowland_available,JKB,Tmin,6,2025,351,1.9102564102564104,2.250134532223665,1.7905982905982907,5.063105413105412
lowland_available,KLT,Tmin,6,2022,323,1.4046439628482974,1.8299452697833554,1.0640866873065016,3.3486996904024773
lowland_available,KLT,Tmin,6,2023,259,1.4146718146718151,1.8083675097150609,1.0416988416988417,3.2701930501930505
lowland_available,KLT,Tmin,6,2024,361,1.4412742382271466,1.8611571178099164,1.0883656509695292,3.463905817174515
lowland_available,KLT,Tmin,6,2025,354,1.4177966101694914,1.7525042614614887,1.137005649717514,3.071271186440678
lowland_available,KP,Tmin,6,2022,208,1.14375,1.4608513060751729,0.6725961538461538,2.1340865384615384
lowland_available,KP,Tmin,6,2023,341,1.13841642228739,1.4894152447390205,0.6574780058651026,2.2183577712609965
lowland_available,KP,Tmin,6,2024,350,1.2288571428571429,1.606851402143779,0.6648571428571427,2.5819714285714284
lowland_available,KP,Tmin,6,2025,346,1.2141618497109827,1.5276923547088397,0.8505780346820809,2.333843930635839
lowland_available,KSC,Tmin,6,2022,309,1.904854368932039,2.290772258530532,1.7760517799352749,5.247637540453074
lowland_available,KSC,Tmin,6,2023,338,1.801775147928994,2.217907217634566,1.7355029585798813,4.919112426035502
lowland_available,KSC,Tmin,6,2024,333,2.048048048048048,2.4463001419254313,1.9321321321321316,5.984384384384385
lowland_available,KSC,Tmin,6,2025,332,2.3156626506024094,2.6474129222172524,2.246987951807229,7.008795180722892
lowland_available,KTG,Tmin,6,2022,196,1.2933673469387754,1.6768684370283915,0.9739795918367345,2.811887755102041
lowland_available,KTG,Tmin,6,2023,350,1.308857142857143,1.692141500331121,0.968857142857143,2.8633428571428574
lowland_available,KTG,Tmin,6,2024,351,1.3623931623931624,1.7597105434079767,0.9772079772079773,3.0965811965811967
lowland_available,KTG,Tmin,6,2025,353,1.3954674220963172,1.705365636652217,1.0980169971671387,2.9082719546742215
lowland_available,LFS,Tmin,6,2022,281,1.8523131672597866,2.3160203319349213,1.6594306049822065,5.363950177935943
lowland_available,LFS,Tmin,6,2023,271,1.6424354243542436,2.0788603889162847,1.4350553505535055,4.321660516605166
lowland_available,LFS,Tmin,6,2024,315,1.7558730158730156,2.1621344539194127,1.51015873015873,4.674825396825397
lowland_available,LFS,Tmin,6,2025,349,1.9022922636103152,2.254019014826119,1.7555873925501433,5.080601719197708
lowland_available,PEN,Tmin,6,2022,246,1.1902439024390241,1.5766074517490298,0.6056910569105691,2.4856910569105692
lowland_available,PEN,Tmin,6,2023,253,1.0541501976284584,1.4009172602122062,0.491304347826087,1.9625691699604741
lowland_available,PEN,Tmin,6,2024,194,1.4381443298969072,1.8182919366840709,0.9360824742268039,3.306185567010309
lowland_available,PEN,Tmin,6,2025,304,1.2710526315789474,1.5946250177920893,0.9565789473684211,2.542828947368421
lowland_available,PLC,Tmin,6,2022,312,1.5451923076923078,1.9861620637777129,1.3336538461538463,3.9448397435897435
lowland_available,PLC,Tmin,6,2023,340,1.3797058823529411,1.7925581457465618,1.1361764705882351,3.2132647058823522
lowland_available,PLC,Tmin,6,2024,346,1.6552023121387285,2.088801686505718,1.4286127167630058,4.363092485549132
lowland_available,PLC,Tmin,6,2025,331,1.6637462235649547,2.025748155404286,1.519939577039275,4.103655589123867
lowland_available,SEK,Tmin,6,2022,273,2.108791208791209,2.6188594671010716,1.8479853479853479,6.858424908424908
lowland_available,SEK,Tmin,6,2023,209,1.970334928229665,2.5153119604480887,1.721531100478469,6.326794258373207
lowland_available,SEK,Tmin,6,2024,256,1.9874999999999998,2.5667799623263385,1.68125,6.5883593750000005
lowland_available,SEK,Tmin,6,2025,287,2.1888501742160282,2.7107863009352062,2.0,7.348362369337978
lowland_available,SHA,Tmin,6,2022,316,1.4721518987341773,1.8715897256786334,0.9765822784810128,3.502848101265822
lowland_available,SHA,Tmin,6,2023,341,1.4049853372434016,1.8670707215258038,0.8425219941348974,3.4859530791788855
lowland_available,SHA,Tmin,6,2024,342,1.4900584795321639,1.9229606802474608,0.9169590643274853,3.6977777777777776
lowland_available,SHA,Tmin,6,2025,335,1.828955223880597,2.3035922628435865,1.5280597014925372,5.306537313432836
lowland_available,SKG,Tmin,6,2022,346,1.2132947976878612,1.5785410693150972,0.792485549132948,2.491791907514451
lowland_available,SKG,Tmin,6,2023,333,1.2219219219219222,1.5850749075240773,0.7096096096096096,2.5124624624624623
lowland_available,SKG,Tmin,6,2024,289,1.301038062283737,1.683874260730758,0.8027681660899656,2.835432525951557
lowland_available,SKG,Tmin,6,2025,331,1.3607250755287008,1.7225709724963465,0.9963746223564957,2.967250755287009
lowland_available,SKW,Tmin,6,2022,334,1.280239520958084,1.685762856153151,0.8892215568862275,2.841796407185629
lowland_available,SKW,Tmin,6,2023,350,1.1922857142857144,1.539471152237491,0.8517142857142854,2.3699714285714286
lowland_available,SKW,Tmin,6,2024,345,1.3081159420289856,1.6698259911079687,0.8559420289855071,2.7883188405797097
lowland_available,SKW,Tmin,6,2025,349,1.2673352435530085,1.5583493581553005,0.9492836676217764,2.428452722063037
lowland_available,SSH,Tmin,6,2022,329,1.8547112462006081,2.3310511345951346,1.5294832826747722,5.433799392097264
lowland_available,SSH,Tmin,6,2023,351,1.6452991452991457,2.161110561817433,1.3427350427350428,4.67039886039886
lowland_available,SSH,Tmin,6,2024,346,1.6881502890173408,2.195403764199486,1.3078034682080926,4.819797687861272
lowland_available,SSH,Tmin,6,2025,341,1.9510263929618767,2.4763574138350304,1.6929618768328445,6.132346041055719
lowland_available,SSP,Tmin,6,2022,335,1.2185074626865673,1.5727910356404773,0.6041791044776119,2.473671641791045
lowland_available,SSP,Tmin,6,2023,350,1.1245714285714286,1.4700826021495723,0.5257142857142856,2.1611428571428575
lowland_available,SSP,Tmin,6,2024,353,1.291501416430595,1.6734808763849265,0.6218130311614731,2.800538243626062
lowland_available,SSP,Tmin,6,2025,309,1.2158576051779937,1.5471761519967413,0.7601941747572816,2.3937540453074435
lowland_available,STY,Tmin,6,2022,284,1.0605633802816903,1.4217872109564909,0.4570422535211268,2.021478873239437
lowland_available,STY,Tmin,6,2023,341,1.0516129032258066,1.3605243081113534,0.5530791788856304,1.8510263929618767
lowland_available,STY,Tmin,6,2024,335,1.1746268656716419,1.4907776193811608,0.6038805970149254,2.2224179104477613
lowland_available,STY,Tmin,6,2025,290,1.2093103448275864,1.517404771766357,0.9562068965517244,2.3025172413793102
lowland_available,TKL,Tmin,6,2022,315,2.5625396825396827,3.202845956680125,2.419047619047619,10.258222222222223
lowland_available,TKL,Tmin,6,2023,338,2.3227810650887575,3.0286159863705744,2.2464497041420115,9.172514792899408
lowland_available,TKL,Tmin,6,2024,354,2.4426553672316387,3.117106981193201,2.3183615819209042,9.71635593220339
lowland_available,TKL,Tmin,6,2025,271,2.9771217712177123,3.7726046871440495,2.8944649446494464,14.232546125461253
lowland_available,TU1,Tmin,6,2022,332,1.4006024096385543,1.7937475074496765,0.9704819277108433,3.217530120481927
lowland_available,TU1,Tmin,6,2023,350,1.2591428571428573,1.6110245187457577,0.7591428571428572,2.5954
lowland_available,TU1,Tmin,6,2024,332,1.3536144578313252,1.7603737281187204,0.7530120481927711,3.0989156626506027
lowland_available,TU1,Tmin,6,2025,269,1.3408921933085503,1.687048851988668,0.9446096654275093,2.8461338289962823
lowland_available,TW,Tmin,6,2022,317,2.13186119873817,2.6225544414000743,1.969085173501577,6.877791798107256
lowland_available,TW,Tmin,6,2023,126,1.9666666666666668,2.3966577256605195,1.7301587301587302,5.743968253968253
lowland_available,TW,Tmin,6,2024,290,1.7579310344827588,2.234247539769378,1.4979310344827585,4.991862068965518
lowland_available,TW,Tmin,6,2025,328,2.0228658536585367,2.4569649629712456,1.813719512195122,6.036676829268293
lowland_available,TWN,Tmin,6,2022,288,2.4468750000000004,2.8213164283520005,2.371875,7.95982638888889
lowland_available,TWN,Tmin,6,2023,320,2.25,2.6303635680262905,2.203125,6.918812499999999
lowland_available,TWN,Tmin,6,2024,347,2.2662824207492798,2.6931442472692444,2.1752161383285302,7.253025936599424
lowland_available,TWN,Tmin,6,2025,342,2.620175438596491,2.956166119935578,2.5722222222222224,8.738918128654971
lowland_available,TY1,Tmin,6,2022,69,1.0130434782608695,1.30167116664961,0.3579710144927538,1.6943478260869567
lowland_available,TY1,Tmin,6,2023,299,1.2688963210702342,1.6065085014457257,0.8180602006688964,2.5808695652173914
lowland_available,TY1,Tmin,6,2024,323,1.3727554179566563,1.72140053858522,0.7894736842105263,2.963219814241486
lowland_available,TY1,Tmin,6,2025,309,1.344336569579288,1.6708232956949376,0.9378640776699028,2.7916504854368926
lowland_available,WGL,Tmin,6,2022,351,1.2179487179487178,1.6110639545117587,0.9478632478632478,2.5955270655270657
lowland_available,WGL,Tmin,6,2023,347,1.1299711815561961,1.4330696985167597,0.7536023054755043,2.0536887608069168
lowland_available,WGL,Tmin,6,2024,344,1.240406976744186,1.5648110815463419,0.6438953488372093,2.4486337209302325
lowland_available,WGL,Tmin,6,2025,346,1.1971098265895954,1.5023488353646057,0.8826589595375722,2.2570520231213873
lowland_available,WLP,Tmin,6,2022,311,1.7533762057877813,2.2045334757401998,1.4163987138263665,4.859967845659165
lowland_available,WLP,Tmin,6,2023,303,1.5607260726072607,2.007995568874708,1.3297029702970296,4.032046204620461
lowland_available,WLP,Tmin,6,2024,342,1.7599415204678366,2.1685619241131784,1.1739766081871346,4.70266081871345
lowland_available,WLP,Tmin,6,2025,342,2.0239766081871347,2.4533304729197667,1.8426900584795323,6.018830409356727
lowland_available,WTS,Tmin,6,2022,295,1.308135593220339,1.6806677446171834,0.795593220338983,2.8246440677966103
lowland_available,WTS,Tmin,6,2023,342,1.1669590643274854,1.502386016538379,0.554093567251462,2.2571637426900586
lowland_available,WTS,Tmin,6,2024,323,1.2718266253869972,1.6591802967025449,0.6724458204334365,2.7528792569659446
lowland_available,WTS,Tmin,6,2025,335,1.2725373134328357,1.587309748853692,0.793731343283582,2.5195522388059706
lowland_available,YLP,Tmin,6,2022,275,1.9934545454545451,2.4868673247499737,1.765818181818182,6.184509090909091
lowland_available,YLP,Tmin,6,2023,299,1.7448160535117059,2.2317037599647502,1.551505016722408,4.980501672240803
lowland_available,YLP,Tmin,6,2024,321,1.6704049844236761,2.1646695804494884,1.2080996884735202,4.6857943925233645
lowland_available,YLP,Tmin,6,2025,339,1.83952802359882,2.3209193580705616,1.5215339233038347,5.386666666666667
all_available,CCH,Tmin,7,2022,296,1.939864864864865,2.3861650789045976,1.7655405405405407,5.693783783783784
all_available,CCH,Tmin,7,2023,308,1.4581168831168831,1.8324899673721218,1.2555194805194805,3.3580194805194803
all_available,CCH,Tmin,7,2024,357,1.5812324929971988,2.0154654153163074,1.3022408963585435,4.062100840336135
all_available,CCH,Tmin,7,2025,348,1.5689655172413792,1.9166541728728228,1.3856321839080459,3.6735632183908042
all_available,CWB,Tmin,7,2022,308,1.269805194805195,1.7645959031173968,0.9652597402597402,3.113798701298701
all_available,CWB,Tmin,7,2023,288,1.464236111111111,1.9010687783454863,1.2302083333333333,3.6140624999999997
all_available,CWB,Tmin,7,2024,321,1.542367601246106,1.9943612098900285,1.250778816199377,3.9774766355140185
all_available,CWB,Tmin,7,2025,339,1.5519174041297936,1.9086126793778788,1.396165191740413,3.642802359882006
all_available,HKP,Tmin,7,2022,318,1.2025157232704402,1.6071968644214962,0.5962264150943396,2.583081761006289
all_available,HKP,Tmin,7,2023,351,1.1333333333333335,1.4552586635295381,0.4678062678062678,2.1177777777777775
all_available,HKP,Tmin,7,2024,302,1.3142384105960263,1.688302176273725,0.6109271523178806,2.850364238410596
all_available,HKP,Tmin,7,2025,309,1.2245954692556635,1.5598315401532814,0.7637540453074433,2.433074433656958
all_available,HKS,Tmin,7,2022,325,1.3356923076923077,1.720706473873673,0.6427692307692306,2.9608307692307694
all_available,HKS,Tmin,7,2023,311,1.1768488745980707,1.5408687573350268,0.4527331189710611,2.37427652733119
all_available,HKS,Tmin,7,2024,347,1.3602305475504324,1.7442040702328139,0.5936599423631124,3.0422478386167144
all_available,HKS,Tmin,7,2025,349,1.515759312320917,1.8919827837134764,1.0292263610315187,3.5795988538681955
all_available,HPV,Tmin,7,2022,322,1.173913043478261,1.5286904231851157,0.18136645962732922,2.336894409937888
all_available,HPV,Tmin,7,2023,321,1.1582554517133956,1.5256886499865625,0.06915887850467292,2.3277258566978194
all_available,HPV,Tmin,7,2024,285,1.2764912280701757,1.616124886610811,0.14807017543859652,2.611859649122807
all_available,HPV,Tmin,7,2025,302,1.2506622516556294,1.6172804415097792,0.5235099337748345,2.6155960264900666
all_available,JKB,Tmin,7,2022,329,1.5598784194528874,1.9770568528477115,1.176899696048632,3.9087537993920973
all_available,JKB,Tmin,7,2023,264,1.4863636363636363,1.9023510175410303,1.2583333333333333,3.6189393939393937
all_available,JKB,Tmin,7,2024,358,1.6491620111731846,2.032652448810084,1.3575418994413406,4.131675977653631
all_available,JKB,Tmin,7,2025,351,1.985470085470085,2.3257201807127097,1.8304843304843306,5.408974358974359
all_available,KLT,Tmin,7,2022,322,1.4732919254658385,1.935946331579924,1.0832298136645961,3.7478881987577646
all_available,KLT,Tmin,7,2023,259,1.4872586872586875,1.9064815274929403,0.97992277992278,3.634671814671815
all_available,KLT,Tmin,7,2024,361,1.53601108033241,1.9853131098253296,1.11606648199446,3.941468144044321
all_available,KLT,Tmin,7,2025,354,1.4488700564971755,1.8364098480305269,1.1793785310734464,3.3724011299435026
all_available,KP,Tmin,7,2022,207,1.1942028985507245,1.546071849640633,0.6628019323671497,2.3903381642512076
all_available,KP,Tmin,7,2023,341,1.2146627565982404,1.58462184541356,0.6193548387096773,2.5110263929618766
all_available,KP,Tmin,7,2024,350,1.3065714285714285,1.7337737535709292,0.6962857142857142,3.005971428571429
all_available,KP,Tmin,7,2025,346,1.2349710982658961,1.6109362516674632,0.8852601156069364,2.5951156069364165
all_available,KSC,Tmin,7,2022,308,1.9551948051948054,2.364839853450447,1.790909090909091,5.592467532467532
all_available,KSC,Tmin,7,2023,338,1.795266272189349,2.247589109408952,1.6852071005917157,5.051656804733727
all_available,KSC,Tmin,7,2024,333,2.0996996996996993,2.52126094578819,1.9711711711711708,6.3567567567567576
all_available,KSC,Tmin,7,2025,332,2.377710843373494,2.7143749419159477,2.2951807228915664,7.367831325301204
all_available,KTG,Tmin,7,2022,195,1.3369230769230769,1.7489777233924613,0.9882051282051282,3.058923076923077
all_available,KTG,Tmin,7,2023,350,1.3671428571428572,1.771496542474752,0.9288571428571429,3.1382000000000003
all_available,KTG,Tmin,7,2024,351,1.4347578347578351,1.8884112015387078,1.0142450142450143,3.566096866096866
all_available,KTG,Tmin,7,2025,353,1.431728045325779,1.7898201280160972,1.132011331444759,3.2034560906515583
all_available,LFS,Tmin,7,2022,280,1.8846428571428573,2.401361221117247,1.6682142857142859,5.766535714285714
all_available,LFS,Tmin,7,2023,271,1.6461254612546128,2.1406020465680253,1.3833948339483395,4.582177121771218
all_available,LFS,Tmin,7,2024,315,1.842222222222222,2.2833906840208082,1.5355555555555556,5.213873015873015
all_available,LFS,Tmin,7,2025,349,1.9458452722063038,2.318067815102801,1.7899713467048712,5.373438395415473
all_available,NGP,Tmin,7,2022,223,4.726905829596412,5.057973326383166,4.719730941704036,25.58309417040359
all_available,NGP,Tmin,7,2023,202,4.725742574257425,5.11692977253252,4.725742574257425,26.182970297029705
all_available,NGP,Tmin,7,2024,122,5.1524590163934425,5.511032154672668,5.1524590163934425,30.371475409836062
all_available,NGP,Tmin,7,2025,210,4.786666666666666,5.045299556919055,4.757142857142856,25.455047619047615
all_available,PEN,Tmin,7,2022,246,1.2585365853658537,1.6903359939247948,0.6178861788617886,2.8572357723577237
all_available,PEN,Tmin,7,2023,253,1.0905138339920948,1.468415833232718,0.4201581027667985,2.1562450592885374
all_available,PEN,Tmin,7,2024,194,1.5134020618556703,1.9641109843292681,0.9463917525773194,3.8577319587628867
all_available,PEN,Tmin,7,2025,304,1.3401315789473685,1.6891877524887207,1.0026315789473685,2.853355263157895
all_available,PLC,Tmin,7,2022,311,1.627331189710611,2.0874683508392713,1.3443729903536978,4.357524115755626
all_available,PLC,Tmin,7,2023,340,1.4097058823529411,1.8525896025008124,1.071470588235294,3.4320882352941178
all_available,PLC,Tmin,7,2024,346,1.7488439306358383,2.202619302536758,1.4719653179190753,4.851531791907515
all_available,PLC,Tmin,7,2025,331,1.7030211480362538,2.0909169124437255,1.547129909365559,4.371933534743202
all_available,SEK,Tmin,7,2022,272,2.1691176470588234,2.7077367367035734,1.8522058823529413,7.331838235294117
all_available,SEK,Tmin,7,2023,209,2.0095693779904304,2.581031283816273,1.6736842105263159,6.661722488038278
all_available,SEK,Tmin,7,2024,256,2.090625,2.679071084349947,1.696875,7.177421875000001
all_available,SEK,Tmin,7,2025,287,2.254355400696864,2.7623526810483074,2.034843205574913,7.630592334494772
all_available,SHA,Tmin,7,2022,315,1.517777777777778,1.9676833530265427,1.0009523809523808,3.871777777777778
all_available,SHA,Tmin,7,2023,341,1.4489736070381232,1.9576977920918466,0.7868035190615836,3.8325806451612907
all_available,SHA,Tmin,7,2024,342,1.5771929824561404,2.046134567096374,0.9461988304093566,4.186666666666667
all_available,SHA,Tmin,7,2025,335,1.8850746268656717,2.3644695848985764,1.569850746268657,5.590716417910447
all_available,SKG,Tmin,7,2022,345,1.2588405797101447,1.6714742256333244,0.8072463768115942,2.7938260869565212
all_available,SKG,Tmin,7,2023,333,1.2657657657657662,1.6618398574205975,0.6495495495495496,2.761711711711712
all_available,SKG,Tmin,7,2024,289,1.4076124567474049,1.8142458183149703,0.8304498269896196,3.2914878892733563
all_available,SKG,Tmin,7,2025,331,1.4211480362537763,1.8032866938737486,1.0356495468277949,3.251842900302115
all_available,SKW,Tmin,7,2022,333,1.3396396396396397,1.7727246127226173,0.9078078078078078,3.1425525525525533
all_available,SKW,Tmin,7,2023,350,1.2574285714285713,1.6027565540120468,0.800285714285714,2.568828571428571
all_available,SKW,Tmin,7,2024,345,1.3684057971014494,1.760245371564982,0.8849275362318839,3.0984637681159413
all_available,SKW,Tmin,7,2025,349,1.3074498567335242,1.6333996049163764,0.9893982808022921,2.667994269340974
all_available,SSH,Tmin,7,2022,328,1.9216463414634148,2.428181845161258,1.5490853658536585,5.896067073170731
all_available,SSH,Tmin,7,2023,351,1.6749287749287751,2.2372844243505554,1.2971509971509974,5.005441595441596
all_available,SSH,Tmin,7,2024,346,1.7679190751445089,2.300571680648849,1.3482658959537572,5.292630057803469
all_available,SSH,Tmin,7,2025,341,2.0178885630498535,2.538345224932656,1.7340175953079178,6.443196480938416
all_available,SSP,Tmin,7,2022,334,1.2961077844311377,1.6838702924146642,0.6164670658682635,2.8354191616766466
all_available,SSP,Tmin,7,2023,350,1.1845714285714286,1.5784259790780724,0.4742857142857142,2.4914285714285715
all_available,SSP,Tmin,7,2024,353,1.371388101983003,1.8044562402414128,0.6586402266288952,3.256062322946175
all_available,SSP,Tmin,7,2025,309,1.2650485436893204,1.6480546539465317,0.8152103559870549,2.716084142394822
all_available,STY,Tmin,7,2022,283,1.1053003533568906,1.4966393448730084,0.48339222614840993,2.239929328621908
all_available,STY,Tmin,7,2023,341,1.095601173020528,1.4123460651074982,0.5032258064516129,1.9947214076246331
all_available,STY,Tmin,7,2024,335,1.2552238805970148,1.610145075506895,0.6426865671641792,2.5925671641791044
all_available,STY,Tmin,7,2025,290,1.2603448275862068,1.5908466624562771,0.9872413793103451,2.5307931034482762
all_available,TKL,Tmin,7,2022,314,2.614012738853503,3.264897263334237,2.427388535031847,10.65955414012739
all_available,TKL,Tmin,7,2023,338,2.3210059171597632,3.078321797466502,2.2020710059171598,9.476065088757396
all_available,TKL,Tmin,7,2024,354,2.516101694915254,3.1963034793654046,2.355084745762712,10.21635593220339
all_available,TKL,Tmin,7,2025,271,3.05830258302583,3.8474700557974852,2.946125461254613,14.803025830258305
all_available,TU1,Tmin,7,2022,331,1.4646525679758309,1.901041215736127,0.9794561933534743,3.613957703927492
all_available,TU1,Tmin,7,2023,350,1.3242857142857143,1.7174649091861276,0.7134285714285715,2.949685714285714
all_available,TU1,Tmin,7,2024,332,1.4379518072289157,1.8825770596557712,0.786144578313253,3.544096385542169
all_available,TU1,Tmin,7,2025,269,1.4144981412639404,1.7732103916165174,0.9743494423791822,3.1442750929368026
all_available,TW,Tmin,7,2022,316,2.1914556962025316,2.6933168577429822,1.975632911392405,7.2539556962025316
all_available,TW,Tmin,7,2023,126,1.9571428571428573,2.4328114247864403,1.6349206349206349,5.918571428571429
all_available,TW,Tmin,7,2024,290,1.8668965517241383,2.3417058326990077,1.563448275862069,5.483586206896552
all_available,TW,Tmin,7,2025,328,2.0832317073170734,2.510362669358218,1.8350609756097565,6.301920731707318
all_available,TWN,Tmin,7,2022,287,2.4808362369337984,2.888050594593834,2.3665505226480836,8.340836236933798
all_available,TWN,Tmin,7,2023,320,2.220625,2.644818046671642,2.146875,6.9950625
all_available,TWN,Tmin,7,2024,347,2.3729106628242076,2.8255728041354273,2.2242074927953888,7.983861671469741
all_available,TWN,Tmin,7,2025,342,2.6646198830409356,3.016092317137703,2.6014619883040937,9.096812865497078
all_available,TY1,Tmin,7,2022,69,1.0246376811594202,1.2927333136768215,0.3579710144927538,1.6711594202898554
all_available,TY1,Tmin,7,2023,299,1.2722408026755851,1.6500532068040354,0.7478260869565219,2.722675585284281
all_available,TY1,Tmin,7,2024,323,1.4439628482972136,1.8394709159902458,0.8173374613003096,3.383653250773994
all_available,TY1,Tmin,7,2025,309,1.410355987055016,1.746582423423612,0.9766990291262134,3.050550161812297
all_available,WGL,Tmin,7,2022,350,1.2657142857142858,1.6925213651320836,0.9622857142857143,2.8646285714285717
all_available,WGL,Tmin,7,2023,347,1.167435158501441,1.476062602641374,0.7017291066282421,2.1787608069164266
all_available,WGL,Tmin,7,2024,344,1.2892441860465116,1.6563215758996492,0.6555232558139535,2.7434011627906973
all_available,WGL,Tmin,7,2025,346,1.2514450867052023,1.575773963427188,0.9260115606936415,2.4830635838150283
all_available,WLP,Tmin,7,2022,310,1.8180645161290323,2.2846189771967977,1.4245161290322583,5.219483870967742
all_available,WLP,Tmin,7,2023,303,1.5884488448844885,2.086820184359013,1.2900990099009901,4.354818481848184
all_available,WLP,Tmin,7,2024,342,1.8330409356725148,2.2693675858630926,1.206140350877193,5.150029239766082
all_available,WLP,Tmin,7,2025,342,2.0701754385964914,2.5062728320699503,1.8865497076023394,6.28140350877193
all_available,WTS,Tmin,7,2022,294,1.380952380952381,1.8051136734703608,0.8312925170068026,3.25843537414966
all_available,WTS,Tmin,7,2023,342,1.2342105263157896,1.5998446562015354,0.5073099415204678,2.5595029239766087
all_available,WTS,Tmin,7,2024,323,1.3789473684210525,1.8106838076796261,0.6910216718266253,3.278575851393189
all_available,WTS,Tmin,7,2025,335,1.344776119402985,1.6852742369511686,0.8414925373134328,2.8401492537313433
all_available,YLP,Tmin,7,2022,274,2.037591240875912,2.569280907094832,1.7755474452554745,6.601204379562044
all_available,YLP,Tmin,7,2023,299,1.7521739130434786,2.277099898223241,1.494648829431438,5.185183946488294
all_available,YLP,Tmin,7,2024,321,1.7601246105919004,2.268393148604429,1.2454828660436137,5.145607476635515
all_available,YLP,Tmin,7,2025,339,1.8855457227138643,2.3760605456962076,1.559882005899705,5.64566371681416
strict_common,CCH,Tmin,7,2022,4,0.7750000000000004,0.8500000000000006,0.27500000000000036,0.722500000000001
strict_common,CCH,Tmin,7,2023,3,2.2666666666666657,2.64826987547216,1.4666666666666661,7.013333333333329
strict_common,CCH,Tmin,7,2024,4,1.5,1.7392527130926088,1.5,3.025000000000001
strict_common,CCH,Tmin,7,2025,13,1.5615384615384613,1.9839742554160942,1.0692307692307692,3.9361538461538452
strict_common,CWB,Tmin,7,2022,4,0.4249999999999998,0.5172040216394296,0.17499999999999982,0.2674999999999995
strict_common,CWB,Tmin,7,2023,3,2.6999999999999993,3.1256999216175556,1.8333333333333321,9.769999999999994
strict_common,CWB,Tmin,7,2024,4,1.2249999999999992,1.477328670269415,1.2249999999999992,2.182499999999998
strict_common,CWB,Tmin,7,2025,13,1.3769230769230771,1.7622101507438368,1.0846153846153845,3.105384615384616
strict_common,HKP,Tmin,7,2022,4,0.5250000000000004,0.6461423991660046,-0.17499999999999982,0.41750000000000037
strict_common,HKP,Tmin,7,2023,3,2.066666666666665,2.448128536930471,1.1333333333333329,5.993333333333328
strict_common,HKP,Tmin,7,2024,4,0.7250000000000001,0.7762087348130012,0.2250000000000001,0.6025
strict_common,HKP,Tmin,7,2025,13,1.2461538461538466,1.5372302765288366,0.584615384615385,2.3630769230769237
strict_common,HKS,Tmin,7,2022,4,1.025,1.2539936203984452,-0.12499999999999956,1.5725
strict_common,HKS,Tmin,7,2023,3,1.5666666666666664,2.0404247923737184,0.5666666666666664,4.163333333333331
strict_common,HKS,Tmin,7,2024,4,0.8000000000000003,0.9,0.19999999999999885,0.81
strict_common,HKS,Tmin,7,2025,13,1.8846153846153848,2.22969470141956,0.9769230769230766,4.9715384615384615
strict_common,HPV,Tmin,7,2022,4,1.1,1.4000000000000001,0.10000000000000009,1.9600000000000004
strict_common,HPV,Tmin,7,2023,3,1.866666666666666,2.309401076758502,0.2666666666666669,5.3333333333333295
strict_common,HPV,Tmin,7,2024,4,0.8500000000000001,0.9460443964212252,-0.0999999999999992,0.8950000000000002
strict_common,HPV,Tmin,7,2025,13,1.515384615384615,1.8874076645779763,0.46923076923076934,3.562307692307691
strict_common,JKB,Tmin,7,2022,4,0.8000000000000003,0.9721111047611795,0.1499999999999999,0.9450000000000008
strict_common,JKB,Tmin,7,2023,3,2.366666666666666,2.793444707405774,1.7666666666666668,7.80333333333333
strict_common,JKB,Tmin,7,2024,4,1.25,1.6385969608173943,1.25,2.6850000000000014
strict_common,JKB,Tmin,7,2025,13,2.1461538461538465,2.6093028836188297,1.7769230769230773,6.80846153846154
strict_common,KLT,Tmin,7,2022,4,0.5999999999999996,0.685565460040104,0.09999999999999964,0.4699999999999995
strict_common,KLT,Tmin,7,2023,3,2.133333333333334,2.549509756796393,1.4666666666666675,6.500000000000004
strict_common,KLT,Tmin,7,2024,4,1.2250000000000005,1.4291605927956452,0.9249999999999998,2.0425
strict_common,KLT,Tmin,7,2025,13,1.553846153846154,1.9505423308955343,1.1538461538461537,3.804615384615384
strict_common,KP,Tmin,7,2022,4,0.6499999999999999,0.7176350047203659,-0.050000000000000266,0.5149999999999996
strict_common,KP,Tmin,7,2023,3,2.0333333333333337,2.463736998950984,1.2999999999999996,6.070000000000001
strict_common,KP,Tmin,7,2024,4,0.9250000000000003,1.0874281585465777,0.5249999999999999,1.182500000000001
strict_common,KP,Tmin,7,2025,13,1.2846153846153845,1.6026420493864308,0.7923076923076924,2.568461538461539
strict_common,KSC,Tmin,7,2022,4,1.1,1.2449899597988734,1.1,1.5500000000000003
strict_common,KSC,Tmin,7,2023,3,2.366666666666667,2.9771350881902108,2.1666666666666665,8.863333333333333
strict_common,KSC,Tmin,7,2024,4,1.625,1.8020821290940099,1.625,3.2474999999999996
strict_common,KSC,Tmin,7,2025,13,2.407692307692308,3.0106222203800588,2.3923076923076922,9.063846153846155
strict_common,KTG,Tmin,7,2022,4,0.7749999999999995,0.8760707733967611,0.7249999999999996,0.7674999999999991
strict_common,KTG,Tmin,7,2023,3,2.4333333333333336,2.9183328574147716,1.6999999999999993,8.516666666666666
strict_common,KTG,Tmin,7,2024,4,1.1999999999999997,1.5411035007422438,1.1,2.374999999999999
strict_common,KTG,Tmin,7,2025,13,1.4153846153846148,1.7527999578696056,1.092307692307692,3.072307692307691
strict_common,LFS,Tmin,7,2022,4,0.9750000000000001,1.2893796958227626,0.9750000000000001,1.6624999999999999
strict_common,LFS,Tmin,7,2023,3,2.0666666666666678,2.591010099041171,1.8666666666666671,6.713333333333338
strict_common,LFS,Tmin,7,2024,4,1.5249999999999995,1.8927493230747696,1.4249999999999998,3.5824999999999982
strict_common,LFS,Tmin,7,2025,13,1.9846153846153844,2.536805986941969,1.7076923076923074,6.435384615384615
strict_common,NGP,Tmin,7,2022,4,4.15,4.222558466143483,4.15,17.830000000000002
strict_common,NGP,Tmin,7,2023,3,4.633333333333334,4.951430769653018,4.633333333333334,24.516666666666676
strict_common,NGP,Tmin,7,2024,4,5.425000000000001,5.595757321399848,5.425000000000001,31.312500000000004
strict_common,NGP,Tmin,7,2025,13,4.584615384615385,5.004613256401921,4.584615384615385,25.046153846153842
strict_common,PEN,Tmin,7,2022,4,0.4249999999999998,0.8015609770940696,-0.375,0.6424999999999996
strict_common,PEN,Tmin,7,2023,3,1.6333333333333329,2.043689474129244,0.6333333333333329,4.176666666666665
strict_common,PEN,Tmin,7,2024,4,1.0750000000000002,1.4343988287781053,1.0249999999999995,2.0575000000000006
strict_common,PEN,Tmin,7,2025,13,1.5923076923076922,1.8882226074763044,0.7153846153846156,3.5653846153846143
strict_common,PLC,Tmin,7,2022,4,0.39999999999999947,0.45276925690687037,0.2999999999999998,0.2049999999999996
strict_common,PLC,Tmin,7,2023,3,2.0,2.4993332444207335,1.5333333333333339,6.24666666666667
strict_common,PLC,Tmin,7,2024,4,1.625,1.8634645153584226,1.625,3.472500000000001
strict_common,PLC,Tmin,7,2025,13,1.6846153846153848,2.1467327589761935,1.3615384615384611,4.6084615384615395
strict_common,SEK,Tmin,7,2022,4,1.475,2.4356723917637204,1.4250000000000003,5.932500000000002
strict_common,SEK,Tmin,7,2023,3,1.6000000000000003,2.0412414523193148,1.5333333333333325,4.166666666666665
strict_common,SEK,Tmin,7,2024,4,1.2750000000000004,1.6039014932345448,1.2750000000000004,2.5725000000000025
strict_common,SEK,Tmin,7,2025,13,2.530769230769231,3.218814879853955,2.0230769230769234,10.360769230769233
strict_common,SHA,Tmin,7,2022,4,0.4249999999999998,0.51234753829798,0.025000000000000355,0.26250000000000007
strict_common,SHA,Tmin,7,2023,3,1.599999999999999,2.044504830026086,1.1333333333333329,4.179999999999995
strict_common,SHA,Tmin,7,2024,4,0.9499999999999993,1.1979148550710934,0.75,1.434999999999999
strict_common,SHA,Tmin,7,2025,13,2.130769230769231,2.718738395200697,1.6384615384615382,7.391538461538463
strict_common,SKG,Tmin,7,2022,4,0.40000000000000036,0.4527692569068708,-0.1999999999999993,0.20499999999999996
strict_common,SKG,Tmin,7,2023,3,1.9666666666666661,2.522564832335005,1.4333333333333325,6.363333333333331
strict_common,SKG,Tmin,7,2024,4,0.9249999999999998,1.0259142264341599,0.3750000000000009,1.0525000000000007
strict_common,SKG,Tmin,7,2025,13,1.623076923076923,2.1215016452431117,1.1769230769230772,4.50076923076923
strict_common,SKW,Tmin,7,2022,4,0.6999999999999997,0.8124038404635958,4.440892098500626e-16,0.6599999999999996
strict_common,SKW,Tmin,7,2023,3,2.366666666666666,2.8953986484305285,1.7666666666666668,8.383333333333331
strict_common,SKW,Tmin,7,2024,4,0.8250000000000002,0.9759610647971572,0.6749999999999998,0.9525000000000009
strict_common,SKW,Tmin,7,2025,13,1.2538461538461543,1.634954715910176,0.8538461538461538,2.6730769230769247
strict_common,SSH,Tmin,7,2022,4,1.1250000000000004,1.61167614612862,1.1250000000000004,2.597500000000001
strict_common,SSH,Tmin,7,2023,3,1.9666666666666661,2.3302360395462083,1.4333333333333325,5.429999999999997
strict_common,SSH,Tmin,7,2024,4,1.0250000000000008,1.4203872711341798,1.0250000000000008,2.0175000000000023
strict_common,SSH,Tmin,7,2025,13,2.161538461538462,2.824753222713583,1.6538461538461544,7.979230769230772
strict_common,SSP,Tmin,7,2022,4,0.5499999999999998,0.724568837309472,-0.10000000000000053,0.5250000000000001
strict_common,SSP,Tmin,7,2023,3,1.4333333333333336,1.8484227510682365,0.6999999999999993,3.4166666666666674
strict_common,SSP,Tmin,7,2024,4,0.9500000000000002,1.0816653826391973,0.5499999999999998,1.170000000000001
strict_common,SSP,Tmin,7,2025,13,1.4769230769230772,1.8123507896142472,0.6615384615384616,3.2846153846153854
strict_common,STY,Tmin,7,2022,4,0.6499999999999995,0.6855654600401041,-0.4500000000000002,0.46999999999999953
strict_common,STY,Tmin,7,2023,3,2.4333333333333322,2.838426794311712,1.099999999999999,8.056666666666663
strict_common,STY,Tmin,7,2024,4,0.5749999999999997,0.6800735254367719,0.2250000000000001,0.46249999999999963
strict_common,STY,Tmin,7,2025,13,1.153846153846154,1.4878999139210118,0.6615384615384621,2.2138461538461547
strict_common,TKL,Tmin,7,2022,4,2.35,3.2657311585615862,2.35,10.665
strict_common,TKL,Tmin,7,2023,3,2.1999999999999993,2.714160398109637,1.7333333333333332,7.366666666666663
strict_common,TKL,Tmin,7,2024,4,2.1999999999999997,2.3184046238739255,2.1999999999999997,5.374999999999998
strict_common,TKL,Tmin,7,2025,13,3.1615384615384623,4.118718994280401,2.946153846153846,16.963846153846156
strict_common,TU1,Tmin,7,2022,4,0.6500000000000004,0.73824115301167,0.14999999999999947,0.545
strict_common,TU1,Tmin,7,2023,3,1.3000000000000007,1.7935068069752806,0.7666666666666669,3.216666666666667
strict_common,TU1,Tmin,7,2024,4,0.7250000000000005,1.0851267207105362,0.6250000000000009,1.1775000000000018
strict_common,TU1,Tmin,7,2025,13,1.723076923076923,2.1133276712696127,0.9846153846153844,4.466153846153845
strict_common,TW,Tmin,7,2022,4,1.6000000000000005,2.2858258901324926,1.1500000000000004,5.225000000000001
strict_common,TW,Tmin,7,2023,3,1.566666666666667,2.0856653614614213,1.566666666666667,4.3500000000000005
strict_common,TW,Tmin,7,2024,4,1.75,2.211334438749598,1.75,4.89
strict_common,TW,Tmin,7,2025,13,2.2230769230769236,2.870674002872711,1.776923076923077,8.240769230769233
strict_common,TWN,Tmin,7,2022,4,1.5,1.7320508075688774,1.2999999999999998,3.0000000000000004
strict_common,TWN,Tmin,7,2023,3,2.366666666666666,2.723355773061365,2.366666666666666,7.416666666666663
strict_common,TWN,Tmin,7,2024,4,2.374999999999999,2.589884167293973,2.374999999999999,6.707499999999995
strict_common,TWN,Tmin,7,2025,13,2.7769230769230764,3.336165463522456,2.6538461538461533,11.130000000000003
strict_common,TY1,Tmin,7,2022,4,0.5249999999999999,0.8139410298049851,-0.42500000000000027,0.6624999999999995
strict_common,TY1,Tmin,7,2023,3,1.633333333333334,2.0207259421636907,0.9666666666666673,4.083333333333335
strict_common,TY1,Tmin,7,2024,4,0.5500000000000007,0.7314369419163904,0.25,0.535000000000001
strict_common,TY1,Tmin,7,2025,13,1.7307692307692308,2.0933962100633727,0.7153846153846148,4.382307692307692
strict_common,WGL,Tmin,7,2022,4,0.7500000000000004,0.7905694150420953,-0.19999999999999973,0.6250000000000008
strict_common,WGL,Tmin,7,2023,3,2.6666666666666665,3.0011109054259673,1.400000000000001,9.00666666666667
strict_common,WGL,Tmin,7,2024,4,0.5750000000000002,0.7984359711335656,0.47500000000000053,0.6375
strict_common,WGL,Tmin,7,2025,13,1.0230769230769232,1.3193821397795376,0.43846153846153857,1.740769230769231
strict_common,WLP,Tmin,7,2022,4,1.475,2.0862646045025066,0.7250000000000001,4.3525
strict_common,WLP,Tmin,7,2023,3,2.133333333333334,2.471167065713419,1.6000000000000003,6.106666666666669
strict_common,WLP,Tmin,7,2024,4,0.9749999999999996,1.2776932339180633,0.7750000000000004,1.6324999999999987
strict_common,WLP,Tmin,7,2025,13,2.2153846153846155,2.815069339219797,1.676923076923077,7.924615384615384
strict_common,WTS,Tmin,7,2022,4,0.37499999999999956,0.5408326913195981,-0.17500000000000027,0.2924999999999997
strict_common,WTS,Tmin,7,2023,3,1.8333333333333346,2.1455380055672135,0.7666666666666669,4.603333333333336
strict_common,WTS,Tmin,7,2024,4,0.8499999999999996,1.0653637876331252,0.5999999999999996,1.134999999999999
strict_common,WTS,Tmin,7,2025,13,1.592307692307692,1.9333112288745204,0.823076923076923,3.737692307692308
strict_common,YLP,Tmin,7,2022,4,1.5499999999999994,2.239419567655869,1.35,5.014999999999998
strict_common,YLP,Tmin,7,2023,3,1.5666666666666664,2.1361959960016152,1.5666666666666664,4.563333333333333
strict_common,YLP,Tmin,7,2024,4,1.2500000000000009,1.4983324063771706,1.1000000000000005,2.2450000000000023
strict_common,YLP,Tmin,7,2025,13,2.330769230769231,2.9787710424060663,1.7769230769230773,8.873076923076923
lowland_available,CCH,Tmin,7,2022,296,1.939864864864865,2.3861650789045976,1.7655405405405407,5.693783783783784
lowland_available,CCH,Tmin,7,2023,308,1.4581168831168831,1.8324899673721218,1.2555194805194805,3.3580194805194803
lowland_available,CCH,Tmin,7,2024,357,1.5812324929971988,2.0154654153163074,1.3022408963585435,4.062100840336135
lowland_available,CCH,Tmin,7,2025,348,1.5689655172413792,1.9166541728728228,1.3856321839080459,3.6735632183908042
lowland_available,CWB,Tmin,7,2022,308,1.269805194805195,1.7645959031173968,0.9652597402597402,3.113798701298701
lowland_available,CWB,Tmin,7,2023,288,1.464236111111111,1.9010687783454863,1.2302083333333333,3.6140624999999997
lowland_available,CWB,Tmin,7,2024,321,1.542367601246106,1.9943612098900285,1.250778816199377,3.9774766355140185
lowland_available,CWB,Tmin,7,2025,339,1.5519174041297936,1.9086126793778788,1.396165191740413,3.642802359882006
lowland_available,HKP,Tmin,7,2022,318,1.2025157232704402,1.6071968644214962,0.5962264150943396,2.583081761006289
lowland_available,HKP,Tmin,7,2023,351,1.1333333333333335,1.4552586635295381,0.4678062678062678,2.1177777777777775
lowland_available,HKP,Tmin,7,2024,302,1.3142384105960263,1.688302176273725,0.6109271523178806,2.850364238410596
lowland_available,HKP,Tmin,7,2025,309,1.2245954692556635,1.5598315401532814,0.7637540453074433,2.433074433656958
lowland_available,HKS,Tmin,7,2022,325,1.3356923076923077,1.720706473873673,0.6427692307692306,2.9608307692307694
lowland_available,HKS,Tmin,7,2023,311,1.1768488745980707,1.5408687573350268,0.4527331189710611,2.37427652733119
lowland_available,HKS,Tmin,7,2024,347,1.3602305475504324,1.7442040702328139,0.5936599423631124,3.0422478386167144
lowland_available,HKS,Tmin,7,2025,349,1.515759312320917,1.8919827837134764,1.0292263610315187,3.5795988538681955
lowland_available,HPV,Tmin,7,2022,322,1.173913043478261,1.5286904231851157,0.18136645962732922,2.336894409937888
lowland_available,HPV,Tmin,7,2023,321,1.1582554517133956,1.5256886499865625,0.06915887850467292,2.3277258566978194
lowland_available,HPV,Tmin,7,2024,285,1.2764912280701757,1.616124886610811,0.14807017543859652,2.611859649122807
lowland_available,HPV,Tmin,7,2025,302,1.2506622516556294,1.6172804415097792,0.5235099337748345,2.6155960264900666
lowland_available,JKB,Tmin,7,2022,329,1.5598784194528874,1.9770568528477115,1.176899696048632,3.9087537993920973
lowland_available,JKB,Tmin,7,2023,264,1.4863636363636363,1.9023510175410303,1.2583333333333333,3.6189393939393937
lowland_available,JKB,Tmin,7,2024,358,1.6491620111731846,2.032652448810084,1.3575418994413406,4.131675977653631
lowland_available,JKB,Tmin,7,2025,351,1.985470085470085,2.3257201807127097,1.8304843304843306,5.408974358974359
lowland_available,KLT,Tmin,7,2022,322,1.4732919254658385,1.935946331579924,1.0832298136645961,3.7478881987577646
lowland_available,KLT,Tmin,7,2023,259,1.4872586872586875,1.9064815274929403,0.97992277992278,3.634671814671815
lowland_available,KLT,Tmin,7,2024,361,1.53601108033241,1.9853131098253296,1.11606648199446,3.941468144044321
lowland_available,KLT,Tmin,7,2025,354,1.4488700564971755,1.8364098480305269,1.1793785310734464,3.3724011299435026
lowland_available,KP,Tmin,7,2022,207,1.1942028985507245,1.546071849640633,0.6628019323671497,2.3903381642512076
lowland_available,KP,Tmin,7,2023,341,1.2146627565982404,1.58462184541356,0.6193548387096773,2.5110263929618766
lowland_available,KP,Tmin,7,2024,350,1.3065714285714285,1.7337737535709292,0.6962857142857142,3.005971428571429
lowland_available,KP,Tmin,7,2025,346,1.2349710982658961,1.6109362516674632,0.8852601156069364,2.5951156069364165
lowland_available,KSC,Tmin,7,2022,308,1.9551948051948054,2.364839853450447,1.790909090909091,5.592467532467532
lowland_available,KSC,Tmin,7,2023,338,1.795266272189349,2.247589109408952,1.6852071005917157,5.051656804733727
lowland_available,KSC,Tmin,7,2024,333,2.0996996996996993,2.52126094578819,1.9711711711711708,6.3567567567567576
lowland_available,KSC,Tmin,7,2025,332,2.377710843373494,2.7143749419159477,2.2951807228915664,7.367831325301204
lowland_available,KTG,Tmin,7,2022,195,1.3369230769230769,1.7489777233924613,0.9882051282051282,3.058923076923077
lowland_available,KTG,Tmin,7,2023,350,1.3671428571428572,1.771496542474752,0.9288571428571429,3.1382000000000003
lowland_available,KTG,Tmin,7,2024,351,1.4347578347578351,1.8884112015387078,1.0142450142450143,3.566096866096866
lowland_available,KTG,Tmin,7,2025,353,1.431728045325779,1.7898201280160972,1.132011331444759,3.2034560906515583
lowland_available,LFS,Tmin,7,2022,280,1.8846428571428573,2.401361221117247,1.6682142857142859,5.766535714285714
lowland_available,LFS,Tmin,7,2023,271,1.6461254612546128,2.1406020465680253,1.3833948339483395,4.582177121771218
lowland_available,LFS,Tmin,7,2024,315,1.842222222222222,2.2833906840208082,1.5355555555555556,5.213873015873015
lowland_available,LFS,Tmin,7,2025,349,1.9458452722063038,2.318067815102801,1.7899713467048712,5.373438395415473
lowland_available,PEN,Tmin,7,2022,246,1.2585365853658537,1.6903359939247948,0.6178861788617886,2.8572357723577237
lowland_available,PEN,Tmin,7,2023,253,1.0905138339920948,1.468415833232718,0.4201581027667985,2.1562450592885374
lowland_available,PEN,Tmin,7,2024,194,1.5134020618556703,1.9641109843292681,0.9463917525773194,3.8577319587628867
lowland_available,PEN,Tmin,7,2025,304,1.3401315789473685,1.6891877524887207,1.0026315789473685,2.853355263157895
lowland_available,PLC,Tmin,7,2022,311,1.627331189710611,2.0874683508392713,1.3443729903536978,4.357524115755626
lowland_available,PLC,Tmin,7,2023,340,1.4097058823529411,1.8525896025008124,1.071470588235294,3.4320882352941178
lowland_available,PLC,Tmin,7,2024,346,1.7488439306358383,2.202619302536758,1.4719653179190753,4.851531791907515
lowland_available,PLC,Tmin,7,2025,331,1.7030211480362538,2.0909169124437255,1.547129909365559,4.371933534743202
lowland_available,SEK,Tmin,7,2022,272,2.1691176470588234,2.7077367367035734,1.8522058823529413,7.331838235294117
lowland_available,SEK,Tmin,7,2023,209,2.0095693779904304,2.581031283816273,1.6736842105263159,6.661722488038278
lowland_available,SEK,Tmin,7,2024,256,2.090625,2.679071084349947,1.696875,7.177421875000001
lowland_available,SEK,Tmin,7,2025,287,2.254355400696864,2.7623526810483074,2.034843205574913,7.630592334494772
lowland_available,SHA,Tmin,7,2022,315,1.517777777777778,1.9676833530265427,1.0009523809523808,3.871777777777778
lowland_available,SHA,Tmin,7,2023,341,1.4489736070381232,1.9576977920918466,0.7868035190615836,3.8325806451612907
lowland_available,SHA,Tmin,7,2024,342,1.5771929824561404,2.046134567096374,0.9461988304093566,4.186666666666667
lowland_available,SHA,Tmin,7,2025,335,1.8850746268656717,2.3644695848985764,1.569850746268657,5.590716417910447
lowland_available,SKG,Tmin,7,2022,345,1.2588405797101447,1.6714742256333244,0.8072463768115942,2.7938260869565212
lowland_available,SKG,Tmin,7,2023,333,1.2657657657657662,1.6618398574205975,0.6495495495495496,2.761711711711712
lowland_available,SKG,Tmin,7,2024,289,1.4076124567474049,1.8142458183149703,0.8304498269896196,3.2914878892733563
lowland_available,SKG,Tmin,7,2025,331,1.4211480362537763,1.8032866938737486,1.0356495468277949,3.251842900302115
lowland_available,SKW,Tmin,7,2022,333,1.3396396396396397,1.7727246127226173,0.9078078078078078,3.1425525525525533
lowland_available,SKW,Tmin,7,2023,350,1.2574285714285713,1.6027565540120468,0.800285714285714,2.568828571428571
lowland_available,SKW,Tmin,7,2024,345,1.3684057971014494,1.760245371564982,0.8849275362318839,3.0984637681159413
lowland_available,SKW,Tmin,7,2025,349,1.3074498567335242,1.6333996049163764,0.9893982808022921,2.667994269340974
lowland_available,SSH,Tmin,7,2022,328,1.9216463414634148,2.428181845161258,1.5490853658536585,5.896067073170731
lowland_available,SSH,Tmin,7,2023,351,1.6749287749287751,2.2372844243505554,1.2971509971509974,5.005441595441596
lowland_available,SSH,Tmin,7,2024,346,1.7679190751445089,2.300571680648849,1.3482658959537572,5.292630057803469
lowland_available,SSH,Tmin,7,2025,341,2.0178885630498535,2.538345224932656,1.7340175953079178,6.443196480938416
lowland_available,SSP,Tmin,7,2022,334,1.2961077844311377,1.6838702924146642,0.6164670658682635,2.8354191616766466
lowland_available,SSP,Tmin,7,2023,350,1.1845714285714286,1.5784259790780724,0.4742857142857142,2.4914285714285715
lowland_available,SSP,Tmin,7,2024,353,1.371388101983003,1.8044562402414128,0.6586402266288952,3.256062322946175
lowland_available,SSP,Tmin,7,2025,309,1.2650485436893204,1.6480546539465317,0.8152103559870549,2.716084142394822
lowland_available,STY,Tmin,7,2022,283,1.1053003533568906,1.4966393448730084,0.48339222614840993,2.239929328621908
lowland_available,STY,Tmin,7,2023,341,1.095601173020528,1.4123460651074982,0.5032258064516129,1.9947214076246331
lowland_available,STY,Tmin,7,2024,335,1.2552238805970148,1.610145075506895,0.6426865671641792,2.5925671641791044
lowland_available,STY,Tmin,7,2025,290,1.2603448275862068,1.5908466624562771,0.9872413793103451,2.5307931034482762
lowland_available,TKL,Tmin,7,2022,314,2.614012738853503,3.264897263334237,2.427388535031847,10.65955414012739
lowland_available,TKL,Tmin,7,2023,338,2.3210059171597632,3.078321797466502,2.2020710059171598,9.476065088757396
lowland_available,TKL,Tmin,7,2024,354,2.516101694915254,3.1963034793654046,2.355084745762712,10.21635593220339
lowland_available,TKL,Tmin,7,2025,271,3.05830258302583,3.8474700557974852,2.946125461254613,14.803025830258305
lowland_available,TU1,Tmin,7,2022,331,1.4646525679758309,1.901041215736127,0.9794561933534743,3.613957703927492
lowland_available,TU1,Tmin,7,2023,350,1.3242857142857143,1.7174649091861276,0.7134285714285715,2.949685714285714
lowland_available,TU1,Tmin,7,2024,332,1.4379518072289157,1.8825770596557712,0.786144578313253,3.544096385542169
lowland_available,TU1,Tmin,7,2025,269,1.4144981412639404,1.7732103916165174,0.9743494423791822,3.1442750929368026
lowland_available,TW,Tmin,7,2022,316,2.1914556962025316,2.6933168577429822,1.975632911392405,7.2539556962025316
lowland_available,TW,Tmin,7,2023,126,1.9571428571428573,2.4328114247864403,1.6349206349206349,5.918571428571429
lowland_available,TW,Tmin,7,2024,290,1.8668965517241383,2.3417058326990077,1.563448275862069,5.483586206896552
lowland_available,TW,Tmin,7,2025,328,2.0832317073170734,2.510362669358218,1.8350609756097565,6.301920731707318
lowland_available,TWN,Tmin,7,2022,287,2.4808362369337984,2.888050594593834,2.3665505226480836,8.340836236933798
lowland_available,TWN,Tmin,7,2023,320,2.220625,2.644818046671642,2.146875,6.9950625
lowland_available,TWN,Tmin,7,2024,347,2.3729106628242076,2.8255728041354273,2.2242074927953888,7.983861671469741
lowland_available,TWN,Tmin,7,2025,342,2.6646198830409356,3.016092317137703,2.6014619883040937,9.096812865497078
lowland_available,TY1,Tmin,7,2022,69,1.0246376811594202,1.2927333136768215,0.3579710144927538,1.6711594202898554
lowland_available,TY1,Tmin,7,2023,299,1.2722408026755851,1.6500532068040354,0.7478260869565219,2.722675585284281
lowland_available,TY1,Tmin,7,2024,323,1.4439628482972136,1.8394709159902458,0.8173374613003096,3.383653250773994
lowland_available,TY1,Tmin,7,2025,309,1.410355987055016,1.746582423423612,0.9766990291262134,3.050550161812297
lowland_available,WGL,Tmin,7,2022,350,1.2657142857142858,1.6925213651320836,0.9622857142857143,2.8646285714285717
lowland_available,WGL,Tmin,7,2023,347,1.167435158501441,1.476062602641374,0.7017291066282421,2.1787608069164266
lowland_available,WGL,Tmin,7,2024,344,1.2892441860465116,1.6563215758996492,0.6555232558139535,2.7434011627906973
lowland_available,WGL,Tmin,7,2025,346,1.2514450867052023,1.575773963427188,0.9260115606936415,2.4830635838150283
lowland_available,WLP,Tmin,7,2022,310,1.8180645161290323,2.2846189771967977,1.4245161290322583,5.219483870967742
lowland_available,WLP,Tmin,7,2023,303,1.5884488448844885,2.086820184359013,1.2900990099009901,4.354818481848184
lowland_available,WLP,Tmin,7,2024,342,1.8330409356725148,2.2693675858630926,1.206140350877193,5.150029239766082
lowland_available,WLP,Tmin,7,2025,342,2.0701754385964914,2.5062728320699503,1.8865497076023394,6.28140350877193
lowland_available,WTS,Tmin,7,2022,294,1.380952380952381,1.8051136734703608,0.8312925170068026,3.25843537414966
lowland_available,WTS,Tmin,7,2023,342,1.2342105263157896,1.5998446562015354,0.5073099415204678,2.5595029239766087
lowland_available,WTS,Tmin,7,2024,323,1.3789473684210525,1.8106838076796261,0.6910216718266253,3.278575851393189
lowland_available,WTS,Tmin,7,2025,335,1.344776119402985,1.6852742369511686,0.8414925373134328,2.8401492537313433
lowland_available,YLP,Tmin,7,2022,274,2.037591240875912,2.569280907094832,1.7755474452554745,6.601204379562044
lowland_available,YLP,Tmin,7,2023,299,1.7521739130434786,2.277099898223241,1.494648829431438,5.185183946488294
lowland_available,YLP,Tmin,7,2024,321,1.7601246105919004,2.268393148604429,1.2454828660436137,5.145607476635515
lowland_available,YLP,Tmin,7,2025,339,1.8855457227138643,2.3760605456962076,1.559882005899705,5.64566371681416
all_available,CCH,Tmin,8,2022,295,1.976271186440678,2.4824536795651277,1.768135593220339,6.162576271186441
all_available,CCH,Tmin,8,2023,308,1.5295454545454545,1.940904528721181,1.2717532467532466,3.7671103896103895
all_available,CCH,Tmin,8,2024,357,1.6843137254901959,2.159838410803992,1.3218487394957983,4.664901960784314
all_available,CCH,Tmin,8,2025,348,1.6086206896551722,2.004305710042843,1.3971264367816094,4.017241379310345
all_available,CWB,Tmin,8,2022,307,1.3387622149837133,1.8763399121156181,0.952442996742671,3.5206514657980454
all_available,CWB,Tmin,8,2023,288,1.5677083333333333,2.066641464900103,1.2614583333333333,4.271006944444443
all_available,CWB,Tmin,8,2024,321,1.6881619937694707,2.165698321831506,1.2601246105919004,4.690249221183801
all_available,CWB,Tmin,8,2025,339,1.5784660766961653,1.986466007169546,1.4109144542772862,3.946047197640118
all_available,HKP,Tmin,8,2022,317,1.2678233438485804,1.710064842794423,0.6173501577287067,2.924321766561514
all_available,HKP,Tmin,8,2023,351,1.2421652421652423,1.6104537415154938,0.482051282051282,2.593561253561253
all_available,HKP,Tmin,8,2024,302,1.4745033112582782,1.904169353590252,0.6076158940397349,3.625860927152318
all_available,HKP,Tmin,8,2025,309,1.2938511326860842,1.662668343181368,0.7928802588996764,2.7644660194174757
all_available,HKS,Tmin,8,2022,324,1.409567901234568,1.823297447002796,0.6466049382716049,3.324413580246914
all_available,HKS,Tmin,8,2023,311,1.284887459807074,1.7109445314534926,0.49131832797427655,2.9273311897106113
all_available,HKS,Tmin,8,2024,347,1.4893371757925071,1.8905650772293434,0.6080691642651297,3.574236311239193
all_available,HKS,Tmin,8,2025,349,1.5954154727793695,1.995754806904813,1.0521489971346705,3.9830372492836674
all_available,HPV,Tmin,8,2022,321,1.2517133956386293,1.6482975262987238,0.19937694704049844,2.716884735202492
all_available,HPV,Tmin,8,2023,321,1.2523364485981308,1.680935802265977,0.10342679127725862,2.825545171339564
all_available,HPV,Tmin,8,2024,285,1.3368421052631578,1.690198784115218,0.1866666666666667,2.8567719298245615
all_available,HPV,Tmin,8,2025,302,1.3367549668874175,1.739214635882781,0.5433774834437086,3.024867549668874
all_available,JKB,Tmin,8,2022,328,1.6182926829268292,2.07083404900938,1.1835365853658537,4.288353658536584
all_available,JKB,Tmin,8,2023,264,1.5598484848484848,2.0141544582822295,1.284848484848485,4.056818181818182
all_available,JKB,Tmin,8,2024,358,1.7513966480446927,2.17241466457496,1.3603351955307261,4.719385474860335
all_available,JKB,Tmin,8,2025,351,2.027065527065527,2.4031970633629123,1.8447293447293447,5.775356125356125
all_available,KLT,Tmin,8,2022,321,1.5323987538940809,2.0443143554259517,1.0919003115264798,4.179221183800624
all_available,KLT,Tmin,8,2023,259,1.6054054054054057,2.0918854069916346,0.9992277992277993,4.375984555984556
all_available,KLT,Tmin,8,2024,361,1.634072022160665,2.1392454723887426,1.1326869806094184,4.576371191135735
all_available,KLT,Tmin,8,2025,354,1.4980225988700564,1.9364406161529988,1.1878531073446328,3.749802259887006
all_available,KP,Tmin,8,2022,207,1.2492753623188406,1.633288967158459,0.6772946859903382,2.6676328502415454
all_available,KP,Tmin,8,2023,341,1.3243401759530793,1.7499560111773431,0.6340175953079179,3.0623460410557177
all_available,KP,Tmin,8,2024,350,1.4334285714285715,1.9115364052435488,0.7105714285714284,3.653971428571429
all_available,KP,Tmin,8,2025,346,1.310693641618497,1.7231088318045307,0.8910404624277457,2.9691040462427742
all_available,KSC,Tmin,8,2022,307,1.977198697068404,2.4360484903952555,1.803908794788274,5.934332247557004
all_available,KSC,Tmin,8,2023,338,1.8621301775147925,2.377321350750404,1.7147928994082837,5.651656804733727
all_available,KSC,Tmin,8,2024,333,2.166366366366366,2.6187129773340296,1.9771771771771767,6.857657657657658
all_available,KSC,Tmin,8,2025,332,2.414457831325301,2.792912717179528,2.316265060240964,7.800361445783134
all_available,KTG,Tmin,8,2022,195,1.422051282051282,1.8512504436537496,1.0343589743589743,3.427128205128205
all_available,KTG,Tmin,8,2023,350,1.4597142857142857,1.9313725689260475,0.9545714285714286,3.7302000000000004
all_available,KTG,Tmin,8,2024,351,1.5327635327635332,2.0536257977973777,1.0341880341880343,4.217378917378917
all_available,KTG,Tmin,8,2025,353,1.4895184135977335,1.8990231572683256,1.1376770538243626,3.6062889518413597
all_available,LFS,Tmin,8,2022,279,1.945519713261649,2.482209098196294,1.6745519713261647,6.161362007168458
all_available,LFS,Tmin,8,2023,271,1.7479704797047972,2.277411944741588,1.4166051660516605,5.186605166051661
all_available,LFS,Tmin,8,2024,315,1.9196825396825399,2.415801158641836,1.545079365079365,5.836095238095239
all_available,LFS,Tmin,8,2025,349,1.9819484240687681,2.4064919360752937,1.7985673352435532,5.791203438395415
all_available,NGP,Tmin,8,2022,223,4.753811659192825,5.125960480926276,4.746636771300448,26.27547085201794
all_available,NGP,Tmin,8,2023,202,4.795049504950494,5.248083101249804,4.795049504950494,27.54237623762376
all_available,NGP,Tmin,8,2024,122,5.242622950819673,5.646644150638007,5.242622950819673,31.884590163934426
all_available,NGP,Tmin,8,2025,210,4.843809523809523,5.152142411518865,4.814285714285714,26.544571428571427
all_available,PEN,Tmin,8,2022,246,1.3739837398373984,1.8400247435593275,0.6138211382113821,3.385691056910569
all_available,PEN,Tmin,8,2023,253,1.1774703557312252,1.6184826739906442,0.4043478260869566,2.6194861660079054
all_available,PEN,Tmin,8,2024,194,1.6855670103092784,2.1779116072678812,0.9515463917525772,4.743298969072165
all_available,PEN,Tmin,8,2025,304,1.4111842105263157,1.8029763404466865,1.0388157894736842,3.2507236842105263
all_available,PLC,Tmin,8,2022,310,1.6729032258064513,2.1922885376377956,1.347741935483871,4.806129032258064
all_available,PLC,Tmin,8,2023,340,1.4673529411764705,1.968808239101244,1.0655882352941175,3.8762058823529415
all_available,PLC,Tmin,8,2024,346,1.8332369942196531,2.336212784275098,1.4864161849710984,5.457890173410405
all_available,PLC,Tmin,8,2025,331,1.729607250755287,2.1711580993670476,1.5441087613293052,4.71392749244713
all_available,SEK,Tmin,8,2022,271,2.1815498154981547,2.7589639212608756,1.8450184501845015,7.611881918819187
all_available,SEK,Tmin,8,2023,209,2.0985645933014356,2.738088600940969,1.7167464114832536,7.497129186602871
all_available,SEK,Tmin,8,2024,256,2.21171875,2.805282405569892,1.69296875,7.8696093750000005
all_available,SEK,Tmin,8,2025,287,2.296864111498258,2.85489981639855,2.0557491289198606,8.150452961672475
all_available,SHA,Tmin,8,2022,314,1.6073248407643312,2.0718387783722165,1.015605095541401,4.292515923566879
all_available,SHA,Tmin,8,2023,341,1.525806451612903,2.105508764034294,0.8014662756598241,4.43316715542522
all_available,SHA,Tmin,8,2024,342,1.6777777777777776,2.183564337585286,0.9520467836257309,4.767953216374269
all_available,SHA,Tmin,8,2025,335,1.9364179104477612,2.454779073258419,1.578805970149254,6.025940298507463
all_available,SKG,Tmin,8,2022,344,1.3319767441860464,1.7708722065956717,0.8145348837209302,3.1359883720930233
all_available,SKG,Tmin,8,2023,333,1.343843843843844,1.8147295234395793,0.6735735735735736,3.293243243243243
all_available,SKG,Tmin,8,2024,289,1.5273356401384082,1.977590719007124,0.8166089965397926,3.910865051903114
all_available,SKG,Tmin,8,2025,331,1.4706948640483382,1.9049625128139889,1.0598187311178249,3.6288821752265865
all_available,SKW,Tmin,8,2022,332,1.380421686746988,1.8689843256802754,0.9153614457831325,3.493102409638554
all_available,SKW,Tmin,8,2023,350,1.3414285714285714,1.753926207928128,0.8231428571428568,3.0762571428571426
all_available,SKW,Tmin,8,2024,345,1.4495652173913045,1.885543784248682,0.8849275362318839,3.55527536231884
all_available,SKW,Tmin,8,2025,349,1.3584527220630374,1.729509594768244,1.00945558739255,2.9912034383954156
all_available,SSH,Tmin,8,2022,327,1.9813455657492358,2.527857029596316,1.5611620795107035,6.390061162079511
all_available,SSH,Tmin,8,2023,351,1.7723646723646727,2.3837711031818203,1.3113960113960117,5.682364672364672
all_available,SSH,Tmin,8,2024,346,1.8621387283236992,2.4137431655758577,1.356936416184971,5.8261560693641625
all_available,SSH,Tmin,8,2025,341,2.0806451612903225,2.627694818400917,1.7486803519061582,6.904780058651026
all_available,SSP,Tmin,8,2022,333,1.394894894894895,1.813090537534543,0.6255255255255255,3.2872972972972976
all_available,SSP,Tmin,8,2023,350,1.286285714285714,1.7484687178050562,0.48571428571428565,3.057142857142857
all_available,SSP,Tmin,8,2024,353,1.493201133144476,1.9691602443652645,0.6643059490084986,3.8775920679886684
all_available,SSP,Tmin,8,2025,309,1.3440129449838185,1.7725614545150086,0.8540453074433656,3.141974110032363
all_available,STY,Tmin,8,2022,282,1.1609929078014183,1.5935819859986153,0.501418439716312,2.539503546099291
all_available,STY,Tmin,8,2023,341,1.1994134897360704,1.5586293700544978,0.5325513196480938,2.4293255131964804
all_available,STY,Tmin,8,2024,335,1.3871641791044775,1.776051296825411,0.6605970149253731,3.154358208955224
all_available,STY,Tmin,8,2025,290,1.3086206896551724,1.6748957764795294,0.9768965517241381,2.8052758620689655
all_available,TKL,Tmin,8,2022,313,2.6405750798722045,3.318882948457072,2.425878594249201,11.014984025559107
all_available,TKL,Tmin,8,2023,338,2.4038461538461537,3.202583092058419,2.225739644970414,10.256538461538462
all_available,TKL,Tmin,8,2024,354,2.607062146892656,3.294829882528423,2.372033898305085,10.855903954802262
all_available,TKL,Tmin,8,2025,271,3.086346863468635,3.907425044668777,2.9350553505535055,15.267970479704793
all_available,TU1,Tmin,8,2022,330,1.5369696969696967,2.0033759386383654,0.9775757575757577,4.0135151515151515
all_available,TU1,Tmin,8,2023,350,1.4197142857142857,1.8852737580672847,0.7334285714285715,3.554257142857143
all_available,TU1,Tmin,8,2024,332,1.5572289156626506,2.0497134680742137,0.7981927710843374,4.20132530120482
all_available,TU1,Tmin,8,2025,269,1.466542750929368,1.8579778751068639,0.9594795539033458,3.4520817843866167
all_available,TW,Tmin,8,2022,315,2.2406349206349208,2.770616801421203,1.982222222222222,7.67631746031746
all_available,TW,Tmin,8,2023,126,2.1015873015873012,2.654645523820997,1.6349206349206349,7.047142857142856
all_available,TW,Tmin,8,2024,290,1.957241379310345,2.453175282265261,1.6151724137931034,6.018068965517243
all_available,TW,Tmin,8,2025,328,2.139939024390244,2.603603272390016,1.8350609756097565,6.7787500000000005
all_available,TWN,Tmin,8,2022,286,2.5181818181818185,2.9737664187502544,2.386013986013986,8.843286713286714
all_available,TWN,Tmin,8,2023,320,2.29875,2.783556627769588,2.178125,7.7481875
all_available,TWN,Tmin,8,2024,347,2.4876080691642652,2.9711387894293786,2.2703170028818445,8.827665706051874
all_available,TWN,Tmin,8,2025,342,2.706140350877193,3.103907177426843,2.6190058479532166,9.63423976608187
all_available,TY1,Tmin,8,2022,69,1.143478260869565,1.4491876785069049,0.38695652173913064,2.100144927536232
all_available,TY1,Tmin,8,2023,299,1.3672240802675588,1.7971363322395768,0.7545150501672242,3.2296989966555185
all_available,TY1,Tmin,8,2024,323,1.5888544891640868,2.006120665323751,0.8390092879256966,4.024520123839009
all_available,TY1,Tmin,8,2025,309,1.4776699029126215,1.8486590959596725,0.9831715210355986,3.4175404530744338
all_available,WGL,Tmin,8,2022,349,1.32378223495702,1.790119331393964,0.9770773638968483,3.2045272206303728
all_available,WGL,Tmin,8,2023,347,1.2412103746397696,1.5964929142843793,0.7046109510086456,2.548789625360231
all_available,WGL,Tmin,8,2024,344,1.4049418604651163,1.8114060451663279,0.6671511627906976,3.2811918604651162
all_available,WGL,Tmin,8,2025,346,1.2722543352601157,1.632172919548158,0.9317919075144508,2.663988439306358
all_available,WLP,Tmin,8,2022,309,1.8692556634304205,2.3682637393581354,1.4343042071197412,5.608673139158578
all_available,WLP,Tmin,8,2023,303,1.6854785478547856,2.2352634386720562,1.3297029702970296,4.996402640264026
all_available,WLP,Tmin,8,2024,342,1.9195906432748537,2.4097208107921784,1.20906432748538,5.806754385964913
all_available,WLP,Tmin,8,2025,342,2.109356725146199,2.5939876502837405,1.901169590643275,6.7287719298245605
all_available,WTS,Tmin,8,2022,293,1.4546075085324233,1.9097558051999426,0.8634812286689421,3.647167235494881
all_available,WTS,Tmin,8,2023,342,1.3499999999999999,1.7695854736457386,0.5307017543859649,3.1314327485380127
all_available,WTS,Tmin,8,2024,323,1.5120743034055726,1.981321446641761,0.6848297213622291,3.9256346749226005
all_available,WTS,Tmin,8,2025,335,1.4343283582089552,1.8198326969191756,0.8683582089552239,3.3117910447761196
all_available,YLP,Tmin,8,2022,273,2.0893772893772895,2.6263248880483956,1.7575091575091575,6.897582417582417
all_available,YLP,Tmin,8,2023,299,1.8538461538461537,2.4408521457319807,1.5414715719063545,5.957759197324415
all_available,YLP,Tmin,8,2024,321,1.8517133956386291,2.3887978441439777,1.2517133956386293,5.706355140186916
all_available,YLP,Tmin,8,2025,339,1.9280235988200587,2.449176611985376,1.565781710914454,5.9984660766961655
strict_common,CCH,Tmin,8,2022,4,1.2750000000000004,1.456880228433347,0.27500000000000036,2.1225000000000014
strict_common,CCH,Tmin,8,2023,3,2.2666666666666657,2.64826987547216,1.4666666666666661,7.013333333333329
strict_common,CCH,Tmin,8,2024,4,2.3000000000000007,2.7703790354390145,2.0,7.675000000000003
strict_common,CCH,Tmin,8,2025,13,1.7615384615384615,2.2832163548549063,1.146153846153846,5.213076923076924
strict_common,CWB,Tmin,8,2022,4,0.9249999999999998,0.9836157786453,0.17499999999999982,0.9674999999999998
strict_common,CWB,Tmin,8,2023,3,2.6999999999999993,3.1256999216175556,1.8333333333333321,9.769999999999994
strict_common,CWB,Tmin,8,2024,4,2.025,2.476388499407958,1.7249999999999992,6.132499999999998
strict_common,CWB,Tmin,8,2025,13,1.5923076923076924,2.078646009009045,1.1615384615384614,4.320769230769231
strict_common,HKP,Tmin,8,2022,4,1.0250000000000004,1.231868499475492,-0.17499999999999982,1.5175
strict_common,HKP,Tmin,8,2023,3,2.066666666666665,2.448128536930471,1.1333333333333329,5.993333333333328
strict_common,HKP,Tmin,8,2024,4,1.725,1.962778642639052,0.7250000000000001,3.8525
strict_common,HKP,Tmin,8,2025,13,1.4769230769230774,1.8254609533779935,0.661538461538462,3.332307692307693
strict_common,HKS,Tmin,8,2022,4,1.525,1.9422924599555034,-0.12499999999999956,3.7725000000000004
strict_common,HKS,Tmin,8,2023,3,1.5666666666666664,2.0404247923737184,0.5666666666666664,4.163333333333331
strict_common,HKS,Tmin,8,2024,4,1.7499999999999996,1.926136028425822,0.6999999999999988,3.7099999999999986
strict_common,HKS,Tmin,8,2025,13,2.115384615384616,2.4593620185856206,1.0538461538461534,6.048461538461539
strict_common,HPV,Tmin,8,2022,4,1.6,2.0639767440550294,0.10000000000000009,4.26
strict_common,HPV,Tmin,8,2023,3,1.866666666666666,2.309401076758502,0.2666666666666669,5.3333333333333295
strict_common,HPV,Tmin,8,2024,4,1.6500000000000008,1.8828170383762737,0.4000000000000008,3.5450000000000026
strict_common,HPV,Tmin,8,2025,13,1.7307692307692304,2.1215016452431117,0.5461538461538462,4.5007692307692295
strict_common,JKB,Tmin,8,2022,4,1.3000000000000003,1.6718253497300493,0.1499999999999999,2.7950000000000017
strict_common,JKB,Tmin,8,2023,3,2.366666666666666,2.793444707405774,1.7666666666666668,7.80333333333333
strict_common,JKB,Tmin,8,2024,4,2.25,2.5855366947695795,1.75,6.685000000000001
strict_common,JKB,Tmin,8,2025,13,2.315384615384615,2.8272030211990304,1.8538461538461541,7.993076923076926
strict_common,KLT,Tmin,8,2022,4,1.0499999999999998,1.1704699910719623,0.09999999999999964,1.3699999999999997
strict_common,KLT,Tmin,8,2023,3,2.133333333333334,2.549509756796393,1.4666666666666675,6.500000000000004
strict_common,KLT,Tmin,8,2024,4,2.2250000000000005,2.5578311124857325,1.4249999999999998,6.5425
strict_common,KLT,Tmin,8,2025,13,1.7538461538461543,2.2233031559094503,1.2307692307692306,4.943076923076922
strict_common,KP,Tmin,8,2022,4,0.9499999999999997,1.1467344941179713,-0.050000000000000266,1.3149999999999995
strict_common,KP,Tmin,8,2023,3,2.0333333333333337,2.463736998950984,1.2999999999999996,6.070000000000001
strict_common,KP,Tmin,8,2024,4,1.9250000000000003,2.232151428554972,1.025,4.982500000000002
strict_common,KP,Tmin,8,2025,13,1.5,1.880875409933446,0.8692307692307693,3.537692307692308
strict_common,KSC,Tmin,8,2022,4,1.4499999999999997,1.6881943016134133,1.1,2.85
strict_common,KSC,Tmin,8,2023,3,2.366666666666667,2.9771350881902108,2.1666666666666665,8.863333333333333
strict_common,KSC,Tmin,8,2024,4,2.2750000000000004,2.7654113618049667,2.125,7.6475
strict_common,KSC,Tmin,8,2025,13,2.484615384615385,3.2037237948746697,2.4692307692307693,10.263846153846155
strict_common,KTG,Tmin,8,2022,4,1.2749999999999995,1.3847382424126224,0.7249999999999996,1.9174999999999986
strict_common,KTG,Tmin,8,2023,3,2.4333333333333336,2.9183328574147716,1.6999999999999993,8.516666666666666
strict_common,KTG,Tmin,8,2024,4,2.1999999999999997,2.5544079548889593,1.6,6.524999999999997
strict_common,KTG,Tmin,8,2025,13,1.63076923076923,2.0331862073716103,1.1692307692307689,4.133846153846152
strict_common,LFS,Tmin,8,2022,4,1.475,1.7211914478058503,0.9750000000000001,2.9624999999999995
strict_common,LFS,Tmin,8,2023,3,2.0666666666666678,2.591010099041171,1.8666666666666671,6.713333333333338
strict_common,LFS,Tmin,8,2024,4,1.9750000000000005,2.7807373122968664,1.9249999999999998,7.732499999999999
strict_common,LFS,Tmin,8,2025,13,2.123076923076923,2.7771041918350297,1.7846153846153843,7.712307692307694
strict_common,NGP,Tmin,8,2022,4,4.15,4.281354925721529,4.15,18.330000000000002
strict_common,NGP,Tmin,8,2023,3,4.633333333333334,4.951430769653018,4.633333333333334,24.516666666666676
strict_common,NGP,Tmin,8,2024,4,5.925000000000001,6.329494450586082,5.925000000000001,40.0625
strict_common,NGP,Tmin,8,2025,13,4.661538461538462,5.194671826459818,4.661538461538462,26.98461538461538
strict_common,PEN,Tmin,8,2022,4,0.9249999999999998,1.4115594213493101,-0.375,1.9924999999999993
strict_common,PEN,Tmin,8,2023,3,1.6333333333333329,2.043689474129244,0.6333333333333329,4.176666666666665
strict_common,PEN,Tmin,8,2024,4,2.075,2.451020195755229,1.5249999999999995,6.007500000000001
strict_common,PEN,Tmin,8,2025,13,1.823076923076923,2.1829760913451652,0.7923076923076925,4.765384615384614
strict_common,PLC,Tmin,8,2022,4,0.7000000000000002,0.710633520177595,0.2999999999999998,0.5050000000000003
strict_common,PLC,Tmin,8,2023,3,2.0,2.4993332444207335,1.5333333333333339,6.24666666666667
strict_common,PLC,Tmin,8,2024,4,2.5250000000000004,2.867490191787934,2.125,8.222500000000004
strict_common,PLC,Tmin,8,2025,13,1.823076923076923,2.413264625739613,1.4384615384615382,5.823846153846154
strict_common,SEK,Tmin,8,2022,4,1.975,2.980352328165246,1.4250000000000003,8.882500000000002
strict_common,SEK,Tmin,8,2023,3,1.6000000000000003,2.0412414523193148,1.5333333333333325,4.166666666666665
strict_common,SEK,Tmin,8,2024,4,2.1750000000000007,2.611991577321796,1.7750000000000004,6.822500000000004
strict_common,SEK,Tmin,8,2025,13,2.7153846153846155,3.411406206785159,2.1000000000000005,11.637692307692308
strict_common,SHA,Tmin,8,2022,4,0.9249999999999998,1.2093386622447826,0.025000000000000355,1.4625000000000001
strict_common,SHA,Tmin,8,2023,3,1.599999999999999,2.044504830026086,1.1333333333333329,4.179999999999995
strict_common,SHA,Tmin,8,2024,4,1.9499999999999993,2.363260459619294,1.25,5.584999999999997
strict_common,SHA,Tmin,8,2025,13,2.330769230769231,2.957259646257768,1.715384615384615,8.745384615384618
strict_common,SKG,Tmin,8,2022,4,0.6000000000000005,0.8396427811873332,-0.1999999999999993,0.7049999999999998
strict_common,SKG,Tmin,8,2023,3,1.9666666666666661,2.522564832335005,1.4333333333333325,6.363333333333331
strict_common,SKG,Tmin,8,2024,4,1.5750000000000002,2.000624902374256,0.8750000000000009,4.002500000000001
strict_common,SKG,Tmin,8,2025,13,1.7923076923076924,2.387628369484923,1.2538461538461543,5.7007692307692315
strict_common,SKW,Tmin,8,2022,4,0.6999999999999997,0.8124038404635958,4.440892098500626e-16,0.6599999999999996
strict_common,SKW,Tmin,8,2023,3,2.366666666666666,2.8953986484305285,1.7666666666666668,8.383333333333331
strict_common,SKW,Tmin,8,2024,4,1.8250000000000002,2.098213525835729,1.1749999999999998,4.402500000000002
strict_common,SKW,Tmin,8,2025,13,1.484615384615385,1.916527308200153,0.9307692307692308,3.6730769230769242
strict_common,SSH,Tmin,8,2022,4,1.5750000000000006,2.12073100604485,1.1250000000000004,4.497500000000001
strict_common,SSH,Tmin,8,2023,3,1.9666666666666661,2.3302360395462083,1.4333333333333325,5.429999999999997
strict_common,SSH,Tmin,8,2024,4,1.8750000000000004,2.453059314407217,1.5250000000000008,6.0175000000000045
strict_common,SSH,Tmin,8,2025,13,2.3923076923076922,3.0600402209523585,1.7307692307692313,9.363846153846158
strict_common,SSP,Tmin,8,2022,4,1.0499999999999998,1.387443692551161,-0.10000000000000053,1.9250000000000007
strict_common,SSP,Tmin,8,2023,3,1.4333333333333336,1.8484227510682365,0.6999999999999993,3.4166666666666674
strict_common,SSP,Tmin,8,2024,4,1.9500000000000002,2.2516660498395407,1.0499999999999998,5.070000000000001
strict_common,SSP,Tmin,8,2025,13,1.7076923076923078,2.0773503833933784,0.7384615384615386,4.315384615384617
strict_common,STY,Tmin,8,2022,4,0.6499999999999995,0.8774964387392118,-0.4500000000000002,0.7699999999999992
strict_common,STY,Tmin,8,2023,3,2.4333333333333322,2.838426794311712,1.099999999999999,8.056666666666663
strict_common,STY,Tmin,8,2024,4,1.5749999999999997,1.8200274723201293,0.7250000000000001,3.312499999999999
strict_common,STY,Tmin,8,2025,13,1.3846153846153846,1.7798011989242812,0.738461538461539,3.167692307692309
strict_common,TKL,Tmin,8,2022,4,2.6,3.736977388210959,2.35,13.965
strict_common,TKL,Tmin,8,2023,3,2.1999999999999993,2.714160398109637,1.7333333333333332,7.366666666666663
strict_common,TKL,Tmin,8,2024,4,2.6999999999999997,3.1741140496207754,2.6999999999999997,10.074999999999998
strict_common,TKL,Tmin,8,2025,13,3.269230769230769,4.299642203361005,3.023076923076923,18.486923076923077
strict_common,TU1,Tmin,8,2022,4,1.1500000000000004,1.3397761006974263,0.14999999999999947,1.7950000000000002
strict_common,TU1,Tmin,8,2023,3,1.3000000000000007,1.7935068069752806,0.7666666666666669,3.216666666666667
strict_common,TU1,Tmin,8,2024,4,1.5750000000000002,2.151162476429896,1.1250000000000009,4.627500000000003
strict_common,TU1,Tmin,8,2025,13,1.9538461538461538,2.347830422391637,1.0615384615384613,5.512307692307692
strict_common,TW,Tmin,8,2022,4,2.1000000000000005,2.893959225697557,1.1500000000000004,8.375000000000002
strict_common,TW,Tmin,8,2023,3,1.566666666666667,2.0856653614614213,1.566666666666667,4.3500000000000005
strict_common,TW,Tmin,8,2024,4,2.5999999999999996,2.9816103031751147,2.25,8.889999999999999
strict_common,TW,Tmin,8,2025,13,2.4538461538461545,3.092546871729862,1.853846153846154,9.563846153846155
strict_common,TWN,Tmin,8,2022,4,2.0,2.2583179581272432,1.2999999999999998,5.1000000000000005
strict_common,TWN,Tmin,8,2023,3,2.366666666666666,2.723355773061365,2.366666666666666,7.416666666666663
strict_common,TWN,Tmin,8,2024,4,2.874999999999999,3.51532359819121,2.874999999999999,12.357499999999995
strict_common,TWN,Tmin,8,2025,13,2.8538461538461535,3.5310708770090606,2.7307692307692304,12.468461538461538
strict_common,TY1,Tmin,8,2022,4,1.025,1.436140661634507,-0.42500000000000027,2.062499999999999
strict_common,TY1,Tmin,8,2023,3,1.633333333333334,2.0207259421636907,0.9666666666666673,4.083333333333335
strict_common,TY1,Tmin,8,2024,4,1.5500000000000007,1.9455076458343725,0.75,3.7850000000000024
strict_common,TY1,Tmin,8,2025,13,1.9615384615384615,2.3332051246828156,0.7923076923076918,5.443846153846153
strict_common,WGL,Tmin,8,2022,4,0.9000000000000008,1.0839741694339406,-0.19999999999999973,1.1750000000000016
strict_common,WGL,Tmin,8,2023,3,2.6666666666666665,3.0011109054259673,1.400000000000001,9.00666666666667
strict_common,WGL,Tmin,8,2024,4,1.5750000000000002,1.9461500456028564,0.9750000000000005,3.7875
strict_common,WGL,Tmin,8,2025,13,1.3615384615384618,1.6694080019345412,0.5153846153846154,2.786923076923077
strict_common,WLP,Tmin,8,2022,4,1.975,2.7115493725912496,0.7250000000000001,7.3525
strict_common,WLP,Tmin,8,2023,3,2.133333333333334,2.471167065713419,1.6000000000000003,6.106666666666669
strict_common,WLP,Tmin,8,2024,4,1.4749999999999996,2.243323427417455,1.2750000000000004,5.032499999999998
strict_common,WLP,Tmin,8,2025,13,2.4461538461538463,3.01304854565298,1.7538461538461538,9.078461538461537
strict_common,WTS,Tmin,8,2022,4,0.8249999999999997,1.1146748404803977,-0.17500000000000027,1.2425
strict_common,WTS,Tmin,8,2023,3,1.8333333333333346,2.1455380055672135,0.7666666666666669,4.603333333333336
strict_common,WTS,Tmin,8,2024,4,1.8499999999999996,2.2102036105300336,1.0999999999999996,4.884999999999997
strict_common,WTS,Tmin,8,2025,13,1.8230769230769233,2.2151575738360187,0.8999999999999999,4.906923076923078
strict_common,YLP,Tmin,8,2022,4,1.9999999999999996,2.750454507895013,1.35,7.564999999999998
strict_common,YLP,Tmin,8,2023,3,1.5666666666666664,2.1361959960016152,1.5666666666666664,4.563333333333333
strict_common,YLP,Tmin,8,2024,4,1.7999999999999998,2.3653752345029746,1.6000000000000005,5.5950000000000015
strict_common,YLP,Tmin,8,2025,13,2.5,3.1616694713637994,1.8538461538461541,9.996153846153847
lowland_available,CCH,Tmin,8,2022,295,1.976271186440678,2.4824536795651277,1.768135593220339,6.162576271186441
lowland_available,CCH,Tmin,8,2023,308,1.5295454545454545,1.940904528721181,1.2717532467532466,3.7671103896103895
lowland_available,CCH,Tmin,8,2024,357,1.6843137254901959,2.159838410803992,1.3218487394957983,4.664901960784314
lowland_available,CCH,Tmin,8,2025,348,1.6086206896551722,2.004305710042843,1.3971264367816094,4.017241379310345
lowland_available,CWB,Tmin,8,2022,307,1.3387622149837133,1.8763399121156181,0.952442996742671,3.5206514657980454
lowland_available,CWB,Tmin,8,2023,288,1.5677083333333333,2.066641464900103,1.2614583333333333,4.271006944444443
lowland_available,CWB,Tmin,8,2024,321,1.6881619937694707,2.165698321831506,1.2601246105919004,4.690249221183801
lowland_available,CWB,Tmin,8,2025,339,1.5784660766961653,1.986466007169546,1.4109144542772862,3.946047197640118
lowland_available,HKP,Tmin,8,2022,317,1.2678233438485804,1.710064842794423,0.6173501577287067,2.924321766561514
lowland_available,HKP,Tmin,8,2023,351,1.2421652421652423,1.6104537415154938,0.482051282051282,2.593561253561253
lowland_available,HKP,Tmin,8,2024,302,1.4745033112582782,1.904169353590252,0.6076158940397349,3.625860927152318
lowland_available,HKP,Tmin,8,2025,309,1.2938511326860842,1.662668343181368,0.7928802588996764,2.7644660194174757
lowland_available,HKS,Tmin,8,2022,324,1.409567901234568,1.823297447002796,0.6466049382716049,3.324413580246914
lowland_available,HKS,Tmin,8,2023,311,1.284887459807074,1.7109445314534926,0.49131832797427655,2.9273311897106113
lowland_available,HKS,Tmin,8,2024,347,1.4893371757925071,1.8905650772293434,0.6080691642651297,3.574236311239193
lowland_available,HKS,Tmin,8,2025,349,1.5954154727793695,1.995754806904813,1.0521489971346705,3.9830372492836674
lowland_available,HPV,Tmin,8,2022,321,1.2517133956386293,1.6482975262987238,0.19937694704049844,2.716884735202492
lowland_available,HPV,Tmin,8,2023,321,1.2523364485981308,1.680935802265977,0.10342679127725862,2.825545171339564
lowland_available,HPV,Tmin,8,2024,285,1.3368421052631578,1.690198784115218,0.1866666666666667,2.8567719298245615
lowland_available,HPV,Tmin,8,2025,302,1.3367549668874175,1.739214635882781,0.5433774834437086,3.024867549668874
lowland_available,JKB,Tmin,8,2022,328,1.6182926829268292,2.07083404900938,1.1835365853658537,4.288353658536584
lowland_available,JKB,Tmin,8,2023,264,1.5598484848484848,2.0141544582822295,1.284848484848485,4.056818181818182
lowland_available,JKB,Tmin,8,2024,358,1.7513966480446927,2.17241466457496,1.3603351955307261,4.719385474860335
lowland_available,JKB,Tmin,8,2025,351,2.027065527065527,2.4031970633629123,1.8447293447293447,5.775356125356125
lowland_available,KLT,Tmin,8,2022,321,1.5323987538940809,2.0443143554259517,1.0919003115264798,4.179221183800624
lowland_available,KLT,Tmin,8,2023,259,1.6054054054054057,2.0918854069916346,0.9992277992277993,4.375984555984556
lowland_available,KLT,Tmin,8,2024,361,1.634072022160665,2.1392454723887426,1.1326869806094184,4.576371191135735
lowland_available,KLT,Tmin,8,2025,354,1.4980225988700564,1.9364406161529988,1.1878531073446328,3.749802259887006
lowland_available,KP,Tmin,8,2022,207,1.2492753623188406,1.633288967158459,0.6772946859903382,2.6676328502415454
lowland_available,KP,Tmin,8,2023,341,1.3243401759530793,1.7499560111773431,0.6340175953079179,3.0623460410557177
lowland_available,KP,Tmin,8,2024,350,1.4334285714285715,1.9115364052435488,0.7105714285714284,3.653971428571429
lowland_available,KP,Tmin,8,2025,346,1.310693641618497,1.7231088318045307,0.8910404624277457,2.9691040462427742
lowland_available,KSC,Tmin,8,2022,307,1.977198697068404,2.4360484903952555,1.803908794788274,5.934332247557004
lowland_available,KSC,Tmin,8,2023,338,1.8621301775147925,2.377321350750404,1.7147928994082837,5.651656804733727
lowland_available,KSC,Tmin,8,2024,333,2.166366366366366,2.6187129773340296,1.9771771771771767,6.857657657657658
lowland_available,KSC,Tmin,8,2025,332,2.414457831325301,2.792912717179528,2.316265060240964,7.800361445783134
lowland_available,KTG,Tmin,8,2022,195,1.422051282051282,1.8512504436537496,1.0343589743589743,3.427128205128205
lowland_available,KTG,Tmin,8,2023,350,1.4597142857142857,1.9313725689260475,0.9545714285714286,3.7302000000000004
lowland_available,KTG,Tmin,8,2024,351,1.5327635327635332,2.0536257977973777,1.0341880341880343,4.217378917378917
lowland_available,KTG,Tmin,8,2025,353,1.4895184135977335,1.8990231572683256,1.1376770538243626,3.6062889518413597
lowland_available,LFS,Tmin,8,2022,279,1.945519713261649,2.482209098196294,1.6745519713261647,6.161362007168458
lowland_available,LFS,Tmin,8,2023,271,1.7479704797047972,2.277411944741588,1.4166051660516605,5.186605166051661
lowland_available,LFS,Tmin,8,2024,315,1.9196825396825399,2.415801158641836,1.545079365079365,5.836095238095239
lowland_available,LFS,Tmin,8,2025,349,1.9819484240687681,2.4064919360752937,1.7985673352435532,5.791203438395415
lowland_available,PEN,Tmin,8,2022,246,1.3739837398373984,1.8400247435593275,0.6138211382113821,3.385691056910569
lowland_available,PEN,Tmin,8,2023,253,1.1774703557312252,1.6184826739906442,0.4043478260869566,2.6194861660079054
lowland_available,PEN,Tmin,8,2024,194,1.6855670103092784,2.1779116072678812,0.9515463917525772,4.743298969072165
lowland_available,PEN,Tmin,8,2025,304,1.4111842105263157,1.8029763404466865,1.0388157894736842,3.2507236842105263
lowland_available,PLC,Tmin,8,2022,310,1.6729032258064513,2.1922885376377956,1.347741935483871,4.806129032258064
lowland_available,PLC,Tmin,8,2023,340,1.4673529411764705,1.968808239101244,1.0655882352941175,3.8762058823529415
lowland_available,PLC,Tmin,8,2024,346,1.8332369942196531,2.336212784275098,1.4864161849710984,5.457890173410405
lowland_available,PLC,Tmin,8,2025,331,1.729607250755287,2.1711580993670476,1.5441087613293052,4.71392749244713
lowland_available,SEK,Tmin,8,2022,271,2.1815498154981547,2.7589639212608756,1.8450184501845015,7.611881918819187
lowland_available,SEK,Tmin,8,2023,209,2.0985645933014356,2.738088600940969,1.7167464114832536,7.497129186602871
lowland_available,SEK,Tmin,8,2024,256,2.21171875,2.805282405569892,1.69296875,7.8696093750000005
lowland_available,SEK,Tmin,8,2025,287,2.296864111498258,2.85489981639855,2.0557491289198606,8.150452961672475
lowland_available,SHA,Tmin,8,2022,314,1.6073248407643312,2.0718387783722165,1.015605095541401,4.292515923566879
lowland_available,SHA,Tmin,8,2023,341,1.525806451612903,2.105508764034294,0.8014662756598241,4.43316715542522
lowland_available,SHA,Tmin,8,2024,342,1.6777777777777776,2.183564337585286,0.9520467836257309,4.767953216374269
lowland_available,SHA,Tmin,8,2025,335,1.9364179104477612,2.454779073258419,1.578805970149254,6.025940298507463
lowland_available,SKG,Tmin,8,2022,344,1.3319767441860464,1.7708722065956717,0.8145348837209302,3.1359883720930233
lowland_available,SKG,Tmin,8,2023,333,1.343843843843844,1.8147295234395793,0.6735735735735736,3.293243243243243
lowland_available,SKG,Tmin,8,2024,289,1.5273356401384082,1.977590719007124,0.8166089965397926,3.910865051903114
lowland_available,SKG,Tmin,8,2025,331,1.4706948640483382,1.9049625128139889,1.0598187311178249,3.6288821752265865
lowland_available,SKW,Tmin,8,2022,332,1.380421686746988,1.8689843256802754,0.9153614457831325,3.493102409638554
lowland_available,SKW,Tmin,8,2023,350,1.3414285714285714,1.753926207928128,0.8231428571428568,3.0762571428571426
lowland_available,SKW,Tmin,8,2024,345,1.4495652173913045,1.885543784248682,0.8849275362318839,3.55527536231884
lowland_available,SKW,Tmin,8,2025,349,1.3584527220630374,1.729509594768244,1.00945558739255,2.9912034383954156
lowland_available,SSH,Tmin,8,2022,327,1.9813455657492358,2.527857029596316,1.5611620795107035,6.390061162079511
lowland_available,SSH,Tmin,8,2023,351,1.7723646723646727,2.3837711031818203,1.3113960113960117,5.682364672364672
lowland_available,SSH,Tmin,8,2024,346,1.8621387283236992,2.4137431655758577,1.356936416184971,5.8261560693641625
lowland_available,SSH,Tmin,8,2025,341,2.0806451612903225,2.627694818400917,1.7486803519061582,6.904780058651026
lowland_available,SSP,Tmin,8,2022,333,1.394894894894895,1.813090537534543,0.6255255255255255,3.2872972972972976
lowland_available,SSP,Tmin,8,2023,350,1.286285714285714,1.7484687178050562,0.48571428571428565,3.057142857142857
lowland_available,SSP,Tmin,8,2024,353,1.493201133144476,1.9691602443652645,0.6643059490084986,3.8775920679886684
lowland_available,SSP,Tmin,8,2025,309,1.3440129449838185,1.7725614545150086,0.8540453074433656,3.141974110032363
lowland_available,STY,Tmin,8,2022,282,1.1609929078014183,1.5935819859986153,0.501418439716312,2.539503546099291
lowland_available,STY,Tmin,8,2023,341,1.1994134897360704,1.5586293700544978,0.5325513196480938,2.4293255131964804
lowland_available,STY,Tmin,8,2024,335,1.3871641791044775,1.776051296825411,0.6605970149253731,3.154358208955224
lowland_available,STY,Tmin,8,2025,290,1.3086206896551724,1.6748957764795294,0.9768965517241381,2.8052758620689655
lowland_available,TKL,Tmin,8,2022,313,2.6405750798722045,3.318882948457072,2.425878594249201,11.014984025559107
lowland_available,TKL,Tmin,8,2023,338,2.4038461538461537,3.202583092058419,2.225739644970414,10.256538461538462
lowland_available,TKL,Tmin,8,2024,354,2.607062146892656,3.294829882528423,2.372033898305085,10.855903954802262
lowland_available,TKL,Tmin,8,2025,271,3.086346863468635,3.907425044668777,2.9350553505535055,15.267970479704793
lowland_available,TU1,Tmin,8,2022,330,1.5369696969696967,2.0033759386383654,0.9775757575757577,4.0135151515151515
lowland_available,TU1,Tmin,8,2023,350,1.4197142857142857,1.8852737580672847,0.7334285714285715,3.554257142857143
lowland_available,TU1,Tmin,8,2024,332,1.5572289156626506,2.0497134680742137,0.7981927710843374,4.20132530120482
lowland_available,TU1,Tmin,8,2025,269,1.466542750929368,1.8579778751068639,0.9594795539033458,3.4520817843866167
lowland_available,TW,Tmin,8,2022,315,2.2406349206349208,2.770616801421203,1.982222222222222,7.67631746031746
lowland_available,TW,Tmin,8,2023,126,2.1015873015873012,2.654645523820997,1.6349206349206349,7.047142857142856
lowland_available,TW,Tmin,8,2024,290,1.957241379310345,2.453175282265261,1.6151724137931034,6.018068965517243
lowland_available,TW,Tmin,8,2025,328,2.139939024390244,2.603603272390016,1.8350609756097565,6.7787500000000005
lowland_available,TWN,Tmin,8,2022,286,2.5181818181818185,2.9737664187502544,2.386013986013986,8.843286713286714
lowland_available,TWN,Tmin,8,2023,320,2.29875,2.783556627769588,2.178125,7.7481875
lowland_available,TWN,Tmin,8,2024,347,2.4876080691642652,2.9711387894293786,2.2703170028818445,8.827665706051874
lowland_available,TWN,Tmin,8,2025,342,2.706140350877193,3.103907177426843,2.6190058479532166,9.63423976608187
lowland_available,TY1,Tmin,8,2022,69,1.143478260869565,1.4491876785069049,0.38695652173913064,2.100144927536232
lowland_available,TY1,Tmin,8,2023,299,1.3672240802675588,1.7971363322395768,0.7545150501672242,3.2296989966555185
lowland_available,TY1,Tmin,8,2024,323,1.5888544891640868,2.006120665323751,0.8390092879256966,4.024520123839009
lowland_available,TY1,Tmin,8,2025,309,1.4776699029126215,1.8486590959596725,0.9831715210355986,3.4175404530744338
lowland_available,WGL,Tmin,8,2022,349,1.32378223495702,1.790119331393964,0.9770773638968483,3.2045272206303728
lowland_available,WGL,Tmin,8,2023,347,1.2412103746397696,1.5964929142843793,0.7046109510086456,2.548789625360231
lowland_available,WGL,Tmin,8,2024,344,1.4049418604651163,1.8114060451663279,0.6671511627906976,3.2811918604651162
lowland_available,WGL,Tmin,8,2025,346,1.2722543352601157,1.632172919548158,0.9317919075144508,2.663988439306358
lowland_available,WLP,Tmin,8,2022,309,1.8692556634304205,2.3682637393581354,1.4343042071197412,5.608673139158578
lowland_available,WLP,Tmin,8,2023,303,1.6854785478547856,2.2352634386720562,1.3297029702970296,4.996402640264026
lowland_available,WLP,Tmin,8,2024,342,1.9195906432748537,2.4097208107921784,1.20906432748538,5.806754385964913
lowland_available,WLP,Tmin,8,2025,342,2.109356725146199,2.5939876502837405,1.901169590643275,6.7287719298245605
lowland_available,WTS,Tmin,8,2022,293,1.4546075085324233,1.9097558051999426,0.8634812286689421,3.647167235494881
lowland_available,WTS,Tmin,8,2023,342,1.3499999999999999,1.7695854736457386,0.5307017543859649,3.1314327485380127
lowland_available,WTS,Tmin,8,2024,323,1.5120743034055726,1.981321446641761,0.6848297213622291,3.9256346749226005
lowland_available,WTS,Tmin,8,2025,335,1.4343283582089552,1.8198326969191756,0.8683582089552239,3.3117910447761196
lowland_available,YLP,Tmin,8,2022,273,2.0893772893772895,2.6263248880483956,1.7575091575091575,6.897582417582417
lowland_available,YLP,Tmin,8,2023,299,1.8538461538461537,2.4408521457319807,1.5414715719063545,5.957759197324415
lowland_available,YLP,Tmin,8,2024,321,1.8517133956386291,2.3887978441439777,1.2517133956386293,5.706355140186916
lowland_available,YLP,Tmin,8,2025,339,1.9280235988200587,2.449176611985376,1.565781710914454,5.9984660766961655
all_available,CCH,Tmin,9,2022,294,2.119047619047619,2.6874108116825566,1.8551020408163268,7.2221768707482985
all_available,CCH,Tmin,9,2023,308,1.6048701298701298,2.109710080408354,1.2912337662337663,4.450876623376623
all_available,CCH,Tmin,9,2024,356,1.7884831460674158,2.272410243465458,1.33061797752809,5.163848314606741
all_available,CCH,Tmin,9,2025,348,1.6413793103448278,2.0820800828172694,1.4258620689655173,4.335057471264368
all_available,CWB,Tmin,9,2022,306,1.4633986928104576,2.0685001354743773,0.9967320261437909,4.278692810457517
all_available,CWB,Tmin,9,2023,288,1.6607638888888887,2.242773890124063,1.2649305555555557,5.030034722222222
all_available,CWB,Tmin,9,2024,320,1.7584375,2.2597082223154388,1.2471875000000001,5.10628125
all_available,CWB,Tmin,9,2025,339,1.6020648967551623,2.0619534227048217,1.437463126843658,4.251651917404129
all_available,HKP,Tmin,9,2022,316,1.4164556962025314,1.904790762288936,0.7088607594936709,3.628227848101266
all_available,HKP,Tmin,9,2023,351,1.374928774928775,1.806083420536638,0.4877492877492877,3.261937321937322
all_available,HKP,Tmin,9,2024,301,1.5578073089700997,2.023984097740636,0.6049833887043188,4.096511627906976
all_available,HKP,Tmin,9,2025,309,1.3042071197411003,1.712716572656558,0.8090614886731392,2.933398058252427
all_available,HKS,Tmin,9,2022,323,1.535294117647059,1.9792655860348605,0.7154798761609906,3.9174922600619193
all_available,HKS,Tmin,9,2023,311,1.4160771704180066,1.9113807066588753,0.4848874598070739,3.6533762057877817
all_available,HKS,Tmin,9,2024,346,1.5635838150289016,1.9920506760506262,0.6161849710982659,3.968265895953757
all_available,HKS,Tmin,9,2025,349,1.6108882521489973,2.045667726438339,1.0836676217765042,4.184756446991404
all_available,HPV,Tmin,9,2022,320,1.3925,1.834700247996931,0.283125,3.3661250000000003
all_available,HPV,Tmin,9,2023,321,1.3788161993769472,1.8805447610016732,0.10654205607476641,3.5364485981308404
all_available,HPV,Tmin,9,2024,284,1.4147887323943664,1.791234525895636,0.21338028169014087,3.2085211267605636
all_available,HPV,Tmin,9,2025,302,1.3539735099337749,1.7820945337305532,0.5599337748344371,3.1758609271523177
all_available,JKB,Tmin,9,2022,327,1.7483180428134555,2.262397040082151,1.2559633027522936,5.118440366972477
all_available,JKB,Tmin,9,2023,264,1.5916666666666666,2.1597208012597227,1.284848484848485,4.664393939393939
all_available,JKB,Tmin,9,2024,357,1.8383753501400562,2.2920701198204365,1.3722689075630252,5.25358543417367
all_available,JKB,Tmin,9,2025,351,2.0578347578347578,2.4649971249903775,1.876068376068376,6.0762108262108265
all_available,KLT,Tmin,9,2022,320,1.6715625000000003,2.2495624574570052,1.1809375,5.06053125
all_available,KLT,Tmin,9,2023,259,1.7382239382239384,2.315284116591426,1.0030888030888032,5.360540540540541
all_available,KLT,Tmin,9,2024,360,1.7133333333333332,2.2487403881580756,1.136111111111111,5.0568333333333335
all_available,KLT,Tmin,9,2025,354,1.5460451977401128,2.02542455617788,1.2274011299435028,4.102344632768362
all_available,KP,Tmin,9,2022,207,1.4492753623188406,1.8863865209124542,0.817391304347826,3.558454106280193
all_available,KP,Tmin,9,2023,341,1.4392961876832846,1.948802173650127,0.6398826979472141,3.7978299120234604
all_available,KP,Tmin,9,2024,350,1.522,2.0370076092150464,0.7191428571428571,4.1494
all_available,KP,Tmin,9,2025,346,1.3419075144508672,1.8015006589722518,0.9141618497109827,3.245404624277457
all_available,KSC,Tmin,9,2022,306,2.0558823529411767,2.5766865788237023,1.8493464052287585,6.6393137254901955
all_available,KSC,Tmin,9,2023,338,1.92189349112426,2.5342972836456044,1.7207100591715974,6.42266272189349
all_available,KSC,Tmin,9,2024,332,2.205421686746988,2.695131711022494,1.9704819277108432,7.263734939759036
all_available,KSC,Tmin,9,2025,332,2.4319277108433734,2.848546448185439,2.3373493975903616,8.11421686746988
all_available,KTG,Tmin,9,2022,195,1.5974358974358975,2.0520033988076016,1.1471794871794871,4.2107179487179485
all_available,KTG,Tmin,9,2023,350,1.555142857142857,2.1050754991550438,0.9574285714285715,4.431342857142856
all_available,KTG,Tmin,9,2024,350,1.6242857142857143,2.1700625402442735,1.0437142857142858,4.709171428571429
all_available,KTG,Tmin,9,2025,353,1.525212464589235,1.9755015141210643,1.171671388101983,3.9026062322946173
all_available,LFS,Tmin,9,2022,278,2.057913669064748,2.666748350067911,1.731294964028777,7.111546762589927
all_available,LFS,Tmin,9,2023,271,1.8542435424354244,2.4712143510840354,1.4535055350553507,6.10690036900369
all_available,LFS,Tmin,9,2024,314,1.9742038216560513,2.5009361304644346,1.5627388535031848,6.254681528662419
all_available,LFS,Tmin,9,2025,349,2.0237822349570203,2.486023971374053,1.832951289398281,6.180315186246419
all_available,NGP,Tmin,9,2022,223,4.805829596412555,5.278363484663896,4.804932735426009,27.861121076233186
all_available,NGP,Tmin,9,2023,202,4.86039603960396,5.43027815052592,4.854455445544554,29.487920792079205
all_available,NGP,Tmin,9,2024,121,5.278512396694215,5.754128952326321,5.278512396694215,33.11
all_available,NGP,Tmin,9,2025,210,4.848571428571428,5.217352001232226,4.838095238095238,27.220761904761908
all_available,PEN,Tmin,9,2022,246,1.5390243902439025,2.044703647996472,0.6829268292682927,4.180813008130081
all_available,PEN,Tmin,9,2023,253,1.3426877470355731,1.8315741949537707,0.37667984189723325,3.3546640316205534
all_available,PEN,Tmin,9,2024,193,1.8476683937823835,2.360907878415144,0.9367875647668391,5.573886010362695
all_available,PEN,Tmin,9,2025,304,1.444078947368421,1.8818908464347068,1.061842105263158,3.5415131578947374
all_available,PLC,Tmin,9,2022,309,1.8265372168284792,2.4130577897017154,1.4368932038834952,5.822847896440129
all_available,PLC,Tmin,9,2023,340,1.5697058823529413,2.1746602168668856,1.0802941176470586,4.729147058823529
all_available,PLC,Tmin,9,2024,345,1.9185507246376814,2.4362420574152397,1.501159420289855,5.935275362318841
all_available,PLC,Tmin,9,2025,331,1.7640483383685803,2.218509066319403,1.5682779456193354,4.92178247734139
all_available,SEK,Tmin,9,2022,271,2.291512915129151,2.917955610465904,1.9040590405904054,8.514464944649447
all_available,SEK,Tmin,9,2023,209,2.219138755980861,2.9235064481121142,1.7311004784688995,8.54688995215311
all_available,SEK,Tmin,9,2024,255,2.2615686274509805,2.8844478181597037,1.6764705882352942,8.320039215686275
all_available,SEK,Tmin,9,2025,287,2.3609756097560974,2.9476146382709407,2.1080139372822297,8.688432055749129
all_available,SHA,Tmin,9,2022,313,1.7543130990415337,2.243777337708458,1.0801916932907347,5.034536741214057
all_available,SHA,Tmin,9,2023,341,1.6337243401759531,2.2895337537114764,0.8190615835777126,5.2419648093841635
all_available,SHA,Tmin,9,2024,341,1.73841642228739,2.2846420819934243,0.9595307917888563,5.2195894428152485
all_available,SHA,Tmin,9,2025,335,1.9579104477611944,2.5202996741977324,1.614626865671642,6.351910447761195
all_available,SKG,Tmin,9,2022,343,1.4658892128279881,1.9572843684874623,0.8851311953352768,3.8309620991253643
all_available,SKG,Tmin,9,2023,333,1.4513513513513514,2.016932824369225,0.6945945945945946,4.0680180180180185
all_available,SKG,Tmin,9,2024,288,1.6038194444444445,2.0947603283749032,0.8378472222222224,4.388020833333333
all_available,SKG,Tmin,9,2025,331,1.4809667673716012,1.961995408219171,1.0900302114803628,3.8494259818731114
all_available,SKW,Tmin,9,2022,331,1.5283987915407855,2.0668217789304006,0.9954682779456193,4.271752265861027
all_available,SKW,Tmin,9,2023,350,1.4425714285714286,1.9333834147864795,0.8288571428571426,3.7379714285714285
all_available,SKW,Tmin,9,2024,344,1.5249999999999997,1.9832730757571575,0.8924418604651163,3.9333720930232556
all_available,SKW,Tmin,9,2025,349,1.3871060171919771,1.8047454161714824,1.040974212034384,3.257106017191977
all_available,SSH,Tmin,9,2022,326,2.133435582822086,2.7374868686129292,1.6444785276073621,7.493834355828222
all_available,SSH,Tmin,9,2023,351,1.853846153846154,2.555096577141169,1.3170940170940173,6.528518518518518
all_available,SSH,Tmin,9,2024,345,1.923768115942029,2.5080103552475586,1.3684057971014494,6.290115942028986
all_available,SSH,Tmin,9,2025,341,2.095894428152493,2.6843360117628565,1.7780058651026391,7.205659824046919
all_available,SSP,Tmin,9,2022,332,1.560843373493976,2.0196176424478836,0.6975903614457831,4.078855421686747
all_available,SSP,Tmin,9,2023,350,1.4114285714285715,1.9461316942664932,0.47714285714285704,3.787428571428572
all_available,SSP,Tmin,9,2024,352,1.5980113636363635,2.090936882226373,0.6696022727272727,4.372017045454545
all_available,SSP,Tmin,9,2025,309,1.3951456310679613,1.879432194086364,0.8961165048543689,3.532265372168285
all_available,STY,Tmin,9,2022,281,1.2683274021352313,1.751196845434309,0.5494661921708185,3.0666903914590753
all_available,STY,Tmin,9,2023,341,1.3020527859237536,1.7237346074925364,0.5266862170087976,2.9712609970674486
all_available,STY,Tmin,9,2024,334,1.4679640718562874,1.8924289749287027,0.6913173652694612,3.5812874251497
all_available,STY,Tmin,9,2025,290,1.3306896551724137,1.7237989321903786,1.00448275862069,2.97148275862069
all_available,TKL,Tmin,9,2022,312,2.7596153846153846,3.484415854365527,2.492948717948718,12.141153846153847
all_available,TKL,Tmin,9,2023,338,2.4849112426035505,3.3375707780097867,2.237573964497041,11.139378698224853
all_available,TKL,Tmin,9,2024,353,2.6790368271954677,3.3809120917642863,2.381586402266289,11.43056657223796
all_available,TKL,Tmin,9,2025,271,3.130627306273063,3.979476870439332,2.9682656826568263,15.836236162361622
all_available,TU1,Tmin,9,2022,329,1.7042553191489362,2.2159754313759903,1.05258358662614,4.910547112462006
all_available,TU1,Tmin,9,2023,350,1.5477142857142858,2.100333306882505,0.742,4.4114
all_available,TU1,Tmin,9,2024,331,1.6407854984894261,2.1638264752760885,0.8111782477341389,4.68214501510574
all_available,TU1,Tmin,9,2025,269,1.4724907063197026,1.9089010832740672,0.9855018587360596,3.6439033457249073
all_available,TW,Tmin,9,2022,314,2.3401273885350315,2.932944869085599,2.0566878980891716,8.602165605095541
all_available,TW,Tmin,9,2023,126,2.1793650793650796,2.8246927069840515,1.5873015873015872,7.978888888888889
all_available,TW,Tmin,9,2024,289,2.0449826989619377,2.580120970313851,1.6539792387543257,6.6570242214532875
all_available,TW,Tmin,9,2025,328,2.1722560975609757,2.655660085139828,1.8655487804878053,7.052530487804879
all_available,TWN,Tmin,9,2022,285,2.610526315789474,3.1505944858129693,2.450526315789474,9.926245614035087
all_available,TWN,Tmin,9,2023,320,2.340625,2.9329059821276235,2.171875,8.6019375
all_available,TWN,Tmin,9,2024,346,2.546242774566474,3.079186139751378,2.2976878612716765,9.481387283236993
all_available,TWN,Tmin,9,2025,342,2.7488304093567253,3.1699013949650183,2.648245614035088,10.04827485380117
all_available,TY1,Tmin,9,2022,69,1.273913043478261,1.5627456328665512,0.328985507246377,2.4421739130434776
all_available,TY1,Tmin,9,2023,299,1.476923076923077,1.9933669270070722,0.7612040133779264,3.9735117056856186
all_available,TY1,Tmin,9,2024,322,1.6611801242236028,2.115331493925372,0.8394409937888198,4.474627329192546
all_available,TY1,Tmin,9,2025,309,1.4757281553398058,1.8764595182482875,1.0025889967637538,3.5211003236245952
all_available,WGL,Tmin,9,2022,348,1.4439655172413792,1.9666544905136416,1.0577586206896552,3.8677298850574715
all_available,WGL,Tmin,9,2023,347,1.3340057636887608,1.7632413824858646,0.707492795389049,3.109020172910663
all_available,WGL,Tmin,9,2024,343,1.4857142857142858,1.9292440248161011,0.6740524781341107,3.7219825072886294
all_available,WGL,Tmin,9,2025,346,1.2901734104046243,1.701359537974454,0.9722543352601155,2.8946242774566473
all_available,WLP,Tmin,9,2022,308,2.029220779220779,2.5685662279825427,1.5077922077922081,6.597532467532468
all_available,WLP,Tmin,9,2023,303,1.7897689768976897,2.422195223959105,1.3396039603960395,5.867029702970298
all_available,WLP,Tmin,9,2024,341,2.017008797653959,2.5108678734664367,1.2117302052785925,6.304457478005865
all_available,WLP,Tmin,9,2025,342,2.165497076023392,2.6788319004516117,1.9479532163742692,7.176140350877193
all_available,WTS,Tmin,9,2022,292,1.6017123287671235,2.0854436800033116,0.9373287671232876,4.3490753424657544
all_available,WTS,Tmin,9,2023,342,1.4599415204678363,1.96723898898077,0.5131578947368421,3.8700292397660823
all_available,WTS,Tmin,9,2024,322,1.6065217391304347,2.1089354413191916,0.69472049689441,4.447608695652174
all_available,WTS,Tmin,9,2025,335,1.463582089552239,1.892680323237432,0.9101492537313433,3.58223880597015
all_available,YLP,Tmin,9,2022,272,2.2143382352941177,2.80961453290828,1.8253676470588236,7.893933823529412
all_available,YLP,Tmin,9,2023,299,1.9602006688963212,2.6338229650778042,1.5481605351170569,6.9370234113712375
all_available,YLP,Tmin,9,2024,320,1.905625,2.461567082165343,1.2475,6.0593125
all_available,YLP,Tmin,9,2025,339,1.9628318584070799,2.5151341326089844,1.5952802359882003,6.325899705014749
strict_common,CCH,Tmin,9,2022,4,0.875,1.1500000000000004,0.7750000000000004,1.3225000000000007
strict_common,CCH,Tmin,9,2023,3,2.2666666666666657,2.3832750575625963,0.7999999999999995,5.679999999999996
strict_common,CCH,Tmin,9,2024,4,2.3000000000000007,2.824004249288588,2.0,7.975000000000002
strict_common,CCH,Tmin,9,2025,13,1.7615384615384615,2.2663084181447695,1.146153846153846,5.136153846153847
strict_common,CWB,Tmin,9,2022,4,0.875,0.931396800509858,0.6749999999999998,0.8675
strict_common,CWB,Tmin,9,2023,3,2.6999999999999993,2.8349015268024145,1.1666666666666654,8.036666666666662
strict_common,CWB,Tmin,9,2024,4,2.025,2.5850531909421126,1.7249999999999992,6.682499999999997
strict_common,CWB,Tmin,9,2025,13,1.5769230769230769,2.041304258782379,1.1615384615384614,4.166923076923077
strict_common,HKP,Tmin,9,2022,4,0.5250000000000004,0.6461423991660045,0.3250000000000002,0.4175000000000003
strict_common,HKP,Tmin,9,2023,3,2.066666666666665,2.234576768279248,0.4666666666666662,4.993333333333328
strict_common,HKP,Tmin,9,2024,4,1.725,1.95,0.7250000000000001,3.8025
strict_common,HKP,Tmin,9,2025,13,1.4769230769230774,1.7871335019651315,0.661538461538462,3.1938461538461547
strict_common,HKS,Tmin,9,2022,4,1.025,1.4739402972983677,0.37500000000000044,2.1725000000000008
strict_common,HKS,Tmin,9,2023,3,1.5666666666666664,1.922671752189298,-0.10000000000000024,3.6966666666666654
strict_common,HKS,Tmin,9,2024,4,1.8000000000000003,2.0760539492026693,0.6999999999999988,4.309999999999999
strict_common,HKS,Tmin,9,2025,13,2.115384615384616,2.46872748285739,1.0538461538461534,6.094615384615385
strict_common,HPV,Tmin,9,2022,4,1.1,1.7492855684535904,0.6000000000000001,3.060000000000001
strict_common,HPV,Tmin,9,2023,3,1.866666666666666,2.3380903889000235,-0.39999999999999974,5.466666666666662
strict_common,HPV,Tmin,9,2024,4,1.85,2.0481699148264045,0.4000000000000008,4.195000000000002
strict_common,HPV,Tmin,9,2025,13,1.7307692307692304,2.084927595127245,0.5461538461538462,4.346923076923076
strict_common,JKB,Tmin,9,2022,4,0.8000000000000003,1.2227019260637486,0.6499999999999999,1.4950000000000006
strict_common,JKB,Tmin,9,2023,3,2.366666666666666,2.477229635432828,1.1000000000000003,6.136666666666662
strict_common,JKB,Tmin,9,2024,4,2.25,2.7631503759296203,1.75,7.6350000000000025
strict_common,JKB,Tmin,9,2025,13,2.330769230769231,2.8272030211990304,1.8538461538461541,7.993076923076926
strict_common,KLT,Tmin,9,2022,4,0.5999999999999996,0.6855654600401041,0.5999999999999996,0.46999999999999953
strict_common,KLT,Tmin,9,2023,3,2.133333333333334,2.2583179581272437,0.8000000000000007,5.100000000000003
strict_common,KLT,Tmin,9,2024,4,2.2250000000000005,2.6253571185650153,1.4249999999999998,6.8925
strict_common,KLT,Tmin,9,2025,13,1.7538461538461543,2.191943289552762,1.2307692307692306,4.804615384615384
strict_common,KP,Tmin,9,2022,4,0.44999999999999973,0.5612486080160907,0.44999999999999973,0.31499999999999934
strict_common,KP,Tmin,9,2023,3,2.0333333333333337,2.1916508237703685,0.6333333333333329,4.8033333333333355
strict_common,KP,Tmin,9,2024,4,1.9250000000000003,2.3092206477510984,1.025,5.332500000000001
strict_common,KP,Tmin,9,2025,13,1.5,1.8561747265235067,0.8692307692307693,3.4453846153846146
strict_common,KSC,Tmin,9,2022,4,1.6,1.774823934929885,1.6,3.150000000000001
strict_common,KSC,Tmin,9,2023,3,2.366666666666667,2.5683976846794323,1.5,6.596666666666668
strict_common,KSC,Tmin,9,2024,4,2.2750000000000004,2.845610655026439,2.125,8.0975
strict_common,KSC,Tmin,9,2025,13,2.638461538461539,3.2204873018750533,2.4692307692307693,10.371538461538462
strict_common,KTG,Tmin,9,2022,4,1.2249999999999996,1.348146876271276,1.2249999999999996,1.817499999999999
strict_common,KTG,Tmin,9,2023,3,2.4333333333333336,2.604483314082341,1.0333333333333325,6.783333333333334
strict_common,KTG,Tmin,9,2024,4,2.1999999999999997,2.7064737205448712,1.6,7.3249999999999975
strict_common,KTG,Tmin,9,2025,13,1.63076923076923,2.0179959594379,1.1692307692307689,4.072307692307691
strict_common,LFS,Tmin,9,2022,4,1.475,1.7211914478058503,1.475,2.9624999999999995
strict_common,LFS,Tmin,9,2023,3,2.0666666666666678,2.2015146301277833,1.2000000000000004,4.84666666666667
strict_common,LFS,Tmin,9,2024,4,2.075,2.955080371157441,1.9249999999999998,8.7325
strict_common,LFS,Tmin,9,2025,13,2.276923076923077,2.7991757028426445,1.7846153846153843,7.835384615384614
strict_common,NGP,Tmin,9,2022,4,4.65,4.736032094485847,4.65,22.430000000000003
strict_common,NGP,Tmin,9,2023,3,3.9666666666666672,4.395072999014541,3.9666666666666672,19.316666666666674
strict_common,NGP,Tmin,9,2024,4,5.925000000000001,6.408002808988148,5.925000000000001,41.0625
strict_common,NGP,Tmin,9,2025,13,4.6923076923076925,5.240375793923414,4.661538461538462,27.461538461538456
strict_common,PEN,Tmin,9,2022,4,0.4249999999999998,0.6264982043070831,0.125,0.39249999999999974
strict_common,PEN,Tmin,9,2023,3,1.6333333333333329,1.926136028425822,-0.033333333333333805,3.709999999999999
strict_common,PEN,Tmin,9,2024,4,2.075,2.5995191863111917,1.5249999999999995,6.757500000000001
strict_common,PEN,Tmin,9,2025,13,1.823076923076923,2.133072900770154,0.7923076923076925,4.549999999999999
strict_common,PLC,Tmin,9,2022,4,0.7999999999999998,0.839642781187333,0.7999999999999998,0.7049999999999996
strict_common,PLC,Tmin,9,2023,3,2.0,2.155612828563299,0.8666666666666671,4.646666666666667
strict_common,PLC,Tmin,9,2024,4,2.5250000000000004,2.9278831943914705,2.125,8.572500000000002
strict_common,PLC,Tmin,9,2025,13,1.823076923076923,2.377943520064214,1.4384615384615382,5.654615384615385
strict_common,SEK,Tmin,9,2022,4,1.9250000000000003,2.963528302547489,1.9250000000000003,8.782500000000002
strict_common,SEK,Tmin,9,2023,3,1.6000000000000003,1.66332999331662,0.8666666666666659,2.766666666666667
strict_common,SEK,Tmin,9,2024,4,2.1750000000000007,2.7335873865673297,1.7750000000000004,7.472500000000005
strict_common,SEK,Tmin,9,2025,13,2.8692307692307697,3.442829784214858,2.1000000000000005,11.853076923076925
strict_common,SHA,Tmin,9,2022,4,0.625,0.9287087810503358,0.5250000000000004,0.8625000000000006
strict_common,SHA,Tmin,9,2023,3,1.599999999999999,1.7454703282114719,0.4666666666666662,3.0466666666666633
strict_common,SHA,Tmin,9,2024,4,1.9499999999999993,2.384323803513272,1.25,5.684999999999997
strict_common,SHA,Tmin,9,2025,13,2.330769230769231,2.949445841040444,1.715384615384615,8.699230769230772
strict_common,SKG,Tmin,9,2022,4,0.3000000000000007,0.3240370349203935,0.3000000000000007,0.10500000000000032
strict_common,SKG,Tmin,9,2023,3,1.9666666666666661,2.1825062046494463,0.7666666666666657,4.763333333333331
strict_common,SKG,Tmin,9,2024,4,1.9249999999999998,2.202839077191069,0.8750000000000009,4.852500000000001
strict_common,SKG,Tmin,9,2025,13,1.7923076923076924,2.381176179958132,1.2538461538461543,5.670000000000001
strict_common,SKW,Tmin,9,2022,4,0.6000000000000001,0.678232998312527,0.5000000000000004,0.4600000000000003
strict_common,SKW,Tmin,9,2023,3,2.366666666666666,2.5527762664727716,1.1000000000000003,6.516666666666663
strict_common,SKW,Tmin,9,2024,4,1.8250000000000002,2.1685248442201446,1.1749999999999998,4.702500000000002
strict_common,SKW,Tmin,9,2025,13,1.484615384615385,1.8553457069526673,0.9307692307692308,3.442307692307693
strict_common,SSH,Tmin,9,2022,4,1.6250000000000004,2.144178164239157,1.6250000000000004,4.597500000000001
strict_common,SSH,Tmin,9,2023,3,1.9666666666666661,2.0404247923737184,0.7666666666666657,4.163333333333331
strict_common,SSH,Tmin,9,2024,4,1.8750000000000004,2.552939482243949,1.5250000000000008,6.517500000000004
strict_common,SSH,Tmin,9,2025,13,2.5153846153846158,3.0850757377562568,1.7307692307692313,9.517692307692311
strict_common,SSP,Tmin,9,2022,4,0.5499999999999998,0.7905694150420947,0.39999999999999947,0.6249999999999998
strict_common,SSP,Tmin,9,2023,3,1.4333333333333336,1.678292783356548,0.033333333333332625,2.8166666666666687
strict_common,SSP,Tmin,9,2024,4,1.9500000000000002,2.2956480566498,1.0499999999999998,5.270000000000002
strict_common,SSP,Tmin,9,2025,13,1.7076923076923078,2.051266025578425,0.7384615384615386,4.207692307692309
strict_common,STY,Tmin,9,2022,4,0.34999999999999964,0.4123105625617657,0.04999999999999982,0.1699999999999997
strict_common,STY,Tmin,9,2023,3,2.4333333333333322,2.6689573494781307,0.4333333333333324,7.123333333333329
strict_common,STY,Tmin,9,2024,4,1.5749999999999997,1.900657780874821,0.7250000000000001,3.612499999999999
strict_common,STY,Tmin,9,2025,13,1.3846153846153846,1.7316066350246928,0.738461538461539,2.99846153846154
strict_common,TKL,Tmin,9,2022,4,2.85,3.8032880511473226,2.85,14.465
strict_common,TKL,Tmin,9,2023,3,2.1999999999999993,2.359378449224851,1.0666666666666664,5.566666666666663
strict_common,TKL,Tmin,9,2024,4,2.6999999999999997,3.259601202601324,2.6999999999999997,10.624999999999998
strict_common,TKL,Tmin,9,2025,13,3.423076923076923,4.340595492644901,3.023076923076923,18.840769230769233
strict_common,TU1,Tmin,9,2022,4,0.7000000000000002,0.946044396421225,0.6499999999999995,0.8949999999999998
strict_common,TU1,Tmin,9,2023,3,1.3000000000000007,1.5545631755148028,0.10000000000000024,2.416666666666668
strict_common,TU1,Tmin,9,2024,4,1.6749999999999998,2.231031151732311,1.1250000000000009,4.977500000000003
strict_common,TU1,Tmin,9,2025,13,2.0,2.357638975428922,1.0615384615384613,5.558461538461538
strict_common,TW,Tmin,9,2022,4,1.6500000000000004,2.7340446228984634,1.6500000000000004,7.475000000000001
strict_common,TW,Tmin,9,2023,3,1.3,1.5545631755148026,0.9000000000000004,2.416666666666667
strict_common,TW,Tmin,9,2024,4,2.5999999999999996,3.223352292257239,2.25,10.389999999999999
strict_common,TW,Tmin,9,2025,13,2.5923076923076924,3.1099097191941865,1.853846153846154,9.671538461538464
strict_common,TWN,Tmin,9,2022,4,1.7999999999999998,2.16794833886788,1.7999999999999998,4.7
strict_common,TWN,Tmin,9,2023,3,1.6999999999999993,2.148642982597775,1.6999999999999993,4.616666666666663
strict_common,TWN,Tmin,9,2024,4,2.874999999999999,3.585735628849399,2.874999999999999,12.857499999999995
strict_common,TWN,Tmin,9,2025,13,3.007692307692307,3.561438775810438,2.7307692307692304,12.683846153846153
strict_common,TY1,Tmin,9,2022,4,0.5249999999999999,0.6800735254367718,0.07499999999999973,0.46249999999999947
strict_common,TY1,Tmin,9,2023,3,1.633333333333334,1.793506806975281,0.3000000000000007,3.2166666666666686
strict_common,TY1,Tmin,9,2024,4,1.5500000000000007,1.9065675964937625,0.75,3.635000000000002
strict_common,TY1,Tmin,9,2025,13,1.9615384615384615,2.283216354854906,0.7923076923076918,5.2130769230769225
strict_common,WGL,Tmin,9,2022,4,0.5000000000000004,0.6123724356957952,0.30000000000000027,0.3750000000000009
strict_common,WGL,Tmin,9,2023,3,2.6666666666666665,2.8059460674313277,0.7333333333333343,7.873333333333334
strict_common,WGL,Tmin,9,2024,4,1.5750000000000002,1.9968725547715858,0.9750000000000005,3.9874999999999994
strict_common,WGL,Tmin,9,2025,13,1.3615384615384618,1.6274094563021129,0.5153846153846154,2.6484615384615386
strict_common,WLP,Tmin,9,2022,4,1.475,2.520416632225712,1.225,6.3525
strict_common,WLP,Tmin,9,2023,3,2.133333333333334,2.184795947756526,0.9333333333333336,4.773333333333336
strict_common,WLP,Tmin,9,2024,4,1.674999999999999,2.3414738947936184,1.2750000000000004,5.482499999999997
strict_common,WLP,Tmin,9,2025,13,2.5999999999999996,3.030866847315112,1.7538461538461538,9.186153846153847
strict_common,WTS,Tmin,9,2022,4,0.32499999999999973,0.49244289008980513,0.32499999999999973,0.24249999999999988
strict_common,WTS,Tmin,9,2023,3,1.8333333333333346,2.0338797080129076,0.10000000000000024,4.136666666666671
strict_common,WTS,Tmin,9,2024,4,1.8499999999999996,2.2770595073471394,1.0999999999999996,5.184999999999997
strict_common,WTS,Tmin,9,2025,13,1.8230769230769233,2.2012234360429237,0.8999999999999999,4.845384615384615
strict_common,YLP,Tmin,9,2022,4,2.0499999999999994,2.768573639981425,1.85,7.664999999999997
strict_common,YLP,Tmin,9,2023,3,1.5666666666666664,1.7019596548292988,0.8999999999999998,2.896666666666666
strict_common,YLP,Tmin,9,2024,4,1.9500000000000002,2.5777897509300485,1.6000000000000005,6.645000000000002
strict_common,YLP,Tmin,9,2025,13,2.6538461538461537,3.2003605566104096,1.8538461538461541,10.242307692307692
lowland_available,CCH,Tmin,9,2022,294,2.119047619047619,2.6874108116825566,1.8551020408163268,7.2221768707482985
lowland_available,CCH,Tmin,9,2023,308,1.6048701298701298,2.109710080408354,1.2912337662337663,4.450876623376623
lowland_available,CCH,Tmin,9,2024,356,1.7884831460674158,2.272410243465458,1.33061797752809,5.163848314606741
lowland_available,CCH,Tmin,9,2025,348,1.6413793103448278,2.0820800828172694,1.4258620689655173,4.335057471264368
lowland_available,CWB,Tmin,9,2022,306,1.4633986928104576,2.0685001354743773,0.9967320261437909,4.278692810457517
lowland_available,CWB,Tmin,9,2023,288,1.6607638888888887,2.242773890124063,1.2649305555555557,5.030034722222222
lowland_available,CWB,Tmin,9,2024,320,1.7584375,2.2597082223154388,1.2471875000000001,5.10628125
lowland_available,CWB,Tmin,9,2025,339,1.6020648967551623,2.0619534227048217,1.437463126843658,4.251651917404129
lowland_available,HKP,Tmin,9,2022,316,1.4164556962025314,1.904790762288936,0.7088607594936709,3.628227848101266
lowland_available,HKP,Tmin,9,2023,351,1.374928774928775,1.806083420536638,0.4877492877492877,3.261937321937322
lowland_available,HKP,Tmin,9,2024,301,1.5578073089700997,2.023984097740636,0.6049833887043188,4.096511627906976
lowland_available,HKP,Tmin,9,2025,309,1.3042071197411003,1.712716572656558,0.8090614886731392,2.933398058252427
lowland_available,HKS,Tmin,9,2022,323,1.535294117647059,1.9792655860348605,0.7154798761609906,3.9174922600619193
lowland_available,HKS,Tmin,9,2023,311,1.4160771704180066,1.9113807066588753,0.4848874598070739,3.6533762057877817
lowland_available,HKS,Tmin,9,2024,346,1.5635838150289016,1.9920506760506262,0.6161849710982659,3.968265895953757
lowland_available,HKS,Tmin,9,2025,349,1.6108882521489973,2.045667726438339,1.0836676217765042,4.184756446991404
lowland_available,HPV,Tmin,9,2022,320,1.3925,1.834700247996931,0.283125,3.3661250000000003
lowland_available,HPV,Tmin,9,2023,321,1.3788161993769472,1.8805447610016732,0.10654205607476641,3.5364485981308404
lowland_available,HPV,Tmin,9,2024,284,1.4147887323943664,1.791234525895636,0.21338028169014087,3.2085211267605636
lowland_available,HPV,Tmin,9,2025,302,1.3539735099337749,1.7820945337305532,0.5599337748344371,3.1758609271523177
lowland_available,JKB,Tmin,9,2022,327,1.7483180428134555,2.262397040082151,1.2559633027522936,5.118440366972477
lowland_available,JKB,Tmin,9,2023,264,1.5916666666666666,2.1597208012597227,1.284848484848485,4.664393939393939
lowland_available,JKB,Tmin,9,2024,357,1.8383753501400562,2.2920701198204365,1.3722689075630252,5.25358543417367
lowland_available,JKB,Tmin,9,2025,351,2.0578347578347578,2.4649971249903775,1.876068376068376,6.0762108262108265
lowland_available,KLT,Tmin,9,2022,320,1.6715625000000003,2.2495624574570052,1.1809375,5.06053125
lowland_available,KLT,Tmin,9,2023,259,1.7382239382239384,2.315284116591426,1.0030888030888032,5.360540540540541
lowland_available,KLT,Tmin,9,2024,360,1.7133333333333332,2.2487403881580756,1.136111111111111,5.0568333333333335
lowland_available,KLT,Tmin,9,2025,354,1.5460451977401128,2.02542455617788,1.2274011299435028,4.102344632768362
lowland_available,KP,Tmin,9,2022,207,1.4492753623188406,1.8863865209124542,0.817391304347826,3.558454106280193
lowland_available,KP,Tmin,9,2023,341,1.4392961876832846,1.948802173650127,0.6398826979472141,3.7978299120234604
lowland_available,KP,Tmin,9,2024,350,1.522,2.0370076092150464,0.7191428571428571,4.1494
lowland_available,KP,Tmin,9,2025,346,1.3419075144508672,1.8015006589722518,0.9141618497109827,3.245404624277457
lowland_available,KSC,Tmin,9,2022,306,2.0558823529411767,2.5766865788237023,1.8493464052287585,6.6393137254901955
lowland_available,KSC,Tmin,9,2023,338,1.92189349112426,2.5342972836456044,1.7207100591715974,6.42266272189349
lowland_available,KSC,Tmin,9,2024,332,2.205421686746988,2.695131711022494,1.9704819277108432,7.263734939759036
lowland_available,KSC,Tmin,9,2025,332,2.4319277108433734,2.848546448185439,2.3373493975903616,8.11421686746988
lowland_available,KTG,Tmin,9,2022,195,1.5974358974358975,2.0520033988076016,1.1471794871794871,4.2107179487179485
lowland_available,KTG,Tmin,9,2023,350,1.555142857142857,2.1050754991550438,0.9574285714285715,4.431342857142856
lowland_available,KTG,Tmin,9,2024,350,1.6242857142857143,2.1700625402442735,1.0437142857142858,4.709171428571429
lowland_available,KTG,Tmin,9,2025,353,1.525212464589235,1.9755015141210643,1.171671388101983,3.9026062322946173
lowland_available,LFS,Tmin,9,2022,278,2.057913669064748,2.666748350067911,1.731294964028777,7.111546762589927
lowland_available,LFS,Tmin,9,2023,271,1.8542435424354244,2.4712143510840354,1.4535055350553507,6.10690036900369
lowland_available,LFS,Tmin,9,2024,314,1.9742038216560513,2.5009361304644346,1.5627388535031848,6.254681528662419
lowland_available,LFS,Tmin,9,2025,349,2.0237822349570203,2.486023971374053,1.832951289398281,6.180315186246419
lowland_available,PEN,Tmin,9,2022,246,1.5390243902439025,2.044703647996472,0.6829268292682927,4.180813008130081
lowland_available,PEN,Tmin,9,2023,253,1.3426877470355731,1.8315741949537707,0.37667984189723325,3.3546640316205534
lowland_available,PEN,Tmin,9,2024,193,1.8476683937823835,2.360907878415144,0.9367875647668391,5.573886010362695
lowland_available,PEN,Tmin,9,2025,304,1.444078947368421,1.8818908464347068,1.061842105263158,3.5415131578947374
lowland_available,PLC,Tmin,9,2022,309,1.8265372168284792,2.4130577897017154,1.4368932038834952,5.822847896440129
lowland_available,PLC,Tmin,9,2023,340,1.5697058823529413,2.1746602168668856,1.0802941176470586,4.729147058823529
lowland_available,PLC,Tmin,9,2024,345,1.9185507246376814,2.4362420574152397,1.501159420289855,5.935275362318841
lowland_available,PLC,Tmin,9,2025,331,1.7640483383685803,2.218509066319403,1.5682779456193354,4.92178247734139
lowland_available,SEK,Tmin,9,2022,271,2.291512915129151,2.917955610465904,1.9040590405904054,8.514464944649447
lowland_available,SEK,Tmin,9,2023,209,2.219138755980861,2.9235064481121142,1.7311004784688995,8.54688995215311
lowland_available,SEK,Tmin,9,2024,255,2.2615686274509805,2.8844478181597037,1.6764705882352942,8.320039215686275
lowland_available,SEK,Tmin,9,2025,287,2.3609756097560974,2.9476146382709407,2.1080139372822297,8.688432055749129
lowland_available,SHA,Tmin,9,2022,313,1.7543130990415337,2.243777337708458,1.0801916932907347,5.034536741214057
lowland_available,SHA,Tmin,9,2023,341,1.6337243401759531,2.2895337537114764,0.8190615835777126,5.2419648093841635
lowland_available,SHA,Tmin,9,2024,341,1.73841642228739,2.2846420819934243,0.9595307917888563,5.2195894428152485
lowland_available,SHA,Tmin,9,2025,335,1.9579104477611944,2.5202996741977324,1.614626865671642,6.351910447761195
lowland_available,SKG,Tmin,9,2022,343,1.4658892128279881,1.9572843684874623,0.8851311953352768,3.8309620991253643
lowland_available,SKG,Tmin,9,2023,333,1.4513513513513514,2.016932824369225,0.6945945945945946,4.0680180180180185
lowland_available,SKG,Tmin,9,2024,288,1.6038194444444445,2.0947603283749032,0.8378472222222224,4.388020833333333
lowland_available,SKG,Tmin,9,2025,331,1.4809667673716012,1.961995408219171,1.0900302114803628,3.8494259818731114
lowland_available,SKW,Tmin,9,2022,331,1.5283987915407855,2.0668217789304006,0.9954682779456193,4.271752265861027
lowland_available,SKW,Tmin,9,2023,350,1.4425714285714286,1.9333834147864795,0.8288571428571426,3.7379714285714285
lowland_available,SKW,Tmin,9,2024,344,1.5249999999999997,1.9832730757571575,0.8924418604651163,3.9333720930232556
lowland_available,SKW,Tmin,9,2025,349,1.3871060171919771,1.8047454161714824,1.040974212034384,3.257106017191977
lowland_available,SSH,Tmin,9,2022,326,2.133435582822086,2.7374868686129292,1.6444785276073621,7.493834355828222
lowland_available,SSH,Tmin,9,2023,351,1.853846153846154,2.555096577141169,1.3170940170940173,6.528518518518518
lowland_available,SSH,Tmin,9,2024,345,1.923768115942029,2.5080103552475586,1.3684057971014494,6.290115942028986
lowland_available,SSH,Tmin,9,2025,341,2.095894428152493,2.6843360117628565,1.7780058651026391,7.205659824046919
lowland_available,SSP,Tmin,9,2022,332,1.560843373493976,2.0196176424478836,0.6975903614457831,4.078855421686747
lowland_available,SSP,Tmin,9,2023,350,1.4114285714285715,1.9461316942664932,0.47714285714285704,3.787428571428572
lowland_available,SSP,Tmin,9,2024,352,1.5980113636363635,2.090936882226373,0.6696022727272727,4.372017045454545
lowland_available,SSP,Tmin,9,2025,309,1.3951456310679613,1.879432194086364,0.8961165048543689,3.532265372168285
lowland_available,STY,Tmin,9,2022,281,1.2683274021352313,1.751196845434309,0.5494661921708185,3.0666903914590753
lowland_available,STY,Tmin,9,2023,341,1.3020527859237536,1.7237346074925364,0.5266862170087976,2.9712609970674486
lowland_available,STY,Tmin,9,2024,334,1.4679640718562874,1.8924289749287027,0.6913173652694612,3.5812874251497
lowland_available,STY,Tmin,9,2025,290,1.3306896551724137,1.7237989321903786,1.00448275862069,2.97148275862069
lowland_available,TKL,Tmin,9,2022,312,2.7596153846153846,3.484415854365527,2.492948717948718,12.141153846153847
lowland_available,TKL,Tmin,9,2023,338,2.4849112426035505,3.3375707780097867,2.237573964497041,11.139378698224853
lowland_available,TKL,Tmin,9,2024,353,2.6790368271954677,3.3809120917642863,2.381586402266289,11.43056657223796
lowland_available,TKL,Tmin,9,2025,271,3.130627306273063,3.979476870439332,2.9682656826568263,15.836236162361622
lowland_available,TU1,Tmin,9,2022,329,1.7042553191489362,2.2159754313759903,1.05258358662614,4.910547112462006
lowland_available,TU1,Tmin,9,2023,350,1.5477142857142858,2.100333306882505,0.742,4.4114
lowland_available,TU1,Tmin,9,2024,331,1.6407854984894261,2.1638264752760885,0.8111782477341389,4.68214501510574
lowland_available,TU1,Tmin,9,2025,269,1.4724907063197026,1.9089010832740672,0.9855018587360596,3.6439033457249073
lowland_available,TW,Tmin,9,2022,314,2.3401273885350315,2.932944869085599,2.0566878980891716,8.602165605095541
lowland_available,TW,Tmin,9,2023,126,2.1793650793650796,2.8246927069840515,1.5873015873015872,7.978888888888889
lowland_available,TW,Tmin,9,2024,289,2.0449826989619377,2.580120970313851,1.6539792387543257,6.6570242214532875
lowland_available,TW,Tmin,9,2025,328,2.1722560975609757,2.655660085139828,1.8655487804878053,7.052530487804879
lowland_available,TWN,Tmin,9,2022,285,2.610526315789474,3.1505944858129693,2.450526315789474,9.926245614035087
lowland_available,TWN,Tmin,9,2023,320,2.340625,2.9329059821276235,2.171875,8.6019375
lowland_available,TWN,Tmin,9,2024,346,2.546242774566474,3.079186139751378,2.2976878612716765,9.481387283236993
lowland_available,TWN,Tmin,9,2025,342,2.7488304093567253,3.1699013949650183,2.648245614035088,10.04827485380117
lowland_available,TY1,Tmin,9,2022,69,1.273913043478261,1.5627456328665512,0.328985507246377,2.4421739130434776
lowland_available,TY1,Tmin,9,2023,299,1.476923076923077,1.9933669270070722,0.7612040133779264,3.9735117056856186
lowland_available,TY1,Tmin,9,2024,322,1.6611801242236028,2.115331493925372,0.8394409937888198,4.474627329192546
lowland_available,TY1,Tmin,9,2025,309,1.4757281553398058,1.8764595182482875,1.0025889967637538,3.5211003236245952
lowland_available,WGL,Tmin,9,2022,348,1.4439655172413792,1.9666544905136416,1.0577586206896552,3.8677298850574715
lowland_available,WGL,Tmin,9,2023,347,1.3340057636887608,1.7632413824858646,0.707492795389049,3.109020172910663
lowland_available,WGL,Tmin,9,2024,343,1.4857142857142858,1.9292440248161011,0.6740524781341107,3.7219825072886294
lowland_available,WGL,Tmin,9,2025,346,1.2901734104046243,1.701359537974454,0.9722543352601155,2.8946242774566473
lowland_available,WLP,Tmin,9,2022,308,2.029220779220779,2.5685662279825427,1.5077922077922081,6.597532467532468
lowland_available,WLP,Tmin,9,2023,303,1.7897689768976897,2.422195223959105,1.3396039603960395,5.867029702970298
lowland_available,WLP,Tmin,9,2024,341,2.017008797653959,2.5108678734664367,1.2117302052785925,6.304457478005865
lowland_available,WLP,Tmin,9,2025,342,2.165497076023392,2.6788319004516117,1.9479532163742692,7.176140350877193
lowland_available,WTS,Tmin,9,2022,292,1.6017123287671235,2.0854436800033116,0.9373287671232876,4.3490753424657544
lowland_available,WTS,Tmin,9,2023,342,1.4599415204678363,1.96723898898077,0.5131578947368421,3.8700292397660823
lowland_available,WTS,Tmin,9,2024,322,1.6065217391304347,2.1089354413191916,0.69472049689441,4.447608695652174
lowland_available,WTS,Tmin,9,2025,335,1.463582089552239,1.892680323237432,0.9101492537313433,3.58223880597015
lowland_available,YLP,Tmin,9,2022,272,2.2143382352941177,2.80961453290828,1.8253676470588236,7.893933823529412
lowland_available,YLP,Tmin,9,2023,299,1.9602006688963212,2.6338229650778042,1.5481605351170569,6.9370234113712375
lowland_available,YLP,Tmin,9,2024,320,1.905625,2.461567082165343,1.2475,6.0593125
lowland_available,YLP,Tmin,9,2025,339,1.9628318584070799,2.5151341326089844,1.5952802359882003,6.325899705014749
